// SPDX-License-Identifier: MS-PL
#pragma once
/*
    #version:1# (machine generated, don't edit!)

    Generated by sokol-shdc (https://github.com/floooh/sokol-tools)

    Overview:
    =========
    Shader program: 'sprite':
        Get shader desc: cna_sprite_shader_desc(sg_query_backend());
        Vertex Shader: sprite_vs
        Fragment Shader: sprite_fs
        Attributes:
            ATTR_cna_sprite_position => 0
            ATTR_cna_sprite_texcoord0 => 1
            ATTR_cna_sprite_color0 => 2
    Bindings:
        Uniform block 'sprite_vs_params':
            C struct: cna_sprite_vs_params_t
            Bind slot: UB_cna_sprite_vs_params => 0
        Texture 'tex':
            Image type: SG_IMAGETYPE_2D
            Sample type: SG_IMAGESAMPLETYPE_FLOAT
            Multisampled: false
            Bind slot: VIEW_cna_tex => 0
        Sampler 'smp':
            Type: SG_SAMPLERTYPE_FILTERING
            Bind slot: SMP_cna_smp => 0
*/
#if !defined(SOKOL_GFX_INCLUDED)
#error "Please include sokol_gfx.h before sprite.h"
#endif
#if !defined(SOKOL_SHDC_ALIGN)
#if defined(_MSC_VER)
#define SOKOL_SHDC_ALIGN(a) __declspec(align(a))
#else
#define SOKOL_SHDC_ALIGN(a) __attribute__((aligned(a)))
#endif
#endif
const sg_shader_desc* cna_sprite_shader_desc(sg_backend backend);
#define ATTR_cna_sprite_position (0)
#define ATTR_cna_sprite_texcoord0 (1)
#define ATTR_cna_sprite_color0 (2)
#define UB_cna_sprite_vs_params (0)
#define VIEW_cna_tex (0)
#define SMP_cna_smp (0)
#pragma pack(push,1)
SOKOL_SHDC_ALIGN(16) typedef struct cna_sprite_vs_params_t {
    float mvp[16];
} cna_sprite_vs_params_t;
#pragma pack(pop)
#if defined(SOKOL_SHDC_IMPL)
/*
    #version 410

    uniform vec4 sprite_vs_params[4];
    layout(location = 0) in vec2 position;
    layout(location = 0) out vec2 uv;
    layout(location = 1) in vec2 texcoord0;
    layout(location = 1) out vec4 tint;
    layout(location = 2) in vec4 color0;

    void main()
    {
        gl_Position = mat4(sprite_vs_params[0], sprite_vs_params[1], sprite_vs_params[2], sprite_vs_params[3]) * vec4(position, 0.0, 1.0);
        uv = texcoord0;
        tint = color0;
    }

*/
#if defined(SOKOL_GLCORE)
static const uint8_t cna_sprite_vs_source_glsl410[427] = {
    0x23,0x76,0x65,0x72,0x73,0x69,0x6f,0x6e,0x20,0x34,0x31,0x30,0x0a,0x0a,0x75,0x6e,
    0x69,0x66,0x6f,0x72,0x6d,0x20,0x76,0x65,0x63,0x34,0x20,0x73,0x70,0x72,0x69,0x74,
    0x65,0x5f,0x76,0x73,0x5f,0x70,0x61,0x72,0x61,0x6d,0x73,0x5b,0x34,0x5d,0x3b,0x0a,
    0x6c,0x61,0x79,0x6f,0x75,0x74,0x28,0x6c,0x6f,0x63,0x61,0x74,0x69,0x6f,0x6e,0x20,
    0x3d,0x20,0x30,0x29,0x20,0x69,0x6e,0x20,0x76,0x65,0x63,0x32,0x20,0x70,0x6f,0x73,
    0x69,0x74,0x69,0x6f,0x6e,0x3b,0x0a,0x6c,0x61,0x79,0x6f,0x75,0x74,0x28,0x6c,0x6f,
    0x63,0x61,0x74,0x69,0x6f,0x6e,0x20,0x3d,0x20,0x30,0x29,0x20,0x6f,0x75,0x74,0x20,
    0x76,0x65,0x63,0x32,0x20,0x75,0x76,0x3b,0x0a,0x6c,0x61,0x79,0x6f,0x75,0x74,0x28,
    0x6c,0x6f,0x63,0x61,0x74,0x69,0x6f,0x6e,0x20,0x3d,0x20,0x31,0x29,0x20,0x69,0x6e,
    0x20,0x76,0x65,0x63,0x32,0x20,0x74,0x65,0x78,0x63,0x6f,0x6f,0x72,0x64,0x30,0x3b,
    0x0a,0x6c,0x61,0x79,0x6f,0x75,0x74,0x28,0x6c,0x6f,0x63,0x61,0x74,0x69,0x6f,0x6e,
    0x20,0x3d,0x20,0x31,0x29,0x20,0x6f,0x75,0x74,0x20,0x76,0x65,0x63,0x34,0x20,0x74,
    0x69,0x6e,0x74,0x3b,0x0a,0x6c,0x61,0x79,0x6f,0x75,0x74,0x28,0x6c,0x6f,0x63,0x61,
    0x74,0x69,0x6f,0x6e,0x20,0x3d,0x20,0x32,0x29,0x20,0x69,0x6e,0x20,0x76,0x65,0x63,
    0x34,0x20,0x63,0x6f,0x6c,0x6f,0x72,0x30,0x3b,0x0a,0x0a,0x76,0x6f,0x69,0x64,0x20,
    0x6d,0x61,0x69,0x6e,0x28,0x29,0x0a,0x7b,0x0a,0x20,0x20,0x20,0x20,0x67,0x6c,0x5f,
    0x50,0x6f,0x73,0x69,0x74,0x69,0x6f,0x6e,0x20,0x3d,0x20,0x6d,0x61,0x74,0x34,0x28,
    0x73,0x70,0x72,0x69,0x74,0x65,0x5f,0x76,0x73,0x5f,0x70,0x61,0x72,0x61,0x6d,0x73,
    0x5b,0x30,0x5d,0x2c,0x20,0x73,0x70,0x72,0x69,0x74,0x65,0x5f,0x76,0x73,0x5f,0x70,
    0x61,0x72,0x61,0x6d,0x73,0x5b,0x31,0x5d,0x2c,0x20,0x73,0x70,0x72,0x69,0x74,0x65,
    0x5f,0x76,0x73,0x5f,0x70,0x61,0x72,0x61,0x6d,0x73,0x5b,0x32,0x5d,0x2c,0x20,0x73,
    0x70,0x72,0x69,0x74,0x65,0x5f,0x76,0x73,0x5f,0x70,0x61,0x72,0x61,0x6d,0x73,0x5b,
    0x33,0x5d,0x29,0x20,0x2a,0x20,0x76,0x65,0x63,0x34,0x28,0x70,0x6f,0x73,0x69,0x74,
    0x69,0x6f,0x6e,0x2c,0x20,0x30,0x2e,0x30,0x2c,0x20,0x31,0x2e,0x30,0x29,0x3b,0x0a,
    0x20,0x20,0x20,0x20,0x75,0x76,0x20,0x3d,0x20,0x74,0x65,0x78,0x63,0x6f,0x6f,0x72,
    0x64,0x30,0x3b,0x0a,0x20,0x20,0x20,0x20,0x74,0x69,0x6e,0x74,0x20,0x3d,0x20,0x63,
    0x6f,0x6c,0x6f,0x72,0x30,0x3b,0x0a,0x7d,0x0a,0x0a,0x00,
};
#endif
/*
    #version 410

    uniform sampler2D tex_smp;

    layout(location = 0) out vec4 frag_color;
    layout(location = 0) in vec2 uv;
    layout(location = 1) in vec4 tint;

    void main()
    {
        frag_color = texture(tex_smp, uv) * tint;
    }

*/
#if defined(SOKOL_GLCORE)
static const uint8_t cna_sprite_fs_source_glsl410[217] = {
    0x23,0x76,0x65,0x72,0x73,0x69,0x6f,0x6e,0x20,0x34,0x31,0x30,0x0a,0x0a,0x75,0x6e,
    0x69,0x66,0x6f,0x72,0x6d,0x20,0x73,0x61,0x6d,0x70,0x6c,0x65,0x72,0x32,0x44,0x20,
    0x74,0x65,0x78,0x5f,0x73,0x6d,0x70,0x3b,0x0a,0x0a,0x6c,0x61,0x79,0x6f,0x75,0x74,
    0x28,0x6c,0x6f,0x63,0x61,0x74,0x69,0x6f,0x6e,0x20,0x3d,0x20,0x30,0x29,0x20,0x6f,
    0x75,0x74,0x20,0x76,0x65,0x63,0x34,0x20,0x66,0x72,0x61,0x67,0x5f,0x63,0x6f,0x6c,
    0x6f,0x72,0x3b,0x0a,0x6c,0x61,0x79,0x6f,0x75,0x74,0x28,0x6c,0x6f,0x63,0x61,0x74,
    0x69,0x6f,0x6e,0x20,0x3d,0x20,0x30,0x29,0x20,0x69,0x6e,0x20,0x76,0x65,0x63,0x32,
    0x20,0x75,0x76,0x3b,0x0a,0x6c,0x61,0x79,0x6f,0x75,0x74,0x28,0x6c,0x6f,0x63,0x61,
    0x74,0x69,0x6f,0x6e,0x20,0x3d,0x20,0x31,0x29,0x20,0x69,0x6e,0x20,0x76,0x65,0x63,
    0x34,0x20,0x74,0x69,0x6e,0x74,0x3b,0x0a,0x0a,0x76,0x6f,0x69,0x64,0x20,0x6d,0x61,
    0x69,0x6e,0x28,0x29,0x0a,0x7b,0x0a,0x20,0x20,0x20,0x20,0x66,0x72,0x61,0x67,0x5f,
    0x63,0x6f,0x6c,0x6f,0x72,0x20,0x3d,0x20,0x74,0x65,0x78,0x74,0x75,0x72,0x65,0x28,
    0x74,0x65,0x78,0x5f,0x73,0x6d,0x70,0x2c,0x20,0x75,0x76,0x29,0x20,0x2a,0x20,0x74,
    0x69,0x6e,0x74,0x3b,0x0a,0x7d,0x0a,0x0a,0x00,
};
#endif
/*
    #version 300 es

    uniform vec4 sprite_vs_params[4];
    layout(location = 0) in vec2 position;
    out vec2 uv;
    layout(location = 1) in vec2 texcoord0;
    out vec4 tint;
    layout(location = 2) in vec4 color0;

    void main()
    {
        gl_Position = mat4(sprite_vs_params[0], sprite_vs_params[1], sprite_vs_params[2], sprite_vs_params[3]) * vec4(position, 0.0, 1.0);
        uv = texcoord0;
        tint = color0;
    }

*/
#if defined(SOKOL_GLES3)
static const uint8_t cna_sprite_vs_source_glsl300es[388] = {
    0x23,0x76,0x65,0x72,0x73,0x69,0x6f,0x6e,0x20,0x33,0x30,0x30,0x20,0x65,0x73,0x0a,
    0x0a,0x75,0x6e,0x69,0x66,0x6f,0x72,0x6d,0x20,0x76,0x65,0x63,0x34,0x20,0x73,0x70,
    0x72,0x69,0x74,0x65,0x5f,0x76,0x73,0x5f,0x70,0x61,0x72,0x61,0x6d,0x73,0x5b,0x34,
    0x5d,0x3b,0x0a,0x6c,0x61,0x79,0x6f,0x75,0x74,0x28,0x6c,0x6f,0x63,0x61,0x74,0x69,
    0x6f,0x6e,0x20,0x3d,0x20,0x30,0x29,0x20,0x69,0x6e,0x20,0x76,0x65,0x63,0x32,0x20,
    0x70,0x6f,0x73,0x69,0x74,0x69,0x6f,0x6e,0x3b,0x0a,0x6f,0x75,0x74,0x20,0x76,0x65,
    0x63,0x32,0x20,0x75,0x76,0x3b,0x0a,0x6c,0x61,0x79,0x6f,0x75,0x74,0x28,0x6c,0x6f,
    0x63,0x61,0x74,0x69,0x6f,0x6e,0x20,0x3d,0x20,0x31,0x29,0x20,0x69,0x6e,0x20,0x76,
    0x65,0x63,0x32,0x20,0x74,0x65,0x78,0x63,0x6f,0x6f,0x72,0x64,0x30,0x3b,0x0a,0x6f,
    0x75,0x74,0x20,0x76,0x65,0x63,0x34,0x20,0x74,0x69,0x6e,0x74,0x3b,0x0a,0x6c,0x61,
    0x79,0x6f,0x75,0x74,0x28,0x6c,0x6f,0x63,0x61,0x74,0x69,0x6f,0x6e,0x20,0x3d,0x20,
    0x32,0x29,0x20,0x69,0x6e,0x20,0x76,0x65,0x63,0x34,0x20,0x63,0x6f,0x6c,0x6f,0x72,
    0x30,0x3b,0x0a,0x0a,0x76,0x6f,0x69,0x64,0x20,0x6d,0x61,0x69,0x6e,0x28,0x29,0x0a,
    0x7b,0x0a,0x20,0x20,0x20,0x20,0x67,0x6c,0x5f,0x50,0x6f,0x73,0x69,0x74,0x69,0x6f,
    0x6e,0x20,0x3d,0x20,0x6d,0x61,0x74,0x34,0x28,0x73,0x70,0x72,0x69,0x74,0x65,0x5f,
    0x76,0x73,0x5f,0x70,0x61,0x72,0x61,0x6d,0x73,0x5b,0x30,0x5d,0x2c,0x20,0x73,0x70,
    0x72,0x69,0x74,0x65,0x5f,0x76,0x73,0x5f,0x70,0x61,0x72,0x61,0x6d,0x73,0x5b,0x31,
    0x5d,0x2c,0x20,0x73,0x70,0x72,0x69,0x74,0x65,0x5f,0x76,0x73,0x5f,0x70,0x61,0x72,
    0x61,0x6d,0x73,0x5b,0x32,0x5d,0x2c,0x20,0x73,0x70,0x72,0x69,0x74,0x65,0x5f,0x76,
    0x73,0x5f,0x70,0x61,0x72,0x61,0x6d,0x73,0x5b,0x33,0x5d,0x29,0x20,0x2a,0x20,0x76,
    0x65,0x63,0x34,0x28,0x70,0x6f,0x73,0x69,0x74,0x69,0x6f,0x6e,0x2c,0x20,0x30,0x2e,
    0x30,0x2c,0x20,0x31,0x2e,0x30,0x29,0x3b,0x0a,0x20,0x20,0x20,0x20,0x75,0x76,0x20,
    0x3d,0x20,0x74,0x65,0x78,0x63,0x6f,0x6f,0x72,0x64,0x30,0x3b,0x0a,0x20,0x20,0x20,
    0x20,0x74,0x69,0x6e,0x74,0x20,0x3d,0x20,0x63,0x6f,0x6c,0x6f,0x72,0x30,0x3b,0x0a,
    0x7d,0x0a,0x0a,0x00,
};
#endif
/*
    #version 300 es
    precision mediump float;
    precision highp int;

    uniform highp sampler2D tex_smp;

    layout(location = 0) out highp vec4 frag_color;
    in highp vec2 uv;
    in highp vec4 tint;

    void main()
    {
        frag_color = texture(tex_smp, uv) * tint;
    }

*/
#if defined(SOKOL_GLES3)
static const uint8_t cna_sprite_fs_source_glsl300es[248] = {
    0x23,0x76,0x65,0x72,0x73,0x69,0x6f,0x6e,0x20,0x33,0x30,0x30,0x20,0x65,0x73,0x0a,
    0x70,0x72,0x65,0x63,0x69,0x73,0x69,0x6f,0x6e,0x20,0x6d,0x65,0x64,0x69,0x75,0x6d,
    0x70,0x20,0x66,0x6c,0x6f,0x61,0x74,0x3b,0x0a,0x70,0x72,0x65,0x63,0x69,0x73,0x69,
    0x6f,0x6e,0x20,0x68,0x69,0x67,0x68,0x70,0x20,0x69,0x6e,0x74,0x3b,0x0a,0x0a,0x75,
    0x6e,0x69,0x66,0x6f,0x72,0x6d,0x20,0x68,0x69,0x67,0x68,0x70,0x20,0x73,0x61,0x6d,
    0x70,0x6c,0x65,0x72,0x32,0x44,0x20,0x74,0x65,0x78,0x5f,0x73,0x6d,0x70,0x3b,0x0a,
    0x0a,0x6c,0x61,0x79,0x6f,0x75,0x74,0x28,0x6c,0x6f,0x63,0x61,0x74,0x69,0x6f,0x6e,
    0x20,0x3d,0x20,0x30,0x29,0x20,0x6f,0x75,0x74,0x20,0x68,0x69,0x67,0x68,0x70,0x20,
    0x76,0x65,0x63,0x34,0x20,0x66,0x72,0x61,0x67,0x5f,0x63,0x6f,0x6c,0x6f,0x72,0x3b,
    0x0a,0x69,0x6e,0x20,0x68,0x69,0x67,0x68,0x70,0x20,0x76,0x65,0x63,0x32,0x20,0x75,
    0x76,0x3b,0x0a,0x69,0x6e,0x20,0x68,0x69,0x67,0x68,0x70,0x20,0x76,0x65,0x63,0x34,
    0x20,0x74,0x69,0x6e,0x74,0x3b,0x0a,0x0a,0x76,0x6f,0x69,0x64,0x20,0x6d,0x61,0x69,
    0x6e,0x28,0x29,0x0a,0x7b,0x0a,0x20,0x20,0x20,0x20,0x66,0x72,0x61,0x67,0x5f,0x63,
    0x6f,0x6c,0x6f,0x72,0x20,0x3d,0x20,0x74,0x65,0x78,0x74,0x75,0x72,0x65,0x28,0x74,
    0x65,0x78,0x5f,0x73,0x6d,0x70,0x2c,0x20,0x75,0x76,0x29,0x20,0x2a,0x20,0x74,0x69,
    0x6e,0x74,0x3b,0x0a,0x7d,0x0a,0x0a,0x00,
};
#endif
/*
    cbuffer sprite_vs_params : register(b0)
    {
        row_major float4x4 _19_mvp : packoffset(c0);
    };


    static float4 gl_Position;
    static float2 position;
    static float2 uv;
    static float2 texcoord0;
    static float4 tint;
    static float4 color0;

    struct SPIRV_Cross_Input
    {
        float2 position : TEXCOORD0;
        float2 texcoord0 : TEXCOORD1;
        float4 color0 : TEXCOORD2;
    };

    struct SPIRV_Cross_Output
    {
        float2 uv : TEXCOORD0;
        float4 tint : TEXCOORD1;
        float4 gl_Position : SV_Position;
    };

    void vert_main()
    {
        gl_Position = mul(float4(position, 0.0f, 1.0f), _19_mvp);
        uv = texcoord0;
        tint = color0;
    }

    SPIRV_Cross_Output main(SPIRV_Cross_Input stage_input)
    {
        position = stage_input.position;
        texcoord0 = stage_input.texcoord0;
        color0 = stage_input.color0;
        vert_main();
        SPIRV_Cross_Output stage_output;
        stage_output.gl_Position = gl_Position;
        stage_output.uv = uv;
        stage_output.tint = tint;
        return stage_output;
    }
*/
#if defined(SOKOL_D3D11)
static const uint8_t cna_sprite_vs_source_hlsl5[959] = {
    0x63,0x62,0x75,0x66,0x66,0x65,0x72,0x20,0x73,0x70,0x72,0x69,0x74,0x65,0x5f,0x76,
    0x73,0x5f,0x70,0x61,0x72,0x61,0x6d,0x73,0x20,0x3a,0x20,0x72,0x65,0x67,0x69,0x73,
    0x74,0x65,0x72,0x28,0x62,0x30,0x29,0x0a,0x7b,0x0a,0x20,0x20,0x20,0x20,0x72,0x6f,
    0x77,0x5f,0x6d,0x61,0x6a,0x6f,0x72,0x20,0x66,0x6c,0x6f,0x61,0x74,0x34,0x78,0x34,
    0x20,0x5f,0x31,0x39,0x5f,0x6d,0x76,0x70,0x20,0x3a,0x20,0x70,0x61,0x63,0x6b,0x6f,
    0x66,0x66,0x73,0x65,0x74,0x28,0x63,0x30,0x29,0x3b,0x0a,0x7d,0x3b,0x0a,0x0a,0x0a,
    0x73,0x74,0x61,0x74,0x69,0x63,0x20,0x66,0x6c,0x6f,0x61,0x74,0x34,0x20,0x67,0x6c,
    0x5f,0x50,0x6f,0x73,0x69,0x74,0x69,0x6f,0x6e,0x3b,0x0a,0x73,0x74,0x61,0x74,0x69,
    0x63,0x20,0x66,0x6c,0x6f,0x61,0x74,0x32,0x20,0x70,0x6f,0x73,0x69,0x74,0x69,0x6f,
    0x6e,0x3b,0x0a,0x73,0x74,0x61,0x74,0x69,0x63,0x20,0x66,0x6c,0x6f,0x61,0x74,0x32,
    0x20,0x75,0x76,0x3b,0x0a,0x73,0x74,0x61,0x74,0x69,0x63,0x20,0x66,0x6c,0x6f,0x61,
    0x74,0x32,0x20,0x74,0x65,0x78,0x63,0x6f,0x6f,0x72,0x64,0x30,0x3b,0x0a,0x73,0x74,
    0x61,0x74,0x69,0x63,0x20,0x66,0x6c,0x6f,0x61,0x74,0x34,0x20,0x74,0x69,0x6e,0x74,
    0x3b,0x0a,0x73,0x74,0x61,0x74,0x69,0x63,0x20,0x66,0x6c,0x6f,0x61,0x74,0x34,0x20,
    0x63,0x6f,0x6c,0x6f,0x72,0x30,0x3b,0x0a,0x0a,0x73,0x74,0x72,0x75,0x63,0x74,0x20,
    0x53,0x50,0x49,0x52,0x56,0x5f,0x43,0x72,0x6f,0x73,0x73,0x5f,0x49,0x6e,0x70,0x75,
    0x74,0x0a,0x7b,0x0a,0x20,0x20,0x20,0x20,0x66,0x6c,0x6f,0x61,0x74,0x32,0x20,0x70,
    0x6f,0x73,0x69,0x74,0x69,0x6f,0x6e,0x20,0x3a,0x20,0x54,0x45,0x58,0x43,0x4f,0x4f,
    0x52,0x44,0x30,0x3b,0x0a,0x20,0x20,0x20,0x20,0x66,0x6c,0x6f,0x61,0x74,0x32,0x20,
    0x74,0x65,0x78,0x63,0x6f,0x6f,0x72,0x64,0x30,0x20,0x3a,0x20,0x54,0x45,0x58,0x43,
    0x4f,0x4f,0x52,0x44,0x31,0x3b,0x0a,0x20,0x20,0x20,0x20,0x66,0x6c,0x6f,0x61,0x74,
    0x34,0x20,0x63,0x6f,0x6c,0x6f,0x72,0x30,0x20,0x3a,0x20,0x54,0x45,0x58,0x43,0x4f,
    0x4f,0x52,0x44,0x32,0x3b,0x0a,0x7d,0x3b,0x0a,0x0a,0x73,0x74,0x72,0x75,0x63,0x74,
    0x20,0x53,0x50,0x49,0x52,0x56,0x5f,0x43,0x72,0x6f,0x73,0x73,0x5f,0x4f,0x75,0x74,
    0x70,0x75,0x74,0x0a,0x7b,0x0a,0x20,0x20,0x20,0x20,0x66,0x6c,0x6f,0x61,0x74,0x32,
    0x20,0x75,0x76,0x20,0x3a,0x20,0x54,0x45,0x58,0x43,0x4f,0x4f,0x52,0x44,0x30,0x3b,
    0x0a,0x20,0x20,0x20,0x20,0x66,0x6c,0x6f,0x61,0x74,0x34,0x20,0x74,0x69,0x6e,0x74,
    0x20,0x3a,0x20,0x54,0x45,0x58,0x43,0x4f,0x4f,0x52,0x44,0x31,0x3b,0x0a,0x20,0x20,
    0x20,0x20,0x66,0x6c,0x6f,0x61,0x74,0x34,0x20,0x67,0x6c,0x5f,0x50,0x6f,0x73,0x69,
    0x74,0x69,0x6f,0x6e,0x20,0x3a,0x20,0x53,0x56,0x5f,0x50,0x6f,0x73,0x69,0x74,0x69,
    0x6f,0x6e,0x3b,0x0a,0x7d,0x3b,0x0a,0x0a,0x76,0x6f,0x69,0x64,0x20,0x76,0x65,0x72,
    0x74,0x5f,0x6d,0x61,0x69,0x6e,0x28,0x29,0x0a,0x7b,0x0a,0x20,0x20,0x20,0x20,0x67,
    0x6c,0x5f,0x50,0x6f,0x73,0x69,0x74,0x69,0x6f,0x6e,0x20,0x3d,0x20,0x6d,0x75,0x6c,
    0x28,0x66,0x6c,0x6f,0x61,0x74,0x34,0x28,0x70,0x6f,0x73,0x69,0x74,0x69,0x6f,0x6e,
    0x2c,0x20,0x30,0x2e,0x30,0x66,0x2c,0x20,0x31,0x2e,0x30,0x66,0x29,0x2c,0x20,0x5f,
    0x31,0x39,0x5f,0x6d,0x76,0x70,0x29,0x3b,0x0a,0x20,0x20,0x20,0x20,0x75,0x76,0x20,
    0x3d,0x20,0x74,0x65,0x78,0x63,0x6f,0x6f,0x72,0x64,0x30,0x3b,0x0a,0x20,0x20,0x20,
    0x20,0x74,0x69,0x6e,0x74,0x20,0x3d,0x20,0x63,0x6f,0x6c,0x6f,0x72,0x30,0x3b,0x0a,
    0x7d,0x0a,0x0a,0x53,0x50,0x49,0x52,0x56,0x5f,0x43,0x72,0x6f,0x73,0x73,0x5f,0x4f,
    0x75,0x74,0x70,0x75,0x74,0x20,0x6d,0x61,0x69,0x6e,0x28,0x53,0x50,0x49,0x52,0x56,
    0x5f,0x43,0x72,0x6f,0x73,0x73,0x5f,0x49,0x6e,0x70,0x75,0x74,0x20,0x73,0x74,0x61,
    0x67,0x65,0x5f,0x69,0x6e,0x70,0x75,0x74,0x29,0x0a,0x7b,0x0a,0x20,0x20,0x20,0x20,
    0x70,0x6f,0x73,0x69,0x74,0x69,0x6f,0x6e,0x20,0x3d,0x20,0x73,0x74,0x61,0x67,0x65,
    0x5f,0x69,0x6e,0x70,0x75,0x74,0x2e,0x70,0x6f,0x73,0x69,0x74,0x69,0x6f,0x6e,0x3b,
    0x0a,0x20,0x20,0x20,0x20,0x74,0x65,0x78,0x63,0x6f,0x6f,0x72,0x64,0x30,0x20,0x3d,
    0x20,0x73,0x74,0x61,0x67,0x65,0x5f,0x69,0x6e,0x70,0x75,0x74,0x2e,0x74,0x65,0x78,
    0x63,0x6f,0x6f,0x72,0x64,0x30,0x3b,0x0a,0x20,0x20,0x20,0x20,0x63,0x6f,0x6c,0x6f,
    0x72,0x30,0x20,0x3d,0x20,0x73,0x74,0x61,0x67,0x65,0x5f,0x69,0x6e,0x70,0x75,0x74,
    0x2e,0x63,0x6f,0x6c,0x6f,0x72,0x30,0x3b,0x0a,0x20,0x20,0x20,0x20,0x76,0x65,0x72,
    0x74,0x5f,0x6d,0x61,0x69,0x6e,0x28,0x29,0x3b,0x0a,0x20,0x20,0x20,0x20,0x53,0x50,
    0x49,0x52,0x56,0x5f,0x43,0x72,0x6f,0x73,0x73,0x5f,0x4f,0x75,0x74,0x70,0x75,0x74,
    0x20,0x73,0x74,0x61,0x67,0x65,0x5f,0x6f,0x75,0x74,0x70,0x75,0x74,0x3b,0x0a,0x20,
    0x20,0x20,0x20,0x73,0x74,0x61,0x67,0x65,0x5f,0x6f,0x75,0x74,0x70,0x75,0x74,0x2e,
    0x67,0x6c,0x5f,0x50,0x6f,0x73,0x69,0x74,0x69,0x6f,0x6e,0x20,0x3d,0x20,0x67,0x6c,
    0x5f,0x50,0x6f,0x73,0x69,0x74,0x69,0x6f,0x6e,0x3b,0x0a,0x20,0x20,0x20,0x20,0x73,
    0x74,0x61,0x67,0x65,0x5f,0x6f,0x75,0x74,0x70,0x75,0x74,0x2e,0x75,0x76,0x20,0x3d,
    0x20,0x75,0x76,0x3b,0x0a,0x20,0x20,0x20,0x20,0x73,0x74,0x61,0x67,0x65,0x5f,0x6f,
    0x75,0x74,0x70,0x75,0x74,0x2e,0x74,0x69,0x6e,0x74,0x20,0x3d,0x20,0x74,0x69,0x6e,
    0x74,0x3b,0x0a,0x20,0x20,0x20,0x20,0x72,0x65,0x74,0x75,0x72,0x6e,0x20,0x73,0x74,
    0x61,0x67,0x65,0x5f,0x6f,0x75,0x74,0x70,0x75,0x74,0x3b,0x0a,0x7d,0x0a,0x00,
};
#endif
/*
    Texture2D<float4> tex : register(t0);
    SamplerState smp : register(s0);

    static float4 frag_color;
    static float2 uv;
    static float4 tint;

    struct SPIRV_Cross_Input
    {
        float2 uv : TEXCOORD0;
        float4 tint : TEXCOORD1;
    };

    struct SPIRV_Cross_Output
    {
        float4 frag_color : SV_Target0;
    };

    void frag_main()
    {
        frag_color = tex.Sample(smp, uv) * tint;
    }

    SPIRV_Cross_Output main(SPIRV_Cross_Input stage_input)
    {
        uv = stage_input.uv;
        tint = stage_input.tint;
        frag_main();
        SPIRV_Cross_Output stage_output;
        stage_output.frag_color = frag_color;
        return stage_output;
    }
*/
#if defined(SOKOL_D3D11)
static const uint8_t cna_sprite_fs_source_hlsl5[594] = {
    0x54,0x65,0x78,0x74,0x75,0x72,0x65,0x32,0x44,0x3c,0x66,0x6c,0x6f,0x61,0x74,0x34,
    0x3e,0x20,0x74,0x65,0x78,0x20,0x3a,0x20,0x72,0x65,0x67,0x69,0x73,0x74,0x65,0x72,
    0x28,0x74,0x30,0x29,0x3b,0x0a,0x53,0x61,0x6d,0x70,0x6c,0x65,0x72,0x53,0x74,0x61,
    0x74,0x65,0x20,0x73,0x6d,0x70,0x20,0x3a,0x20,0x72,0x65,0x67,0x69,0x73,0x74,0x65,
    0x72,0x28,0x73,0x30,0x29,0x3b,0x0a,0x0a,0x73,0x74,0x61,0x74,0x69,0x63,0x20,0x66,
    0x6c,0x6f,0x61,0x74,0x34,0x20,0x66,0x72,0x61,0x67,0x5f,0x63,0x6f,0x6c,0x6f,0x72,
    0x3b,0x0a,0x73,0x74,0x61,0x74,0x69,0x63,0x20,0x66,0x6c,0x6f,0x61,0x74,0x32,0x20,
    0x75,0x76,0x3b,0x0a,0x73,0x74,0x61,0x74,0x69,0x63,0x20,0x66,0x6c,0x6f,0x61,0x74,
    0x34,0x20,0x74,0x69,0x6e,0x74,0x3b,0x0a,0x0a,0x73,0x74,0x72,0x75,0x63,0x74,0x20,
    0x53,0x50,0x49,0x52,0x56,0x5f,0x43,0x72,0x6f,0x73,0x73,0x5f,0x49,0x6e,0x70,0x75,
    0x74,0x0a,0x7b,0x0a,0x20,0x20,0x20,0x20,0x66,0x6c,0x6f,0x61,0x74,0x32,0x20,0x75,
    0x76,0x20,0x3a,0x20,0x54,0x45,0x58,0x43,0x4f,0x4f,0x52,0x44,0x30,0x3b,0x0a,0x20,
    0x20,0x20,0x20,0x66,0x6c,0x6f,0x61,0x74,0x34,0x20,0x74,0x69,0x6e,0x74,0x20,0x3a,
    0x20,0x54,0x45,0x58,0x43,0x4f,0x4f,0x52,0x44,0x31,0x3b,0x0a,0x7d,0x3b,0x0a,0x0a,
    0x73,0x74,0x72,0x75,0x63,0x74,0x20,0x53,0x50,0x49,0x52,0x56,0x5f,0x43,0x72,0x6f,
    0x73,0x73,0x5f,0x4f,0x75,0x74,0x70,0x75,0x74,0x0a,0x7b,0x0a,0x20,0x20,0x20,0x20,
    0x66,0x6c,0x6f,0x61,0x74,0x34,0x20,0x66,0x72,0x61,0x67,0x5f,0x63,0x6f,0x6c,0x6f,
    0x72,0x20,0x3a,0x20,0x53,0x56,0x5f,0x54,0x61,0x72,0x67,0x65,0x74,0x30,0x3b,0x0a,
    0x7d,0x3b,0x0a,0x0a,0x76,0x6f,0x69,0x64,0x20,0x66,0x72,0x61,0x67,0x5f,0x6d,0x61,
    0x69,0x6e,0x28,0x29,0x0a,0x7b,0x0a,0x20,0x20,0x20,0x20,0x66,0x72,0x61,0x67,0x5f,
    0x63,0x6f,0x6c,0x6f,0x72,0x20,0x3d,0x20,0x74,0x65,0x78,0x2e,0x53,0x61,0x6d,0x70,
    0x6c,0x65,0x28,0x73,0x6d,0x70,0x2c,0x20,0x75,0x76,0x29,0x20,0x2a,0x20,0x74,0x69,
    0x6e,0x74,0x3b,0x0a,0x7d,0x0a,0x0a,0x53,0x50,0x49,0x52,0x56,0x5f,0x43,0x72,0x6f,
    0x73,0x73,0x5f,0x4f,0x75,0x74,0x70,0x75,0x74,0x20,0x6d,0x61,0x69,0x6e,0x28,0x53,
    0x50,0x49,0x52,0x56,0x5f,0x43,0x72,0x6f,0x73,0x73,0x5f,0x49,0x6e,0x70,0x75,0x74,
    0x20,0x73,0x74,0x61,0x67,0x65,0x5f,0x69,0x6e,0x70,0x75,0x74,0x29,0x0a,0x7b,0x0a,
    0x20,0x20,0x20,0x20,0x75,0x76,0x20,0x3d,0x20,0x73,0x74,0x61,0x67,0x65,0x5f,0x69,
    0x6e,0x70,0x75,0x74,0x2e,0x75,0x76,0x3b,0x0a,0x20,0x20,0x20,0x20,0x74,0x69,0x6e,
    0x74,0x20,0x3d,0x20,0x73,0x74,0x61,0x67,0x65,0x5f,0x69,0x6e,0x70,0x75,0x74,0x2e,
    0x74,0x69,0x6e,0x74,0x3b,0x0a,0x20,0x20,0x20,0x20,0x66,0x72,0x61,0x67,0x5f,0x6d,
    0x61,0x69,0x6e,0x28,0x29,0x3b,0x0a,0x20,0x20,0x20,0x20,0x53,0x50,0x49,0x52,0x56,
    0x5f,0x43,0x72,0x6f,0x73,0x73,0x5f,0x4f,0x75,0x74,0x70,0x75,0x74,0x20,0x73,0x74,
    0x61,0x67,0x65,0x5f,0x6f,0x75,0x74,0x70,0x75,0x74,0x3b,0x0a,0x20,0x20,0x20,0x20,
    0x73,0x74,0x61,0x67,0x65,0x5f,0x6f,0x75,0x74,0x70,0x75,0x74,0x2e,0x66,0x72,0x61,
    0x67,0x5f,0x63,0x6f,0x6c,0x6f,0x72,0x20,0x3d,0x20,0x66,0x72,0x61,0x67,0x5f,0x63,
    0x6f,0x6c,0x6f,0x72,0x3b,0x0a,0x20,0x20,0x20,0x20,0x72,0x65,0x74,0x75,0x72,0x6e,
    0x20,0x73,0x74,0x61,0x67,0x65,0x5f,0x6f,0x75,0x74,0x70,0x75,0x74,0x3b,0x0a,0x7d,
    0x0a,0x00,
};
#endif
/*
    #include <metal_stdlib>
    #include <simd/simd.h>

    using namespace metal;

    struct sprite_vs_params
    {
        float4x4 mvp;
    };

    struct main0_out
    {
        float2 uv [[user(locn0)]];
        float4 tint [[user(locn1)]];
        float4 gl_Position [[position]];
    };

    struct main0_in
    {
        float2 position [[attribute(0)]];
        float2 texcoord0 [[attribute(1)]];
        float4 color0 [[attribute(2)]];
    };

    vertex main0_out main0(main0_in in [[stage_in]], constant sprite_vs_params& _19 [[buffer(0)]])
    {
        main0_out out = {};
        out.gl_Position = _19.mvp * float4(in.position, 0.0, 1.0);
        out.uv = in.texcoord0;
        out.tint = in.color0;
        return out;
    }

*/
#if defined(SOKOL_METAL)
static const uint8_t cna_sprite_vs_source_metal_macos[636] = {
    0x23,0x69,0x6e,0x63,0x6c,0x75,0x64,0x65,0x20,0x3c,0x6d,0x65,0x74,0x61,0x6c,0x5f,
    0x73,0x74,0x64,0x6c,0x69,0x62,0x3e,0x0a,0x23,0x69,0x6e,0x63,0x6c,0x75,0x64,0x65,
    0x20,0x3c,0x73,0x69,0x6d,0x64,0x2f,0x73,0x69,0x6d,0x64,0x2e,0x68,0x3e,0x0a,0x0a,
    0x75,0x73,0x69,0x6e,0x67,0x20,0x6e,0x61,0x6d,0x65,0x73,0x70,0x61,0x63,0x65,0x20,
    0x6d,0x65,0x74,0x61,0x6c,0x3b,0x0a,0x0a,0x73,0x74,0x72,0x75,0x63,0x74,0x20,0x73,
    0x70,0x72,0x69,0x74,0x65,0x5f,0x76,0x73,0x5f,0x70,0x61,0x72,0x61,0x6d,0x73,0x0a,
    0x7b,0x0a,0x20,0x20,0x20,0x20,0x66,0x6c,0x6f,0x61,0x74,0x34,0x78,0x34,0x20,0x6d,
    0x76,0x70,0x3b,0x0a,0x7d,0x3b,0x0a,0x0a,0x73,0x74,0x72,0x75,0x63,0x74,0x20,0x6d,
    0x61,0x69,0x6e,0x30,0x5f,0x6f,0x75,0x74,0x0a,0x7b,0x0a,0x20,0x20,0x20,0x20,0x66,
    0x6c,0x6f,0x61,0x74,0x32,0x20,0x75,0x76,0x20,0x5b,0x5b,0x75,0x73,0x65,0x72,0x28,
    0x6c,0x6f,0x63,0x6e,0x30,0x29,0x5d,0x5d,0x3b,0x0a,0x20,0x20,0x20,0x20,0x66,0x6c,
    0x6f,0x61,0x74,0x34,0x20,0x74,0x69,0x6e,0x74,0x20,0x5b,0x5b,0x75,0x73,0x65,0x72,
    0x28,0x6c,0x6f,0x63,0x6e,0x31,0x29,0x5d,0x5d,0x3b,0x0a,0x20,0x20,0x20,0x20,0x66,
    0x6c,0x6f,0x61,0x74,0x34,0x20,0x67,0x6c,0x5f,0x50,0x6f,0x73,0x69,0x74,0x69,0x6f,
    0x6e,0x20,0x5b,0x5b,0x70,0x6f,0x73,0x69,0x74,0x69,0x6f,0x6e,0x5d,0x5d,0x3b,0x0a,
    0x7d,0x3b,0x0a,0x0a,0x73,0x74,0x72,0x75,0x63,0x74,0x20,0x6d,0x61,0x69,0x6e,0x30,
    0x5f,0x69,0x6e,0x0a,0x7b,0x0a,0x20,0x20,0x20,0x20,0x66,0x6c,0x6f,0x61,0x74,0x32,
    0x20,0x70,0x6f,0x73,0x69,0x74,0x69,0x6f,0x6e,0x20,0x5b,0x5b,0x61,0x74,0x74,0x72,
    0x69,0x62,0x75,0x74,0x65,0x28,0x30,0x29,0x5d,0x5d,0x3b,0x0a,0x20,0x20,0x20,0x20,
    0x66,0x6c,0x6f,0x61,0x74,0x32,0x20,0x74,0x65,0x78,0x63,0x6f,0x6f,0x72,0x64,0x30,
    0x20,0x5b,0x5b,0x61,0x74,0x74,0x72,0x69,0x62,0x75,0x74,0x65,0x28,0x31,0x29,0x5d,
    0x5d,0x3b,0x0a,0x20,0x20,0x20,0x20,0x66,0x6c,0x6f,0x61,0x74,0x34,0x20,0x63,0x6f,
    0x6c,0x6f,0x72,0x30,0x20,0x5b,0x5b,0x61,0x74,0x74,0x72,0x69,0x62,0x75,0x74,0x65,
    0x28,0x32,0x29,0x5d,0x5d,0x3b,0x0a,0x7d,0x3b,0x0a,0x0a,0x76,0x65,0x72,0x74,0x65,
    0x78,0x20,0x6d,0x61,0x69,0x6e,0x30,0x5f,0x6f,0x75,0x74,0x20,0x6d,0x61,0x69,0x6e,
    0x30,0x28,0x6d,0x61,0x69,0x6e,0x30,0x5f,0x69,0x6e,0x20,0x69,0x6e,0x20,0x5b,0x5b,
    0x73,0x74,0x61,0x67,0x65,0x5f,0x69,0x6e,0x5d,0x5d,0x2c,0x20,0x63,0x6f,0x6e,0x73,
    0x74,0x61,0x6e,0x74,0x20,0x73,0x70,0x72,0x69,0x74,0x65,0x5f,0x76,0x73,0x5f,0x70,
    0x61,0x72,0x61,0x6d,0x73,0x26,0x20,0x5f,0x31,0x39,0x20,0x5b,0x5b,0x62,0x75,0x66,
    0x66,0x65,0x72,0x28,0x30,0x29,0x5d,0x5d,0x29,0x0a,0x7b,0x0a,0x20,0x20,0x20,0x20,
    0x6d,0x61,0x69,0x6e,0x30,0x5f,0x6f,0x75,0x74,0x20,0x6f,0x75,0x74,0x20,0x3d,0x20,
    0x7b,0x7d,0x3b,0x0a,0x20,0x20,0x20,0x20,0x6f,0x75,0x74,0x2e,0x67,0x6c,0x5f,0x50,
    0x6f,0x73,0x69,0x74,0x69,0x6f,0x6e,0x20,0x3d,0x20,0x5f,0x31,0x39,0x2e,0x6d,0x76,
    0x70,0x20,0x2a,0x20,0x66,0x6c,0x6f,0x61,0x74,0x34,0x28,0x69,0x6e,0x2e,0x70,0x6f,
    0x73,0x69,0x74,0x69,0x6f,0x6e,0x2c,0x20,0x30,0x2e,0x30,0x2c,0x20,0x31,0x2e,0x30,
    0x29,0x3b,0x0a,0x20,0x20,0x20,0x20,0x6f,0x75,0x74,0x2e,0x75,0x76,0x20,0x3d,0x20,
    0x69,0x6e,0x2e,0x74,0x65,0x78,0x63,0x6f,0x6f,0x72,0x64,0x30,0x3b,0x0a,0x20,0x20,
    0x20,0x20,0x6f,0x75,0x74,0x2e,0x74,0x69,0x6e,0x74,0x20,0x3d,0x20,0x69,0x6e,0x2e,
    0x63,0x6f,0x6c,0x6f,0x72,0x30,0x3b,0x0a,0x20,0x20,0x20,0x20,0x72,0x65,0x74,0x75,
    0x72,0x6e,0x20,0x6f,0x75,0x74,0x3b,0x0a,0x7d,0x0a,0x0a,0x00,
};
#endif
/*
    #include <metal_stdlib>
    #include <simd/simd.h>

    using namespace metal;

    struct main0_out
    {
        float4 frag_color [[color(0)]];
    };

    struct main0_in
    {
        float2 uv [[user(locn0)]];
        float4 tint [[user(locn1)]];
    };

    fragment main0_out main0(main0_in in [[stage_in]], texture2d<float> tex [[texture(0)]], sampler smp [[sampler(0)]])
    {
        main0_out out = {};
        out.frag_color = tex.sample(smp, in.uv) * in.tint;
        return out;
    }

*/
#if defined(SOKOL_METAL)
static const uint8_t cna_sprite_fs_source_metal_macos[434] = {
    0x23,0x69,0x6e,0x63,0x6c,0x75,0x64,0x65,0x20,0x3c,0x6d,0x65,0x74,0x61,0x6c,0x5f,
    0x73,0x74,0x64,0x6c,0x69,0x62,0x3e,0x0a,0x23,0x69,0x6e,0x63,0x6c,0x75,0x64,0x65,
    0x20,0x3c,0x73,0x69,0x6d,0x64,0x2f,0x73,0x69,0x6d,0x64,0x2e,0x68,0x3e,0x0a,0x0a,
    0x75,0x73,0x69,0x6e,0x67,0x20,0x6e,0x61,0x6d,0x65,0x73,0x70,0x61,0x63,0x65,0x20,
    0x6d,0x65,0x74,0x61,0x6c,0x3b,0x0a,0x0a,0x73,0x74,0x72,0x75,0x63,0x74,0x20,0x6d,
    0x61,0x69,0x6e,0x30,0x5f,0x6f,0x75,0x74,0x0a,0x7b,0x0a,0x20,0x20,0x20,0x20,0x66,
    0x6c,0x6f,0x61,0x74,0x34,0x20,0x66,0x72,0x61,0x67,0x5f,0x63,0x6f,0x6c,0x6f,0x72,
    0x20,0x5b,0x5b,0x63,0x6f,0x6c,0x6f,0x72,0x28,0x30,0x29,0x5d,0x5d,0x3b,0x0a,0x7d,
    0x3b,0x0a,0x0a,0x73,0x74,0x72,0x75,0x63,0x74,0x20,0x6d,0x61,0x69,0x6e,0x30,0x5f,
    0x69,0x6e,0x0a,0x7b,0x0a,0x20,0x20,0x20,0x20,0x66,0x6c,0x6f,0x61,0x74,0x32,0x20,
    0x75,0x76,0x20,0x5b,0x5b,0x75,0x73,0x65,0x72,0x28,0x6c,0x6f,0x63,0x6e,0x30,0x29,
    0x5d,0x5d,0x3b,0x0a,0x20,0x20,0x20,0x20,0x66,0x6c,0x6f,0x61,0x74,0x34,0x20,0x74,
    0x69,0x6e,0x74,0x20,0x5b,0x5b,0x75,0x73,0x65,0x72,0x28,0x6c,0x6f,0x63,0x6e,0x31,
    0x29,0x5d,0x5d,0x3b,0x0a,0x7d,0x3b,0x0a,0x0a,0x66,0x72,0x61,0x67,0x6d,0x65,0x6e,
    0x74,0x20,0x6d,0x61,0x69,0x6e,0x30,0x5f,0x6f,0x75,0x74,0x20,0x6d,0x61,0x69,0x6e,
    0x30,0x28,0x6d,0x61,0x69,0x6e,0x30,0x5f,0x69,0x6e,0x20,0x69,0x6e,0x20,0x5b,0x5b,
    0x73,0x74,0x61,0x67,0x65,0x5f,0x69,0x6e,0x5d,0x5d,0x2c,0x20,0x74,0x65,0x78,0x74,
    0x75,0x72,0x65,0x32,0x64,0x3c,0x66,0x6c,0x6f,0x61,0x74,0x3e,0x20,0x74,0x65,0x78,
    0x20,0x5b,0x5b,0x74,0x65,0x78,0x74,0x75,0x72,0x65,0x28,0x30,0x29,0x5d,0x5d,0x2c,
    0x20,0x73,0x61,0x6d,0x70,0x6c,0x65,0x72,0x20,0x73,0x6d,0x70,0x20,0x5b,0x5b,0x73,
    0x61,0x6d,0x70,0x6c,0x65,0x72,0x28,0x30,0x29,0x5d,0x5d,0x29,0x0a,0x7b,0x0a,0x20,
    0x20,0x20,0x20,0x6d,0x61,0x69,0x6e,0x30,0x5f,0x6f,0x75,0x74,0x20,0x6f,0x75,0x74,
    0x20,0x3d,0x20,0x7b,0x7d,0x3b,0x0a,0x20,0x20,0x20,0x20,0x6f,0x75,0x74,0x2e,0x66,
    0x72,0x61,0x67,0x5f,0x63,0x6f,0x6c,0x6f,0x72,0x20,0x3d,0x20,0x74,0x65,0x78,0x2e,
    0x73,0x61,0x6d,0x70,0x6c,0x65,0x28,0x73,0x6d,0x70,0x2c,0x20,0x69,0x6e,0x2e,0x75,
    0x76,0x29,0x20,0x2a,0x20,0x69,0x6e,0x2e,0x74,0x69,0x6e,0x74,0x3b,0x0a,0x20,0x20,
    0x20,0x20,0x72,0x65,0x74,0x75,0x72,0x6e,0x20,0x6f,0x75,0x74,0x3b,0x0a,0x7d,0x0a,
    0x0a,0x00,
};
#endif
/*
    diagnostic(off, derivative_uniformity);

    struct sprite_vs_params {
      /_ @offset(0) _/
      mvp : mat4x4f,
    }

    @binding(0) @group(0) var<uniform> x_19 : sprite_vs_params;

    var<private> position_1 : vec2f;

    var<private> uv : vec2f;

    var<private> texcoord0 : vec2f;

    var<private> tint : vec4f;

    var<private> color0 : vec4f;

    var<private> gl_Position : vec4f;

    fn main_1() {
      gl_Position = (x_19.mvp * vec4f(position_1.x, position_1.y, 0.0f, 1.0f));
      uv = texcoord0;
      tint = color0;
      return;
    }

    struct main_out {
      @builtin(position)
      gl_Position : vec4f,
      @location(0)
      uv_1 : vec2f,
      @location(1)
      tint_1 : vec4f,
    }

    @vertex
    fn main(@location(0) position_1_param : vec2f, @location(1) texcoord0_param : vec2f, @location(2) color0_param : vec4f) -> main_out {
      position_1 = position_1_param;
      texcoord0 = texcoord0_param;
      color0 = color0_param;
      main_1();
      return main_out(gl_Position, uv, tint);
    }
*/
#if defined(SOKOL_WGPU)
static const uint8_t cna_sprite_vs_source_wgsl[908] = {
    0x64,0x69,0x61,0x67,0x6e,0x6f,0x73,0x74,0x69,0x63,0x28,0x6f,0x66,0x66,0x2c,0x20,
    0x64,0x65,0x72,0x69,0x76,0x61,0x74,0x69,0x76,0x65,0x5f,0x75,0x6e,0x69,0x66,0x6f,
    0x72,0x6d,0x69,0x74,0x79,0x29,0x3b,0x0a,0x0a,0x73,0x74,0x72,0x75,0x63,0x74,0x20,
    0x73,0x70,0x72,0x69,0x74,0x65,0x5f,0x76,0x73,0x5f,0x70,0x61,0x72,0x61,0x6d,0x73,
    0x20,0x7b,0x0a,0x20,0x20,0x2f,0x2a,0x20,0x40,0x6f,0x66,0x66,0x73,0x65,0x74,0x28,
    0x30,0x29,0x20,0x2a,0x2f,0x0a,0x20,0x20,0x6d,0x76,0x70,0x20,0x3a,0x20,0x6d,0x61,
    0x74,0x34,0x78,0x34,0x66,0x2c,0x0a,0x7d,0x0a,0x0a,0x40,0x62,0x69,0x6e,0x64,0x69,
    0x6e,0x67,0x28,0x30,0x29,0x20,0x40,0x67,0x72,0x6f,0x75,0x70,0x28,0x30,0x29,0x20,
    0x76,0x61,0x72,0x3c,0x75,0x6e,0x69,0x66,0x6f,0x72,0x6d,0x3e,0x20,0x78,0x5f,0x31,
    0x39,0x20,0x3a,0x20,0x73,0x70,0x72,0x69,0x74,0x65,0x5f,0x76,0x73,0x5f,0x70,0x61,
    0x72,0x61,0x6d,0x73,0x3b,0x0a,0x0a,0x76,0x61,0x72,0x3c,0x70,0x72,0x69,0x76,0x61,
    0x74,0x65,0x3e,0x20,0x70,0x6f,0x73,0x69,0x74,0x69,0x6f,0x6e,0x5f,0x31,0x20,0x3a,
    0x20,0x76,0x65,0x63,0x32,0x66,0x3b,0x0a,0x0a,0x76,0x61,0x72,0x3c,0x70,0x72,0x69,
    0x76,0x61,0x74,0x65,0x3e,0x20,0x75,0x76,0x20,0x3a,0x20,0x76,0x65,0x63,0x32,0x66,
    0x3b,0x0a,0x0a,0x76,0x61,0x72,0x3c,0x70,0x72,0x69,0x76,0x61,0x74,0x65,0x3e,0x20,
    0x74,0x65,0x78,0x63,0x6f,0x6f,0x72,0x64,0x30,0x20,0x3a,0x20,0x76,0x65,0x63,0x32,
    0x66,0x3b,0x0a,0x0a,0x76,0x61,0x72,0x3c,0x70,0x72,0x69,0x76,0x61,0x74,0x65,0x3e,
    0x20,0x74,0x69,0x6e,0x74,0x20,0x3a,0x20,0x76,0x65,0x63,0x34,0x66,0x3b,0x0a,0x0a,
    0x76,0x61,0x72,0x3c,0x70,0x72,0x69,0x76,0x61,0x74,0x65,0x3e,0x20,0x63,0x6f,0x6c,
    0x6f,0x72,0x30,0x20,0x3a,0x20,0x76,0x65,0x63,0x34,0x66,0x3b,0x0a,0x0a,0x76,0x61,
    0x72,0x3c,0x70,0x72,0x69,0x76,0x61,0x74,0x65,0x3e,0x20,0x67,0x6c,0x5f,0x50,0x6f,
    0x73,0x69,0x74,0x69,0x6f,0x6e,0x20,0x3a,0x20,0x76,0x65,0x63,0x34,0x66,0x3b,0x0a,
    0x0a,0x66,0x6e,0x20,0x6d,0x61,0x69,0x6e,0x5f,0x31,0x28,0x29,0x20,0x7b,0x0a,0x20,
    0x20,0x67,0x6c,0x5f,0x50,0x6f,0x73,0x69,0x74,0x69,0x6f,0x6e,0x20,0x3d,0x20,0x28,
    0x78,0x5f,0x31,0x39,0x2e,0x6d,0x76,0x70,0x20,0x2a,0x20,0x76,0x65,0x63,0x34,0x66,
    0x28,0x70,0x6f,0x73,0x69,0x74,0x69,0x6f,0x6e,0x5f,0x31,0x2e,0x78,0x2c,0x20,0x70,
    0x6f,0x73,0x69,0x74,0x69,0x6f,0x6e,0x5f,0x31,0x2e,0x79,0x2c,0x20,0x30,0x2e,0x30,
    0x66,0x2c,0x20,0x31,0x2e,0x30,0x66,0x29,0x29,0x3b,0x0a,0x20,0x20,0x75,0x76,0x20,
    0x3d,0x20,0x74,0x65,0x78,0x63,0x6f,0x6f,0x72,0x64,0x30,0x3b,0x0a,0x20,0x20,0x74,
    0x69,0x6e,0x74,0x20,0x3d,0x20,0x63,0x6f,0x6c,0x6f,0x72,0x30,0x3b,0x0a,0x20,0x20,
    0x72,0x65,0x74,0x75,0x72,0x6e,0x3b,0x0a,0x7d,0x0a,0x0a,0x73,0x74,0x72,0x75,0x63,
    0x74,0x20,0x6d,0x61,0x69,0x6e,0x5f,0x6f,0x75,0x74,0x20,0x7b,0x0a,0x20,0x20,0x40,
    0x62,0x75,0x69,0x6c,0x74,0x69,0x6e,0x28,0x70,0x6f,0x73,0x69,0x74,0x69,0x6f,0x6e,
    0x29,0x0a,0x20,0x20,0x67,0x6c,0x5f,0x50,0x6f,0x73,0x69,0x74,0x69,0x6f,0x6e,0x20,
    0x3a,0x20,0x76,0x65,0x63,0x34,0x66,0x2c,0x0a,0x20,0x20,0x40,0x6c,0x6f,0x63,0x61,
    0x74,0x69,0x6f,0x6e,0x28,0x30,0x29,0x0a,0x20,0x20,0x75,0x76,0x5f,0x31,0x20,0x3a,
    0x20,0x76,0x65,0x63,0x32,0x66,0x2c,0x0a,0x20,0x20,0x40,0x6c,0x6f,0x63,0x61,0x74,
    0x69,0x6f,0x6e,0x28,0x31,0x29,0x0a,0x20,0x20,0x74,0x69,0x6e,0x74,0x5f,0x31,0x20,
    0x3a,0x20,0x76,0x65,0x63,0x34,0x66,0x2c,0x0a,0x7d,0x0a,0x0a,0x40,0x76,0x65,0x72,
    0x74,0x65,0x78,0x0a,0x66,0x6e,0x20,0x6d,0x61,0x69,0x6e,0x28,0x40,0x6c,0x6f,0x63,
    0x61,0x74,0x69,0x6f,0x6e,0x28,0x30,0x29,0x20,0x70,0x6f,0x73,0x69,0x74,0x69,0x6f,
    0x6e,0x5f,0x31,0x5f,0x70,0x61,0x72,0x61,0x6d,0x20,0x3a,0x20,0x76,0x65,0x63,0x32,
    0x66,0x2c,0x20,0x40,0x6c,0x6f,0x63,0x61,0x74,0x69,0x6f,0x6e,0x28,0x31,0x29,0x20,
    0x74,0x65,0x78,0x63,0x6f,0x6f,0x72,0x64,0x30,0x5f,0x70,0x61,0x72,0x61,0x6d,0x20,
    0x3a,0x20,0x76,0x65,0x63,0x32,0x66,0x2c,0x20,0x40,0x6c,0x6f,0x63,0x61,0x74,0x69,
    0x6f,0x6e,0x28,0x32,0x29,0x20,0x63,0x6f,0x6c,0x6f,0x72,0x30,0x5f,0x70,0x61,0x72,
    0x61,0x6d,0x20,0x3a,0x20,0x76,0x65,0x63,0x34,0x66,0x29,0x20,0x2d,0x3e,0x20,0x6d,
    0x61,0x69,0x6e,0x5f,0x6f,0x75,0x74,0x20,0x7b,0x0a,0x20,0x20,0x70,0x6f,0x73,0x69,
    0x74,0x69,0x6f,0x6e,0x5f,0x31,0x20,0x3d,0x20,0x70,0x6f,0x73,0x69,0x74,0x69,0x6f,
    0x6e,0x5f,0x31,0x5f,0x70,0x61,0x72,0x61,0x6d,0x3b,0x0a,0x20,0x20,0x74,0x65,0x78,
    0x63,0x6f,0x6f,0x72,0x64,0x30,0x20,0x3d,0x20,0x74,0x65,0x78,0x63,0x6f,0x6f,0x72,
    0x64,0x30,0x5f,0x70,0x61,0x72,0x61,0x6d,0x3b,0x0a,0x20,0x20,0x63,0x6f,0x6c,0x6f,
    0x72,0x30,0x20,0x3d,0x20,0x63,0x6f,0x6c,0x6f,0x72,0x30,0x5f,0x70,0x61,0x72,0x61,
    0x6d,0x3b,0x0a,0x20,0x20,0x6d,0x61,0x69,0x6e,0x5f,0x31,0x28,0x29,0x3b,0x0a,0x20,
    0x20,0x72,0x65,0x74,0x75,0x72,0x6e,0x20,0x6d,0x61,0x69,0x6e,0x5f,0x6f,0x75,0x74,
    0x28,0x67,0x6c,0x5f,0x50,0x6f,0x73,0x69,0x74,0x69,0x6f,0x6e,0x2c,0x20,0x75,0x76,
    0x2c,0x20,0x74,0x69,0x6e,0x74,0x29,0x3b,0x0a,0x7d,0x0a,0x00,
};
#endif
/*
    diagnostic(off, derivative_uniformity);

    var<private> frag_color : vec4f;

    @binding(0) @group(1) var tex : texture_2d<f32>;

    @binding(32) @group(1) var smp : sampler;

    var<private> uv : vec2f;

    var<private> tint : vec4f;

    fn main_1() {
      let x_23 = uv;
      let x_24 = textureSample(tex, smp, x_23);
      frag_color = (x_24 * tint);
      return;
    }

    struct main_out {
      @location(0)
      frag_color_1 : vec4f,
    }

    @fragment
    fn main(@location(0) uv_param : vec2f, @location(1) tint_param : vec4f) -> main_out {
      uv = uv_param;
      tint = tint_param;
      main_1();
      return main_out(frag_color);
    }
*/
#if defined(SOKOL_WGPU)
static const uint8_t cna_sprite_fs_source_wgsl[580] = {
    0x64,0x69,0x61,0x67,0x6e,0x6f,0x73,0x74,0x69,0x63,0x28,0x6f,0x66,0x66,0x2c,0x20,
    0x64,0x65,0x72,0x69,0x76,0x61,0x74,0x69,0x76,0x65,0x5f,0x75,0x6e,0x69,0x66,0x6f,
    0x72,0x6d,0x69,0x74,0x79,0x29,0x3b,0x0a,0x0a,0x76,0x61,0x72,0x3c,0x70,0x72,0x69,
    0x76,0x61,0x74,0x65,0x3e,0x20,0x66,0x72,0x61,0x67,0x5f,0x63,0x6f,0x6c,0x6f,0x72,
    0x20,0x3a,0x20,0x76,0x65,0x63,0x34,0x66,0x3b,0x0a,0x0a,0x40,0x62,0x69,0x6e,0x64,
    0x69,0x6e,0x67,0x28,0x30,0x29,0x20,0x40,0x67,0x72,0x6f,0x75,0x70,0x28,0x31,0x29,
    0x20,0x76,0x61,0x72,0x20,0x74,0x65,0x78,0x20,0x3a,0x20,0x74,0x65,0x78,0x74,0x75,
    0x72,0x65,0x5f,0x32,0x64,0x3c,0x66,0x33,0x32,0x3e,0x3b,0x0a,0x0a,0x40,0x62,0x69,
    0x6e,0x64,0x69,0x6e,0x67,0x28,0x33,0x32,0x29,0x20,0x40,0x67,0x72,0x6f,0x75,0x70,
    0x28,0x31,0x29,0x20,0x76,0x61,0x72,0x20,0x73,0x6d,0x70,0x20,0x3a,0x20,0x73,0x61,
    0x6d,0x70,0x6c,0x65,0x72,0x3b,0x0a,0x0a,0x76,0x61,0x72,0x3c,0x70,0x72,0x69,0x76,
    0x61,0x74,0x65,0x3e,0x20,0x75,0x76,0x20,0x3a,0x20,0x76,0x65,0x63,0x32,0x66,0x3b,
    0x0a,0x0a,0x76,0x61,0x72,0x3c,0x70,0x72,0x69,0x76,0x61,0x74,0x65,0x3e,0x20,0x74,
    0x69,0x6e,0x74,0x20,0x3a,0x20,0x76,0x65,0x63,0x34,0x66,0x3b,0x0a,0x0a,0x66,0x6e,
    0x20,0x6d,0x61,0x69,0x6e,0x5f,0x31,0x28,0x29,0x20,0x7b,0x0a,0x20,0x20,0x6c,0x65,
    0x74,0x20,0x78,0x5f,0x32,0x33,0x20,0x3d,0x20,0x75,0x76,0x3b,0x0a,0x20,0x20,0x6c,
    0x65,0x74,0x20,0x78,0x5f,0x32,0x34,0x20,0x3d,0x20,0x74,0x65,0x78,0x74,0x75,0x72,
    0x65,0x53,0x61,0x6d,0x70,0x6c,0x65,0x28,0x74,0x65,0x78,0x2c,0x20,0x73,0x6d,0x70,
    0x2c,0x20,0x78,0x5f,0x32,0x33,0x29,0x3b,0x0a,0x20,0x20,0x66,0x72,0x61,0x67,0x5f,
    0x63,0x6f,0x6c,0x6f,0x72,0x20,0x3d,0x20,0x28,0x78,0x5f,0x32,0x34,0x20,0x2a,0x20,
    0x74,0x69,0x6e,0x74,0x29,0x3b,0x0a,0x20,0x20,0x72,0x65,0x74,0x75,0x72,0x6e,0x3b,
    0x0a,0x7d,0x0a,0x0a,0x73,0x74,0x72,0x75,0x63,0x74,0x20,0x6d,0x61,0x69,0x6e,0x5f,
    0x6f,0x75,0x74,0x20,0x7b,0x0a,0x20,0x20,0x40,0x6c,0x6f,0x63,0x61,0x74,0x69,0x6f,
    0x6e,0x28,0x30,0x29,0x0a,0x20,0x20,0x66,0x72,0x61,0x67,0x5f,0x63,0x6f,0x6c,0x6f,
    0x72,0x5f,0x31,0x20,0x3a,0x20,0x76,0x65,0x63,0x34,0x66,0x2c,0x0a,0x7d,0x0a,0x0a,
    0x40,0x66,0x72,0x61,0x67,0x6d,0x65,0x6e,0x74,0x0a,0x66,0x6e,0x20,0x6d,0x61,0x69,
    0x6e,0x28,0x40,0x6c,0x6f,0x63,0x61,0x74,0x69,0x6f,0x6e,0x28,0x30,0x29,0x20,0x75,
    0x76,0x5f,0x70,0x61,0x72,0x61,0x6d,0x20,0x3a,0x20,0x76,0x65,0x63,0x32,0x66,0x2c,
    0x20,0x40,0x6c,0x6f,0x63,0x61,0x74,0x69,0x6f,0x6e,0x28,0x31,0x29,0x20,0x74,0x69,
    0x6e,0x74,0x5f,0x70,0x61,0x72,0x61,0x6d,0x20,0x3a,0x20,0x76,0x65,0x63,0x34,0x66,
    0x29,0x20,0x2d,0x3e,0x20,0x6d,0x61,0x69,0x6e,0x5f,0x6f,0x75,0x74,0x20,0x7b,0x0a,
    0x20,0x20,0x75,0x76,0x20,0x3d,0x20,0x75,0x76,0x5f,0x70,0x61,0x72,0x61,0x6d,0x3b,
    0x0a,0x20,0x20,0x74,0x69,0x6e,0x74,0x20,0x3d,0x20,0x74,0x69,0x6e,0x74,0x5f,0x70,
    0x61,0x72,0x61,0x6d,0x3b,0x0a,0x20,0x20,0x6d,0x61,0x69,0x6e,0x5f,0x31,0x28,0x29,
    0x3b,0x0a,0x20,0x20,0x72,0x65,0x74,0x75,0x72,0x6e,0x20,0x6d,0x61,0x69,0x6e,0x5f,
    0x6f,0x75,0x74,0x28,0x66,0x72,0x61,0x67,0x5f,0x63,0x6f,0x6c,0x6f,0x72,0x29,0x3b,
    0x0a,0x7d,0x0a,0x00,
};
#endif
const sg_shader_desc* cna_sprite_shader_desc(sg_backend backend) {
    #if defined(SOKOL_GLCORE)
    if (backend == SG_BACKEND_GLCORE) {
        static sg_shader_desc desc;
        static bool valid;
        if (!valid) {
            valid = true;
            desc.vertex_func.source = (const char*)cna_sprite_vs_source_glsl410;
            desc.vertex_func.entry = "main";
            desc.fragment_func.source = (const char*)cna_sprite_fs_source_glsl410;
            desc.fragment_func.entry = "main";
            desc.attrs[0].base_type = SG_SHADERATTRBASETYPE_FLOAT;
            desc.attrs[0].glsl_name = "position";
            desc.attrs[1].base_type = SG_SHADERATTRBASETYPE_FLOAT;
            desc.attrs[1].glsl_name = "texcoord0";
            desc.attrs[2].base_type = SG_SHADERATTRBASETYPE_FLOAT;
            desc.attrs[2].glsl_name = "color0";
            desc.uniform_blocks[0].stage = SG_SHADERSTAGE_VERTEX;
            desc.uniform_blocks[0].layout = SG_UNIFORMLAYOUT_STD140;
            desc.uniform_blocks[0].size = 64;
            desc.uniform_blocks[0].glsl_uniforms[0].type = SG_UNIFORMTYPE_FLOAT4;
            desc.uniform_blocks[0].glsl_uniforms[0].array_count = 4;
            desc.uniform_blocks[0].glsl_uniforms[0].glsl_name = "sprite_vs_params";
            desc.views[0].texture.stage = SG_SHADERSTAGE_FRAGMENT;
            desc.views[0].texture.image_type = SG_IMAGETYPE_2D;
            desc.views[0].texture.sample_type = SG_IMAGESAMPLETYPE_FLOAT;
            desc.views[0].texture.multisampled = false;
            desc.samplers[0].stage = SG_SHADERSTAGE_FRAGMENT;
            desc.samplers[0].sampler_type = SG_SAMPLERTYPE_FILTERING;
            desc.texture_sampler_pairs[0].stage = SG_SHADERSTAGE_FRAGMENT;
            desc.texture_sampler_pairs[0].view_slot = 0;
            desc.texture_sampler_pairs[0].sampler_slot = 0;
            desc.texture_sampler_pairs[0].glsl_name = "tex_smp";
            desc.label = "cna_sprite_shader";
        }
        return &desc;
    }
    #endif /* SOKOL_GLCORE */
    #if defined(SOKOL_GLES3)
    if (backend == SG_BACKEND_GLES3) {
        static sg_shader_desc desc;
        static bool valid;
        if (!valid) {
            valid = true;
            desc.vertex_func.source = (const char*)cna_sprite_vs_source_glsl300es;
            desc.vertex_func.entry = "main";
            desc.fragment_func.source = (const char*)cna_sprite_fs_source_glsl300es;
            desc.fragment_func.entry = "main";
            desc.attrs[0].base_type = SG_SHADERATTRBASETYPE_FLOAT;
            desc.attrs[0].glsl_name = "position";
            desc.attrs[1].base_type = SG_SHADERATTRBASETYPE_FLOAT;
            desc.attrs[1].glsl_name = "texcoord0";
            desc.attrs[2].base_type = SG_SHADERATTRBASETYPE_FLOAT;
            desc.attrs[2].glsl_name = "color0";
            desc.uniform_blocks[0].stage = SG_SHADERSTAGE_VERTEX;
            desc.uniform_blocks[0].layout = SG_UNIFORMLAYOUT_STD140;
            desc.uniform_blocks[0].size = 64;
            desc.uniform_blocks[0].glsl_uniforms[0].type = SG_UNIFORMTYPE_FLOAT4;
            desc.uniform_blocks[0].glsl_uniforms[0].array_count = 4;
            desc.uniform_blocks[0].glsl_uniforms[0].glsl_name = "sprite_vs_params";
            desc.views[0].texture.stage = SG_SHADERSTAGE_FRAGMENT;
            desc.views[0].texture.image_type = SG_IMAGETYPE_2D;
            desc.views[0].texture.sample_type = SG_IMAGESAMPLETYPE_FLOAT;
            desc.views[0].texture.multisampled = false;
            desc.samplers[0].stage = SG_SHADERSTAGE_FRAGMENT;
            desc.samplers[0].sampler_type = SG_SAMPLERTYPE_FILTERING;
            desc.texture_sampler_pairs[0].stage = SG_SHADERSTAGE_FRAGMENT;
            desc.texture_sampler_pairs[0].view_slot = 0;
            desc.texture_sampler_pairs[0].sampler_slot = 0;
            desc.texture_sampler_pairs[0].glsl_name = "tex_smp";
            desc.label = "cna_sprite_shader";
        }
        return &desc;
    }
    #endif /* SOKOL_GLES3 */
    #if defined(SOKOL_D3D11)
    if (backend == SG_BACKEND_D3D11) {
        static sg_shader_desc desc;
        static bool valid;
        if (!valid) {
            valid = true;
            desc.vertex_func.source = (const char*)cna_sprite_vs_source_hlsl5;
            desc.vertex_func.d3d11_target = "vs_5_0";
            desc.vertex_func.entry = "main";
            desc.fragment_func.source = (const char*)cna_sprite_fs_source_hlsl5;
            desc.fragment_func.d3d11_target = "ps_5_0";
            desc.fragment_func.entry = "main";
            desc.attrs[0].base_type = SG_SHADERATTRBASETYPE_FLOAT;
            desc.attrs[0].hlsl_sem_name = "TEXCOORD";
            desc.attrs[0].hlsl_sem_index = 0;
            desc.attrs[1].base_type = SG_SHADERATTRBASETYPE_FLOAT;
            desc.attrs[1].hlsl_sem_name = "TEXCOORD";
            desc.attrs[1].hlsl_sem_index = 1;
            desc.attrs[2].base_type = SG_SHADERATTRBASETYPE_FLOAT;
            desc.attrs[2].hlsl_sem_name = "TEXCOORD";
            desc.attrs[2].hlsl_sem_index = 2;
            desc.uniform_blocks[0].stage = SG_SHADERSTAGE_VERTEX;
            desc.uniform_blocks[0].layout = SG_UNIFORMLAYOUT_STD140;
            desc.uniform_blocks[0].size = 64;
            desc.uniform_blocks[0].hlsl_register_b_n = 0;
            desc.views[0].texture.stage = SG_SHADERSTAGE_FRAGMENT;
            desc.views[0].texture.image_type = SG_IMAGETYPE_2D;
            desc.views[0].texture.sample_type = SG_IMAGESAMPLETYPE_FLOAT;
            desc.views[0].texture.multisampled = false;
            desc.views[0].texture.hlsl_register_t_n = 0;
            desc.samplers[0].stage = SG_SHADERSTAGE_FRAGMENT;
            desc.samplers[0].sampler_type = SG_SAMPLERTYPE_FILTERING;
            desc.samplers[0].hlsl_register_s_n = 0;
            desc.texture_sampler_pairs[0].stage = SG_SHADERSTAGE_FRAGMENT;
            desc.texture_sampler_pairs[0].view_slot = 0;
            desc.texture_sampler_pairs[0].sampler_slot = 0;
            desc.label = "cna_sprite_shader";
        }
        return &desc;
    }
    #endif /* SOKOL_D3D11 */
    #if defined(SOKOL_METAL)
    if (backend == SG_BACKEND_METAL_MACOS) {
        static sg_shader_desc desc;
        static bool valid;
        if (!valid) {
            valid = true;
            desc.vertex_func.source = (const char*)cna_sprite_vs_source_metal_macos;
            desc.vertex_func.entry = "main0";
            desc.fragment_func.source = (const char*)cna_sprite_fs_source_metal_macos;
            desc.fragment_func.entry = "main0";
            desc.attrs[0].base_type = SG_SHADERATTRBASETYPE_FLOAT;
            desc.attrs[1].base_type = SG_SHADERATTRBASETYPE_FLOAT;
            desc.attrs[2].base_type = SG_SHADERATTRBASETYPE_FLOAT;
            desc.uniform_blocks[0].stage = SG_SHADERSTAGE_VERTEX;
            desc.uniform_blocks[0].layout = SG_UNIFORMLAYOUT_STD140;
            desc.uniform_blocks[0].size = 64;
            desc.uniform_blocks[0].msl_buffer_n = 0;
            desc.views[0].texture.stage = SG_SHADERSTAGE_FRAGMENT;
            desc.views[0].texture.image_type = SG_IMAGETYPE_2D;
            desc.views[0].texture.sample_type = SG_IMAGESAMPLETYPE_FLOAT;
            desc.views[0].texture.multisampled = false;
            desc.views[0].texture.msl_texture_n = 0;
            desc.samplers[0].stage = SG_SHADERSTAGE_FRAGMENT;
            desc.samplers[0].sampler_type = SG_SAMPLERTYPE_FILTERING;
            desc.samplers[0].msl_sampler_n = 0;
            desc.texture_sampler_pairs[0].stage = SG_SHADERSTAGE_FRAGMENT;
            desc.texture_sampler_pairs[0].view_slot = 0;
            desc.texture_sampler_pairs[0].sampler_slot = 0;
            desc.label = "cna_sprite_shader";
        }
        return &desc;
    }
    #endif /* SOKOL_METAL */
    #if defined(SOKOL_WGPU)
    if (backend == SG_BACKEND_WGPU) {
        static sg_shader_desc desc;
        static bool valid;
        if (!valid) {
            valid = true;
            desc.vertex_func.source = (const char*)cna_sprite_vs_source_wgsl;
            desc.vertex_func.entry = "main";
            desc.fragment_func.source = (const char*)cna_sprite_fs_source_wgsl;
            desc.fragment_func.entry = "main";
            desc.attrs[0].base_type = SG_SHADERATTRBASETYPE_FLOAT;
            desc.attrs[1].base_type = SG_SHADERATTRBASETYPE_FLOAT;
            desc.attrs[2].base_type = SG_SHADERATTRBASETYPE_FLOAT;
            desc.uniform_blocks[0].stage = SG_SHADERSTAGE_VERTEX;
            desc.uniform_blocks[0].layout = SG_UNIFORMLAYOUT_STD140;
            desc.uniform_blocks[0].size = 64;
            desc.uniform_blocks[0].wgsl_group0_binding_n = 0;
            desc.views[0].texture.stage = SG_SHADERSTAGE_FRAGMENT;
            desc.views[0].texture.image_type = SG_IMAGETYPE_2D;
            desc.views[0].texture.sample_type = SG_IMAGESAMPLETYPE_FLOAT;
            desc.views[0].texture.multisampled = false;
            desc.views[0].texture.wgsl_group1_binding_n = 0;
            desc.samplers[0].stage = SG_SHADERSTAGE_FRAGMENT;
            desc.samplers[0].sampler_type = SG_SAMPLERTYPE_FILTERING;
            desc.samplers[0].wgsl_group1_binding_n = 32;
            desc.texture_sampler_pairs[0].stage = SG_SHADERSTAGE_FRAGMENT;
            desc.texture_sampler_pairs[0].view_slot = 0;
            desc.texture_sampler_pairs[0].sampler_slot = 0;
            desc.label = "cna_sprite_shader";
        }
        return &desc;
    }
    #endif /* SOKOL_WGPU */
    return 0;
}
#endif // SOKOL_SHDC_IMPL
/*
    #version:1# (machine generated, don't edit!)

    Generated by sokol-shdc (https://github.com/floooh/sokol-tools)

    Overview:
    =========
    Shader program: 'colored3d':
        Get shader desc: cna_colored3d_shader_desc(sg_query_backend());
        Vertex Shader: colored3d_vs
        Fragment Shader: colored3d_fs
        Attributes:
            ATTR_cna_colored3d_position => 0
            ATTR_cna_colored3d_color0 => 1
    Bindings:
        Uniform block 'colored3d_vs_params':
            C struct: cna_colored3d_vs_params_t
            Bind slot: UB_cna_colored3d_vs_params => 0
*/
#if !defined(SOKOL_GFX_INCLUDED)
#error "Please include sokol_gfx.h before colored3d.h"
#endif
#if !defined(SOKOL_SHDC_ALIGN)
#if defined(_MSC_VER)
#define SOKOL_SHDC_ALIGN(a) __declspec(align(a))
#else
#define SOKOL_SHDC_ALIGN(a) __attribute__((aligned(a)))
#endif
#endif
const sg_shader_desc* cna_colored3d_shader_desc(sg_backend backend);
#define ATTR_cna_colored3d_position (0)
#define ATTR_cna_colored3d_color0 (1)
#define UB_cna_colored3d_vs_params (0)
#pragma pack(push,1)
SOKOL_SHDC_ALIGN(16) typedef struct cna_colored3d_vs_params_t {
    float mvp[16];
    float diffuse[4];
    float flags[4];
} cna_colored3d_vs_params_t;
#pragma pack(pop)
#if defined(SOKOL_SHDC_IMPL)
/*
    #version 410

    uniform vec4 colored3d_vs_params[6];
    layout(location = 0) in vec3 position;
    layout(location = 0) out vec4 tint;
    layout(location = 1) in vec4 color0;

    void main()
    {
        gl_Position = mat4(colored3d_vs_params[0], colored3d_vs_params[1], colored3d_vs_params[2], colored3d_vs_params[3]) * vec4(position, 1.0);
        tint = mix(vec4(1.0), color0, vec4(colored3d_vs_params[5].x)) * colored3d_vs_params[4];
    }

*/
#if defined(SOKOL_GLCORE)
static const uint8_t cna_colored3d_vs_source_glsl410[416] = {
    0x23,0x76,0x65,0x72,0x73,0x69,0x6f,0x6e,0x20,0x34,0x31,0x30,0x0a,0x0a,0x75,0x6e,
    0x69,0x66,0x6f,0x72,0x6d,0x20,0x76,0x65,0x63,0x34,0x20,0x63,0x6f,0x6c,0x6f,0x72,
    0x65,0x64,0x33,0x64,0x5f,0x76,0x73,0x5f,0x70,0x61,0x72,0x61,0x6d,0x73,0x5b,0x36,
    0x5d,0x3b,0x0a,0x6c,0x61,0x79,0x6f,0x75,0x74,0x28,0x6c,0x6f,0x63,0x61,0x74,0x69,
    0x6f,0x6e,0x20,0x3d,0x20,0x30,0x29,0x20,0x69,0x6e,0x20,0x76,0x65,0x63,0x33,0x20,
    0x70,0x6f,0x73,0x69,0x74,0x69,0x6f,0x6e,0x3b,0x0a,0x6c,0x61,0x79,0x6f,0x75,0x74,
    0x28,0x6c,0x6f,0x63,0x61,0x74,0x69,0x6f,0x6e,0x20,0x3d,0x20,0x30,0x29,0x20,0x6f,
    0x75,0x74,0x20,0x76,0x65,0x63,0x34,0x20,0x74,0x69,0x6e,0x74,0x3b,0x0a,0x6c,0x61,
    0x79,0x6f,0x75,0x74,0x28,0x6c,0x6f,0x63,0x61,0x74,0x69,0x6f,0x6e,0x20,0x3d,0x20,
    0x31,0x29,0x20,0x69,0x6e,0x20,0x76,0x65,0x63,0x34,0x20,0x63,0x6f,0x6c,0x6f,0x72,
    0x30,0x3b,0x0a,0x0a,0x76,0x6f,0x69,0x64,0x20,0x6d,0x61,0x69,0x6e,0x28,0x29,0x0a,
    0x7b,0x0a,0x20,0x20,0x20,0x20,0x67,0x6c,0x5f,0x50,0x6f,0x73,0x69,0x74,0x69,0x6f,
    0x6e,0x20,0x3d,0x20,0x6d,0x61,0x74,0x34,0x28,0x63,0x6f,0x6c,0x6f,0x72,0x65,0x64,
    0x33,0x64,0x5f,0x76,0x73,0x5f,0x70,0x61,0x72,0x61,0x6d,0x73,0x5b,0x30,0x5d,0x2c,
    0x20,0x63,0x6f,0x6c,0x6f,0x72,0x65,0x64,0x33,0x64,0x5f,0x76,0x73,0x5f,0x70,0x61,
    0x72,0x61,0x6d,0x73,0x5b,0x31,0x5d,0x2c,0x20,0x63,0x6f,0x6c,0x6f,0x72,0x65,0x64,
    0x33,0x64,0x5f,0x76,0x73,0x5f,0x70,0x61,0x72,0x61,0x6d,0x73,0x5b,0x32,0x5d,0x2c,
    0x20,0x63,0x6f,0x6c,0x6f,0x72,0x65,0x64,0x33,0x64,0x5f,0x76,0x73,0x5f,0x70,0x61,
    0x72,0x61,0x6d,0x73,0x5b,0x33,0x5d,0x29,0x20,0x2a,0x20,0x76,0x65,0x63,0x34,0x28,
    0x70,0x6f,0x73,0x69,0x74,0x69,0x6f,0x6e,0x2c,0x20,0x31,0x2e,0x30,0x29,0x3b,0x0a,
    0x20,0x20,0x20,0x20,0x74,0x69,0x6e,0x74,0x20,0x3d,0x20,0x6d,0x69,0x78,0x28,0x76,
    0x65,0x63,0x34,0x28,0x31,0x2e,0x30,0x29,0x2c,0x20,0x63,0x6f,0x6c,0x6f,0x72,0x30,
    0x2c,0x20,0x76,0x65,0x63,0x34,0x28,0x63,0x6f,0x6c,0x6f,0x72,0x65,0x64,0x33,0x64,
    0x5f,0x76,0x73,0x5f,0x70,0x61,0x72,0x61,0x6d,0x73,0x5b,0x35,0x5d,0x2e,0x78,0x29,
    0x29,0x20,0x2a,0x20,0x63,0x6f,0x6c,0x6f,0x72,0x65,0x64,0x33,0x64,0x5f,0x76,0x73,
    0x5f,0x70,0x61,0x72,0x61,0x6d,0x73,0x5b,0x34,0x5d,0x3b,0x0a,0x7d,0x0a,0x0a,0x00,

};
#endif
/*
    #version 410

    layout(location = 0) out vec4 frag_color;
    layout(location = 0) in vec4 tint;

    void main()
    {
        frag_color = tint;
    }

*/
#if defined(SOKOL_GLCORE)
static const uint8_t cna_colored3d_fs_source_glsl410[133] = {
    0x23,0x76,0x65,0x72,0x73,0x69,0x6f,0x6e,0x20,0x34,0x31,0x30,0x0a,0x0a,0x6c,0x61,
    0x79,0x6f,0x75,0x74,0x28,0x6c,0x6f,0x63,0x61,0x74,0x69,0x6f,0x6e,0x20,0x3d,0x20,
    0x30,0x29,0x20,0x6f,0x75,0x74,0x20,0x76,0x65,0x63,0x34,0x20,0x66,0x72,0x61,0x67,
    0x5f,0x63,0x6f,0x6c,0x6f,0x72,0x3b,0x0a,0x6c,0x61,0x79,0x6f,0x75,0x74,0x28,0x6c,
    0x6f,0x63,0x61,0x74,0x69,0x6f,0x6e,0x20,0x3d,0x20,0x30,0x29,0x20,0x69,0x6e,0x20,
    0x76,0x65,0x63,0x34,0x20,0x74,0x69,0x6e,0x74,0x3b,0x0a,0x0a,0x76,0x6f,0x69,0x64,
    0x20,0x6d,0x61,0x69,0x6e,0x28,0x29,0x0a,0x7b,0x0a,0x20,0x20,0x20,0x20,0x66,0x72,
    0x61,0x67,0x5f,0x63,0x6f,0x6c,0x6f,0x72,0x20,0x3d,0x20,0x74,0x69,0x6e,0x74,0x3b,
    0x0a,0x7d,0x0a,0x0a,0x00,
};
#endif
/*
    #version 300 es

    uniform vec4 colored3d_vs_params[6];
    layout(location = 0) in vec3 position;
    out vec4 tint;
    layout(location = 1) in vec4 color0;

    void main()
    {
        gl_Position = mat4(colored3d_vs_params[0], colored3d_vs_params[1], colored3d_vs_params[2], colored3d_vs_params[3]) * vec4(position, 1.0);
        tint = mix(vec4(1.0), color0, vec4(colored3d_vs_params[5].x)) * colored3d_vs_params[4];
    }

*/
#if defined(SOKOL_GLES3)
static const uint8_t cna_colored3d_vs_source_glsl300es[398] = {
    0x23,0x76,0x65,0x72,0x73,0x69,0x6f,0x6e,0x20,0x33,0x30,0x30,0x20,0x65,0x73,0x0a,
    0x0a,0x75,0x6e,0x69,0x66,0x6f,0x72,0x6d,0x20,0x76,0x65,0x63,0x34,0x20,0x63,0x6f,
    0x6c,0x6f,0x72,0x65,0x64,0x33,0x64,0x5f,0x76,0x73,0x5f,0x70,0x61,0x72,0x61,0x6d,
    0x73,0x5b,0x36,0x5d,0x3b,0x0a,0x6c,0x61,0x79,0x6f,0x75,0x74,0x28,0x6c,0x6f,0x63,
    0x61,0x74,0x69,0x6f,0x6e,0x20,0x3d,0x20,0x30,0x29,0x20,0x69,0x6e,0x20,0x76,0x65,
    0x63,0x33,0x20,0x70,0x6f,0x73,0x69,0x74,0x69,0x6f,0x6e,0x3b,0x0a,0x6f,0x75,0x74,
    0x20,0x76,0x65,0x63,0x34,0x20,0x74,0x69,0x6e,0x74,0x3b,0x0a,0x6c,0x61,0x79,0x6f,
    0x75,0x74,0x28,0x6c,0x6f,0x63,0x61,0x74,0x69,0x6f,0x6e,0x20,0x3d,0x20,0x31,0x29,
    0x20,0x69,0x6e,0x20,0x76,0x65,0x63,0x34,0x20,0x63,0x6f,0x6c,0x6f,0x72,0x30,0x3b,
    0x0a,0x0a,0x76,0x6f,0x69,0x64,0x20,0x6d,0x61,0x69,0x6e,0x28,0x29,0x0a,0x7b,0x0a,
    0x20,0x20,0x20,0x20,0x67,0x6c,0x5f,0x50,0x6f,0x73,0x69,0x74,0x69,0x6f,0x6e,0x20,
    0x3d,0x20,0x6d,0x61,0x74,0x34,0x28,0x63,0x6f,0x6c,0x6f,0x72,0x65,0x64,0x33,0x64,
    0x5f,0x76,0x73,0x5f,0x70,0x61,0x72,0x61,0x6d,0x73,0x5b,0x30,0x5d,0x2c,0x20,0x63,
    0x6f,0x6c,0x6f,0x72,0x65,0x64,0x33,0x64,0x5f,0x76,0x73,0x5f,0x70,0x61,0x72,0x61,
    0x6d,0x73,0x5b,0x31,0x5d,0x2c,0x20,0x63,0x6f,0x6c,0x6f,0x72,0x65,0x64,0x33,0x64,
    0x5f,0x76,0x73,0x5f,0x70,0x61,0x72,0x61,0x6d,0x73,0x5b,0x32,0x5d,0x2c,0x20,0x63,
    0x6f,0x6c,0x6f,0x72,0x65,0x64,0x33,0x64,0x5f,0x76,0x73,0x5f,0x70,0x61,0x72,0x61,
    0x6d,0x73,0x5b,0x33,0x5d,0x29,0x20,0x2a,0x20,0x76,0x65,0x63,0x34,0x28,0x70,0x6f,
    0x73,0x69,0x74,0x69,0x6f,0x6e,0x2c,0x20,0x31,0x2e,0x30,0x29,0x3b,0x0a,0x20,0x20,
    0x20,0x20,0x74,0x69,0x6e,0x74,0x20,0x3d,0x20,0x6d,0x69,0x78,0x28,0x76,0x65,0x63,
    0x34,0x28,0x31,0x2e,0x30,0x29,0x2c,0x20,0x63,0x6f,0x6c,0x6f,0x72,0x30,0x2c,0x20,
    0x76,0x65,0x63,0x34,0x28,0x63,0x6f,0x6c,0x6f,0x72,0x65,0x64,0x33,0x64,0x5f,0x76,
    0x73,0x5f,0x70,0x61,0x72,0x61,0x6d,0x73,0x5b,0x35,0x5d,0x2e,0x78,0x29,0x29,0x20,
    0x2a,0x20,0x63,0x6f,0x6c,0x6f,0x72,0x65,0x64,0x33,0x64,0x5f,0x76,0x73,0x5f,0x70,
    0x61,0x72,0x61,0x6d,0x73,0x5b,0x34,0x5d,0x3b,0x0a,0x7d,0x0a,0x0a,0x00,
};
#endif
/*
    #version 300 es
    precision mediump float;
    precision highp int;

    layout(location = 0) out highp vec4 frag_color;
    in highp vec4 tint;

    void main()
    {
        frag_color = tint;
    }

*/
#if defined(SOKOL_GLES3)
static const uint8_t cna_colored3d_fs_source_glsl300es[173] = {
    0x23,0x76,0x65,0x72,0x73,0x69,0x6f,0x6e,0x20,0x33,0x30,0x30,0x20,0x65,0x73,0x0a,
    0x70,0x72,0x65,0x63,0x69,0x73,0x69,0x6f,0x6e,0x20,0x6d,0x65,0x64,0x69,0x75,0x6d,
    0x70,0x20,0x66,0x6c,0x6f,0x61,0x74,0x3b,0x0a,0x70,0x72,0x65,0x63,0x69,0x73,0x69,
    0x6f,0x6e,0x20,0x68,0x69,0x67,0x68,0x70,0x20,0x69,0x6e,0x74,0x3b,0x0a,0x0a,0x6c,
    0x61,0x79,0x6f,0x75,0x74,0x28,0x6c,0x6f,0x63,0x61,0x74,0x69,0x6f,0x6e,0x20,0x3d,
    0x20,0x30,0x29,0x20,0x6f,0x75,0x74,0x20,0x68,0x69,0x67,0x68,0x70,0x20,0x76,0x65,
    0x63,0x34,0x20,0x66,0x72,0x61,0x67,0x5f,0x63,0x6f,0x6c,0x6f,0x72,0x3b,0x0a,0x69,
    0x6e,0x20,0x68,0x69,0x67,0x68,0x70,0x20,0x76,0x65,0x63,0x34,0x20,0x74,0x69,0x6e,
    0x74,0x3b,0x0a,0x0a,0x76,0x6f,0x69,0x64,0x20,0x6d,0x61,0x69,0x6e,0x28,0x29,0x0a,
    0x7b,0x0a,0x20,0x20,0x20,0x20,0x66,0x72,0x61,0x67,0x5f,0x63,0x6f,0x6c,0x6f,0x72,
    0x20,0x3d,0x20,0x74,0x69,0x6e,0x74,0x3b,0x0a,0x7d,0x0a,0x0a,0x00,
};
#endif
/*
    cbuffer colored3d_vs_params : register(b0)
    {
        row_major float4x4 _19_mvp : packoffset(c0);
        float4 _19_diffuse : packoffset(c4);
        float4 _19_flags : packoffset(c5);
    };


    static float4 gl_Position;
    static float3 position;
    static float4 tint;
    static float4 color0;

    struct SPIRV_Cross_Input
    {
        float3 position : TEXCOORD0;
        float4 color0 : TEXCOORD1;
    };

    struct SPIRV_Cross_Output
    {
        float4 tint : TEXCOORD0;
        float4 gl_Position : SV_Position;
    };

    void vert_main()
    {
        gl_Position = mul(float4(position, 1.0f), _19_mvp);
        tint = lerp(1.0f.xxxx, color0, _19_flags.x.xxxx) * _19_diffuse;
    }

    SPIRV_Cross_Output main(SPIRV_Cross_Input stage_input)
    {
        position = stage_input.position;
        color0 = stage_input.color0;
        vert_main();
        SPIRV_Cross_Output stage_output;
        stage_output.gl_Position = gl_Position;
        stage_output.tint = tint;
        return stage_output;
    }
*/
#if defined(SOKOL_D3D11)
static const uint8_t cna_colored3d_vs_source_hlsl5[896] = {
    0x63,0x62,0x75,0x66,0x66,0x65,0x72,0x20,0x63,0x6f,0x6c,0x6f,0x72,0x65,0x64,0x33,
    0x64,0x5f,0x76,0x73,0x5f,0x70,0x61,0x72,0x61,0x6d,0x73,0x20,0x3a,0x20,0x72,0x65,
    0x67,0x69,0x73,0x74,0x65,0x72,0x28,0x62,0x30,0x29,0x0a,0x7b,0x0a,0x20,0x20,0x20,
    0x20,0x72,0x6f,0x77,0x5f,0x6d,0x61,0x6a,0x6f,0x72,0x20,0x66,0x6c,0x6f,0x61,0x74,
    0x34,0x78,0x34,0x20,0x5f,0x31,0x39,0x5f,0x6d,0x76,0x70,0x20,0x3a,0x20,0x70,0x61,
    0x63,0x6b,0x6f,0x66,0x66,0x73,0x65,0x74,0x28,0x63,0x30,0x29,0x3b,0x0a,0x20,0x20,
    0x20,0x20,0x66,0x6c,0x6f,0x61,0x74,0x34,0x20,0x5f,0x31,0x39,0x5f,0x64,0x69,0x66,
    0x66,0x75,0x73,0x65,0x20,0x3a,0x20,0x70,0x61,0x63,0x6b,0x6f,0x66,0x66,0x73,0x65,
    0x74,0x28,0x63,0x34,0x29,0x3b,0x0a,0x20,0x20,0x20,0x20,0x66,0x6c,0x6f,0x61,0x74,
    0x34,0x20,0x5f,0x31,0x39,0x5f,0x66,0x6c,0x61,0x67,0x73,0x20,0x3a,0x20,0x70,0x61,
    0x63,0x6b,0x6f,0x66,0x66,0x73,0x65,0x74,0x28,0x63,0x35,0x29,0x3b,0x0a,0x7d,0x3b,
    0x0a,0x0a,0x0a,0x73,0x74,0x61,0x74,0x69,0x63,0x20,0x66,0x6c,0x6f,0x61,0x74,0x34,
    0x20,0x67,0x6c,0x5f,0x50,0x6f,0x73,0x69,0x74,0x69,0x6f,0x6e,0x3b,0x0a,0x73,0x74,
    0x61,0x74,0x69,0x63,0x20,0x66,0x6c,0x6f,0x61,0x74,0x33,0x20,0x70,0x6f,0x73,0x69,
    0x74,0x69,0x6f,0x6e,0x3b,0x0a,0x73,0x74,0x61,0x74,0x69,0x63,0x20,0x66,0x6c,0x6f,
    0x61,0x74,0x34,0x20,0x74,0x69,0x6e,0x74,0x3b,0x0a,0x73,0x74,0x61,0x74,0x69,0x63,
    0x20,0x66,0x6c,0x6f,0x61,0x74,0x34,0x20,0x63,0x6f,0x6c,0x6f,0x72,0x30,0x3b,0x0a,
    0x0a,0x73,0x74,0x72,0x75,0x63,0x74,0x20,0x53,0x50,0x49,0x52,0x56,0x5f,0x43,0x72,
    0x6f,0x73,0x73,0x5f,0x49,0x6e,0x70,0x75,0x74,0x0a,0x7b,0x0a,0x20,0x20,0x20,0x20,
    0x66,0x6c,0x6f,0x61,0x74,0x33,0x20,0x70,0x6f,0x73,0x69,0x74,0x69,0x6f,0x6e,0x20,
    0x3a,0x20,0x54,0x45,0x58,0x43,0x4f,0x4f,0x52,0x44,0x30,0x3b,0x0a,0x20,0x20,0x20,
    0x20,0x66,0x6c,0x6f,0x61,0x74,0x34,0x20,0x63,0x6f,0x6c,0x6f,0x72,0x30,0x20,0x3a,
    0x20,0x54,0x45,0x58,0x43,0x4f,0x4f,0x52,0x44,0x31,0x3b,0x0a,0x7d,0x3b,0x0a,0x0a,
    0x73,0x74,0x72,0x75,0x63,0x74,0x20,0x53,0x50,0x49,0x52,0x56,0x5f,0x43,0x72,0x6f,
    0x73,0x73,0x5f,0x4f,0x75,0x74,0x70,0x75,0x74,0x0a,0x7b,0x0a,0x20,0x20,0x20,0x20,
    0x66,0x6c,0x6f,0x61,0x74,0x34,0x20,0x74,0x69,0x6e,0x74,0x20,0x3a,0x20,0x54,0x45,
    0x58,0x43,0x4f,0x4f,0x52,0x44,0x30,0x3b,0x0a,0x20,0x20,0x20,0x20,0x66,0x6c,0x6f,
    0x61,0x74,0x34,0x20,0x67,0x6c,0x5f,0x50,0x6f,0x73,0x69,0x74,0x69,0x6f,0x6e,0x20,
    0x3a,0x20,0x53,0x56,0x5f,0x50,0x6f,0x73,0x69,0x74,0x69,0x6f,0x6e,0x3b,0x0a,0x7d,
    0x3b,0x0a,0x0a,0x76,0x6f,0x69,0x64,0x20,0x76,0x65,0x72,0x74,0x5f,0x6d,0x61,0x69,
    0x6e,0x28,0x29,0x0a,0x7b,0x0a,0x20,0x20,0x20,0x20,0x67,0x6c,0x5f,0x50,0x6f,0x73,
    0x69,0x74,0x69,0x6f,0x6e,0x20,0x3d,0x20,0x6d,0x75,0x6c,0x28,0x66,0x6c,0x6f,0x61,
    0x74,0x34,0x28,0x70,0x6f,0x73,0x69,0x74,0x69,0x6f,0x6e,0x2c,0x20,0x31,0x2e,0x30,
    0x66,0x29,0x2c,0x20,0x5f,0x31,0x39,0x5f,0x6d,0x76,0x70,0x29,0x3b,0x0a,0x20,0x20,
    0x20,0x20,0x74,0x69,0x6e,0x74,0x20,0x3d,0x20,0x6c,0x65,0x72,0x70,0x28,0x31,0x2e,
    0x30,0x66,0x2e,0x78,0x78,0x78,0x78,0x2c,0x20,0x63,0x6f,0x6c,0x6f,0x72,0x30,0x2c,
    0x20,0x5f,0x31,0x39,0x5f,0x66,0x6c,0x61,0x67,0x73,0x2e,0x78,0x2e,0x78,0x78,0x78,
    0x78,0x29,0x20,0x2a,0x20,0x5f,0x31,0x39,0x5f,0x64,0x69,0x66,0x66,0x75,0x73,0x65,
    0x3b,0x0a,0x7d,0x0a,0x0a,0x53,0x50,0x49,0x52,0x56,0x5f,0x43,0x72,0x6f,0x73,0x73,
    0x5f,0x4f,0x75,0x74,0x70,0x75,0x74,0x20,0x6d,0x61,0x69,0x6e,0x28,0x53,0x50,0x49,
    0x52,0x56,0x5f,0x43,0x72,0x6f,0x73,0x73,0x5f,0x49,0x6e,0x70,0x75,0x74,0x20,0x73,
    0x74,0x61,0x67,0x65,0x5f,0x69,0x6e,0x70,0x75,0x74,0x29,0x0a,0x7b,0x0a,0x20,0x20,
    0x20,0x20,0x70,0x6f,0x73,0x69,0x74,0x69,0x6f,0x6e,0x20,0x3d,0x20,0x73,0x74,0x61,
    0x67,0x65,0x5f,0x69,0x6e,0x70,0x75,0x74,0x2e,0x70,0x6f,0x73,0x69,0x74,0x69,0x6f,
    0x6e,0x3b,0x0a,0x20,0x20,0x20,0x20,0x63,0x6f,0x6c,0x6f,0x72,0x30,0x20,0x3d,0x20,
    0x73,0x74,0x61,0x67,0x65,0x5f,0x69,0x6e,0x70,0x75,0x74,0x2e,0x63,0x6f,0x6c,0x6f,
    0x72,0x30,0x3b,0x0a,0x20,0x20,0x20,0x20,0x76,0x65,0x72,0x74,0x5f,0x6d,0x61,0x69,
    0x6e,0x28,0x29,0x3b,0x0a,0x20,0x20,0x20,0x20,0x53,0x50,0x49,0x52,0x56,0x5f,0x43,
    0x72,0x6f,0x73,0x73,0x5f,0x4f,0x75,0x74,0x70,0x75,0x74,0x20,0x73,0x74,0x61,0x67,
    0x65,0x5f,0x6f,0x75,0x74,0x70,0x75,0x74,0x3b,0x0a,0x20,0x20,0x20,0x20,0x73,0x74,
    0x61,0x67,0x65,0x5f,0x6f,0x75,0x74,0x70,0x75,0x74,0x2e,0x67,0x6c,0x5f,0x50,0x6f,
    0x73,0x69,0x74,0x69,0x6f,0x6e,0x20,0x3d,0x20,0x67,0x6c,0x5f,0x50,0x6f,0x73,0x69,
    0x74,0x69,0x6f,0x6e,0x3b,0x0a,0x20,0x20,0x20,0x20,0x73,0x74,0x61,0x67,0x65,0x5f,
    0x6f,0x75,0x74,0x70,0x75,0x74,0x2e,0x74,0x69,0x6e,0x74,0x20,0x3d,0x20,0x74,0x69,
    0x6e,0x74,0x3b,0x0a,0x20,0x20,0x20,0x20,0x72,0x65,0x74,0x75,0x72,0x6e,0x20,0x73,
    0x74,0x61,0x67,0x65,0x5f,0x6f,0x75,0x74,0x70,0x75,0x74,0x3b,0x0a,0x7d,0x0a,0x00,

};
#endif
/*
    static float4 frag_color;
    static float4 tint;

    struct SPIRV_Cross_Input
    {
        float4 tint : TEXCOORD0;
    };

    struct SPIRV_Cross_Output
    {
        float4 frag_color : SV_Target0;
    };

    void frag_main()
    {
        frag_color = tint;
    }

    SPIRV_Cross_Output main(SPIRV_Cross_Input stage_input)
    {
        tint = stage_input.tint;
        frag_main();
        SPIRV_Cross_Output stage_output;
        stage_output.frag_color = frag_color;
        return stage_output;
    }
*/
#if defined(SOKOL_D3D11)
static const uint8_t cna_colored3d_fs_source_hlsl5[430] = {
    0x73,0x74,0x61,0x74,0x69,0x63,0x20,0x66,0x6c,0x6f,0x61,0x74,0x34,0x20,0x66,0x72,
    0x61,0x67,0x5f,0x63,0x6f,0x6c,0x6f,0x72,0x3b,0x0a,0x73,0x74,0x61,0x74,0x69,0x63,
    0x20,0x66,0x6c,0x6f,0x61,0x74,0x34,0x20,0x74,0x69,0x6e,0x74,0x3b,0x0a,0x0a,0x73,
    0x74,0x72,0x75,0x63,0x74,0x20,0x53,0x50,0x49,0x52,0x56,0x5f,0x43,0x72,0x6f,0x73,
    0x73,0x5f,0x49,0x6e,0x70,0x75,0x74,0x0a,0x7b,0x0a,0x20,0x20,0x20,0x20,0x66,0x6c,
    0x6f,0x61,0x74,0x34,0x20,0x74,0x69,0x6e,0x74,0x20,0x3a,0x20,0x54,0x45,0x58,0x43,
    0x4f,0x4f,0x52,0x44,0x30,0x3b,0x0a,0x7d,0x3b,0x0a,0x0a,0x73,0x74,0x72,0x75,0x63,
    0x74,0x20,0x53,0x50,0x49,0x52,0x56,0x5f,0x43,0x72,0x6f,0x73,0x73,0x5f,0x4f,0x75,
    0x74,0x70,0x75,0x74,0x0a,0x7b,0x0a,0x20,0x20,0x20,0x20,0x66,0x6c,0x6f,0x61,0x74,
    0x34,0x20,0x66,0x72,0x61,0x67,0x5f,0x63,0x6f,0x6c,0x6f,0x72,0x20,0x3a,0x20,0x53,
    0x56,0x5f,0x54,0x61,0x72,0x67,0x65,0x74,0x30,0x3b,0x0a,0x7d,0x3b,0x0a,0x0a,0x76,
    0x6f,0x69,0x64,0x20,0x66,0x72,0x61,0x67,0x5f,0x6d,0x61,0x69,0x6e,0x28,0x29,0x0a,
    0x7b,0x0a,0x20,0x20,0x20,0x20,0x66,0x72,0x61,0x67,0x5f,0x63,0x6f,0x6c,0x6f,0x72,
    0x20,0x3d,0x20,0x74,0x69,0x6e,0x74,0x3b,0x0a,0x7d,0x0a,0x0a,0x53,0x50,0x49,0x52,
    0x56,0x5f,0x43,0x72,0x6f,0x73,0x73,0x5f,0x4f,0x75,0x74,0x70,0x75,0x74,0x20,0x6d,
    0x61,0x69,0x6e,0x28,0x53,0x50,0x49,0x52,0x56,0x5f,0x43,0x72,0x6f,0x73,0x73,0x5f,
    0x49,0x6e,0x70,0x75,0x74,0x20,0x73,0x74,0x61,0x67,0x65,0x5f,0x69,0x6e,0x70,0x75,
    0x74,0x29,0x0a,0x7b,0x0a,0x20,0x20,0x20,0x20,0x74,0x69,0x6e,0x74,0x20,0x3d,0x20,
    0x73,0x74,0x61,0x67,0x65,0x5f,0x69,0x6e,0x70,0x75,0x74,0x2e,0x74,0x69,0x6e,0x74,
    0x3b,0x0a,0x20,0x20,0x20,0x20,0x66,0x72,0x61,0x67,0x5f,0x6d,0x61,0x69,0x6e,0x28,
    0x29,0x3b,0x0a,0x20,0x20,0x20,0x20,0x53,0x50,0x49,0x52,0x56,0x5f,0x43,0x72,0x6f,
    0x73,0x73,0x5f,0x4f,0x75,0x74,0x70,0x75,0x74,0x20,0x73,0x74,0x61,0x67,0x65,0x5f,
    0x6f,0x75,0x74,0x70,0x75,0x74,0x3b,0x0a,0x20,0x20,0x20,0x20,0x73,0x74,0x61,0x67,
    0x65,0x5f,0x6f,0x75,0x74,0x70,0x75,0x74,0x2e,0x66,0x72,0x61,0x67,0x5f,0x63,0x6f,
    0x6c,0x6f,0x72,0x20,0x3d,0x20,0x66,0x72,0x61,0x67,0x5f,0x63,0x6f,0x6c,0x6f,0x72,
    0x3b,0x0a,0x20,0x20,0x20,0x20,0x72,0x65,0x74,0x75,0x72,0x6e,0x20,0x73,0x74,0x61,
    0x67,0x65,0x5f,0x6f,0x75,0x74,0x70,0x75,0x74,0x3b,0x0a,0x7d,0x0a,0x00,
};
#endif
/*
    #include <metal_stdlib>
    #include <simd/simd.h>

    using namespace metal;

    struct colored3d_vs_params
    {
        float4x4 mvp;
        float4 diffuse;
        float4 flags;
    };

    struct main0_out
    {
        float4 tint [[user(locn0)]];
        float4 gl_Position [[position]];
    };

    struct main0_in
    {
        float3 position [[attribute(0)]];
        float4 color0 [[attribute(1)]];
    };

    vertex main0_out main0(main0_in in [[stage_in]], constant colored3d_vs_params& _19 [[buffer(0)]])
    {
        main0_out out = {};
        out.gl_Position = _19.mvp * float4(in.position, 1.0);
        out.tint = mix(float4(1.0), in.color0, float4(_19.flags.x)) * _19.diffuse;
        return out;
    }

*/
#if defined(SOKOL_METAL)
static const uint8_t cna_colored3d_vs_source_metal_macos[631] = {
    0x23,0x69,0x6e,0x63,0x6c,0x75,0x64,0x65,0x20,0x3c,0x6d,0x65,0x74,0x61,0x6c,0x5f,
    0x73,0x74,0x64,0x6c,0x69,0x62,0x3e,0x0a,0x23,0x69,0x6e,0x63,0x6c,0x75,0x64,0x65,
    0x20,0x3c,0x73,0x69,0x6d,0x64,0x2f,0x73,0x69,0x6d,0x64,0x2e,0x68,0x3e,0x0a,0x0a,
    0x75,0x73,0x69,0x6e,0x67,0x20,0x6e,0x61,0x6d,0x65,0x73,0x70,0x61,0x63,0x65,0x20,
    0x6d,0x65,0x74,0x61,0x6c,0x3b,0x0a,0x0a,0x73,0x74,0x72,0x75,0x63,0x74,0x20,0x63,
    0x6f,0x6c,0x6f,0x72,0x65,0x64,0x33,0x64,0x5f,0x76,0x73,0x5f,0x70,0x61,0x72,0x61,
    0x6d,0x73,0x0a,0x7b,0x0a,0x20,0x20,0x20,0x20,0x66,0x6c,0x6f,0x61,0x74,0x34,0x78,
    0x34,0x20,0x6d,0x76,0x70,0x3b,0x0a,0x20,0x20,0x20,0x20,0x66,0x6c,0x6f,0x61,0x74,
    0x34,0x20,0x64,0x69,0x66,0x66,0x75,0x73,0x65,0x3b,0x0a,0x20,0x20,0x20,0x20,0x66,
    0x6c,0x6f,0x61,0x74,0x34,0x20,0x66,0x6c,0x61,0x67,0x73,0x3b,0x0a,0x7d,0x3b,0x0a,
    0x0a,0x73,0x74,0x72,0x75,0x63,0x74,0x20,0x6d,0x61,0x69,0x6e,0x30,0x5f,0x6f,0x75,
    0x74,0x0a,0x7b,0x0a,0x20,0x20,0x20,0x20,0x66,0x6c,0x6f,0x61,0x74,0x34,0x20,0x74,
    0x69,0x6e,0x74,0x20,0x5b,0x5b,0x75,0x73,0x65,0x72,0x28,0x6c,0x6f,0x63,0x6e,0x30,
    0x29,0x5d,0x5d,0x3b,0x0a,0x20,0x20,0x20,0x20,0x66,0x6c,0x6f,0x61,0x74,0x34,0x20,
    0x67,0x6c,0x5f,0x50,0x6f,0x73,0x69,0x74,0x69,0x6f,0x6e,0x20,0x5b,0x5b,0x70,0x6f,
    0x73,0x69,0x74,0x69,0x6f,0x6e,0x5d,0x5d,0x3b,0x0a,0x7d,0x3b,0x0a,0x0a,0x73,0x74,
    0x72,0x75,0x63,0x74,0x20,0x6d,0x61,0x69,0x6e,0x30,0x5f,0x69,0x6e,0x0a,0x7b,0x0a,
    0x20,0x20,0x20,0x20,0x66,0x6c,0x6f,0x61,0x74,0x33,0x20,0x70,0x6f,0x73,0x69,0x74,
    0x69,0x6f,0x6e,0x20,0x5b,0x5b,0x61,0x74,0x74,0x72,0x69,0x62,0x75,0x74,0x65,0x28,
    0x30,0x29,0x5d,0x5d,0x3b,0x0a,0x20,0x20,0x20,0x20,0x66,0x6c,0x6f,0x61,0x74,0x34,
    0x20,0x63,0x6f,0x6c,0x6f,0x72,0x30,0x20,0x5b,0x5b,0x61,0x74,0x74,0x72,0x69,0x62,
    0x75,0x74,0x65,0x28,0x31,0x29,0x5d,0x5d,0x3b,0x0a,0x7d,0x3b,0x0a,0x0a,0x76,0x65,
    0x72,0x74,0x65,0x78,0x20,0x6d,0x61,0x69,0x6e,0x30,0x5f,0x6f,0x75,0x74,0x20,0x6d,
    0x61,0x69,0x6e,0x30,0x28,0x6d,0x61,0x69,0x6e,0x30,0x5f,0x69,0x6e,0x20,0x69,0x6e,
    0x20,0x5b,0x5b,0x73,0x74,0x61,0x67,0x65,0x5f,0x69,0x6e,0x5d,0x5d,0x2c,0x20,0x63,
    0x6f,0x6e,0x73,0x74,0x61,0x6e,0x74,0x20,0x63,0x6f,0x6c,0x6f,0x72,0x65,0x64,0x33,
    0x64,0x5f,0x76,0x73,0x5f,0x70,0x61,0x72,0x61,0x6d,0x73,0x26,0x20,0x5f,0x31,0x39,
    0x20,0x5b,0x5b,0x62,0x75,0x66,0x66,0x65,0x72,0x28,0x30,0x29,0x5d,0x5d,0x29,0x0a,
    0x7b,0x0a,0x20,0x20,0x20,0x20,0x6d,0x61,0x69,0x6e,0x30,0x5f,0x6f,0x75,0x74,0x20,
    0x6f,0x75,0x74,0x20,0x3d,0x20,0x7b,0x7d,0x3b,0x0a,0x20,0x20,0x20,0x20,0x6f,0x75,
    0x74,0x2e,0x67,0x6c,0x5f,0x50,0x6f,0x73,0x69,0x74,0x69,0x6f,0x6e,0x20,0x3d,0x20,
    0x5f,0x31,0x39,0x2e,0x6d,0x76,0x70,0x20,0x2a,0x20,0x66,0x6c,0x6f,0x61,0x74,0x34,
    0x28,0x69,0x6e,0x2e,0x70,0x6f,0x73,0x69,0x74,0x69,0x6f,0x6e,0x2c,0x20,0x31,0x2e,
    0x30,0x29,0x3b,0x0a,0x20,0x20,0x20,0x20,0x6f,0x75,0x74,0x2e,0x74,0x69,0x6e,0x74,
    0x20,0x3d,0x20,0x6d,0x69,0x78,0x28,0x66,0x6c,0x6f,0x61,0x74,0x34,0x28,0x31,0x2e,
    0x30,0x29,0x2c,0x20,0x69,0x6e,0x2e,0x63,0x6f,0x6c,0x6f,0x72,0x30,0x2c,0x20,0x66,
    0x6c,0x6f,0x61,0x74,0x34,0x28,0x5f,0x31,0x39,0x2e,0x66,0x6c,0x61,0x67,0x73,0x2e,
    0x78,0x29,0x29,0x20,0x2a,0x20,0x5f,0x31,0x39,0x2e,0x64,0x69,0x66,0x66,0x75,0x73,
    0x65,0x3b,0x0a,0x20,0x20,0x20,0x20,0x72,0x65,0x74,0x75,0x72,0x6e,0x20,0x6f,0x75,
    0x74,0x3b,0x0a,0x7d,0x0a,0x0a,0x00,
};
#endif
/*
    #include <metal_stdlib>
    #include <simd/simd.h>

    using namespace metal;

    struct main0_out
    {
        float4 frag_color [[color(0)]];
    };

    struct main0_in
    {
        float4 tint [[user(locn0)]];
    };

    fragment main0_out main0(main0_in in [[stage_in]])
    {
        main0_out out = {};
        out.frag_color = in.tint;
        return out;
    }

*/
#if defined(SOKOL_METAL)
static const uint8_t cna_colored3d_fs_source_metal_macos[313] = {
    0x23,0x69,0x6e,0x63,0x6c,0x75,0x64,0x65,0x20,0x3c,0x6d,0x65,0x74,0x61,0x6c,0x5f,
    0x73,0x74,0x64,0x6c,0x69,0x62,0x3e,0x0a,0x23,0x69,0x6e,0x63,0x6c,0x75,0x64,0x65,
    0x20,0x3c,0x73,0x69,0x6d,0x64,0x2f,0x73,0x69,0x6d,0x64,0x2e,0x68,0x3e,0x0a,0x0a,
    0x75,0x73,0x69,0x6e,0x67,0x20,0x6e,0x61,0x6d,0x65,0x73,0x70,0x61,0x63,0x65,0x20,
    0x6d,0x65,0x74,0x61,0x6c,0x3b,0x0a,0x0a,0x73,0x74,0x72,0x75,0x63,0x74,0x20,0x6d,
    0x61,0x69,0x6e,0x30,0x5f,0x6f,0x75,0x74,0x0a,0x7b,0x0a,0x20,0x20,0x20,0x20,0x66,
    0x6c,0x6f,0x61,0x74,0x34,0x20,0x66,0x72,0x61,0x67,0x5f,0x63,0x6f,0x6c,0x6f,0x72,
    0x20,0x5b,0x5b,0x63,0x6f,0x6c,0x6f,0x72,0x28,0x30,0x29,0x5d,0x5d,0x3b,0x0a,0x7d,
    0x3b,0x0a,0x0a,0x73,0x74,0x72,0x75,0x63,0x74,0x20,0x6d,0x61,0x69,0x6e,0x30,0x5f,
    0x69,0x6e,0x0a,0x7b,0x0a,0x20,0x20,0x20,0x20,0x66,0x6c,0x6f,0x61,0x74,0x34,0x20,
    0x74,0x69,0x6e,0x74,0x20,0x5b,0x5b,0x75,0x73,0x65,0x72,0x28,0x6c,0x6f,0x63,0x6e,
    0x30,0x29,0x5d,0x5d,0x3b,0x0a,0x7d,0x3b,0x0a,0x0a,0x66,0x72,0x61,0x67,0x6d,0x65,
    0x6e,0x74,0x20,0x6d,0x61,0x69,0x6e,0x30,0x5f,0x6f,0x75,0x74,0x20,0x6d,0x61,0x69,
    0x6e,0x30,0x28,0x6d,0x61,0x69,0x6e,0x30,0x5f,0x69,0x6e,0x20,0x69,0x6e,0x20,0x5b,
    0x5b,0x73,0x74,0x61,0x67,0x65,0x5f,0x69,0x6e,0x5d,0x5d,0x29,0x0a,0x7b,0x0a,0x20,
    0x20,0x20,0x20,0x6d,0x61,0x69,0x6e,0x30,0x5f,0x6f,0x75,0x74,0x20,0x6f,0x75,0x74,
    0x20,0x3d,0x20,0x7b,0x7d,0x3b,0x0a,0x20,0x20,0x20,0x20,0x6f,0x75,0x74,0x2e,0x66,
    0x72,0x61,0x67,0x5f,0x63,0x6f,0x6c,0x6f,0x72,0x20,0x3d,0x20,0x69,0x6e,0x2e,0x74,
    0x69,0x6e,0x74,0x3b,0x0a,0x20,0x20,0x20,0x20,0x72,0x65,0x74,0x75,0x72,0x6e,0x20,
    0x6f,0x75,0x74,0x3b,0x0a,0x7d,0x0a,0x0a,0x00,
};
#endif
/*
    diagnostic(off, derivative_uniformity);

    struct colored3d_vs_params {
      /_ @offset(0) _/
      mvp : mat4x4f,
      /_ @offset(64) _/
      diffuse : vec4f,
      /_ @offset(80) _/
      flags : vec4f,
    }

    @binding(0) @group(0) var<uniform> x_19 : colored3d_vs_params;

    var<private> position_1 : vec3f;

    var<private> tint : vec4f;

    var<private> color0 : vec4f;

    var<private> gl_Position : vec4f;

    fn main_1() {
      gl_Position = (x_19.mvp * vec4f(position_1.x, position_1.y, position_1.z, 1.0f));
      tint = (mix(vec4f(1.0f), color0, vec4f(x_19.flags.x)) * x_19.diffuse);
      return;
    }

    struct main_out {
      @builtin(position)
      gl_Position : vec4f,
      @location(0)
      tint_1 : vec4f,
    }

    @vertex
    fn main(@location(0) position_1_param : vec3f, @location(1) color0_param : vec4f) -> main_out {
      position_1 = position_1_param;
      color0 = color0_param;
      main_1();
      return main_out(gl_Position, tint);
    }
*/
#if defined(SOKOL_WGPU)
static const uint8_t cna_colored3d_vs_source_wgsl[873] = {
    0x64,0x69,0x61,0x67,0x6e,0x6f,0x73,0x74,0x69,0x63,0x28,0x6f,0x66,0x66,0x2c,0x20,
    0x64,0x65,0x72,0x69,0x76,0x61,0x74,0x69,0x76,0x65,0x5f,0x75,0x6e,0x69,0x66,0x6f,
    0x72,0x6d,0x69,0x74,0x79,0x29,0x3b,0x0a,0x0a,0x73,0x74,0x72,0x75,0x63,0x74,0x20,
    0x63,0x6f,0x6c,0x6f,0x72,0x65,0x64,0x33,0x64,0x5f,0x76,0x73,0x5f,0x70,0x61,0x72,
    0x61,0x6d,0x73,0x20,0x7b,0x0a,0x20,0x20,0x2f,0x2a,0x20,0x40,0x6f,0x66,0x66,0x73,
    0x65,0x74,0x28,0x30,0x29,0x20,0x2a,0x2f,0x0a,0x20,0x20,0x6d,0x76,0x70,0x20,0x3a,
    0x20,0x6d,0x61,0x74,0x34,0x78,0x34,0x66,0x2c,0x0a,0x20,0x20,0x2f,0x2a,0x20,0x40,
    0x6f,0x66,0x66,0x73,0x65,0x74,0x28,0x36,0x34,0x29,0x20,0x2a,0x2f,0x0a,0x20,0x20,
    0x64,0x69,0x66,0x66,0x75,0x73,0x65,0x20,0x3a,0x20,0x76,0x65,0x63,0x34,0x66,0x2c,
    0x0a,0x20,0x20,0x2f,0x2a,0x20,0x40,0x6f,0x66,0x66,0x73,0x65,0x74,0x28,0x38,0x30,
    0x29,0x20,0x2a,0x2f,0x0a,0x20,0x20,0x66,0x6c,0x61,0x67,0x73,0x20,0x3a,0x20,0x76,
    0x65,0x63,0x34,0x66,0x2c,0x0a,0x7d,0x0a,0x0a,0x40,0x62,0x69,0x6e,0x64,0x69,0x6e,
    0x67,0x28,0x30,0x29,0x20,0x40,0x67,0x72,0x6f,0x75,0x70,0x28,0x30,0x29,0x20,0x76,
    0x61,0x72,0x3c,0x75,0x6e,0x69,0x66,0x6f,0x72,0x6d,0x3e,0x20,0x78,0x5f,0x31,0x39,
    0x20,0x3a,0x20,0x63,0x6f,0x6c,0x6f,0x72,0x65,0x64,0x33,0x64,0x5f,0x76,0x73,0x5f,
    0x70,0x61,0x72,0x61,0x6d,0x73,0x3b,0x0a,0x0a,0x76,0x61,0x72,0x3c,0x70,0x72,0x69,
    0x76,0x61,0x74,0x65,0x3e,0x20,0x70,0x6f,0x73,0x69,0x74,0x69,0x6f,0x6e,0x5f,0x31,
    0x20,0x3a,0x20,0x76,0x65,0x63,0x33,0x66,0x3b,0x0a,0x0a,0x76,0x61,0x72,0x3c,0x70,
    0x72,0x69,0x76,0x61,0x74,0x65,0x3e,0x20,0x74,0x69,0x6e,0x74,0x20,0x3a,0x20,0x76,
    0x65,0x63,0x34,0x66,0x3b,0x0a,0x0a,0x76,0x61,0x72,0x3c,0x70,0x72,0x69,0x76,0x61,
    0x74,0x65,0x3e,0x20,0x63,0x6f,0x6c,0x6f,0x72,0x30,0x20,0x3a,0x20,0x76,0x65,0x63,
    0x34,0x66,0x3b,0x0a,0x0a,0x76,0x61,0x72,0x3c,0x70,0x72,0x69,0x76,0x61,0x74,0x65,
    0x3e,0x20,0x67,0x6c,0x5f,0x50,0x6f,0x73,0x69,0x74,0x69,0x6f,0x6e,0x20,0x3a,0x20,
    0x76,0x65,0x63,0x34,0x66,0x3b,0x0a,0x0a,0x66,0x6e,0x20,0x6d,0x61,0x69,0x6e,0x5f,
    0x31,0x28,0x29,0x20,0x7b,0x0a,0x20,0x20,0x67,0x6c,0x5f,0x50,0x6f,0x73,0x69,0x74,
    0x69,0x6f,0x6e,0x20,0x3d,0x20,0x28,0x78,0x5f,0x31,0x39,0x2e,0x6d,0x76,0x70,0x20,
    0x2a,0x20,0x76,0x65,0x63,0x34,0x66,0x28,0x70,0x6f,0x73,0x69,0x74,0x69,0x6f,0x6e,
    0x5f,0x31,0x2e,0x78,0x2c,0x20,0x70,0x6f,0x73,0x69,0x74,0x69,0x6f,0x6e,0x5f,0x31,
    0x2e,0x79,0x2c,0x20,0x70,0x6f,0x73,0x69,0x74,0x69,0x6f,0x6e,0x5f,0x31,0x2e,0x7a,
    0x2c,0x20,0x31,0x2e,0x30,0x66,0x29,0x29,0x3b,0x0a,0x20,0x20,0x74,0x69,0x6e,0x74,
    0x20,0x3d,0x20,0x28,0x6d,0x69,0x78,0x28,0x76,0x65,0x63,0x34,0x66,0x28,0x31,0x2e,
    0x30,0x66,0x29,0x2c,0x20,0x63,0x6f,0x6c,0x6f,0x72,0x30,0x2c,0x20,0x76,0x65,0x63,
    0x34,0x66,0x28,0x78,0x5f,0x31,0x39,0x2e,0x66,0x6c,0x61,0x67,0x73,0x2e,0x78,0x29,
    0x29,0x20,0x2a,0x20,0x78,0x5f,0x31,0x39,0x2e,0x64,0x69,0x66,0x66,0x75,0x73,0x65,
    0x29,0x3b,0x0a,0x20,0x20,0x72,0x65,0x74,0x75,0x72,0x6e,0x3b,0x0a,0x7d,0x0a,0x0a,
    0x73,0x74,0x72,0x75,0x63,0x74,0x20,0x6d,0x61,0x69,0x6e,0x5f,0x6f,0x75,0x74,0x20,
    0x7b,0x0a,0x20,0x20,0x40,0x62,0x75,0x69,0x6c,0x74,0x69,0x6e,0x28,0x70,0x6f,0x73,
    0x69,0x74,0x69,0x6f,0x6e,0x29,0x0a,0x20,0x20,0x67,0x6c,0x5f,0x50,0x6f,0x73,0x69,
    0x74,0x69,0x6f,0x6e,0x20,0x3a,0x20,0x76,0x65,0x63,0x34,0x66,0x2c,0x0a,0x20,0x20,
    0x40,0x6c,0x6f,0x63,0x61,0x74,0x69,0x6f,0x6e,0x28,0x30,0x29,0x0a,0x20,0x20,0x74,
    0x69,0x6e,0x74,0x5f,0x31,0x20,0x3a,0x20,0x76,0x65,0x63,0x34,0x66,0x2c,0x0a,0x7d,
    0x0a,0x0a,0x40,0x76,0x65,0x72,0x74,0x65,0x78,0x0a,0x66,0x6e,0x20,0x6d,0x61,0x69,
    0x6e,0x28,0x40,0x6c,0x6f,0x63,0x61,0x74,0x69,0x6f,0x6e,0x28,0x30,0x29,0x20,0x70,
    0x6f,0x73,0x69,0x74,0x69,0x6f,0x6e,0x5f,0x31,0x5f,0x70,0x61,0x72,0x61,0x6d,0x20,
    0x3a,0x20,0x76,0x65,0x63,0x33,0x66,0x2c,0x20,0x40,0x6c,0x6f,0x63,0x61,0x74,0x69,
    0x6f,0x6e,0x28,0x31,0x29,0x20,0x63,0x6f,0x6c,0x6f,0x72,0x30,0x5f,0x70,0x61,0x72,
    0x61,0x6d,0x20,0x3a,0x20,0x76,0x65,0x63,0x34,0x66,0x29,0x20,0x2d,0x3e,0x20,0x6d,
    0x61,0x69,0x6e,0x5f,0x6f,0x75,0x74,0x20,0x7b,0x0a,0x20,0x20,0x70,0x6f,0x73,0x69,
    0x74,0x69,0x6f,0x6e,0x5f,0x31,0x20,0x3d,0x20,0x70,0x6f,0x73,0x69,0x74,0x69,0x6f,
    0x6e,0x5f,0x31,0x5f,0x70,0x61,0x72,0x61,0x6d,0x3b,0x0a,0x20,0x20,0x63,0x6f,0x6c,
    0x6f,0x72,0x30,0x20,0x3d,0x20,0x63,0x6f,0x6c,0x6f,0x72,0x30,0x5f,0x70,0x61,0x72,
    0x61,0x6d,0x3b,0x0a,0x20,0x20,0x6d,0x61,0x69,0x6e,0x5f,0x31,0x28,0x29,0x3b,0x0a,
    0x20,0x20,0x72,0x65,0x74,0x75,0x72,0x6e,0x20,0x6d,0x61,0x69,0x6e,0x5f,0x6f,0x75,
    0x74,0x28,0x67,0x6c,0x5f,0x50,0x6f,0x73,0x69,0x74,0x69,0x6f,0x6e,0x2c,0x20,0x74,
    0x69,0x6e,0x74,0x29,0x3b,0x0a,0x7d,0x0a,0x00,
};
#endif
/*
    diagnostic(off, derivative_uniformity);

    var<private> frag_color : vec4f;

    var<private> tint : vec4f;

    fn main_1() {
      frag_color = tint;
      return;
    }

    struct main_out {
      @location(0)
      frag_color_1 : vec4f,
    }

    @fragment
    fn main(@location(0) tint_param : vec4f) -> main_out {
      tint = tint_param;
      main_1();
      return main_out(frag_color);
    }
*/
#if defined(SOKOL_WGPU)
static const uint8_t cna_colored3d_fs_source_wgsl[343] = {
    0x64,0x69,0x61,0x67,0x6e,0x6f,0x73,0x74,0x69,0x63,0x28,0x6f,0x66,0x66,0x2c,0x20,
    0x64,0x65,0x72,0x69,0x76,0x61,0x74,0x69,0x76,0x65,0x5f,0x75,0x6e,0x69,0x66,0x6f,
    0x72,0x6d,0x69,0x74,0x79,0x29,0x3b,0x0a,0x0a,0x76,0x61,0x72,0x3c,0x70,0x72,0x69,
    0x76,0x61,0x74,0x65,0x3e,0x20,0x66,0x72,0x61,0x67,0x5f,0x63,0x6f,0x6c,0x6f,0x72,
    0x20,0x3a,0x20,0x76,0x65,0x63,0x34,0x66,0x3b,0x0a,0x0a,0x76,0x61,0x72,0x3c,0x70,
    0x72,0x69,0x76,0x61,0x74,0x65,0x3e,0x20,0x74,0x69,0x6e,0x74,0x20,0x3a,0x20,0x76,
    0x65,0x63,0x34,0x66,0x3b,0x0a,0x0a,0x66,0x6e,0x20,0x6d,0x61,0x69,0x6e,0x5f,0x31,
    0x28,0x29,0x20,0x7b,0x0a,0x20,0x20,0x66,0x72,0x61,0x67,0x5f,0x63,0x6f,0x6c,0x6f,
    0x72,0x20,0x3d,0x20,0x74,0x69,0x6e,0x74,0x3b,0x0a,0x20,0x20,0x72,0x65,0x74,0x75,
    0x72,0x6e,0x3b,0x0a,0x7d,0x0a,0x0a,0x73,0x74,0x72,0x75,0x63,0x74,0x20,0x6d,0x61,
    0x69,0x6e,0x5f,0x6f,0x75,0x74,0x20,0x7b,0x0a,0x20,0x20,0x40,0x6c,0x6f,0x63,0x61,
    0x74,0x69,0x6f,0x6e,0x28,0x30,0x29,0x0a,0x20,0x20,0x66,0x72,0x61,0x67,0x5f,0x63,
    0x6f,0x6c,0x6f,0x72,0x5f,0x31,0x20,0x3a,0x20,0x76,0x65,0x63,0x34,0x66,0x2c,0x0a,
    0x7d,0x0a,0x0a,0x40,0x66,0x72,0x61,0x67,0x6d,0x65,0x6e,0x74,0x0a,0x66,0x6e,0x20,
    0x6d,0x61,0x69,0x6e,0x28,0x40,0x6c,0x6f,0x63,0x61,0x74,0x69,0x6f,0x6e,0x28,0x30,
    0x29,0x20,0x74,0x69,0x6e,0x74,0x5f,0x70,0x61,0x72,0x61,0x6d,0x20,0x3a,0x20,0x76,
    0x65,0x63,0x34,0x66,0x29,0x20,0x2d,0x3e,0x20,0x6d,0x61,0x69,0x6e,0x5f,0x6f,0x75,
    0x74,0x20,0x7b,0x0a,0x20,0x20,0x74,0x69,0x6e,0x74,0x20,0x3d,0x20,0x74,0x69,0x6e,
    0x74,0x5f,0x70,0x61,0x72,0x61,0x6d,0x3b,0x0a,0x20,0x20,0x6d,0x61,0x69,0x6e,0x5f,
    0x31,0x28,0x29,0x3b,0x0a,0x20,0x20,0x72,0x65,0x74,0x75,0x72,0x6e,0x20,0x6d,0x61,
    0x69,0x6e,0x5f,0x6f,0x75,0x74,0x28,0x66,0x72,0x61,0x67,0x5f,0x63,0x6f,0x6c,0x6f,
    0x72,0x29,0x3b,0x0a,0x7d,0x0a,0x00,
};
#endif
const sg_shader_desc* cna_colored3d_shader_desc(sg_backend backend) {
    #if defined(SOKOL_GLCORE)
    if (backend == SG_BACKEND_GLCORE) {
        static sg_shader_desc desc;
        static bool valid;
        if (!valid) {
            valid = true;
            desc.vertex_func.source = (const char*)cna_colored3d_vs_source_glsl410;
            desc.vertex_func.entry = "main";
            desc.fragment_func.source = (const char*)cna_colored3d_fs_source_glsl410;
            desc.fragment_func.entry = "main";
            desc.attrs[0].base_type = SG_SHADERATTRBASETYPE_FLOAT;
            desc.attrs[0].glsl_name = "position";
            desc.attrs[1].base_type = SG_SHADERATTRBASETYPE_FLOAT;
            desc.attrs[1].glsl_name = "color0";
            desc.uniform_blocks[0].stage = SG_SHADERSTAGE_VERTEX;
            desc.uniform_blocks[0].layout = SG_UNIFORMLAYOUT_STD140;
            desc.uniform_blocks[0].size = 96;
            desc.uniform_blocks[0].glsl_uniforms[0].type = SG_UNIFORMTYPE_FLOAT4;
            desc.uniform_blocks[0].glsl_uniforms[0].array_count = 6;
            desc.uniform_blocks[0].glsl_uniforms[0].glsl_name = "colored3d_vs_params";
            desc.label = "cna_colored3d_shader";
        }
        return &desc;
    }
    #endif /* SOKOL_GLCORE */
    #if defined(SOKOL_GLES3)
    if (backend == SG_BACKEND_GLES3) {
        static sg_shader_desc desc;
        static bool valid;
        if (!valid) {
            valid = true;
            desc.vertex_func.source = (const char*)cna_colored3d_vs_source_glsl300es;
            desc.vertex_func.entry = "main";
            desc.fragment_func.source = (const char*)cna_colored3d_fs_source_glsl300es;
            desc.fragment_func.entry = "main";
            desc.attrs[0].base_type = SG_SHADERATTRBASETYPE_FLOAT;
            desc.attrs[0].glsl_name = "position";
            desc.attrs[1].base_type = SG_SHADERATTRBASETYPE_FLOAT;
            desc.attrs[1].glsl_name = "color0";
            desc.uniform_blocks[0].stage = SG_SHADERSTAGE_VERTEX;
            desc.uniform_blocks[0].layout = SG_UNIFORMLAYOUT_STD140;
            desc.uniform_blocks[0].size = 96;
            desc.uniform_blocks[0].glsl_uniforms[0].type = SG_UNIFORMTYPE_FLOAT4;
            desc.uniform_blocks[0].glsl_uniforms[0].array_count = 6;
            desc.uniform_blocks[0].glsl_uniforms[0].glsl_name = "colored3d_vs_params";
            desc.label = "cna_colored3d_shader";
        }
        return &desc;
    }
    #endif /* SOKOL_GLES3 */
    #if defined(SOKOL_D3D11)
    if (backend == SG_BACKEND_D3D11) {
        static sg_shader_desc desc;
        static bool valid;
        if (!valid) {
            valid = true;
            desc.vertex_func.source = (const char*)cna_colored3d_vs_source_hlsl5;
            desc.vertex_func.d3d11_target = "vs_5_0";
            desc.vertex_func.entry = "main";
            desc.fragment_func.source = (const char*)cna_colored3d_fs_source_hlsl5;
            desc.fragment_func.d3d11_target = "ps_5_0";
            desc.fragment_func.entry = "main";
            desc.attrs[0].base_type = SG_SHADERATTRBASETYPE_FLOAT;
            desc.attrs[0].hlsl_sem_name = "TEXCOORD";
            desc.attrs[0].hlsl_sem_index = 0;
            desc.attrs[1].base_type = SG_SHADERATTRBASETYPE_FLOAT;
            desc.attrs[1].hlsl_sem_name = "TEXCOORD";
            desc.attrs[1].hlsl_sem_index = 1;
            desc.uniform_blocks[0].stage = SG_SHADERSTAGE_VERTEX;
            desc.uniform_blocks[0].layout = SG_UNIFORMLAYOUT_STD140;
            desc.uniform_blocks[0].size = 96;
            desc.uniform_blocks[0].hlsl_register_b_n = 0;
            desc.label = "cna_colored3d_shader";
        }
        return &desc;
    }
    #endif /* SOKOL_D3D11 */
    #if defined(SOKOL_METAL)
    if (backend == SG_BACKEND_METAL_MACOS) {
        static sg_shader_desc desc;
        static bool valid;
        if (!valid) {
            valid = true;
            desc.vertex_func.source = (const char*)cna_colored3d_vs_source_metal_macos;
            desc.vertex_func.entry = "main0";
            desc.fragment_func.source = (const char*)cna_colored3d_fs_source_metal_macos;
            desc.fragment_func.entry = "main0";
            desc.attrs[0].base_type = SG_SHADERATTRBASETYPE_FLOAT;
            desc.attrs[1].base_type = SG_SHADERATTRBASETYPE_FLOAT;
            desc.uniform_blocks[0].stage = SG_SHADERSTAGE_VERTEX;
            desc.uniform_blocks[0].layout = SG_UNIFORMLAYOUT_STD140;
            desc.uniform_blocks[0].size = 96;
            desc.uniform_blocks[0].msl_buffer_n = 0;
            desc.label = "cna_colored3d_shader";
        }
        return &desc;
    }
    #endif /* SOKOL_METAL */
    #if defined(SOKOL_WGPU)
    if (backend == SG_BACKEND_WGPU) {
        static sg_shader_desc desc;
        static bool valid;
        if (!valid) {
            valid = true;
            desc.vertex_func.source = (const char*)cna_colored3d_vs_source_wgsl;
            desc.vertex_func.entry = "main";
            desc.fragment_func.source = (const char*)cna_colored3d_fs_source_wgsl;
            desc.fragment_func.entry = "main";
            desc.attrs[0].base_type = SG_SHADERATTRBASETYPE_FLOAT;
            desc.attrs[1].base_type = SG_SHADERATTRBASETYPE_FLOAT;
            desc.uniform_blocks[0].stage = SG_SHADERSTAGE_VERTEX;
            desc.uniform_blocks[0].layout = SG_UNIFORMLAYOUT_STD140;
            desc.uniform_blocks[0].size = 96;
            desc.uniform_blocks[0].wgsl_group0_binding_n = 0;
            desc.label = "cna_colored3d_shader";
        }
        return &desc;
    }
    #endif /* SOKOL_WGPU */
    return 0;
}
#endif // SOKOL_SHDC_IMPL
/*
    #version:1# (machine generated, don't edit!)

    Generated by sokol-shdc (https://github.com/floooh/sokol-tools)

    Overview:
    =========
    Shader program: 'textured3d':
        Get shader desc: cna_textured3d_shader_desc(sg_query_backend());
        Vertex Shader: textured3d_vs
        Fragment Shader: textured3d_fs
        Attributes:
            ATTR_cna_textured3d_position => 0
            ATTR_cna_textured3d_texcoord0 => 1
            ATTR_cna_textured3d_color0 => 2
    Bindings:
        Uniform block 'textured3d_vs_params':
            C struct: cna_textured3d_vs_params_t
            Bind slot: UB_cna_textured3d_vs_params => 0
        Uniform block 'textured3d_fs_params':
            C struct: cna_textured3d_fs_params_t
            Bind slot: UB_cna_textured3d_fs_params => 1
        Texture 'tex':
            Image type: SG_IMAGETYPE_2D
            Sample type: SG_IMAGESAMPLETYPE_FLOAT
            Multisampled: false
            Bind slot: VIEW_cna_tex => 0
        Sampler 'smp':
            Type: SG_SAMPLERTYPE_FILTERING
            Bind slot: SMP_cna_smp => 0
*/
#if !defined(SOKOL_GFX_INCLUDED)
#error "Please include sokol_gfx.h before textured3d.h"
#endif
#if !defined(SOKOL_SHDC_ALIGN)
#if defined(_MSC_VER)
#define SOKOL_SHDC_ALIGN(a) __declspec(align(a))
#else
#define SOKOL_SHDC_ALIGN(a) __attribute__((aligned(a)))
#endif
#endif
const sg_shader_desc* cna_textured3d_shader_desc(sg_backend backend);
#define ATTR_cna_textured3d_position (0)
#define ATTR_cna_textured3d_texcoord0 (1)
#define ATTR_cna_textured3d_color0 (2)
#define UB_cna_textured3d_vs_params (0)
#define UB_cna_textured3d_fs_params (1)
#define VIEW_cna_tex (0)
#define SMP_cna_smp (0)
#pragma pack(push,1)
SOKOL_SHDC_ALIGN(16) typedef struct cna_textured3d_vs_params_t {
    float mvp[16];
    float diffuse[4];
    float flags[4];
    float alphaTest[4];
    float fogVector[4];
} cna_textured3d_vs_params_t;
#pragma pack(pop)
#pragma pack(push,1)
SOKOL_SHDC_ALIGN(16) typedef struct cna_textured3d_fs_params_t {
    float fogColor[4];
} cna_textured3d_fs_params_t;
#pragma pack(pop)
#if defined(SOKOL_SHDC_IMPL)
/*
    #version 410

    uniform vec4 textured3d_vs_params[8];
    layout(location = 0) in vec3 position;
    layout(location = 0) out vec2 uv;
    layout(location = 1) in vec2 texcoord0;
    layout(location = 1) out vec4 tint;
    layout(location = 2) in vec4 color0;
    layout(location = 2) out vec4 alphaTestOut;
    layout(location = 3) out float fogFactor;

    void main()
    {
        vec4 _31 = vec4(position, 1.0);
        gl_Position = mat4(textured3d_vs_params[0], textured3d_vs_params[1], textured3d_vs_params[2], textured3d_vs_params[3]) * _31;
        uv = texcoord0;
        tint = mix(vec4(1.0), color0, vec4(textured3d_vs_params[5].x)) * textured3d_vs_params[4];
        alphaTestOut = textured3d_vs_params[6];
        fogFactor = 1.0 - clamp(dot(_31, textured3d_vs_params[7]), 0.0, 1.0);
    }

*/
#if defined(SOKOL_GLCORE)
static const uint8_t cna_textured3d_vs_source_glsl410[741] = {
    0x23,0x76,0x65,0x72,0x73,0x69,0x6f,0x6e,0x20,0x34,0x31,0x30,0x0a,0x0a,0x75,0x6e,
    0x69,0x66,0x6f,0x72,0x6d,0x20,0x76,0x65,0x63,0x34,0x20,0x74,0x65,0x78,0x74,0x75,
    0x72,0x65,0x64,0x33,0x64,0x5f,0x76,0x73,0x5f,0x70,0x61,0x72,0x61,0x6d,0x73,0x5b,
    0x38,0x5d,0x3b,0x0a,0x6c,0x61,0x79,0x6f,0x75,0x74,0x28,0x6c,0x6f,0x63,0x61,0x74,
    0x69,0x6f,0x6e,0x20,0x3d,0x20,0x30,0x29,0x20,0x69,0x6e,0x20,0x76,0x65,0x63,0x33,
    0x20,0x70,0x6f,0x73,0x69,0x74,0x69,0x6f,0x6e,0x3b,0x0a,0x6c,0x61,0x79,0x6f,0x75,
    0x74,0x28,0x6c,0x6f,0x63,0x61,0x74,0x69,0x6f,0x6e,0x20,0x3d,0x20,0x30,0x29,0x20,
    0x6f,0x75,0x74,0x20,0x76,0x65,0x63,0x32,0x20,0x75,0x76,0x3b,0x0a,0x6c,0x61,0x79,
    0x6f,0x75,0x74,0x28,0x6c,0x6f,0x63,0x61,0x74,0x69,0x6f,0x6e,0x20,0x3d,0x20,0x31,
    0x29,0x20,0x69,0x6e,0x20,0x76,0x65,0x63,0x32,0x20,0x74,0x65,0x78,0x63,0x6f,0x6f,
    0x72,0x64,0x30,0x3b,0x0a,0x6c,0x61,0x79,0x6f,0x75,0x74,0x28,0x6c,0x6f,0x63,0x61,
    0x74,0x69,0x6f,0x6e,0x20,0x3d,0x20,0x31,0x29,0x20,0x6f,0x75,0x74,0x20,0x76,0x65,
    0x63,0x34,0x20,0x74,0x69,0x6e,0x74,0x3b,0x0a,0x6c,0x61,0x79,0x6f,0x75,0x74,0x28,
    0x6c,0x6f,0x63,0x61,0x74,0x69,0x6f,0x6e,0x20,0x3d,0x20,0x32,0x29,0x20,0x69,0x6e,
    0x20,0x76,0x65,0x63,0x34,0x20,0x63,0x6f,0x6c,0x6f,0x72,0x30,0x3b,0x0a,0x6c,0x61,
    0x79,0x6f,0x75,0x74,0x28,0x6c,0x6f,0x63,0x61,0x74,0x69,0x6f,0x6e,0x20,0x3d,0x20,
    0x32,0x29,0x20,0x6f,0x75,0x74,0x20,0x76,0x65,0x63,0x34,0x20,0x61,0x6c,0x70,0x68,
    0x61,0x54,0x65,0x73,0x74,0x4f,0x75,0x74,0x3b,0x0a,0x6c,0x61,0x79,0x6f,0x75,0x74,
    0x28,0x6c,0x6f,0x63,0x61,0x74,0x69,0x6f,0x6e,0x20,0x3d,0x20,0x33,0x29,0x20,0x6f,
    0x75,0x74,0x20,0x66,0x6c,0x6f,0x61,0x74,0x20,0x66,0x6f,0x67,0x46,0x61,0x63,0x74,
    0x6f,0x72,0x3b,0x0a,0x0a,0x76,0x6f,0x69,0x64,0x20,0x6d,0x61,0x69,0x6e,0x28,0x29,
    0x0a,0x7b,0x0a,0x20,0x20,0x20,0x20,0x76,0x65,0x63,0x34,0x20,0x5f,0x33,0x31,0x20,
    0x3d,0x20,0x76,0x65,0x63,0x34,0x28,0x70,0x6f,0x73,0x69,0x74,0x69,0x6f,0x6e,0x2c,
    0x20,0x31,0x2e,0x30,0x29,0x3b,0x0a,0x20,0x20,0x20,0x20,0x67,0x6c,0x5f,0x50,0x6f,
    0x73,0x69,0x74,0x69,0x6f,0x6e,0x20,0x3d,0x20,0x6d,0x61,0x74,0x34,0x28,0x74,0x65,
    0x78,0x74,0x75,0x72,0x65,0x64,0x33,0x64,0x5f,0x76,0x73,0x5f,0x70,0x61,0x72,0x61,
    0x6d,0x73,0x5b,0x30,0x5d,0x2c,0x20,0x74,0x65,0x78,0x74,0x75,0x72,0x65,0x64,0x33,
    0x64,0x5f,0x76,0x73,0x5f,0x70,0x61,0x72,0x61,0x6d,0x73,0x5b,0x31,0x5d,0x2c,0x20,
    0x74,0x65,0x78,0x74,0x75,0x72,0x65,0x64,0x33,0x64,0x5f,0x76,0x73,0x5f,0x70,0x61,
    0x72,0x61,0x6d,0x73,0x5b,0x32,0x5d,0x2c,0x20,0x74,0x65,0x78,0x74,0x75,0x72,0x65,
    0x64,0x33,0x64,0x5f,0x76,0x73,0x5f,0x70,0x61,0x72,0x61,0x6d,0x73,0x5b,0x33,0x5d,
    0x29,0x20,0x2a,0x20,0x5f,0x33,0x31,0x3b,0x0a,0x20,0x20,0x20,0x20,0x75,0x76,0x20,
    0x3d,0x20,0x74,0x65,0x78,0x63,0x6f,0x6f,0x72,0x64,0x30,0x3b,0x0a,0x20,0x20,0x20,
    0x20,0x74,0x69,0x6e,0x74,0x20,0x3d,0x20,0x6d,0x69,0x78,0x28,0x76,0x65,0x63,0x34,
    0x28,0x31,0x2e,0x30,0x29,0x2c,0x20,0x63,0x6f,0x6c,0x6f,0x72,0x30,0x2c,0x20,0x76,
    0x65,0x63,0x34,0x28,0x74,0x65,0x78,0x74,0x75,0x72,0x65,0x64,0x33,0x64,0x5f,0x76,
    0x73,0x5f,0x70,0x61,0x72,0x61,0x6d,0x73,0x5b,0x35,0x5d,0x2e,0x78,0x29,0x29,0x20,
    0x2a,0x20,0x74,0x65,0x78,0x74,0x75,0x72,0x65,0x64,0x33,0x64,0x5f,0x76,0x73,0x5f,
    0x70,0x61,0x72,0x61,0x6d,0x73,0x5b,0x34,0x5d,0x3b,0x0a,0x20,0x20,0x20,0x20,0x61,
    0x6c,0x70,0x68,0x61,0x54,0x65,0x73,0x74,0x4f,0x75,0x74,0x20,0x3d,0x20,0x74,0x65,
    0x78,0x74,0x75,0x72,0x65,0x64,0x33,0x64,0x5f,0x76,0x73,0x5f,0x70,0x61,0x72,0x61,
    0x6d,0x73,0x5b,0x36,0x5d,0x3b,0x0a,0x20,0x20,0x20,0x20,0x66,0x6f,0x67,0x46,0x61,
    0x63,0x74,0x6f,0x72,0x20,0x3d,0x20,0x31,0x2e,0x30,0x20,0x2d,0x20,0x63,0x6c,0x61,
    0x6d,0x70,0x28,0x64,0x6f,0x74,0x28,0x5f,0x33,0x31,0x2c,0x20,0x74,0x65,0x78,0x74,
    0x75,0x72,0x65,0x64,0x33,0x64,0x5f,0x76,0x73,0x5f,0x70,0x61,0x72,0x61,0x6d,0x73,
    0x5b,0x37,0x5d,0x29,0x2c,0x20,0x30,0x2e,0x30,0x2c,0x20,0x31,0x2e,0x30,0x29,0x3b,
    0x0a,0x7d,0x0a,0x0a,0x00,
};
#endif
/*
    #version 410

    uniform vec4 textured3d_fs_params[1];
    uniform sampler2D tex_smp;

    layout(location = 0) in vec2 uv;
    layout(location = 1) in vec4 tint;
    layout(location = 2) in vec4 alphaTestOut;
    layout(location = 3) in float fogFactor;
    layout(location = 0) out vec4 frag_color;

    void main()
    {
        vec4 c = texture(tex_smp, uv) * tint;
        float _40;
        if (alphaTestOut.y > 0.0)
        {
            float _54;
            if (abs(c.w - alphaTestOut.x) < alphaTestOut.y)
            {
                _54 = alphaTestOut.z;
            }
            else
            {
                _54 = alphaTestOut.w;
            }
            _40 = _54;
        }
        else
        {
            float _70;
            if (c.w < alphaTestOut.x)
            {
                _70 = alphaTestOut.z;
            }
            else
            {
                _70 = alphaTestOut.w;
            }
            _40 = _70;
        }
        if (_40 < 0.0)
        {
            discard;
        }
        vec4 _95 = c;
        vec3 _100 = mix(textured3d_fs_params[0].xyz, _95.xyz, vec3(fogFactor));
        vec4 _113 = _95;
        _113.x = _100.x;
        _113.y = _100.y;
        _113.z = _100.z;
        c = _113;
        frag_color = _113;
    }

*/
#if defined(SOKOL_GLCORE)
static const uint8_t cna_textured3d_fs_source_glsl410[1084] = {
    0x23,0x76,0x65,0x72,0x73,0x69,0x6f,0x6e,0x20,0x34,0x31,0x30,0x0a,0x0a,0x75,0x6e,
    0x69,0x66,0x6f,0x72,0x6d,0x20,0x76,0x65,0x63,0x34,0x20,0x74,0x65,0x78,0x74,0x75,
    0x72,0x65,0x64,0x33,0x64,0x5f,0x66,0x73,0x5f,0x70,0x61,0x72,0x61,0x6d,0x73,0x5b,
    0x31,0x5d,0x3b,0x0a,0x75,0x6e,0x69,0x66,0x6f,0x72,0x6d,0x20,0x73,0x61,0x6d,0x70,
    0x6c,0x65,0x72,0x32,0x44,0x20,0x74,0x65,0x78,0x5f,0x73,0x6d,0x70,0x3b,0x0a,0x0a,
    0x6c,0x61,0x79,0x6f,0x75,0x74,0x28,0x6c,0x6f,0x63,0x61,0x74,0x69,0x6f,0x6e,0x20,
    0x3d,0x20,0x30,0x29,0x20,0x69,0x6e,0x20,0x76,0x65,0x63,0x32,0x20,0x75,0x76,0x3b,
    0x0a,0x6c,0x61,0x79,0x6f,0x75,0x74,0x28,0x6c,0x6f,0x63,0x61,0x74,0x69,0x6f,0x6e,
    0x20,0x3d,0x20,0x31,0x29,0x20,0x69,0x6e,0x20,0x76,0x65,0x63,0x34,0x20,0x74,0x69,
    0x6e,0x74,0x3b,0x0a,0x6c,0x61,0x79,0x6f,0x75,0x74,0x28,0x6c,0x6f,0x63,0x61,0x74,
    0x69,0x6f,0x6e,0x20,0x3d,0x20,0x32,0x29,0x20,0x69,0x6e,0x20,0x76,0x65,0x63,0x34,
    0x20,0x61,0x6c,0x70,0x68,0x61,0x54,0x65,0x73,0x74,0x4f,0x75,0x74,0x3b,0x0a,0x6c,
    0x61,0x79,0x6f,0x75,0x74,0x28,0x6c,0x6f,0x63,0x61,0x74,0x69,0x6f,0x6e,0x20,0x3d,
    0x20,0x33,0x29,0x20,0x69,0x6e,0x20,0x66,0x6c,0x6f,0x61,0x74,0x20,0x66,0x6f,0x67,
    0x46,0x61,0x63,0x74,0x6f,0x72,0x3b,0x0a,0x6c,0x61,0x79,0x6f,0x75,0x74,0x28,0x6c,
    0x6f,0x63,0x61,0x74,0x69,0x6f,0x6e,0x20,0x3d,0x20,0x30,0x29,0x20,0x6f,0x75,0x74,
    0x20,0x76,0x65,0x63,0x34,0x20,0x66,0x72,0x61,0x67,0x5f,0x63,0x6f,0x6c,0x6f,0x72,
    0x3b,0x0a,0x0a,0x76,0x6f,0x69,0x64,0x20,0x6d,0x61,0x69,0x6e,0x28,0x29,0x0a,0x7b,
    0x0a,0x20,0x20,0x20,0x20,0x76,0x65,0x63,0x34,0x20,0x63,0x20,0x3d,0x20,0x74,0x65,
    0x78,0x74,0x75,0x72,0x65,0x28,0x74,0x65,0x78,0x5f,0x73,0x6d,0x70,0x2c,0x20,0x75,
    0x76,0x29,0x20,0x2a,0x20,0x74,0x69,0x6e,0x74,0x3b,0x0a,0x20,0x20,0x20,0x20,0x66,
    0x6c,0x6f,0x61,0x74,0x20,0x5f,0x34,0x30,0x3b,0x0a,0x20,0x20,0x20,0x20,0x69,0x66,
    0x20,0x28,0x61,0x6c,0x70,0x68,0x61,0x54,0x65,0x73,0x74,0x4f,0x75,0x74,0x2e,0x79,
    0x20,0x3e,0x20,0x30,0x2e,0x30,0x29,0x0a,0x20,0x20,0x20,0x20,0x7b,0x0a,0x20,0x20,
    0x20,0x20,0x20,0x20,0x20,0x20,0x66,0x6c,0x6f,0x61,0x74,0x20,0x5f,0x35,0x34,0x3b,
    0x0a,0x20,0x20,0x20,0x20,0x20,0x20,0x20,0x20,0x69,0x66,0x20,0x28,0x61,0x62,0x73,
    0x28,0x63,0x2e,0x77,0x20,0x2d,0x20,0x61,0x6c,0x70,0x68,0x61,0x54,0x65,0x73,0x74,
    0x4f,0x75,0x74,0x2e,0x78,0x29,0x20,0x3c,0x20,0x61,0x6c,0x70,0x68,0x61,0x54,0x65,
    0x73,0x74,0x4f,0x75,0x74,0x2e,0x79,0x29,0x0a,0x20,0x20,0x20,0x20,0x20,0x20,0x20,
    0x20,0x7b,0x0a,0x20,0x20,0x20,0x20,0x20,0x20,0x20,0x20,0x20,0x20,0x20,0x20,0x5f,
    0x35,0x34,0x20,0x3d,0x20,0x61,0x6c,0x70,0x68,0x61,0x54,0x65,0x73,0x74,0x4f,0x75,
    0x74,0x2e,0x7a,0x3b,0x0a,0x20,0x20,0x20,0x20,0x20,0x20,0x20,0x20,0x7d,0x0a,0x20,
    0x20,0x20,0x20,0x20,0x20,0x20,0x20,0x65,0x6c,0x73,0x65,0x0a,0x20,0x20,0x20,0x20,
    0x20,0x20,0x20,0x20,0x7b,0x0a,0x20,0x20,0x20,0x20,0x20,0x20,0x20,0x20,0x20,0x20,
    0x20,0x20,0x5f,0x35,0x34,0x20,0x3d,0x20,0x61,0x6c,0x70,0x68,0x61,0x54,0x65,0x73,
    0x74,0x4f,0x75,0x74,0x2e,0x77,0x3b,0x0a,0x20,0x20,0x20,0x20,0x20,0x20,0x20,0x20,
    0x7d,0x0a,0x20,0x20,0x20,0x20,0x20,0x20,0x20,0x20,0x5f,0x34,0x30,0x20,0x3d,0x20,
    0x5f,0x35,0x34,0x3b,0x0a,0x20,0x20,0x20,0x20,0x7d,0x0a,0x20,0x20,0x20,0x20,0x65,
    0x6c,0x73,0x65,0x0a,0x20,0x20,0x20,0x20,0x7b,0x0a,0x20,0x20,0x20,0x20,0x20,0x20,
    0x20,0x20,0x66,0x6c,0x6f,0x61,0x74,0x20,0x5f,0x37,0x30,0x3b,0x0a,0x20,0x20,0x20,
    0x20,0x20,0x20,0x20,0x20,0x69,0x66,0x20,0x28,0x63,0x2e,0x77,0x20,0x3c,0x20,0x61,
    0x6c,0x70,0x68,0x61,0x54,0x65,0x73,0x74,0x4f,0x75,0x74,0x2e,0x78,0x29,0x0a,0x20,
    0x20,0x20,0x20,0x20,0x20,0x20,0x20,0x7b,0x0a,0x20,0x20,0x20,0x20,0x20,0x20,0x20,
    0x20,0x20,0x20,0x20,0x20,0x5f,0x37,0x30,0x20,0x3d,0x20,0x61,0x6c,0x70,0x68,0x61,
    0x54,0x65,0x73,0x74,0x4f,0x75,0x74,0x2e,0x7a,0x3b,0x0a,0x20,0x20,0x20,0x20,0x20,
    0x20,0x20,0x20,0x7d,0x0a,0x20,0x20,0x20,0x20,0x20,0x20,0x20,0x20,0x65,0x6c,0x73,
    0x65,0x0a,0x20,0x20,0x20,0x20,0x20,0x20,0x20,0x20,0x7b,0x0a,0x20,0x20,0x20,0x20,
    0x20,0x20,0x20,0x20,0x20,0x20,0x20,0x20,0x5f,0x37,0x30,0x20,0x3d,0x20,0x61,0x6c,
    0x70,0x68,0x61,0x54,0x65,0x73,0x74,0x4f,0x75,0x74,0x2e,0x77,0x3b,0x0a,0x20,0x20,
    0x20,0x20,0x20,0x20,0x20,0x20,0x7d,0x0a,0x20,0x20,0x20,0x20,0x20,0x20,0x20,0x20,
    0x5f,0x34,0x30,0x20,0x3d,0x20,0x5f,0x37,0x30,0x3b,0x0a,0x20,0x20,0x20,0x20,0x7d,
    0x0a,0x20,0x20,0x20,0x20,0x69,0x66,0x20,0x28,0x5f,0x34,0x30,0x20,0x3c,0x20,0x30,
    0x2e,0x30,0x29,0x0a,0x20,0x20,0x20,0x20,0x7b,0x0a,0x20,0x20,0x20,0x20,0x20,0x20,
    0x20,0x20,0x64,0x69,0x73,0x63,0x61,0x72,0x64,0x3b,0x0a,0x20,0x20,0x20,0x20,0x7d,
    0x0a,0x20,0x20,0x20,0x20,0x76,0x65,0x63,0x34,0x20,0x5f,0x39,0x35,0x20,0x3d,0x20,
    0x63,0x3b,0x0a,0x20,0x20,0x20,0x20,0x76,0x65,0x63,0x33,0x20,0x5f,0x31,0x30,0x30,
    0x20,0x3d,0x20,0x6d,0x69,0x78,0x28,0x74,0x65,0x78,0x74,0x75,0x72,0x65,0x64,0x33,
    0x64,0x5f,0x66,0x73,0x5f,0x70,0x61,0x72,0x61,0x6d,0x73,0x5b,0x30,0x5d,0x2e,0x78,
    0x79,0x7a,0x2c,0x20,0x5f,0x39,0x35,0x2e,0x78,0x79,0x7a,0x2c,0x20,0x76,0x65,0x63,
    0x33,0x28,0x66,0x6f,0x67,0x46,0x61,0x63,0x74,0x6f,0x72,0x29,0x29,0x3b,0x0a,0x20,
    0x20,0x20,0x20,0x76,0x65,0x63,0x34,0x20,0x5f,0x31,0x31,0x33,0x20,0x3d,0x20,0x5f,
    0x39,0x35,0x3b,0x0a,0x20,0x20,0x20,0x20,0x5f,0x31,0x31,0x33,0x2e,0x78,0x20,0x3d,
    0x20,0x5f,0x31,0x30,0x30,0x2e,0x78,0x3b,0x0a,0x20,0x20,0x20,0x20,0x5f,0x31,0x31,
    0x33,0x2e,0x79,0x20,0x3d,0x20,0x5f,0x31,0x30,0x30,0x2e,0x79,0x3b,0x0a,0x20,0x20,
    0x20,0x20,0x5f,0x31,0x31,0x33,0x2e,0x7a,0x20,0x3d,0x20,0x5f,0x31,0x30,0x30,0x2e,
    0x7a,0x3b,0x0a,0x20,0x20,0x20,0x20,0x63,0x20,0x3d,0x20,0x5f,0x31,0x31,0x33,0x3b,
    0x0a,0x20,0x20,0x20,0x20,0x66,0x72,0x61,0x67,0x5f,0x63,0x6f,0x6c,0x6f,0x72,0x20,
    0x3d,0x20,0x5f,0x31,0x31,0x33,0x3b,0x0a,0x7d,0x0a,0x0a,0x00,
};
#endif
/*
    #version 300 es

    uniform vec4 textured3d_vs_params[8];
    layout(location = 0) in vec3 position;
    out vec2 uv;
    layout(location = 1) in vec2 texcoord0;
    out vec4 tint;
    layout(location = 2) in vec4 color0;
    out vec4 alphaTestOut;
    out float fogFactor;

    void main()
    {
        vec4 _31 = vec4(position, 1.0);
        gl_Position = mat4(textured3d_vs_params[0], textured3d_vs_params[1], textured3d_vs_params[2], textured3d_vs_params[3]) * _31;
        uv = texcoord0;
        tint = mix(vec4(1.0), color0, vec4(textured3d_vs_params[5].x)) * textured3d_vs_params[4];
        alphaTestOut = textured3d_vs_params[6];
        fogFactor = 1.0 - clamp(dot(_31, textured3d_vs_params[7]), 0.0, 1.0);
    }

*/
#if defined(SOKOL_GLES3)
static const uint8_t cna_textured3d_vs_source_glsl300es[660] = {
    0x23,0x76,0x65,0x72,0x73,0x69,0x6f,0x6e,0x20,0x33,0x30,0x30,0x20,0x65,0x73,0x0a,
    0x0a,0x75,0x6e,0x69,0x66,0x6f,0x72,0x6d,0x20,0x76,0x65,0x63,0x34,0x20,0x74,0x65,
    0x78,0x74,0x75,0x72,0x65,0x64,0x33,0x64,0x5f,0x76,0x73,0x5f,0x70,0x61,0x72,0x61,
    0x6d,0x73,0x5b,0x38,0x5d,0x3b,0x0a,0x6c,0x61,0x79,0x6f,0x75,0x74,0x28,0x6c,0x6f,
    0x63,0x61,0x74,0x69,0x6f,0x6e,0x20,0x3d,0x20,0x30,0x29,0x20,0x69,0x6e,0x20,0x76,
    0x65,0x63,0x33,0x20,0x70,0x6f,0x73,0x69,0x74,0x69,0x6f,0x6e,0x3b,0x0a,0x6f,0x75,
    0x74,0x20,0x76,0x65,0x63,0x32,0x20,0x75,0x76,0x3b,0x0a,0x6c,0x61,0x79,0x6f,0x75,
    0x74,0x28,0x6c,0x6f,0x63,0x61,0x74,0x69,0x6f,0x6e,0x20,0x3d,0x20,0x31,0x29,0x20,
    0x69,0x6e,0x20,0x76,0x65,0x63,0x32,0x20,0x74,0x65,0x78,0x63,0x6f,0x6f,0x72,0x64,
    0x30,0x3b,0x0a,0x6f,0x75,0x74,0x20,0x76,0x65,0x63,0x34,0x20,0x74,0x69,0x6e,0x74,
    0x3b,0x0a,0x6c,0x61,0x79,0x6f,0x75,0x74,0x28,0x6c,0x6f,0x63,0x61,0x74,0x69,0x6f,
    0x6e,0x20,0x3d,0x20,0x32,0x29,0x20,0x69,0x6e,0x20,0x76,0x65,0x63,0x34,0x20,0x63,
    0x6f,0x6c,0x6f,0x72,0x30,0x3b,0x0a,0x6f,0x75,0x74,0x20,0x76,0x65,0x63,0x34,0x20,
    0x61,0x6c,0x70,0x68,0x61,0x54,0x65,0x73,0x74,0x4f,0x75,0x74,0x3b,0x0a,0x6f,0x75,
    0x74,0x20,0x66,0x6c,0x6f,0x61,0x74,0x20,0x66,0x6f,0x67,0x46,0x61,0x63,0x74,0x6f,
    0x72,0x3b,0x0a,0x0a,0x76,0x6f,0x69,0x64,0x20,0x6d,0x61,0x69,0x6e,0x28,0x29,0x0a,
    0x7b,0x0a,0x20,0x20,0x20,0x20,0x76,0x65,0x63,0x34,0x20,0x5f,0x33,0x31,0x20,0x3d,
    0x20,0x76,0x65,0x63,0x34,0x28,0x70,0x6f,0x73,0x69,0x74,0x69,0x6f,0x6e,0x2c,0x20,
    0x31,0x2e,0x30,0x29,0x3b,0x0a,0x20,0x20,0x20,0x20,0x67,0x6c,0x5f,0x50,0x6f,0x73,
    0x69,0x74,0x69,0x6f,0x6e,0x20,0x3d,0x20,0x6d,0x61,0x74,0x34,0x28,0x74,0x65,0x78,
    0x74,0x75,0x72,0x65,0x64,0x33,0x64,0x5f,0x76,0x73,0x5f,0x70,0x61,0x72,0x61,0x6d,
    0x73,0x5b,0x30,0x5d,0x2c,0x20,0x74,0x65,0x78,0x74,0x75,0x72,0x65,0x64,0x33,0x64,
    0x5f,0x76,0x73,0x5f,0x70,0x61,0x72,0x61,0x6d,0x73,0x5b,0x31,0x5d,0x2c,0x20,0x74,
    0x65,0x78,0x74,0x75,0x72,0x65,0x64,0x33,0x64,0x5f,0x76,0x73,0x5f,0x70,0x61,0x72,
    0x61,0x6d,0x73,0x5b,0x32,0x5d,0x2c,0x20,0x74,0x65,0x78,0x74,0x75,0x72,0x65,0x64,
    0x33,0x64,0x5f,0x76,0x73,0x5f,0x70,0x61,0x72,0x61,0x6d,0x73,0x5b,0x33,0x5d,0x29,
    0x20,0x2a,0x20,0x5f,0x33,0x31,0x3b,0x0a,0x20,0x20,0x20,0x20,0x75,0x76,0x20,0x3d,
    0x20,0x74,0x65,0x78,0x63,0x6f,0x6f,0x72,0x64,0x30,0x3b,0x0a,0x20,0x20,0x20,0x20,
    0x74,0x69,0x6e,0x74,0x20,0x3d,0x20,0x6d,0x69,0x78,0x28,0x76,0x65,0x63,0x34,0x28,
    0x31,0x2e,0x30,0x29,0x2c,0x20,0x63,0x6f,0x6c,0x6f,0x72,0x30,0x2c,0x20,0x76,0x65,
    0x63,0x34,0x28,0x74,0x65,0x78,0x74,0x75,0x72,0x65,0x64,0x33,0x64,0x5f,0x76,0x73,
    0x5f,0x70,0x61,0x72,0x61,0x6d,0x73,0x5b,0x35,0x5d,0x2e,0x78,0x29,0x29,0x20,0x2a,
    0x20,0x74,0x65,0x78,0x74,0x75,0x72,0x65,0x64,0x33,0x64,0x5f,0x76,0x73,0x5f,0x70,
    0x61,0x72,0x61,0x6d,0x73,0x5b,0x34,0x5d,0x3b,0x0a,0x20,0x20,0x20,0x20,0x61,0x6c,
    0x70,0x68,0x61,0x54,0x65,0x73,0x74,0x4f,0x75,0x74,0x20,0x3d,0x20,0x74,0x65,0x78,
    0x74,0x75,0x72,0x65,0x64,0x33,0x64,0x5f,0x76,0x73,0x5f,0x70,0x61,0x72,0x61,0x6d,
    0x73,0x5b,0x36,0x5d,0x3b,0x0a,0x20,0x20,0x20,0x20,0x66,0x6f,0x67,0x46,0x61,0x63,
    0x74,0x6f,0x72,0x20,0x3d,0x20,0x31,0x2e,0x30,0x20,0x2d,0x20,0x63,0x6c,0x61,0x6d,
    0x70,0x28,0x64,0x6f,0x74,0x28,0x5f,0x33,0x31,0x2c,0x20,0x74,0x65,0x78,0x74,0x75,
    0x72,0x65,0x64,0x33,0x64,0x5f,0x76,0x73,0x5f,0x70,0x61,0x72,0x61,0x6d,0x73,0x5b,
    0x37,0x5d,0x29,0x2c,0x20,0x30,0x2e,0x30,0x2c,0x20,0x31,0x2e,0x30,0x29,0x3b,0x0a,
    0x7d,0x0a,0x0a,0x00,
};
#endif
/*
    #version 300 es
    precision mediump float;
    precision highp int;

    uniform highp vec4 textured3d_fs_params[1];
    uniform highp sampler2D tex_smp;

    in highp vec2 uv;
    in highp vec4 tint;
    in highp vec4 alphaTestOut;
    in highp float fogFactor;
    layout(location = 0) out highp vec4 frag_color;

    void main()
    {
        highp vec4 c = texture(tex_smp, uv) * tint;
        highp float _40;
        if (alphaTestOut.y > 0.0)
        {
            highp float _54;
            if (abs(c.w - alphaTestOut.x) < alphaTestOut.y)
            {
                _54 = alphaTestOut.z;
            }
            else
            {
                _54 = alphaTestOut.w;
            }
            _40 = _54;
        }
        else
        {
            highp float _70;
            if (c.w < alphaTestOut.x)
            {
                _70 = alphaTestOut.z;
            }
            else
            {
                _70 = alphaTestOut.w;
            }
            _40 = _70;
        }
        if (_40 < 0.0)
        {
            discard;
        }
        highp vec4 _95 = c;
        highp vec3 _100 = mix(textured3d_fs_params[0].xyz, _95.xyz, vec3(fogFactor));
        highp vec4 _113 = _95;
        _113.x = _100.x;
        _113.y = _100.y;
        _113.z = _100.z;
        c = _113;
        frag_color = _113;
    }

*/
#if defined(SOKOL_GLES3)
static const uint8_t cna_textured3d_fs_source_glsl300es[1133] = {
    0x23,0x76,0x65,0x72,0x73,0x69,0x6f,0x6e,0x20,0x33,0x30,0x30,0x20,0x65,0x73,0x0a,
    0x70,0x72,0x65,0x63,0x69,0x73,0x69,0x6f,0x6e,0x20,0x6d,0x65,0x64,0x69,0x75,0x6d,
    0x70,0x20,0x66,0x6c,0x6f,0x61,0x74,0x3b,0x0a,0x70,0x72,0x65,0x63,0x69,0x73,0x69,
    0x6f,0x6e,0x20,0x68,0x69,0x67,0x68,0x70,0x20,0x69,0x6e,0x74,0x3b,0x0a,0x0a,0x75,
    0x6e,0x69,0x66,0x6f,0x72,0x6d,0x20,0x68,0x69,0x67,0x68,0x70,0x20,0x76,0x65,0x63,
    0x34,0x20,0x74,0x65,0x78,0x74,0x75,0x72,0x65,0x64,0x33,0x64,0x5f,0x66,0x73,0x5f,
    0x70,0x61,0x72,0x61,0x6d,0x73,0x5b,0x31,0x5d,0x3b,0x0a,0x75,0x6e,0x69,0x66,0x6f,
    0x72,0x6d,0x20,0x68,0x69,0x67,0x68,0x70,0x20,0x73,0x61,0x6d,0x70,0x6c,0x65,0x72,
    0x32,0x44,0x20,0x74,0x65,0x78,0x5f,0x73,0x6d,0x70,0x3b,0x0a,0x0a,0x69,0x6e,0x20,
    0x68,0x69,0x67,0x68,0x70,0x20,0x76,0x65,0x63,0x32,0x20,0x75,0x76,0x3b,0x0a,0x69,
    0x6e,0x20,0x68,0x69,0x67,0x68,0x70,0x20,0x76,0x65,0x63,0x34,0x20,0x74,0x69,0x6e,
    0x74,0x3b,0x0a,0x69,0x6e,0x20,0x68,0x69,0x67,0x68,0x70,0x20,0x76,0x65,0x63,0x34,
    0x20,0x61,0x6c,0x70,0x68,0x61,0x54,0x65,0x73,0x74,0x4f,0x75,0x74,0x3b,0x0a,0x69,
    0x6e,0x20,0x68,0x69,0x67,0x68,0x70,0x20,0x66,0x6c,0x6f,0x61,0x74,0x20,0x66,0x6f,
    0x67,0x46,0x61,0x63,0x74,0x6f,0x72,0x3b,0x0a,0x6c,0x61,0x79,0x6f,0x75,0x74,0x28,
    0x6c,0x6f,0x63,0x61,0x74,0x69,0x6f,0x6e,0x20,0x3d,0x20,0x30,0x29,0x20,0x6f,0x75,
    0x74,0x20,0x68,0x69,0x67,0x68,0x70,0x20,0x76,0x65,0x63,0x34,0x20,0x66,0x72,0x61,
    0x67,0x5f,0x63,0x6f,0x6c,0x6f,0x72,0x3b,0x0a,0x0a,0x76,0x6f,0x69,0x64,0x20,0x6d,
    0x61,0x69,0x6e,0x28,0x29,0x0a,0x7b,0x0a,0x20,0x20,0x20,0x20,0x68,0x69,0x67,0x68,
    0x70,0x20,0x76,0x65,0x63,0x34,0x20,0x63,0x20,0x3d,0x20,0x74,0x65,0x78,0x74,0x75,
    0x72,0x65,0x28,0x74,0x65,0x78,0x5f,0x73,0x6d,0x70,0x2c,0x20,0x75,0x76,0x29,0x20,
    0x2a,0x20,0x74,0x69,0x6e,0x74,0x3b,0x0a,0x20,0x20,0x20,0x20,0x68,0x69,0x67,0x68,
    0x70,0x20,0x66,0x6c,0x6f,0x61,0x74,0x20,0x5f,0x34,0x30,0x3b,0x0a,0x20,0x20,0x20,
    0x20,0x69,0x66,0x20,0x28,0x61,0x6c,0x70,0x68,0x61,0x54,0x65,0x73,0x74,0x4f,0x75,
    0x74,0x2e,0x79,0x20,0x3e,0x20,0x30,0x2e,0x30,0x29,0x0a,0x20,0x20,0x20,0x20,0x7b,
    0x0a,0x20,0x20,0x20,0x20,0x20,0x20,0x20,0x20,0x68,0x69,0x67,0x68,0x70,0x20,0x66,
    0x6c,0x6f,0x61,0x74,0x20,0x5f,0x35,0x34,0x3b,0x0a,0x20,0x20,0x20,0x20,0x20,0x20,
    0x20,0x20,0x69,0x66,0x20,0x28,0x61,0x62,0x73,0x28,0x63,0x2e,0x77,0x20,0x2d,0x20,
    0x61,0x6c,0x70,0x68,0x61,0x54,0x65,0x73,0x74,0x4f,0x75,0x74,0x2e,0x78,0x29,0x20,
    0x3c,0x20,0x61,0x6c,0x70,0x68,0x61,0x54,0x65,0x73,0x74,0x4f,0x75,0x74,0x2e,0x79,
    0x29,0x0a,0x20,0x20,0x20,0x20,0x20,0x20,0x20,0x20,0x7b,0x0a,0x20,0x20,0x20,0x20,
    0x20,0x20,0x20,0x20,0x20,0x20,0x20,0x20,0x5f,0x35,0x34,0x20,0x3d,0x20,0x61,0x6c,
    0x70,0x68,0x61,0x54,0x65,0x73,0x74,0x4f,0x75,0x74,0x2e,0x7a,0x3b,0x0a,0x20,0x20,
    0x20,0x20,0x20,0x20,0x20,0x20,0x7d,0x0a,0x20,0x20,0x20,0x20,0x20,0x20,0x20,0x20,
    0x65,0x6c,0x73,0x65,0x0a,0x20,0x20,0x20,0x20,0x20,0x20,0x20,0x20,0x7b,0x0a,0x20,
    0x20,0x20,0x20,0x20,0x20,0x20,0x20,0x20,0x20,0x20,0x20,0x5f,0x35,0x34,0x20,0x3d,
    0x20,0x61,0x6c,0x70,0x68,0x61,0x54,0x65,0x73,0x74,0x4f,0x75,0x74,0x2e,0x77,0x3b,
    0x0a,0x20,0x20,0x20,0x20,0x20,0x20,0x20,0x20,0x7d,0x0a,0x20,0x20,0x20,0x20,0x20,
    0x20,0x20,0x20,0x5f,0x34,0x30,0x20,0x3d,0x20,0x5f,0x35,0x34,0x3b,0x0a,0x20,0x20,
    0x20,0x20,0x7d,0x0a,0x20,0x20,0x20,0x20,0x65,0x6c,0x73,0x65,0x0a,0x20,0x20,0x20,
    0x20,0x7b,0x0a,0x20,0x20,0x20,0x20,0x20,0x20,0x20,0x20,0x68,0x69,0x67,0x68,0x70,
    0x20,0x66,0x6c,0x6f,0x61,0x74,0x20,0x5f,0x37,0x30,0x3b,0x0a,0x20,0x20,0x20,0x20,
    0x20,0x20,0x20,0x20,0x69,0x66,0x20,0x28,0x63,0x2e,0x77,0x20,0x3c,0x20,0x61,0x6c,
    0x70,0x68,0x61,0x54,0x65,0x73,0x74,0x4f,0x75,0x74,0x2e,0x78,0x29,0x0a,0x20,0x20,
    0x20,0x20,0x20,0x20,0x20,0x20,0x7b,0x0a,0x20,0x20,0x20,0x20,0x20,0x20,0x20,0x20,
    0x20,0x20,0x20,0x20,0x5f,0x37,0x30,0x20,0x3d,0x20,0x61,0x6c,0x70,0x68,0x61,0x54,
    0x65,0x73,0x74,0x4f,0x75,0x74,0x2e,0x7a,0x3b,0x0a,0x20,0x20,0x20,0x20,0x20,0x20,
    0x20,0x20,0x7d,0x0a,0x20,0x20,0x20,0x20,0x20,0x20,0x20,0x20,0x65,0x6c,0x73,0x65,
    0x0a,0x20,0x20,0x20,0x20,0x20,0x20,0x20,0x20,0x7b,0x0a,0x20,0x20,0x20,0x20,0x20,
    0x20,0x20,0x20,0x20,0x20,0x20,0x20,0x5f,0x37,0x30,0x20,0x3d,0x20,0x61,0x6c,0x70,
    0x68,0x61,0x54,0x65,0x73,0x74,0x4f,0x75,0x74,0x2e,0x77,0x3b,0x0a,0x20,0x20,0x20,
    0x20,0x20,0x20,0x20,0x20,0x7d,0x0a,0x20,0x20,0x20,0x20,0x20,0x20,0x20,0x20,0x5f,
    0x34,0x30,0x20,0x3d,0x20,0x5f,0x37,0x30,0x3b,0x0a,0x20,0x20,0x20,0x20,0x7d,0x0a,
    0x20,0x20,0x20,0x20,0x69,0x66,0x20,0x28,0x5f,0x34,0x30,0x20,0x3c,0x20,0x30,0x2e,
    0x30,0x29,0x0a,0x20,0x20,0x20,0x20,0x7b,0x0a,0x20,0x20,0x20,0x20,0x20,0x20,0x20,
    0x20,0x64,0x69,0x73,0x63,0x61,0x72,0x64,0x3b,0x0a,0x20,0x20,0x20,0x20,0x7d,0x0a,
    0x20,0x20,0x20,0x20,0x68,0x69,0x67,0x68,0x70,0x20,0x76,0x65,0x63,0x34,0x20,0x5f,
    0x39,0x35,0x20,0x3d,0x20,0x63,0x3b,0x0a,0x20,0x20,0x20,0x20,0x68,0x69,0x67,0x68,
    0x70,0x20,0x76,0x65,0x63,0x33,0x20,0x5f,0x31,0x30,0x30,0x20,0x3d,0x20,0x6d,0x69,
    0x78,0x28,0x74,0x65,0x78,0x74,0x75,0x72,0x65,0x64,0x33,0x64,0x5f,0x66,0x73,0x5f,
    0x70,0x61,0x72,0x61,0x6d,0x73,0x5b,0x30,0x5d,0x2e,0x78,0x79,0x7a,0x2c,0x20,0x5f,
    0x39,0x35,0x2e,0x78,0x79,0x7a,0x2c,0x20,0x76,0x65,0x63,0x33,0x28,0x66,0x6f,0x67,
    0x46,0x61,0x63,0x74,0x6f,0x72,0x29,0x29,0x3b,0x0a,0x20,0x20,0x20,0x20,0x68,0x69,
    0x67,0x68,0x70,0x20,0x76,0x65,0x63,0x34,0x20,0x5f,0x31,0x31,0x33,0x20,0x3d,0x20,
    0x5f,0x39,0x35,0x3b,0x0a,0x20,0x20,0x20,0x20,0x5f,0x31,0x31,0x33,0x2e,0x78,0x20,
    0x3d,0x20,0x5f,0x31,0x30,0x30,0x2e,0x78,0x3b,0x0a,0x20,0x20,0x20,0x20,0x5f,0x31,
    0x31,0x33,0x2e,0x79,0x20,0x3d,0x20,0x5f,0x31,0x30,0x30,0x2e,0x79,0x3b,0x0a,0x20,
    0x20,0x20,0x20,0x5f,0x31,0x31,0x33,0x2e,0x7a,0x20,0x3d,0x20,0x5f,0x31,0x30,0x30,
    0x2e,0x7a,0x3b,0x0a,0x20,0x20,0x20,0x20,0x63,0x20,0x3d,0x20,0x5f,0x31,0x31,0x33,
    0x3b,0x0a,0x20,0x20,0x20,0x20,0x66,0x72,0x61,0x67,0x5f,0x63,0x6f,0x6c,0x6f,0x72,
    0x20,0x3d,0x20,0x5f,0x31,0x31,0x33,0x3b,0x0a,0x7d,0x0a,0x0a,0x00,
};
#endif
/*
    cbuffer textured3d_vs_params : register(b0)
    {
        row_major float4x4 _19_mvp : packoffset(c0);
        float4 _19_diffuse : packoffset(c4);
        float4 _19_flags : packoffset(c5);
        float4 _19_alphaTest : packoffset(c6);
        float4 _19_fogVector : packoffset(c7);
    };


    static float4 gl_Position;
    static float3 position;
    static float2 uv;
    static float2 texcoord0;
    static float4 tint;
    static float4 color0;
    static float4 alphaTestOut;
    static float fogFactor;

    struct SPIRV_Cross_Input
    {
        float3 position : TEXCOORD0;
        float2 texcoord0 : TEXCOORD1;
        float4 color0 : TEXCOORD2;
    };

    struct SPIRV_Cross_Output
    {
        float2 uv : TEXCOORD0;
        float4 tint : TEXCOORD1;
        float4 alphaTestOut : TEXCOORD2;
        float fogFactor : TEXCOORD3;
        float4 gl_Position : SV_Position;
    };

    void vert_main()
    {
        float4 _31 = float4(position, 1.0f);
        gl_Position = mul(_31, _19_mvp);
        uv = texcoord0;
        tint = lerp(1.0f.xxxx, color0, _19_flags.x.xxxx) * _19_diffuse;
        alphaTestOut = _19_alphaTest;
        fogFactor = 1.0f - clamp(dot(_31, _19_fogVector), 0.0f, 1.0f);
    }

    SPIRV_Cross_Output main(SPIRV_Cross_Input stage_input)
    {
        position = stage_input.position;
        texcoord0 = stage_input.texcoord0;
        color0 = stage_input.color0;
        vert_main();
        SPIRV_Cross_Output stage_output;
        stage_output.gl_Position = gl_Position;
        stage_output.uv = uv;
        stage_output.tint = tint;
        stage_output.alphaTestOut = alphaTestOut;
        stage_output.fogFactor = fogFactor;
        return stage_output;
    }
*/
#if defined(SOKOL_D3D11)
static const uint8_t cna_textured3d_vs_source_hlsl5[1503] = {
    0x63,0x62,0x75,0x66,0x66,0x65,0x72,0x20,0x74,0x65,0x78,0x74,0x75,0x72,0x65,0x64,
    0x33,0x64,0x5f,0x76,0x73,0x5f,0x70,0x61,0x72,0x61,0x6d,0x73,0x20,0x3a,0x20,0x72,
    0x65,0x67,0x69,0x73,0x74,0x65,0x72,0x28,0x62,0x30,0x29,0x0a,0x7b,0x0a,0x20,0x20,
    0x20,0x20,0x72,0x6f,0x77,0x5f,0x6d,0x61,0x6a,0x6f,0x72,0x20,0x66,0x6c,0x6f,0x61,
    0x74,0x34,0x78,0x34,0x20,0x5f,0x31,0x39,0x5f,0x6d,0x76,0x70,0x20,0x3a,0x20,0x70,
    0x61,0x63,0x6b,0x6f,0x66,0x66,0x73,0x65,0x74,0x28,0x63,0x30,0x29,0x3b,0x0a,0x20,
    0x20,0x20,0x20,0x66,0x6c,0x6f,0x61,0x74,0x34,0x20,0x5f,0x31,0x39,0x5f,0x64,0x69,
    0x66,0x66,0x75,0x73,0x65,0x20,0x3a,0x20,0x70,0x61,0x63,0x6b,0x6f,0x66,0x66,0x73,
    0x65,0x74,0x28,0x63,0x34,0x29,0x3b,0x0a,0x20,0x20,0x20,0x20,0x66,0x6c,0x6f,0x61,
    0x74,0x34,0x20,0x5f,0x31,0x39,0x5f,0x66,0x6c,0x61,0x67,0x73,0x20,0x3a,0x20,0x70,
    0x61,0x63,0x6b,0x6f,0x66,0x66,0x73,0x65,0x74,0x28,0x63,0x35,0x29,0x3b,0x0a,0x20,
    0x20,0x20,0x20,0x66,0x6c,0x6f,0x61,0x74,0x34,0x20,0x5f,0x31,0x39,0x5f,0x61,0x6c,
    0x70,0x68,0x61,0x54,0x65,0x73,0x74,0x20,0x3a,0x20,0x70,0x61,0x63,0x6b,0x6f,0x66,
    0x66,0x73,0x65,0x74,0x28,0x63,0x36,0x29,0x3b,0x0a,0x20,0x20,0x20,0x20,0x66,0x6c,
    0x6f,0x61,0x74,0x34,0x20,0x5f,0x31,0x39,0x5f,0x66,0x6f,0x67,0x56,0x65,0x63,0x74,
    0x6f,0x72,0x20,0x3a,0x20,0x70,0x61,0x63,0x6b,0x6f,0x66,0x66,0x73,0x65,0x74,0x28,
    0x63,0x37,0x29,0x3b,0x0a,0x7d,0x3b,0x0a,0x0a,0x0a,0x73,0x74,0x61,0x74,0x69,0x63,
    0x20,0x66,0x6c,0x6f,0x61,0x74,0x34,0x20,0x67,0x6c,0x5f,0x50,0x6f,0x73,0x69,0x74,
    0x69,0x6f,0x6e,0x3b,0x0a,0x73,0x74,0x61,0x74,0x69,0x63,0x20,0x66,0x6c,0x6f,0x61,
    0x74,0x33,0x20,0x70,0x6f,0x73,0x69,0x74,0x69,0x6f,0x6e,0x3b,0x0a,0x73,0x74,0x61,
    0x74,0x69,0x63,0x20,0x66,0x6c,0x6f,0x61,0x74,0x32,0x20,0x75,0x76,0x3b,0x0a,0x73,
    0x74,0x61,0x74,0x69,0x63,0x20,0x66,0x6c,0x6f,0x61,0x74,0x32,0x20,0x74,0x65,0x78,
    0x63,0x6f,0x6f,0x72,0x64,0x30,0x3b,0x0a,0x73,0x74,0x61,0x74,0x69,0x63,0x20,0x66,
    0x6c,0x6f,0x61,0x74,0x34,0x20,0x74,0x69,0x6e,0x74,0x3b,0x0a,0x73,0x74,0x61,0x74,
    0x69,0x63,0x20,0x66,0x6c,0x6f,0x61,0x74,0x34,0x20,0x63,0x6f,0x6c,0x6f,0x72,0x30,
    0x3b,0x0a,0x73,0x74,0x61,0x74,0x69,0x63,0x20,0x66,0x6c,0x6f,0x61,0x74,0x34,0x20,
    0x61,0x6c,0x70,0x68,0x61,0x54,0x65,0x73,0x74,0x4f,0x75,0x74,0x3b,0x0a,0x73,0x74,
    0x61,0x74,0x69,0x63,0x20,0x66,0x6c,0x6f,0x61,0x74,0x20,0x66,0x6f,0x67,0x46,0x61,
    0x63,0x74,0x6f,0x72,0x3b,0x0a,0x0a,0x73,0x74,0x72,0x75,0x63,0x74,0x20,0x53,0x50,
    0x49,0x52,0x56,0x5f,0x43,0x72,0x6f,0x73,0x73,0x5f,0x49,0x6e,0x70,0x75,0x74,0x0a,
    0x7b,0x0a,0x20,0x20,0x20,0x20,0x66,0x6c,0x6f,0x61,0x74,0x33,0x20,0x70,0x6f,0x73,
    0x69,0x74,0x69,0x6f,0x6e,0x20,0x3a,0x20,0x54,0x45,0x58,0x43,0x4f,0x4f,0x52,0x44,
    0x30,0x3b,0x0a,0x20,0x20,0x20,0x20,0x66,0x6c,0x6f,0x61,0x74,0x32,0x20,0x74,0x65,
    0x78,0x63,0x6f,0x6f,0x72,0x64,0x30,0x20,0x3a,0x20,0x54,0x45,0x58,0x43,0x4f,0x4f,
    0x52,0x44,0x31,0x3b,0x0a,0x20,0x20,0x20,0x20,0x66,0x6c,0x6f,0x61,0x74,0x34,0x20,
    0x63,0x6f,0x6c,0x6f,0x72,0x30,0x20,0x3a,0x20,0x54,0x45,0x58,0x43,0x4f,0x4f,0x52,
    0x44,0x32,0x3b,0x0a,0x7d,0x3b,0x0a,0x0a,0x73,0x74,0x72,0x75,0x63,0x74,0x20,0x53,
    0x50,0x49,0x52,0x56,0x5f,0x43,0x72,0x6f,0x73,0x73,0x5f,0x4f,0x75,0x74,0x70,0x75,
    0x74,0x0a,0x7b,0x0a,0x20,0x20,0x20,0x20,0x66,0x6c,0x6f,0x61,0x74,0x32,0x20,0x75,
    0x76,0x20,0x3a,0x20,0x54,0x45,0x58,0x43,0x4f,0x4f,0x52,0x44,0x30,0x3b,0x0a,0x20,
    0x20,0x20,0x20,0x66,0x6c,0x6f,0x61,0x74,0x34,0x20,0x74,0x69,0x6e,0x74,0x20,0x3a,
    0x20,0x54,0x45,0x58,0x43,0x4f,0x4f,0x52,0x44,0x31,0x3b,0x0a,0x20,0x20,0x20,0x20,
    0x66,0x6c,0x6f,0x61,0x74,0x34,0x20,0x61,0x6c,0x70,0x68,0x61,0x54,0x65,0x73,0x74,
    0x4f,0x75,0x74,0x20,0x3a,0x20,0x54,0x45,0x58,0x43,0x4f,0x4f,0x52,0x44,0x32,0x3b,
    0x0a,0x20,0x20,0x20,0x20,0x66,0x6c,0x6f,0x61,0x74,0x20,0x66,0x6f,0x67,0x46,0x61,
    0x63,0x74,0x6f,0x72,0x20,0x3a,0x20,0x54,0x45,0x58,0x43,0x4f,0x4f,0x52,0x44,0x33,
    0x3b,0x0a,0x20,0x20,0x20,0x20,0x66,0x6c,0x6f,0x61,0x74,0x34,0x20,0x67,0x6c,0x5f,
    0x50,0x6f,0x73,0x69,0x74,0x69,0x6f,0x6e,0x20,0x3a,0x20,0x53,0x56,0x5f,0x50,0x6f,
    0x73,0x69,0x74,0x69,0x6f,0x6e,0x3b,0x0a,0x7d,0x3b,0x0a,0x0a,0x76,0x6f,0x69,0x64,
    0x20,0x76,0x65,0x72,0x74,0x5f,0x6d,0x61,0x69,0x6e,0x28,0x29,0x0a,0x7b,0x0a,0x20,
    0x20,0x20,0x20,0x66,0x6c,0x6f,0x61,0x74,0x34,0x20,0x5f,0x33,0x31,0x20,0x3d,0x20,
    0x66,0x6c,0x6f,0x61,0x74,0x34,0x28,0x70,0x6f,0x73,0x69,0x74,0x69,0x6f,0x6e,0x2c,
    0x20,0x31,0x2e,0x30,0x66,0x29,0x3b,0x0a,0x20,0x20,0x20,0x20,0x67,0x6c,0x5f,0x50,
    0x6f,0x73,0x69,0x74,0x69,0x6f,0x6e,0x20,0x3d,0x20,0x6d,0x75,0x6c,0x28,0x5f,0x33,
    0x31,0x2c,0x20,0x5f,0x31,0x39,0x5f,0x6d,0x76,0x70,0x29,0x3b,0x0a,0x20,0x20,0x20,
    0x20,0x75,0x76,0x20,0x3d,0x20,0x74,0x65,0x78,0x63,0x6f,0x6f,0x72,0x64,0x30,0x3b,
    0x0a,0x20,0x20,0x20,0x20,0x74,0x69,0x6e,0x74,0x20,0x3d,0x20,0x6c,0x65,0x72,0x70,
    0x28,0x31,0x2e,0x30,0x66,0x2e,0x78,0x78,0x78,0x78,0x2c,0x20,0x63,0x6f,0x6c,0x6f,
    0x72,0x30,0x2c,0x20,0x5f,0x31,0x39,0x5f,0x66,0x6c,0x61,0x67,0x73,0x2e,0x78,0x2e,
    0x78,0x78,0x78,0x78,0x29,0x20,0x2a,0x20,0x5f,0x31,0x39,0x5f,0x64,0x69,0x66,0x66,
    0x75,0x73,0x65,0x3b,0x0a,0x20,0x20,0x20,0x20,0x61,0x6c,0x70,0x68,0x61,0x54,0x65,
    0x73,0x74,0x4f,0x75,0x74,0x20,0x3d,0x20,0x5f,0x31,0x39,0x5f,0x61,0x6c,0x70,0x68,
    0x61,0x54,0x65,0x73,0x74,0x3b,0x0a,0x20,0x20,0x20,0x20,0x66,0x6f,0x67,0x46,0x61,
    0x63,0x74,0x6f,0x72,0x20,0x3d,0x20,0x31,0x2e,0x30,0x66,0x20,0x2d,0x20,0x63,0x6c,
    0x61,0x6d,0x70,0x28,0x64,0x6f,0x74,0x28,0x5f,0x33,0x31,0x2c,0x20,0x5f,0x31,0x39,
    0x5f,0x66,0x6f,0x67,0x56,0x65,0x63,0x74,0x6f,0x72,0x29,0x2c,0x20,0x30,0x2e,0x30,
    0x66,0x2c,0x20,0x31,0x2e,0x30,0x66,0x29,0x3b,0x0a,0x7d,0x0a,0x0a,0x53,0x50,0x49,
    0x52,0x56,0x5f,0x43,0x72,0x6f,0x73,0x73,0x5f,0x4f,0x75,0x74,0x70,0x75,0x74,0x20,
    0x6d,0x61,0x69,0x6e,0x28,0x53,0x50,0x49,0x52,0x56,0x5f,0x43,0x72,0x6f,0x73,0x73,
    0x5f,0x49,0x6e,0x70,0x75,0x74,0x20,0x73,0x74,0x61,0x67,0x65,0x5f,0x69,0x6e,0x70,
    0x75,0x74,0x29,0x0a,0x7b,0x0a,0x20,0x20,0x20,0x20,0x70,0x6f,0x73,0x69,0x74,0x69,
    0x6f,0x6e,0x20,0x3d,0x20,0x73,0x74,0x61,0x67,0x65,0x5f,0x69,0x6e,0x70,0x75,0x74,
    0x2e,0x70,0x6f,0x73,0x69,0x74,0x69,0x6f,0x6e,0x3b,0x0a,0x20,0x20,0x20,0x20,0x74,
    0x65,0x78,0x63,0x6f,0x6f,0x72,0x64,0x30,0x20,0x3d,0x20,0x73,0x74,0x61,0x67,0x65,
    0x5f,0x69,0x6e,0x70,0x75,0x74,0x2e,0x74,0x65,0x78,0x63,0x6f,0x6f,0x72,0x64,0x30,
    0x3b,0x0a,0x20,0x20,0x20,0x20,0x63,0x6f,0x6c,0x6f,0x72,0x30,0x20,0x3d,0x20,0x73,
    0x74,0x61,0x67,0x65,0x5f,0x69,0x6e,0x70,0x75,0x74,0x2e,0x63,0x6f,0x6c,0x6f,0x72,
    0x30,0x3b,0x0a,0x20,0x20,0x20,0x20,0x76,0x65,0x72,0x74,0x5f,0x6d,0x61,0x69,0x6e,
    0x28,0x29,0x3b,0x0a,0x20,0x20,0x20,0x20,0x53,0x50,0x49,0x52,0x56,0x5f,0x43,0x72,
    0x6f,0x73,0x73,0x5f,0x4f,0x75,0x74,0x70,0x75,0x74,0x20,0x73,0x74,0x61,0x67,0x65,
    0x5f,0x6f,0x75,0x74,0x70,0x75,0x74,0x3b,0x0a,0x20,0x20,0x20,0x20,0x73,0x74,0x61,
    0x67,0x65,0x5f,0x6f,0x75,0x74,0x70,0x75,0x74,0x2e,0x67,0x6c,0x5f,0x50,0x6f,0x73,
    0x69,0x74,0x69,0x6f,0x6e,0x20,0x3d,0x20,0x67,0x6c,0x5f,0x50,0x6f,0x73,0x69,0x74,
    0x69,0x6f,0x6e,0x3b,0x0a,0x20,0x20,0x20,0x20,0x73,0x74,0x61,0x67,0x65,0x5f,0x6f,
    0x75,0x74,0x70,0x75,0x74,0x2e,0x75,0x76,0x20,0x3d,0x20,0x75,0x76,0x3b,0x0a,0x20,
    0x20,0x20,0x20,0x73,0x74,0x61,0x67,0x65,0x5f,0x6f,0x75,0x74,0x70,0x75,0x74,0x2e,
    0x74,0x69,0x6e,0x74,0x20,0x3d,0x20,0x74,0x69,0x6e,0x74,0x3b,0x0a,0x20,0x20,0x20,
    0x20,0x73,0x74,0x61,0x67,0x65,0x5f,0x6f,0x75,0x74,0x70,0x75,0x74,0x2e,0x61,0x6c,
    0x70,0x68,0x61,0x54,0x65,0x73,0x74,0x4f,0x75,0x74,0x20,0x3d,0x20,0x61,0x6c,0x70,
    0x68,0x61,0x54,0x65,0x73,0x74,0x4f,0x75,0x74,0x3b,0x0a,0x20,0x20,0x20,0x20,0x73,
    0x74,0x61,0x67,0x65,0x5f,0x6f,0x75,0x74,0x70,0x75,0x74,0x2e,0x66,0x6f,0x67,0x46,
    0x61,0x63,0x74,0x6f,0x72,0x20,0x3d,0x20,0x66,0x6f,0x67,0x46,0x61,0x63,0x74,0x6f,
    0x72,0x3b,0x0a,0x20,0x20,0x20,0x20,0x72,0x65,0x74,0x75,0x72,0x6e,0x20,0x73,0x74,
    0x61,0x67,0x65,0x5f,0x6f,0x75,0x74,0x70,0x75,0x74,0x3b,0x0a,0x7d,0x0a,0x00,
};
#endif
/*
    cbuffer textured3d_fs_params : register(b1)
    {
        float4 _87_fogColor : packoffset(c0);
    };

    Texture2D<float4> tex : register(t0);
    SamplerState smp : register(s0);

    static float2 uv;
    static float4 tint;
    static float4 alphaTestOut;
    static float fogFactor;
    static float4 frag_color;

    struct SPIRV_Cross_Input
    {
        float2 uv : TEXCOORD0;
        float4 tint : TEXCOORD1;
        float4 alphaTestOut : TEXCOORD2;
        float fogFactor : TEXCOORD3;
    };

    struct SPIRV_Cross_Output
    {
        float4 frag_color : SV_Target0;
    };

    void frag_main()
    {
        float4 c = tex.Sample(smp, uv) * tint;
        float _40;
        if (alphaTestOut.y > 0.0f)
        {
            float _54;
            if (abs(c.w - alphaTestOut.x) < alphaTestOut.y)
            {
                _54 = alphaTestOut.z;
            }
            else
            {
                _54 = alphaTestOut.w;
            }
            _40 = _54;
        }
        else
        {
            float _70;
            if (c.w < alphaTestOut.x)
            {
                _70 = alphaTestOut.z;
            }
            else
            {
                _70 = alphaTestOut.w;
            }
            _40 = _70;
        }
        if (_40 < 0.0f)
        {
            discard;
        }
        float4 _95 = c;
        float3 _100 = lerp(_87_fogColor.xyz, _95.xyz, fogFactor.xxx);
        float4 _113 = _95;
        _113.x = _100.x;
        _113.y = _100.y;
        _113.z = _100.z;
        c = _113;
        frag_color = _113;
    }

    SPIRV_Cross_Output main(SPIRV_Cross_Input stage_input)
    {
        uv = stage_input.uv;
        tint = stage_input.tint;
        alphaTestOut = stage_input.alphaTestOut;
        fogFactor = stage_input.fogFactor;
        frag_main();
        SPIRV_Cross_Output stage_output;
        stage_output.frag_color = frag_color;
        return stage_output;
    }
*/
#if defined(SOKOL_D3D11)
static const uint8_t cna_textured3d_fs_source_hlsl5[1635] = {
    0x63,0x62,0x75,0x66,0x66,0x65,0x72,0x20,0x74,0x65,0x78,0x74,0x75,0x72,0x65,0x64,
    0x33,0x64,0x5f,0x66,0x73,0x5f,0x70,0x61,0x72,0x61,0x6d,0x73,0x20,0x3a,0x20,0x72,
    0x65,0x67,0x69,0x73,0x74,0x65,0x72,0x28,0x62,0x31,0x29,0x0a,0x7b,0x0a,0x20,0x20,
    0x20,0x20,0x66,0x6c,0x6f,0x61,0x74,0x34,0x20,0x5f,0x38,0x37,0x5f,0x66,0x6f,0x67,
    0x43,0x6f,0x6c,0x6f,0x72,0x20,0x3a,0x20,0x70,0x61,0x63,0x6b,0x6f,0x66,0x66,0x73,
    0x65,0x74,0x28,0x63,0x30,0x29,0x3b,0x0a,0x7d,0x3b,0x0a,0x0a,0x54,0x65,0x78,0x74,
    0x75,0x72,0x65,0x32,0x44,0x3c,0x66,0x6c,0x6f,0x61,0x74,0x34,0x3e,0x20,0x74,0x65,
    0x78,0x20,0x3a,0x20,0x72,0x65,0x67,0x69,0x73,0x74,0x65,0x72,0x28,0x74,0x30,0x29,
    0x3b,0x0a,0x53,0x61,0x6d,0x70,0x6c,0x65,0x72,0x53,0x74,0x61,0x74,0x65,0x20,0x73,
    0x6d,0x70,0x20,0x3a,0x20,0x72,0x65,0x67,0x69,0x73,0x74,0x65,0x72,0x28,0x73,0x30,
    0x29,0x3b,0x0a,0x0a,0x73,0x74,0x61,0x74,0x69,0x63,0x20,0x66,0x6c,0x6f,0x61,0x74,
    0x32,0x20,0x75,0x76,0x3b,0x0a,0x73,0x74,0x61,0x74,0x69,0x63,0x20,0x66,0x6c,0x6f,
    0x61,0x74,0x34,0x20,0x74,0x69,0x6e,0x74,0x3b,0x0a,0x73,0x74,0x61,0x74,0x69,0x63,
    0x20,0x66,0x6c,0x6f,0x61,0x74,0x34,0x20,0x61,0x6c,0x70,0x68,0x61,0x54,0x65,0x73,
    0x74,0x4f,0x75,0x74,0x3b,0x0a,0x73,0x74,0x61,0x74,0x69,0x63,0x20,0x66,0x6c,0x6f,
    0x61,0x74,0x20,0x66,0x6f,0x67,0x46,0x61,0x63,0x74,0x6f,0x72,0x3b,0x0a,0x73,0x74,
    0x61,0x74,0x69,0x63,0x20,0x66,0x6c,0x6f,0x61,0x74,0x34,0x20,0x66,0x72,0x61,0x67,
    0x5f,0x63,0x6f,0x6c,0x6f,0x72,0x3b,0x0a,0x0a,0x73,0x74,0x72,0x75,0x63,0x74,0x20,
    0x53,0x50,0x49,0x52,0x56,0x5f,0x43,0x72,0x6f,0x73,0x73,0x5f,0x49,0x6e,0x70,0x75,
    0x74,0x0a,0x7b,0x0a,0x20,0x20,0x20,0x20,0x66,0x6c,0x6f,0x61,0x74,0x32,0x20,0x75,
    0x76,0x20,0x3a,0x20,0x54,0x45,0x58,0x43,0x4f,0x4f,0x52,0x44,0x30,0x3b,0x0a,0x20,
    0x20,0x20,0x20,0x66,0x6c,0x6f,0x61,0x74,0x34,0x20,0x74,0x69,0x6e,0x74,0x20,0x3a,
    0x20,0x54,0x45,0x58,0x43,0x4f,0x4f,0x52,0x44,0x31,0x3b,0x0a,0x20,0x20,0x20,0x20,
    0x66,0x6c,0x6f,0x61,0x74,0x34,0x20,0x61,0x6c,0x70,0x68,0x61,0x54,0x65,0x73,0x74,
    0x4f,0x75,0x74,0x20,0x3a,0x20,0x54,0x45,0x58,0x43,0x4f,0x4f,0x52,0x44,0x32,0x3b,
    0x0a,0x20,0x20,0x20,0x20,0x66,0x6c,0x6f,0x61,0x74,0x20,0x66,0x6f,0x67,0x46,0x61,
    0x63,0x74,0x6f,0x72,0x20,0x3a,0x20,0x54,0x45,0x58,0x43,0x4f,0x4f,0x52,0x44,0x33,
    0x3b,0x0a,0x7d,0x3b,0x0a,0x0a,0x73,0x74,0x72,0x75,0x63,0x74,0x20,0x53,0x50,0x49,
    0x52,0x56,0x5f,0x43,0x72,0x6f,0x73,0x73,0x5f,0x4f,0x75,0x74,0x70,0x75,0x74,0x0a,
    0x7b,0x0a,0x20,0x20,0x20,0x20,0x66,0x6c,0x6f,0x61,0x74,0x34,0x20,0x66,0x72,0x61,
    0x67,0x5f,0x63,0x6f,0x6c,0x6f,0x72,0x20,0x3a,0x20,0x53,0x56,0x5f,0x54,0x61,0x72,
    0x67,0x65,0x74,0x30,0x3b,0x0a,0x7d,0x3b,0x0a,0x0a,0x76,0x6f,0x69,0x64,0x20,0x66,
    0x72,0x61,0x67,0x5f,0x6d,0x61,0x69,0x6e,0x28,0x29,0x0a,0x7b,0x0a,0x20,0x20,0x20,
    0x20,0x66,0x6c,0x6f,0x61,0x74,0x34,0x20,0x63,0x20,0x3d,0x20,0x74,0x65,0x78,0x2e,
    0x53,0x61,0x6d,0x70,0x6c,0x65,0x28,0x73,0x6d,0x70,0x2c,0x20,0x75,0x76,0x29,0x20,
    0x2a,0x20,0x74,0x69,0x6e,0x74,0x3b,0x0a,0x20,0x20,0x20,0x20,0x66,0x6c,0x6f,0x61,
    0x74,0x20,0x5f,0x34,0x30,0x3b,0x0a,0x20,0x20,0x20,0x20,0x69,0x66,0x20,0x28,0x61,
    0x6c,0x70,0x68,0x61,0x54,0x65,0x73,0x74,0x4f,0x75,0x74,0x2e,0x79,0x20,0x3e,0x20,
    0x30,0x2e,0x30,0x66,0x29,0x0a,0x20,0x20,0x20,0x20,0x7b,0x0a,0x20,0x20,0x20,0x20,
    0x20,0x20,0x20,0x20,0x66,0x6c,0x6f,0x61,0x74,0x20,0x5f,0x35,0x34,0x3b,0x0a,0x20,
    0x20,0x20,0x20,0x20,0x20,0x20,0x20,0x69,0x66,0x20,0x28,0x61,0x62,0x73,0x28,0x63,
    0x2e,0x77,0x20,0x2d,0x20,0x61,0x6c,0x70,0x68,0x61,0x54,0x65,0x73,0x74,0x4f,0x75,
    0x74,0x2e,0x78,0x29,0x20,0x3c,0x20,0x61,0x6c,0x70,0x68,0x61,0x54,0x65,0x73,0x74,
    0x4f,0x75,0x74,0x2e,0x79,0x29,0x0a,0x20,0x20,0x20,0x20,0x20,0x20,0x20,0x20,0x7b,
    0x0a,0x20,0x20,0x20,0x20,0x20,0x20,0x20,0x20,0x20,0x20,0x20,0x20,0x5f,0x35,0x34,
    0x20,0x3d,0x20,0x61,0x6c,0x70,0x68,0x61,0x54,0x65,0x73,0x74,0x4f,0x75,0x74,0x2e,
    0x7a,0x3b,0x0a,0x20,0x20,0x20,0x20,0x20,0x20,0x20,0x20,0x7d,0x0a,0x20,0x20,0x20,
    0x20,0x20,0x20,0x20,0x20,0x65,0x6c,0x73,0x65,0x0a,0x20,0x20,0x20,0x20,0x20,0x20,
    0x20,0x20,0x7b,0x0a,0x20,0x20,0x20,0x20,0x20,0x20,0x20,0x20,0x20,0x20,0x20,0x20,
    0x5f,0x35,0x34,0x20,0x3d,0x20,0x61,0x6c,0x70,0x68,0x61,0x54,0x65,0x73,0x74,0x4f,
    0x75,0x74,0x2e,0x77,0x3b,0x0a,0x20,0x20,0x20,0x20,0x20,0x20,0x20,0x20,0x7d,0x0a,
    0x20,0x20,0x20,0x20,0x20,0x20,0x20,0x20,0x5f,0x34,0x30,0x20,0x3d,0x20,0x5f,0x35,
    0x34,0x3b,0x0a,0x20,0x20,0x20,0x20,0x7d,0x0a,0x20,0x20,0x20,0x20,0x65,0x6c,0x73,
    0x65,0x0a,0x20,0x20,0x20,0x20,0x7b,0x0a,0x20,0x20,0x20,0x20,0x20,0x20,0x20,0x20,
    0x66,0x6c,0x6f,0x61,0x74,0x20,0x5f,0x37,0x30,0x3b,0x0a,0x20,0x20,0x20,0x20,0x20,
    0x20,0x20,0x20,0x69,0x66,0x20,0x28,0x63,0x2e,0x77,0x20,0x3c,0x20,0x61,0x6c,0x70,
    0x68,0x61,0x54,0x65,0x73,0x74,0x4f,0x75,0x74,0x2e,0x78,0x29,0x0a,0x20,0x20,0x20,
    0x20,0x20,0x20,0x20,0x20,0x7b,0x0a,0x20,0x20,0x20,0x20,0x20,0x20,0x20,0x20,0x20,
    0x20,0x20,0x20,0x5f,0x37,0x30,0x20,0x3d,0x20,0x61,0x6c,0x70,0x68,0x61,0x54,0x65,
    0x73,0x74,0x4f,0x75,0x74,0x2e,0x7a,0x3b,0x0a,0x20,0x20,0x20,0x20,0x20,0x20,0x20,
    0x20,0x7d,0x0a,0x20,0x20,0x20,0x20,0x20,0x20,0x20,0x20,0x65,0x6c,0x73,0x65,0x0a,
    0x20,0x20,0x20,0x20,0x20,0x20,0x20,0x20,0x7b,0x0a,0x20,0x20,0x20,0x20,0x20,0x20,
    0x20,0x20,0x20,0x20,0x20,0x20,0x5f,0x37,0x30,0x20,0x3d,0x20,0x61,0x6c,0x70,0x68,
    0x61,0x54,0x65,0x73,0x74,0x4f,0x75,0x74,0x2e,0x77,0x3b,0x0a,0x20,0x20,0x20,0x20,
    0x20,0x20,0x20,0x20,0x7d,0x0a,0x20,0x20,0x20,0x20,0x20,0x20,0x20,0x20,0x5f,0x34,
    0x30,0x20,0x3d,0x20,0x5f,0x37,0x30,0x3b,0x0a,0x20,0x20,0x20,0x20,0x7d,0x0a,0x20,
    0x20,0x20,0x20,0x69,0x66,0x20,0x28,0x5f,0x34,0x30,0x20,0x3c,0x20,0x30,0x2e,0x30,
    0x66,0x29,0x0a,0x20,0x20,0x20,0x20,0x7b,0x0a,0x20,0x20,0x20,0x20,0x20,0x20,0x20,
    0x20,0x64,0x69,0x73,0x63,0x61,0x72,0x64,0x3b,0x0a,0x20,0x20,0x20,0x20,0x7d,0x0a,
    0x20,0x20,0x20,0x20,0x66,0x6c,0x6f,0x61,0x74,0x34,0x20,0x5f,0x39,0x35,0x20,0x3d,
    0x20,0x63,0x3b,0x0a,0x20,0x20,0x20,0x20,0x66,0x6c,0x6f,0x61,0x74,0x33,0x20,0x5f,
    0x31,0x30,0x30,0x20,0x3d,0x20,0x6c,0x65,0x72,0x70,0x28,0x5f,0x38,0x37,0x5f,0x66,
    0x6f,0x67,0x43,0x6f,0x6c,0x6f,0x72,0x2e,0x78,0x79,0x7a,0x2c,0x20,0x5f,0x39,0x35,
    0x2e,0x78,0x79,0x7a,0x2c,0x20,0x66,0x6f,0x67,0x46,0x61,0x63,0x74,0x6f,0x72,0x2e,
    0x78,0x78,0x78,0x29,0x3b,0x0a,0x20,0x20,0x20,0x20,0x66,0x6c,0x6f,0x61,0x74,0x34,
    0x20,0x5f,0x31,0x31,0x33,0x20,0x3d,0x20,0x5f,0x39,0x35,0x3b,0x0a,0x20,0x20,0x20,
    0x20,0x5f,0x31,0x31,0x33,0x2e,0x78,0x20,0x3d,0x20,0x5f,0x31,0x30,0x30,0x2e,0x78,
    0x3b,0x0a,0x20,0x20,0x20,0x20,0x5f,0x31,0x31,0x33,0x2e,0x79,0x20,0x3d,0x20,0x5f,
    0x31,0x30,0x30,0x2e,0x79,0x3b,0x0a,0x20,0x20,0x20,0x20,0x5f,0x31,0x31,0x33,0x2e,
    0x7a,0x20,0x3d,0x20,0x5f,0x31,0x30,0x30,0x2e,0x7a,0x3b,0x0a,0x20,0x20,0x20,0x20,
    0x63,0x20,0x3d,0x20,0x5f,0x31,0x31,0x33,0x3b,0x0a,0x20,0x20,0x20,0x20,0x66,0x72,
    0x61,0x67,0x5f,0x63,0x6f,0x6c,0x6f,0x72,0x20,0x3d,0x20,0x5f,0x31,0x31,0x33,0x3b,
    0x0a,0x7d,0x0a,0x0a,0x53,0x50,0x49,0x52,0x56,0x5f,0x43,0x72,0x6f,0x73,0x73,0x5f,
    0x4f,0x75,0x74,0x70,0x75,0x74,0x20,0x6d,0x61,0x69,0x6e,0x28,0x53,0x50,0x49,0x52,
    0x56,0x5f,0x43,0x72,0x6f,0x73,0x73,0x5f,0x49,0x6e,0x70,0x75,0x74,0x20,0x73,0x74,
    0x61,0x67,0x65,0x5f,0x69,0x6e,0x70,0x75,0x74,0x29,0x0a,0x7b,0x0a,0x20,0x20,0x20,
    0x20,0x75,0x76,0x20,0x3d,0x20,0x73,0x74,0x61,0x67,0x65,0x5f,0x69,0x6e,0x70,0x75,
    0x74,0x2e,0x75,0x76,0x3b,0x0a,0x20,0x20,0x20,0x20,0x74,0x69,0x6e,0x74,0x20,0x3d,
    0x20,0x73,0x74,0x61,0x67,0x65,0x5f,0x69,0x6e,0x70,0x75,0x74,0x2e,0x74,0x69,0x6e,
    0x74,0x3b,0x0a,0x20,0x20,0x20,0x20,0x61,0x6c,0x70,0x68,0x61,0x54,0x65,0x73,0x74,
    0x4f,0x75,0x74,0x20,0x3d,0x20,0x73,0x74,0x61,0x67,0x65,0x5f,0x69,0x6e,0x70,0x75,
    0x74,0x2e,0x61,0x6c,0x70,0x68,0x61,0x54,0x65,0x73,0x74,0x4f,0x75,0x74,0x3b,0x0a,
    0x20,0x20,0x20,0x20,0x66,0x6f,0x67,0x46,0x61,0x63,0x74,0x6f,0x72,0x20,0x3d,0x20,
    0x73,0x74,0x61,0x67,0x65,0x5f,0x69,0x6e,0x70,0x75,0x74,0x2e,0x66,0x6f,0x67,0x46,
    0x61,0x63,0x74,0x6f,0x72,0x3b,0x0a,0x20,0x20,0x20,0x20,0x66,0x72,0x61,0x67,0x5f,
    0x6d,0x61,0x69,0x6e,0x28,0x29,0x3b,0x0a,0x20,0x20,0x20,0x20,0x53,0x50,0x49,0x52,
    0x56,0x5f,0x43,0x72,0x6f,0x73,0x73,0x5f,0x4f,0x75,0x74,0x70,0x75,0x74,0x20,0x73,
    0x74,0x61,0x67,0x65,0x5f,0x6f,0x75,0x74,0x70,0x75,0x74,0x3b,0x0a,0x20,0x20,0x20,
    0x20,0x73,0x74,0x61,0x67,0x65,0x5f,0x6f,0x75,0x74,0x70,0x75,0x74,0x2e,0x66,0x72,
    0x61,0x67,0x5f,0x63,0x6f,0x6c,0x6f,0x72,0x20,0x3d,0x20,0x66,0x72,0x61,0x67,0x5f,
    0x63,0x6f,0x6c,0x6f,0x72,0x3b,0x0a,0x20,0x20,0x20,0x20,0x72,0x65,0x74,0x75,0x72,
    0x6e,0x20,0x73,0x74,0x61,0x67,0x65,0x5f,0x6f,0x75,0x74,0x70,0x75,0x74,0x3b,0x0a,
    0x7d,0x0a,0x00,
};
#endif
/*
    #include <metal_stdlib>
    #include <simd/simd.h>

    using namespace metal;

    struct textured3d_vs_params
    {
        float4x4 mvp;
        float4 diffuse;
        float4 flags;
        float4 alphaTest;
        float4 fogVector;
    };

    struct main0_out
    {
        float2 uv [[user(locn0)]];
        float4 tint [[user(locn1)]];
        float4 alphaTestOut [[user(locn2)]];
        float fogFactor [[user(locn3)]];
        float4 gl_Position [[position]];
    };

    struct main0_in
    {
        float3 position [[attribute(0)]];
        float2 texcoord0 [[attribute(1)]];
        float4 color0 [[attribute(2)]];
    };

    vertex main0_out main0(main0_in in [[stage_in]], constant textured3d_vs_params& _19 [[buffer(0)]])
    {
        main0_out out = {};
        float4 _31 = float4(in.position, 1.0);
        out.gl_Position = _19.mvp * _31;
        out.uv = in.texcoord0;
        out.tint = mix(float4(1.0), in.color0, float4(_19.flags.x)) * _19.diffuse;
        out.alphaTestOut = _19.alphaTest;
        out.fogFactor = 1.0 - fast::clamp(dot(_31, _19.fogVector), 0.0, 1.0);
        return out;
    }

*/
#if defined(SOKOL_METAL)
static const uint8_t cna_textured3d_vs_source_metal_macos[986] = {
    0x23,0x69,0x6e,0x63,0x6c,0x75,0x64,0x65,0x20,0x3c,0x6d,0x65,0x74,0x61,0x6c,0x5f,
    0x73,0x74,0x64,0x6c,0x69,0x62,0x3e,0x0a,0x23,0x69,0x6e,0x63,0x6c,0x75,0x64,0x65,
    0x20,0x3c,0x73,0x69,0x6d,0x64,0x2f,0x73,0x69,0x6d,0x64,0x2e,0x68,0x3e,0x0a,0x0a,
    0x75,0x73,0x69,0x6e,0x67,0x20,0x6e,0x61,0x6d,0x65,0x73,0x70,0x61,0x63,0x65,0x20,
    0x6d,0x65,0x74,0x61,0x6c,0x3b,0x0a,0x0a,0x73,0x74,0x72,0x75,0x63,0x74,0x20,0x74,
    0x65,0x78,0x74,0x75,0x72,0x65,0x64,0x33,0x64,0x5f,0x76,0x73,0x5f,0x70,0x61,0x72,
    0x61,0x6d,0x73,0x0a,0x7b,0x0a,0x20,0x20,0x20,0x20,0x66,0x6c,0x6f,0x61,0x74,0x34,
    0x78,0x34,0x20,0x6d,0x76,0x70,0x3b,0x0a,0x20,0x20,0x20,0x20,0x66,0x6c,0x6f,0x61,
    0x74,0x34,0x20,0x64,0x69,0x66,0x66,0x75,0x73,0x65,0x3b,0x0a,0x20,0x20,0x20,0x20,
    0x66,0x6c,0x6f,0x61,0x74,0x34,0x20,0x66,0x6c,0x61,0x67,0x73,0x3b,0x0a,0x20,0x20,
    0x20,0x20,0x66,0x6c,0x6f,0x61,0x74,0x34,0x20,0x61,0x6c,0x70,0x68,0x61,0x54,0x65,
    0x73,0x74,0x3b,0x0a,0x20,0x20,0x20,0x20,0x66,0x6c,0x6f,0x61,0x74,0x34,0x20,0x66,
    0x6f,0x67,0x56,0x65,0x63,0x74,0x6f,0x72,0x3b,0x0a,0x7d,0x3b,0x0a,0x0a,0x73,0x74,
    0x72,0x75,0x63,0x74,0x20,0x6d,0x61,0x69,0x6e,0x30,0x5f,0x6f,0x75,0x74,0x0a,0x7b,
    0x0a,0x20,0x20,0x20,0x20,0x66,0x6c,0x6f,0x61,0x74,0x32,0x20,0x75,0x76,0x20,0x5b,
    0x5b,0x75,0x73,0x65,0x72,0x28,0x6c,0x6f,0x63,0x6e,0x30,0x29,0x5d,0x5d,0x3b,0x0a,
    0x20,0x20,0x20,0x20,0x66,0x6c,0x6f,0x61,0x74,0x34,0x20,0x74,0x69,0x6e,0x74,0x20,
    0x5b,0x5b,0x75,0x73,0x65,0x72,0x28,0x6c,0x6f,0x63,0x6e,0x31,0x29,0x5d,0x5d,0x3b,
    0x0a,0x20,0x20,0x20,0x20,0x66,0x6c,0x6f,0x61,0x74,0x34,0x20,0x61,0x6c,0x70,0x68,
    0x61,0x54,0x65,0x73,0x74,0x4f,0x75,0x74,0x20,0x5b,0x5b,0x75,0x73,0x65,0x72,0x28,
    0x6c,0x6f,0x63,0x6e,0x32,0x29,0x5d,0x5d,0x3b,0x0a,0x20,0x20,0x20,0x20,0x66,0x6c,
    0x6f,0x61,0x74,0x20,0x66,0x6f,0x67,0x46,0x61,0x63,0x74,0x6f,0x72,0x20,0x5b,0x5b,
    0x75,0x73,0x65,0x72,0x28,0x6c,0x6f,0x63,0x6e,0x33,0x29,0x5d,0x5d,0x3b,0x0a,0x20,
    0x20,0x20,0x20,0x66,0x6c,0x6f,0x61,0x74,0x34,0x20,0x67,0x6c,0x5f,0x50,0x6f,0x73,
    0x69,0x74,0x69,0x6f,0x6e,0x20,0x5b,0x5b,0x70,0x6f,0x73,0x69,0x74,0x69,0x6f,0x6e,
    0x5d,0x5d,0x3b,0x0a,0x7d,0x3b,0x0a,0x0a,0x73,0x74,0x72,0x75,0x63,0x74,0x20,0x6d,
    0x61,0x69,0x6e,0x30,0x5f,0x69,0x6e,0x0a,0x7b,0x0a,0x20,0x20,0x20,0x20,0x66,0x6c,
    0x6f,0x61,0x74,0x33,0x20,0x70,0x6f,0x73,0x69,0x74,0x69,0x6f,0x6e,0x20,0x5b,0x5b,
    0x61,0x74,0x74,0x72,0x69,0x62,0x75,0x74,0x65,0x28,0x30,0x29,0x5d,0x5d,0x3b,0x0a,
    0x20,0x20,0x20,0x20,0x66,0x6c,0x6f,0x61,0x74,0x32,0x20,0x74,0x65,0x78,0x63,0x6f,
    0x6f,0x72,0x64,0x30,0x20,0x5b,0x5b,0x61,0x74,0x74,0x72,0x69,0x62,0x75,0x74,0x65,
    0x28,0x31,0x29,0x5d,0x5d,0x3b,0x0a,0x20,0x20,0x20,0x20,0x66,0x6c,0x6f,0x61,0x74,
    0x34,0x20,0x63,0x6f,0x6c,0x6f,0x72,0x30,0x20,0x5b,0x5b,0x61,0x74,0x74,0x72,0x69,
    0x62,0x75,0x74,0x65,0x28,0x32,0x29,0x5d,0x5d,0x3b,0x0a,0x7d,0x3b,0x0a,0x0a,0x76,
    0x65,0x72,0x74,0x65,0x78,0x20,0x6d,0x61,0x69,0x6e,0x30,0x5f,0x6f,0x75,0x74,0x20,
    0x6d,0x61,0x69,0x6e,0x30,0x28,0x6d,0x61,0x69,0x6e,0x30,0x5f,0x69,0x6e,0x20,0x69,
    0x6e,0x20,0x5b,0x5b,0x73,0x74,0x61,0x67,0x65,0x5f,0x69,0x6e,0x5d,0x5d,0x2c,0x20,
    0x63,0x6f,0x6e,0x73,0x74,0x61,0x6e,0x74,0x20,0x74,0x65,0x78,0x74,0x75,0x72,0x65,
    0x64,0x33,0x64,0x5f,0x76,0x73,0x5f,0x70,0x61,0x72,0x61,0x6d,0x73,0x26,0x20,0x5f,
    0x31,0x39,0x20,0x5b,0x5b,0x62,0x75,0x66,0x66,0x65,0x72,0x28,0x30,0x29,0x5d,0x5d,
    0x29,0x0a,0x7b,0x0a,0x20,0x20,0x20,0x20,0x6d,0x61,0x69,0x6e,0x30,0x5f,0x6f,0x75,
    0x74,0x20,0x6f,0x75,0x74,0x20,0x3d,0x20,0x7b,0x7d,0x3b,0x0a,0x20,0x20,0x20,0x20,
    0x66,0x6c,0x6f,0x61,0x74,0x34,0x20,0x5f,0x33,0x31,0x20,0x3d,0x20,0x66,0x6c,0x6f,
    0x61,0x74,0x34,0x28,0x69,0x6e,0x2e,0x70,0x6f,0x73,0x69,0x74,0x69,0x6f,0x6e,0x2c,
    0x20,0x31,0x2e,0x30,0x29,0x3b,0x0a,0x20,0x20,0x20,0x20,0x6f,0x75,0x74,0x2e,0x67,
    0x6c,0x5f,0x50,0x6f,0x73,0x69,0x74,0x69,0x6f,0x6e,0x20,0x3d,0x20,0x5f,0x31,0x39,
    0x2e,0x6d,0x76,0x70,0x20,0x2a,0x20,0x5f,0x33,0x31,0x3b,0x0a,0x20,0x20,0x20,0x20,
    0x6f,0x75,0x74,0x2e,0x75,0x76,0x20,0x3d,0x20,0x69,0x6e,0x2e,0x74,0x65,0x78,0x63,
    0x6f,0x6f,0x72,0x64,0x30,0x3b,0x0a,0x20,0x20,0x20,0x20,0x6f,0x75,0x74,0x2e,0x74,
    0x69,0x6e,0x74,0x20,0x3d,0x20,0x6d,0x69,0x78,0x28,0x66,0x6c,0x6f,0x61,0x74,0x34,
    0x28,0x31,0x2e,0x30,0x29,0x2c,0x20,0x69,0x6e,0x2e,0x63,0x6f,0x6c,0x6f,0x72,0x30,
    0x2c,0x20,0x66,0x6c,0x6f,0x61,0x74,0x34,0x28,0x5f,0x31,0x39,0x2e,0x66,0x6c,0x61,
    0x67,0x73,0x2e,0x78,0x29,0x29,0x20,0x2a,0x20,0x5f,0x31,0x39,0x2e,0x64,0x69,0x66,
    0x66,0x75,0x73,0x65,0x3b,0x0a,0x20,0x20,0x20,0x20,0x6f,0x75,0x74,0x2e,0x61,0x6c,
    0x70,0x68,0x61,0x54,0x65,0x73,0x74,0x4f,0x75,0x74,0x20,0x3d,0x20,0x5f,0x31,0x39,
    0x2e,0x61,0x6c,0x70,0x68,0x61,0x54,0x65,0x73,0x74,0x3b,0x0a,0x20,0x20,0x20,0x20,
    0x6f,0x75,0x74,0x2e,0x66,0x6f,0x67,0x46,0x61,0x63,0x74,0x6f,0x72,0x20,0x3d,0x20,
    0x31,0x2e,0x30,0x20,0x2d,0x20,0x66,0x61,0x73,0x74,0x3a,0x3a,0x63,0x6c,0x61,0x6d,
    0x70,0x28,0x64,0x6f,0x74,0x28,0x5f,0x33,0x31,0x2c,0x20,0x5f,0x31,0x39,0x2e,0x66,
    0x6f,0x67,0x56,0x65,0x63,0x74,0x6f,0x72,0x29,0x2c,0x20,0x30,0x2e,0x30,0x2c,0x20,
    0x31,0x2e,0x30,0x29,0x3b,0x0a,0x20,0x20,0x20,0x20,0x72,0x65,0x74,0x75,0x72,0x6e,
    0x20,0x6f,0x75,0x74,0x3b,0x0a,0x7d,0x0a,0x0a,0x00,
};
#endif
/*
    #include <metal_stdlib>
    #include <simd/simd.h>

    using namespace metal;

    struct textured3d_fs_params
    {
        float4 fogColor;
    };

    struct main0_out
    {
        float4 frag_color [[color(0)]];
    };

    struct main0_in
    {
        float2 uv [[user(locn0)]];
        float4 tint [[user(locn1)]];
        float4 alphaTestOut [[user(locn2)]];
        float fogFactor [[user(locn3)]];
    };

    fragment main0_out main0(main0_in in [[stage_in]], constant textured3d_fs_params& _87 [[buffer(1)]], texture2d<float> tex [[texture(0)]], sampler smp [[sampler(0)]])
    {
        main0_out out = {};
        float4 c = tex.sample(smp, in.uv) * in.tint;
        float _40;
        if (in.alphaTestOut.y > 0.0)
        {
            float _54;
            if (abs(c.w - in.alphaTestOut.x) < in.alphaTestOut.y)
            {
                _54 = in.alphaTestOut.z;
            }
            else
            {
                _54 = in.alphaTestOut.w;
            }
            _40 = _54;
        }
        else
        {
            float _70;
            if (c.w < in.alphaTestOut.x)
            {
                _70 = in.alphaTestOut.z;
            }
            else
            {
                _70 = in.alphaTestOut.w;
            }
            _40 = _70;
        }
        if (_40 < 0.0)
        {
            discard_fragment();
        }
        float4 _95 = c;
        float3 _100 = mix(_87.fogColor.xyz, _95.xyz, float3(in.fogFactor));
        float4 _113 = _95;
        _113.x = _100.x;
        _113.y = _100.y;
        _113.z = _100.z;
        c = _113;
        out.frag_color = _113;
        return out;
    }

*/
#if defined(SOKOL_METAL)
static const uint8_t cna_textured3d_fs_source_metal_macos[1399] = {
    0x23,0x69,0x6e,0x63,0x6c,0x75,0x64,0x65,0x20,0x3c,0x6d,0x65,0x74,0x61,0x6c,0x5f,
    0x73,0x74,0x64,0x6c,0x69,0x62,0x3e,0x0a,0x23,0x69,0x6e,0x63,0x6c,0x75,0x64,0x65,
    0x20,0x3c,0x73,0x69,0x6d,0x64,0x2f,0x73,0x69,0x6d,0x64,0x2e,0x68,0x3e,0x0a,0x0a,
    0x75,0x73,0x69,0x6e,0x67,0x20,0x6e,0x61,0x6d,0x65,0x73,0x70,0x61,0x63,0x65,0x20,
    0x6d,0x65,0x74,0x61,0x6c,0x3b,0x0a,0x0a,0x73,0x74,0x72,0x75,0x63,0x74,0x20,0x74,
    0x65,0x78,0x74,0x75,0x72,0x65,0x64,0x33,0x64,0x5f,0x66,0x73,0x5f,0x70,0x61,0x72,
    0x61,0x6d,0x73,0x0a,0x7b,0x0a,0x20,0x20,0x20,0x20,0x66,0x6c,0x6f,0x61,0x74,0x34,
    0x20,0x66,0x6f,0x67,0x43,0x6f,0x6c,0x6f,0x72,0x3b,0x0a,0x7d,0x3b,0x0a,0x0a,0x73,
    0x74,0x72,0x75,0x63,0x74,0x20,0x6d,0x61,0x69,0x6e,0x30,0x5f,0x6f,0x75,0x74,0x0a,
    0x7b,0x0a,0x20,0x20,0x20,0x20,0x66,0x6c,0x6f,0x61,0x74,0x34,0x20,0x66,0x72,0x61,
    0x67,0x5f,0x63,0x6f,0x6c,0x6f,0x72,0x20,0x5b,0x5b,0x63,0x6f,0x6c,0x6f,0x72,0x28,
    0x30,0x29,0x5d,0x5d,0x3b,0x0a,0x7d,0x3b,0x0a,0x0a,0x73,0x74,0x72,0x75,0x63,0x74,
    0x20,0x6d,0x61,0x69,0x6e,0x30,0x5f,0x69,0x6e,0x0a,0x7b,0x0a,0x20,0x20,0x20,0x20,
    0x66,0x6c,0x6f,0x61,0x74,0x32,0x20,0x75,0x76,0x20,0x5b,0x5b,0x75,0x73,0x65,0x72,
    0x28,0x6c,0x6f,0x63,0x6e,0x30,0x29,0x5d,0x5d,0x3b,0x0a,0x20,0x20,0x20,0x20,0x66,
    0x6c,0x6f,0x61,0x74,0x34,0x20,0x74,0x69,0x6e,0x74,0x20,0x5b,0x5b,0x75,0x73,0x65,
    0x72,0x28,0x6c,0x6f,0x63,0x6e,0x31,0x29,0x5d,0x5d,0x3b,0x0a,0x20,0x20,0x20,0x20,
    0x66,0x6c,0x6f,0x61,0x74,0x34,0x20,0x61,0x6c,0x70,0x68,0x61,0x54,0x65,0x73,0x74,
    0x4f,0x75,0x74,0x20,0x5b,0x5b,0x75,0x73,0x65,0x72,0x28,0x6c,0x6f,0x63,0x6e,0x32,
    0x29,0x5d,0x5d,0x3b,0x0a,0x20,0x20,0x20,0x20,0x66,0x6c,0x6f,0x61,0x74,0x20,0x66,
    0x6f,0x67,0x46,0x61,0x63,0x74,0x6f,0x72,0x20,0x5b,0x5b,0x75,0x73,0x65,0x72,0x28,
    0x6c,0x6f,0x63,0x6e,0x33,0x29,0x5d,0x5d,0x3b,0x0a,0x7d,0x3b,0x0a,0x0a,0x66,0x72,
    0x61,0x67,0x6d,0x65,0x6e,0x74,0x20,0x6d,0x61,0x69,0x6e,0x30,0x5f,0x6f,0x75,0x74,
    0x20,0x6d,0x61,0x69,0x6e,0x30,0x28,0x6d,0x61,0x69,0x6e,0x30,0x5f,0x69,0x6e,0x20,
    0x69,0x6e,0x20,0x5b,0x5b,0x73,0x74,0x61,0x67,0x65,0x5f,0x69,0x6e,0x5d,0x5d,0x2c,
    0x20,0x63,0x6f,0x6e,0x73,0x74,0x61,0x6e,0x74,0x20,0x74,0x65,0x78,0x74,0x75,0x72,
    0x65,0x64,0x33,0x64,0x5f,0x66,0x73,0x5f,0x70,0x61,0x72,0x61,0x6d,0x73,0x26,0x20,
    0x5f,0x38,0x37,0x20,0x5b,0x5b,0x62,0x75,0x66,0x66,0x65,0x72,0x28,0x31,0x29,0x5d,
    0x5d,0x2c,0x20,0x74,0x65,0x78,0x74,0x75,0x72,0x65,0x32,0x64,0x3c,0x66,0x6c,0x6f,
    0x61,0x74,0x3e,0x20,0x74,0x65,0x78,0x20,0x5b,0x5b,0x74,0x65,0x78,0x74,0x75,0x72,
    0x65,0x28,0x30,0x29,0x5d,0x5d,0x2c,0x20,0x73,0x61,0x6d,0x70,0x6c,0x65,0x72,0x20,
    0x73,0x6d,0x70,0x20,0x5b,0x5b,0x73,0x61,0x6d,0x70,0x6c,0x65,0x72,0x28,0x30,0x29,
    0x5d,0x5d,0x29,0x0a,0x7b,0x0a,0x20,0x20,0x20,0x20,0x6d,0x61,0x69,0x6e,0x30,0x5f,
    0x6f,0x75,0x74,0x20,0x6f,0x75,0x74,0x20,0x3d,0x20,0x7b,0x7d,0x3b,0x0a,0x20,0x20,
    0x20,0x20,0x66,0x6c,0x6f,0x61,0x74,0x34,0x20,0x63,0x20,0x3d,0x20,0x74,0x65,0x78,
    0x2e,0x73,0x61,0x6d,0x70,0x6c,0x65,0x28,0x73,0x6d,0x70,0x2c,0x20,0x69,0x6e,0x2e,
    0x75,0x76,0x29,0x20,0x2a,0x20,0x69,0x6e,0x2e,0x74,0x69,0x6e,0x74,0x3b,0x0a,0x20,
    0x20,0x20,0x20,0x66,0x6c,0x6f,0x61,0x74,0x20,0x5f,0x34,0x30,0x3b,0x0a,0x20,0x20,
    0x20,0x20,0x69,0x66,0x20,0x28,0x69,0x6e,0x2e,0x61,0x6c,0x70,0x68,0x61,0x54,0x65,
    0x73,0x74,0x4f,0x75,0x74,0x2e,0x79,0x20,0x3e,0x20,0x30,0x2e,0x30,0x29,0x0a,0x20,
    0x20,0x20,0x20,0x7b,0x0a,0x20,0x20,0x20,0x20,0x20,0x20,0x20,0x20,0x66,0x6c,0x6f,
    0x61,0x74,0x20,0x5f,0x35,0x34,0x3b,0x0a,0x20,0x20,0x20,0x20,0x20,0x20,0x20,0x20,
    0x69,0x66,0x20,0x28,0x61,0x62,0x73,0x28,0x63,0x2e,0x77,0x20,0x2d,0x20,0x69,0x6e,
    0x2e,0x61,0x6c,0x70,0x68,0x61,0x54,0x65,0x73,0x74,0x4f,0x75,0x74,0x2e,0x78,0x29,
    0x20,0x3c,0x20,0x69,0x6e,0x2e,0x61,0x6c,0x70,0x68,0x61,0x54,0x65,0x73,0x74,0x4f,
    0x75,0x74,0x2e,0x79,0x29,0x0a,0x20,0x20,0x20,0x20,0x20,0x20,0x20,0x20,0x7b,0x0a,
    0x20,0x20,0x20,0x20,0x20,0x20,0x20,0x20,0x20,0x20,0x20,0x20,0x5f,0x35,0x34,0x20,
    0x3d,0x20,0x69,0x6e,0x2e,0x61,0x6c,0x70,0x68,0x61,0x54,0x65,0x73,0x74,0x4f,0x75,
    0x74,0x2e,0x7a,0x3b,0x0a,0x20,0x20,0x20,0x20,0x20,0x20,0x20,0x20,0x7d,0x0a,0x20,
    0x20,0x20,0x20,0x20,0x20,0x20,0x20,0x65,0x6c,0x73,0x65,0x0a,0x20,0x20,0x20,0x20,
    0x20,0x20,0x20,0x20,0x7b,0x0a,0x20,0x20,0x20,0x20,0x20,0x20,0x20,0x20,0x20,0x20,
    0x20,0x20,0x5f,0x35,0x34,0x20,0x3d,0x20,0x69,0x6e,0x2e,0x61,0x6c,0x70,0x68,0x61,
    0x54,0x65,0x73,0x74,0x4f,0x75,0x74,0x2e,0x77,0x3b,0x0a,0x20,0x20,0x20,0x20,0x20,
    0x20,0x20,0x20,0x7d,0x0a,0x20,0x20,0x20,0x20,0x20,0x20,0x20,0x20,0x5f,0x34,0x30,
    0x20,0x3d,0x20,0x5f,0x35,0x34,0x3b,0x0a,0x20,0x20,0x20,0x20,0x7d,0x0a,0x20,0x20,
    0x20,0x20,0x65,0x6c,0x73,0x65,0x0a,0x20,0x20,0x20,0x20,0x7b,0x0a,0x20,0x20,0x20,
    0x20,0x20,0x20,0x20,0x20,0x66,0x6c,0x6f,0x61,0x74,0x20,0x5f,0x37,0x30,0x3b,0x0a,
    0x20,0x20,0x20,0x20,0x20,0x20,0x20,0x20,0x69,0x66,0x20,0x28,0x63,0x2e,0x77,0x20,
    0x3c,0x20,0x69,0x6e,0x2e,0x61,0x6c,0x70,0x68,0x61,0x54,0x65,0x73,0x74,0x4f,0x75,
    0x74,0x2e,0x78,0x29,0x0a,0x20,0x20,0x20,0x20,0x20,0x20,0x20,0x20,0x7b,0x0a,0x20,
    0x20,0x20,0x20,0x20,0x20,0x20,0x20,0x20,0x20,0x20,0x20,0x5f,0x37,0x30,0x20,0x3d,
    0x20,0x69,0x6e,0x2e,0x61,0x6c,0x70,0x68,0x61,0x54,0x65,0x73,0x74,0x4f,0x75,0x74,
    0x2e,0x7a,0x3b,0x0a,0x20,0x20,0x20,0x20,0x20,0x20,0x20,0x20,0x7d,0x0a,0x20,0x20,
    0x20,0x20,0x20,0x20,0x20,0x20,0x65,0x6c,0x73,0x65,0x0a,0x20,0x20,0x20,0x20,0x20,
    0x20,0x20,0x20,0x7b,0x0a,0x20,0x20,0x20,0x20,0x20,0x20,0x20,0x20,0x20,0x20,0x20,
    0x20,0x5f,0x37,0x30,0x20,0x3d,0x20,0x69,0x6e,0x2e,0x61,0x6c,0x70,0x68,0x61,0x54,
    0x65,0x73,0x74,0x4f,0x75,0x74,0x2e,0x77,0x3b,0x0a,0x20,0x20,0x20,0x20,0x20,0x20,
    0x20,0x20,0x7d,0x0a,0x20,0x20,0x20,0x20,0x20,0x20,0x20,0x20,0x5f,0x34,0x30,0x20,
    0x3d,0x20,0x5f,0x37,0x30,0x3b,0x0a,0x20,0x20,0x20,0x20,0x7d,0x0a,0x20,0x20,0x20,
    0x20,0x69,0x66,0x20,0x28,0x5f,0x34,0x30,0x20,0x3c,0x20,0x30,0x2e,0x30,0x29,0x0a,
    0x20,0x20,0x20,0x20,0x7b,0x0a,0x20,0x20,0x20,0x20,0x20,0x20,0x20,0x20,0x64,0x69,
    0x73,0x63,0x61,0x72,0x64,0x5f,0x66,0x72,0x61,0x67,0x6d,0x65,0x6e,0x74,0x28,0x29,
    0x3b,0x0a,0x20,0x20,0x20,0x20,0x7d,0x0a,0x20,0x20,0x20,0x20,0x66,0x6c,0x6f,0x61,
    0x74,0x34,0x20,0x5f,0x39,0x35,0x20,0x3d,0x20,0x63,0x3b,0x0a,0x20,0x20,0x20,0x20,
    0x66,0x6c,0x6f,0x61,0x74,0x33,0x20,0x5f,0x31,0x30,0x30,0x20,0x3d,0x20,0x6d,0x69,
    0x78,0x28,0x5f,0x38,0x37,0x2e,0x66,0x6f,0x67,0x43,0x6f,0x6c,0x6f,0x72,0x2e,0x78,
    0x79,0x7a,0x2c,0x20,0x5f,0x39,0x35,0x2e,0x78,0x79,0x7a,0x2c,0x20,0x66,0x6c,0x6f,
    0x61,0x74,0x33,0x28,0x69,0x6e,0x2e,0x66,0x6f,0x67,0x46,0x61,0x63,0x74,0x6f,0x72,
    0x29,0x29,0x3b,0x0a,0x20,0x20,0x20,0x20,0x66,0x6c,0x6f,0x61,0x74,0x34,0x20,0x5f,
    0x31,0x31,0x33,0x20,0x3d,0x20,0x5f,0x39,0x35,0x3b,0x0a,0x20,0x20,0x20,0x20,0x5f,
    0x31,0x31,0x33,0x2e,0x78,0x20,0x3d,0x20,0x5f,0x31,0x30,0x30,0x2e,0x78,0x3b,0x0a,
    0x20,0x20,0x20,0x20,0x5f,0x31,0x31,0x33,0x2e,0x79,0x20,0x3d,0x20,0x5f,0x31,0x30,
    0x30,0x2e,0x79,0x3b,0x0a,0x20,0x20,0x20,0x20,0x5f,0x31,0x31,0x33,0x2e,0x7a,0x20,
    0x3d,0x20,0x5f,0x31,0x30,0x30,0x2e,0x7a,0x3b,0x0a,0x20,0x20,0x20,0x20,0x63,0x20,
    0x3d,0x20,0x5f,0x31,0x31,0x33,0x3b,0x0a,0x20,0x20,0x20,0x20,0x6f,0x75,0x74,0x2e,
    0x66,0x72,0x61,0x67,0x5f,0x63,0x6f,0x6c,0x6f,0x72,0x20,0x3d,0x20,0x5f,0x31,0x31,
    0x33,0x3b,0x0a,0x20,0x20,0x20,0x20,0x72,0x65,0x74,0x75,0x72,0x6e,0x20,0x6f,0x75,
    0x74,0x3b,0x0a,0x7d,0x0a,0x0a,0x00,
};
#endif
/*
    diagnostic(off, derivative_uniformity);

    struct textured3d_vs_params {
      /_ @offset(0) _/
      mvp : mat4x4f,
      /_ @offset(64) _/
      diffuse : vec4f,
      /_ @offset(80) _/
      flags : vec4f,
      /_ @offset(96) _/
      alphaTest : vec4f,
      /_ @offset(112) _/
      fogVector : vec4f,
    }

    @binding(0) @group(0) var<uniform> x_19 : textured3d_vs_params;

    var<private> position_1 : vec3f;

    var<private> uv : vec2f;

    var<private> texcoord0 : vec2f;

    var<private> tint : vec4f;

    var<private> color0 : vec4f;

    var<private> alphaTestOut : vec4f;

    var<private> fogFactor : f32;

    var<private> gl_Position : vec4f;

    fn main_1() {
      let x_31 = vec4f(position_1.x, position_1.y, position_1.z, 1.0f);
      gl_Position = (x_19.mvp * x_31);
      uv = texcoord0;
      tint = (mix(vec4f(1.0f), color0, vec4f(x_19.flags.x)) * x_19.diffuse);
      alphaTestOut = x_19.alphaTest;
      fogFactor = (1.0f - clamp(dot(x_31, x_19.fogVector), 0.0f, 1.0f));
      return;
    }

    struct main_out {
      @builtin(position)
      gl_Position : vec4f,
      @location(0)
      uv_1 : vec2f,
      @location(1)
      tint_1 : vec4f,
      @location(2)
      alphaTestOut_1 : vec4f,
      @location(3)
      fogFactor_1 : f32,
    }

    @vertex
    fn main(@location(0) position_1_param : vec3f, @location(1) texcoord0_param : vec2f, @location(2) color0_param : vec4f) -> main_out {
      position_1 = position_1_param;
      texcoord0 = texcoord0_param;
      color0 = color0_param;
      main_1();
      return main_out(gl_Position, uv, tint, alphaTestOut, fogFactor);
    }
*/
#if defined(SOKOL_WGPU)
static const uint8_t cna_textured3d_vs_source_wgsl[1429] = {
    0x64,0x69,0x61,0x67,0x6e,0x6f,0x73,0x74,0x69,0x63,0x28,0x6f,0x66,0x66,0x2c,0x20,
    0x64,0x65,0x72,0x69,0x76,0x61,0x74,0x69,0x76,0x65,0x5f,0x75,0x6e,0x69,0x66,0x6f,
    0x72,0x6d,0x69,0x74,0x79,0x29,0x3b,0x0a,0x0a,0x73,0x74,0x72,0x75,0x63,0x74,0x20,
    0x74,0x65,0x78,0x74,0x75,0x72,0x65,0x64,0x33,0x64,0x5f,0x76,0x73,0x5f,0x70,0x61,
    0x72,0x61,0x6d,0x73,0x20,0x7b,0x0a,0x20,0x20,0x2f,0x2a,0x20,0x40,0x6f,0x66,0x66,
    0x73,0x65,0x74,0x28,0x30,0x29,0x20,0x2a,0x2f,0x0a,0x20,0x20,0x6d,0x76,0x70,0x20,
    0x3a,0x20,0x6d,0x61,0x74,0x34,0x78,0x34,0x66,0x2c,0x0a,0x20,0x20,0x2f,0x2a,0x20,
    0x40,0x6f,0x66,0x66,0x73,0x65,0x74,0x28,0x36,0x34,0x29,0x20,0x2a,0x2f,0x0a,0x20,
    0x20,0x64,0x69,0x66,0x66,0x75,0x73,0x65,0x20,0x3a,0x20,0x76,0x65,0x63,0x34,0x66,
    0x2c,0x0a,0x20,0x20,0x2f,0x2a,0x20,0x40,0x6f,0x66,0x66,0x73,0x65,0x74,0x28,0x38,
    0x30,0x29,0x20,0x2a,0x2f,0x0a,0x20,0x20,0x66,0x6c,0x61,0x67,0x73,0x20,0x3a,0x20,
    0x76,0x65,0x63,0x34,0x66,0x2c,0x0a,0x20,0x20,0x2f,0x2a,0x20,0x40,0x6f,0x66,0x66,
    0x73,0x65,0x74,0x28,0x39,0x36,0x29,0x20,0x2a,0x2f,0x0a,0x20,0x20,0x61,0x6c,0x70,
    0x68,0x61,0x54,0x65,0x73,0x74,0x20,0x3a,0x20,0x76,0x65,0x63,0x34,0x66,0x2c,0x0a,
    0x20,0x20,0x2f,0x2a,0x20,0x40,0x6f,0x66,0x66,0x73,0x65,0x74,0x28,0x31,0x31,0x32,
    0x29,0x20,0x2a,0x2f,0x0a,0x20,0x20,0x66,0x6f,0x67,0x56,0x65,0x63,0x74,0x6f,0x72,
    0x20,0x3a,0x20,0x76,0x65,0x63,0x34,0x66,0x2c,0x0a,0x7d,0x0a,0x0a,0x40,0x62,0x69,
    0x6e,0x64,0x69,0x6e,0x67,0x28,0x30,0x29,0x20,0x40,0x67,0x72,0x6f,0x75,0x70,0x28,
    0x30,0x29,0x20,0x76,0x61,0x72,0x3c,0x75,0x6e,0x69,0x66,0x6f,0x72,0x6d,0x3e,0x20,
    0x78,0x5f,0x31,0x39,0x20,0x3a,0x20,0x74,0x65,0x78,0x74,0x75,0x72,0x65,0x64,0x33,
    0x64,0x5f,0x76,0x73,0x5f,0x70,0x61,0x72,0x61,0x6d,0x73,0x3b,0x0a,0x0a,0x76,0x61,
    0x72,0x3c,0x70,0x72,0x69,0x76,0x61,0x74,0x65,0x3e,0x20,0x70,0x6f,0x73,0x69,0x74,
    0x69,0x6f,0x6e,0x5f,0x31,0x20,0x3a,0x20,0x76,0x65,0x63,0x33,0x66,0x3b,0x0a,0x0a,
    0x76,0x61,0x72,0x3c,0x70,0x72,0x69,0x76,0x61,0x74,0x65,0x3e,0x20,0x75,0x76,0x20,
    0x3a,0x20,0x76,0x65,0x63,0x32,0x66,0x3b,0x0a,0x0a,0x76,0x61,0x72,0x3c,0x70,0x72,
    0x69,0x76,0x61,0x74,0x65,0x3e,0x20,0x74,0x65,0x78,0x63,0x6f,0x6f,0x72,0x64,0x30,
    0x20,0x3a,0x20,0x76,0x65,0x63,0x32,0x66,0x3b,0x0a,0x0a,0x76,0x61,0x72,0x3c,0x70,
    0x72,0x69,0x76,0x61,0x74,0x65,0x3e,0x20,0x74,0x69,0x6e,0x74,0x20,0x3a,0x20,0x76,
    0x65,0x63,0x34,0x66,0x3b,0x0a,0x0a,0x76,0x61,0x72,0x3c,0x70,0x72,0x69,0x76,0x61,
    0x74,0x65,0x3e,0x20,0x63,0x6f,0x6c,0x6f,0x72,0x30,0x20,0x3a,0x20,0x76,0x65,0x63,
    0x34,0x66,0x3b,0x0a,0x0a,0x76,0x61,0x72,0x3c,0x70,0x72,0x69,0x76,0x61,0x74,0x65,
    0x3e,0x20,0x61,0x6c,0x70,0x68,0x61,0x54,0x65,0x73,0x74,0x4f,0x75,0x74,0x20,0x3a,
    0x20,0x76,0x65,0x63,0x34,0x66,0x3b,0x0a,0x0a,0x76,0x61,0x72,0x3c,0x70,0x72,0x69,
    0x76,0x61,0x74,0x65,0x3e,0x20,0x66,0x6f,0x67,0x46,0x61,0x63,0x74,0x6f,0x72,0x20,
    0x3a,0x20,0x66,0x33,0x32,0x3b,0x0a,0x0a,0x76,0x61,0x72,0x3c,0x70,0x72,0x69,0x76,
    0x61,0x74,0x65,0x3e,0x20,0x67,0x6c,0x5f,0x50,0x6f,0x73,0x69,0x74,0x69,0x6f,0x6e,
    0x20,0x3a,0x20,0x76,0x65,0x63,0x34,0x66,0x3b,0x0a,0x0a,0x66,0x6e,0x20,0x6d,0x61,
    0x69,0x6e,0x5f,0x31,0x28,0x29,0x20,0x7b,0x0a,0x20,0x20,0x6c,0x65,0x74,0x20,0x78,
    0x5f,0x33,0x31,0x20,0x3d,0x20,0x76,0x65,0x63,0x34,0x66,0x28,0x70,0x6f,0x73,0x69,
    0x74,0x69,0x6f,0x6e,0x5f,0x31,0x2e,0x78,0x2c,0x20,0x70,0x6f,0x73,0x69,0x74,0x69,
    0x6f,0x6e,0x5f,0x31,0x2e,0x79,0x2c,0x20,0x70,0x6f,0x73,0x69,0x74,0x69,0x6f,0x6e,
    0x5f,0x31,0x2e,0x7a,0x2c,0x20,0x31,0x2e,0x30,0x66,0x29,0x3b,0x0a,0x20,0x20,0x67,
    0x6c,0x5f,0x50,0x6f,0x73,0x69,0x74,0x69,0x6f,0x6e,0x20,0x3d,0x20,0x28,0x78,0x5f,
    0x31,0x39,0x2e,0x6d,0x76,0x70,0x20,0x2a,0x20,0x78,0x5f,0x33,0x31,0x29,0x3b,0x0a,
    0x20,0x20,0x75,0x76,0x20,0x3d,0x20,0x74,0x65,0x78,0x63,0x6f,0x6f,0x72,0x64,0x30,
    0x3b,0x0a,0x20,0x20,0x74,0x69,0x6e,0x74,0x20,0x3d,0x20,0x28,0x6d,0x69,0x78,0x28,
    0x76,0x65,0x63,0x34,0x66,0x28,0x31,0x2e,0x30,0x66,0x29,0x2c,0x20,0x63,0x6f,0x6c,
    0x6f,0x72,0x30,0x2c,0x20,0x76,0x65,0x63,0x34,0x66,0x28,0x78,0x5f,0x31,0x39,0x2e,
    0x66,0x6c,0x61,0x67,0x73,0x2e,0x78,0x29,0x29,0x20,0x2a,0x20,0x78,0x5f,0x31,0x39,
    0x2e,0x64,0x69,0x66,0x66,0x75,0x73,0x65,0x29,0x3b,0x0a,0x20,0x20,0x61,0x6c,0x70,
    0x68,0x61,0x54,0x65,0x73,0x74,0x4f,0x75,0x74,0x20,0x3d,0x20,0x78,0x5f,0x31,0x39,
    0x2e,0x61,0x6c,0x70,0x68,0x61,0x54,0x65,0x73,0x74,0x3b,0x0a,0x20,0x20,0x66,0x6f,
    0x67,0x46,0x61,0x63,0x74,0x6f,0x72,0x20,0x3d,0x20,0x28,0x31,0x2e,0x30,0x66,0x20,
    0x2d,0x20,0x63,0x6c,0x61,0x6d,0x70,0x28,0x64,0x6f,0x74,0x28,0x78,0x5f,0x33,0x31,
    0x2c,0x20,0x78,0x5f,0x31,0x39,0x2e,0x66,0x6f,0x67,0x56,0x65,0x63,0x74,0x6f,0x72,
    0x29,0x2c,0x20,0x30,0x2e,0x30,0x66,0x2c,0x20,0x31,0x2e,0x30,0x66,0x29,0x29,0x3b,
    0x0a,0x20,0x20,0x72,0x65,0x74,0x75,0x72,0x6e,0x3b,0x0a,0x7d,0x0a,0x0a,0x73,0x74,
    0x72,0x75,0x63,0x74,0x20,0x6d,0x61,0x69,0x6e,0x5f,0x6f,0x75,0x74,0x20,0x7b,0x0a,
    0x20,0x20,0x40,0x62,0x75,0x69,0x6c,0x74,0x69,0x6e,0x28,0x70,0x6f,0x73,0x69,0x74,
    0x69,0x6f,0x6e,0x29,0x0a,0x20,0x20,0x67,0x6c,0x5f,0x50,0x6f,0x73,0x69,0x74,0x69,
    0x6f,0x6e,0x20,0x3a,0x20,0x76,0x65,0x63,0x34,0x66,0x2c,0x0a,0x20,0x20,0x40,0x6c,
    0x6f,0x63,0x61,0x74,0x69,0x6f,0x6e,0x28,0x30,0x29,0x0a,0x20,0x20,0x75,0x76,0x5f,
    0x31,0x20,0x3a,0x20,0x76,0x65,0x63,0x32,0x66,0x2c,0x0a,0x20,0x20,0x40,0x6c,0x6f,
    0x63,0x61,0x74,0x69,0x6f,0x6e,0x28,0x31,0x29,0x0a,0x20,0x20,0x74,0x69,0x6e,0x74,
    0x5f,0x31,0x20,0x3a,0x20,0x76,0x65,0x63,0x34,0x66,0x2c,0x0a,0x20,0x20,0x40,0x6c,
    0x6f,0x63,0x61,0x74,0x69,0x6f,0x6e,0x28,0x32,0x29,0x0a,0x20,0x20,0x61,0x6c,0x70,
    0x68,0x61,0x54,0x65,0x73,0x74,0x4f,0x75,0x74,0x5f,0x31,0x20,0x3a,0x20,0x76,0x65,
    0x63,0x34,0x66,0x2c,0x0a,0x20,0x20,0x40,0x6c,0x6f,0x63,0x61,0x74,0x69,0x6f,0x6e,
    0x28,0x33,0x29,0x0a,0x20,0x20,0x66,0x6f,0x67,0x46,0x61,0x63,0x74,0x6f,0x72,0x5f,
    0x31,0x20,0x3a,0x20,0x66,0x33,0x32,0x2c,0x0a,0x7d,0x0a,0x0a,0x40,0x76,0x65,0x72,
    0x74,0x65,0x78,0x0a,0x66,0x6e,0x20,0x6d,0x61,0x69,0x6e,0x28,0x40,0x6c,0x6f,0x63,
    0x61,0x74,0x69,0x6f,0x6e,0x28,0x30,0x29,0x20,0x70,0x6f,0x73,0x69,0x74,0x69,0x6f,
    0x6e,0x5f,0x31,0x5f,0x70,0x61,0x72,0x61,0x6d,0x20,0x3a,0x20,0x76,0x65,0x63,0x33,
    0x66,0x2c,0x20,0x40,0x6c,0x6f,0x63,0x61,0x74,0x69,0x6f,0x6e,0x28,0x31,0x29,0x20,
    0x74,0x65,0x78,0x63,0x6f,0x6f,0x72,0x64,0x30,0x5f,0x70,0x61,0x72,0x61,0x6d,0x20,
    0x3a,0x20,0x76,0x65,0x63,0x32,0x66,0x2c,0x20,0x40,0x6c,0x6f,0x63,0x61,0x74,0x69,
    0x6f,0x6e,0x28,0x32,0x29,0x20,0x63,0x6f,0x6c,0x6f,0x72,0x30,0x5f,0x70,0x61,0x72,
    0x61,0x6d,0x20,0x3a,0x20,0x76,0x65,0x63,0x34,0x66,0x29,0x20,0x2d,0x3e,0x20,0x6d,
    0x61,0x69,0x6e,0x5f,0x6f,0x75,0x74,0x20,0x7b,0x0a,0x20,0x20,0x70,0x6f,0x73,0x69,
    0x74,0x69,0x6f,0x6e,0x5f,0x31,0x20,0x3d,0x20,0x70,0x6f,0x73,0x69,0x74,0x69,0x6f,
    0x6e,0x5f,0x31,0x5f,0x70,0x61,0x72,0x61,0x6d,0x3b,0x0a,0x20,0x20,0x74,0x65,0x78,
    0x63,0x6f,0x6f,0x72,0x64,0x30,0x20,0x3d,0x20,0x74,0x65,0x78,0x63,0x6f,0x6f,0x72,
    0x64,0x30,0x5f,0x70,0x61,0x72,0x61,0x6d,0x3b,0x0a,0x20,0x20,0x63,0x6f,0x6c,0x6f,
    0x72,0x30,0x20,0x3d,0x20,0x63,0x6f,0x6c,0x6f,0x72,0x30,0x5f,0x70,0x61,0x72,0x61,
    0x6d,0x3b,0x0a,0x20,0x20,0x6d,0x61,0x69,0x6e,0x5f,0x31,0x28,0x29,0x3b,0x0a,0x20,
    0x20,0x72,0x65,0x74,0x75,0x72,0x6e,0x20,0x6d,0x61,0x69,0x6e,0x5f,0x6f,0x75,0x74,
    0x28,0x67,0x6c,0x5f,0x50,0x6f,0x73,0x69,0x74,0x69,0x6f,0x6e,0x2c,0x20,0x75,0x76,
    0x2c,0x20,0x74,0x69,0x6e,0x74,0x2c,0x20,0x61,0x6c,0x70,0x68,0x61,0x54,0x65,0x73,
    0x74,0x4f,0x75,0x74,0x2c,0x20,0x66,0x6f,0x67,0x46,0x61,0x63,0x74,0x6f,0x72,0x29,
    0x3b,0x0a,0x7d,0x0a,0x00,
};
#endif
/*
    diagnostic(off, derivative_uniformity);

    struct textured3d_fs_params {
      /_ @offset(0) _/
      fogColor : vec4f,
    }

    @binding(0) @group(1) var tex : texture_2d<f32>;

    @binding(32) @group(1) var smp : sampler;

    var<private> uv : vec2f;

    var<private> tint : vec4f;

    var<private> alphaTestOut : vec4f;

    @binding(1) @group(0) var<uniform> x_87 : textured3d_fs_params;

    var<private> fogFactor : f32;

    var<private> frag_color : vec4f;

    fn main_1() {
      var c : vec4f;
      var x_40 : f32;
      var x_54 : f32;
      var x_70 : f32;
      var x_36 : f32;
      let x_23 = uv;
      let x_24 = textureSample(tex, smp, x_23);
      c = (x_24 * tint);
      x_36 = alphaTestOut.y;
      if ((x_36 > 0.0f)) {
        if ((abs((c.w - alphaTestOut.x)) < x_36)) {
          x_54 = alphaTestOut.z;
        } else {
          x_54 = alphaTestOut.w;
        }
        x_40 = x_54;
      } else {
        if ((c.w < alphaTestOut.x)) {
          x_70 = alphaTestOut.z;
        } else {
          x_70 = alphaTestOut.w;
        }
        x_40 = x_70;
      }
      if ((x_40 < 0.0f)) {
        discard;
      }
      let x_95 = c;
      let x_100 = mix(x_87.fogColor.xyz, c.xyz, vec3f(fogFactor));
      var x_113_1 = x_95;
      x_113_1.x = x_100.x;
      let x_113 = x_113_1;
      var x_115_1 = x_113;
      x_115_1.y = x_100.y;
      let x_115 = x_115_1;
      var x_117_1 = x_115;
      x_117_1.z = x_100.z;
      let x_117 = x_117_1;
      c = x_117_1;
      frag_color = x_117;
      return;
    }

    struct main_out {
      @location(0)
      frag_color_1 : vec4f,
    }

    @fragment
    fn main(@location(0) uv_param : vec2f, @location(1) tint_param : vec4f, @location(2) alphaTestOut_param : vec4f, @location(3) fogFactor_param : f32) -> main_out {
      uv = uv_param;
      tint = tint_param;
      alphaTestOut = alphaTestOut_param;
      fogFactor = fogFactor_param;
      main_1();
      return main_out(frag_color);
    }
*/
#if defined(SOKOL_WGPU)
static const uint8_t cna_textured3d_fs_source_wgsl[1704] = {
    0x64,0x69,0x61,0x67,0x6e,0x6f,0x73,0x74,0x69,0x63,0x28,0x6f,0x66,0x66,0x2c,0x20,
    0x64,0x65,0x72,0x69,0x76,0x61,0x74,0x69,0x76,0x65,0x5f,0x75,0x6e,0x69,0x66,0x6f,
    0x72,0x6d,0x69,0x74,0x79,0x29,0x3b,0x0a,0x0a,0x73,0x74,0x72,0x75,0x63,0x74,0x20,
    0x74,0x65,0x78,0x74,0x75,0x72,0x65,0x64,0x33,0x64,0x5f,0x66,0x73,0x5f,0x70,0x61,
    0x72,0x61,0x6d,0x73,0x20,0x7b,0x0a,0x20,0x20,0x2f,0x2a,0x20,0x40,0x6f,0x66,0x66,
    0x73,0x65,0x74,0x28,0x30,0x29,0x20,0x2a,0x2f,0x0a,0x20,0x20,0x66,0x6f,0x67,0x43,
    0x6f,0x6c,0x6f,0x72,0x20,0x3a,0x20,0x76,0x65,0x63,0x34,0x66,0x2c,0x0a,0x7d,0x0a,
    0x0a,0x40,0x62,0x69,0x6e,0x64,0x69,0x6e,0x67,0x28,0x30,0x29,0x20,0x40,0x67,0x72,
    0x6f,0x75,0x70,0x28,0x31,0x29,0x20,0x76,0x61,0x72,0x20,0x74,0x65,0x78,0x20,0x3a,
    0x20,0x74,0x65,0x78,0x74,0x75,0x72,0x65,0x5f,0x32,0x64,0x3c,0x66,0x33,0x32,0x3e,
    0x3b,0x0a,0x0a,0x40,0x62,0x69,0x6e,0x64,0x69,0x6e,0x67,0x28,0x33,0x32,0x29,0x20,
    0x40,0x67,0x72,0x6f,0x75,0x70,0x28,0x31,0x29,0x20,0x76,0x61,0x72,0x20,0x73,0x6d,
    0x70,0x20,0x3a,0x20,0x73,0x61,0x6d,0x70,0x6c,0x65,0x72,0x3b,0x0a,0x0a,0x76,0x61,
    0x72,0x3c,0x70,0x72,0x69,0x76,0x61,0x74,0x65,0x3e,0x20,0x75,0x76,0x20,0x3a,0x20,
    0x76,0x65,0x63,0x32,0x66,0x3b,0x0a,0x0a,0x76,0x61,0x72,0x3c,0x70,0x72,0x69,0x76,
    0x61,0x74,0x65,0x3e,0x20,0x74,0x69,0x6e,0x74,0x20,0x3a,0x20,0x76,0x65,0x63,0x34,
    0x66,0x3b,0x0a,0x0a,0x76,0x61,0x72,0x3c,0x70,0x72,0x69,0x76,0x61,0x74,0x65,0x3e,
    0x20,0x61,0x6c,0x70,0x68,0x61,0x54,0x65,0x73,0x74,0x4f,0x75,0x74,0x20,0x3a,0x20,
    0x76,0x65,0x63,0x34,0x66,0x3b,0x0a,0x0a,0x40,0x62,0x69,0x6e,0x64,0x69,0x6e,0x67,
    0x28,0x31,0x29,0x20,0x40,0x67,0x72,0x6f,0x75,0x70,0x28,0x30,0x29,0x20,0x76,0x61,
    0x72,0x3c,0x75,0x6e,0x69,0x66,0x6f,0x72,0x6d,0x3e,0x20,0x78,0x5f,0x38,0x37,0x20,
    0x3a,0x20,0x74,0x65,0x78,0x74,0x75,0x72,0x65,0x64,0x33,0x64,0x5f,0x66,0x73,0x5f,
    0x70,0x61,0x72,0x61,0x6d,0x73,0x3b,0x0a,0x0a,0x76,0x61,0x72,0x3c,0x70,0x72,0x69,
    0x76,0x61,0x74,0x65,0x3e,0x20,0x66,0x6f,0x67,0x46,0x61,0x63,0x74,0x6f,0x72,0x20,
    0x3a,0x20,0x66,0x33,0x32,0x3b,0x0a,0x0a,0x76,0x61,0x72,0x3c,0x70,0x72,0x69,0x76,
    0x61,0x74,0x65,0x3e,0x20,0x66,0x72,0x61,0x67,0x5f,0x63,0x6f,0x6c,0x6f,0x72,0x20,
    0x3a,0x20,0x76,0x65,0x63,0x34,0x66,0x3b,0x0a,0x0a,0x66,0x6e,0x20,0x6d,0x61,0x69,
    0x6e,0x5f,0x31,0x28,0x29,0x20,0x7b,0x0a,0x20,0x20,0x76,0x61,0x72,0x20,0x63,0x20,
    0x3a,0x20,0x76,0x65,0x63,0x34,0x66,0x3b,0x0a,0x20,0x20,0x76,0x61,0x72,0x20,0x78,
    0x5f,0x34,0x30,0x20,0x3a,0x20,0x66,0x33,0x32,0x3b,0x0a,0x20,0x20,0x76,0x61,0x72,
    0x20,0x78,0x5f,0x35,0x34,0x20,0x3a,0x20,0x66,0x33,0x32,0x3b,0x0a,0x20,0x20,0x76,
    0x61,0x72,0x20,0x78,0x5f,0x37,0x30,0x20,0x3a,0x20,0x66,0x33,0x32,0x3b,0x0a,0x20,
    0x20,0x76,0x61,0x72,0x20,0x78,0x5f,0x33,0x36,0x20,0x3a,0x20,0x66,0x33,0x32,0x3b,
    0x0a,0x20,0x20,0x6c,0x65,0x74,0x20,0x78,0x5f,0x32,0x33,0x20,0x3d,0x20,0x75,0x76,
    0x3b,0x0a,0x20,0x20,0x6c,0x65,0x74,0x20,0x78,0x5f,0x32,0x34,0x20,0x3d,0x20,0x74,
    0x65,0x78,0x74,0x75,0x72,0x65,0x53,0x61,0x6d,0x70,0x6c,0x65,0x28,0x74,0x65,0x78,
    0x2c,0x20,0x73,0x6d,0x70,0x2c,0x20,0x78,0x5f,0x32,0x33,0x29,0x3b,0x0a,0x20,0x20,
    0x63,0x20,0x3d,0x20,0x28,0x78,0x5f,0x32,0x34,0x20,0x2a,0x20,0x74,0x69,0x6e,0x74,
    0x29,0x3b,0x0a,0x20,0x20,0x78,0x5f,0x33,0x36,0x20,0x3d,0x20,0x61,0x6c,0x70,0x68,
    0x61,0x54,0x65,0x73,0x74,0x4f,0x75,0x74,0x2e,0x79,0x3b,0x0a,0x20,0x20,0x69,0x66,
    0x20,0x28,0x28,0x78,0x5f,0x33,0x36,0x20,0x3e,0x20,0x30,0x2e,0x30,0x66,0x29,0x29,
    0x20,0x7b,0x0a,0x20,0x20,0x20,0x20,0x69,0x66,0x20,0x28,0x28,0x61,0x62,0x73,0x28,
    0x28,0x63,0x2e,0x77,0x20,0x2d,0x20,0x61,0x6c,0x70,0x68,0x61,0x54,0x65,0x73,0x74,
    0x4f,0x75,0x74,0x2e,0x78,0x29,0x29,0x20,0x3c,0x20,0x78,0x5f,0x33,0x36,0x29,0x29,
    0x20,0x7b,0x0a,0x20,0x20,0x20,0x20,0x20,0x20,0x78,0x5f,0x35,0x34,0x20,0x3d,0x20,
    0x61,0x6c,0x70,0x68,0x61,0x54,0x65,0x73,0x74,0x4f,0x75,0x74,0x2e,0x7a,0x3b,0x0a,
    0x20,0x20,0x20,0x20,0x7d,0x20,0x65,0x6c,0x73,0x65,0x20,0x7b,0x0a,0x20,0x20,0x20,
    0x20,0x20,0x20,0x78,0x5f,0x35,0x34,0x20,0x3d,0x20,0x61,0x6c,0x70,0x68,0x61,0x54,
    0x65,0x73,0x74,0x4f,0x75,0x74,0x2e,0x77,0x3b,0x0a,0x20,0x20,0x20,0x20,0x7d,0x0a,
    0x20,0x20,0x20,0x20,0x78,0x5f,0x34,0x30,0x20,0x3d,0x20,0x78,0x5f,0x35,0x34,0x3b,
    0x0a,0x20,0x20,0x7d,0x20,0x65,0x6c,0x73,0x65,0x20,0x7b,0x0a,0x20,0x20,0x20,0x20,
    0x69,0x66,0x20,0x28,0x28,0x63,0x2e,0x77,0x20,0x3c,0x20,0x61,0x6c,0x70,0x68,0x61,
    0x54,0x65,0x73,0x74,0x4f,0x75,0x74,0x2e,0x78,0x29,0x29,0x20,0x7b,0x0a,0x20,0x20,
    0x20,0x20,0x20,0x20,0x78,0x5f,0x37,0x30,0x20,0x3d,0x20,0x61,0x6c,0x70,0x68,0x61,
    0x54,0x65,0x73,0x74,0x4f,0x75,0x74,0x2e,0x7a,0x3b,0x0a,0x20,0x20,0x20,0x20,0x7d,
    0x20,0x65,0x6c,0x73,0x65,0x20,0x7b,0x0a,0x20,0x20,0x20,0x20,0x20,0x20,0x78,0x5f,
    0x37,0x30,0x20,0x3d,0x20,0x61,0x6c,0x70,0x68,0x61,0x54,0x65,0x73,0x74,0x4f,0x75,
    0x74,0x2e,0x77,0x3b,0x0a,0x20,0x20,0x20,0x20,0x7d,0x0a,0x20,0x20,0x20,0x20,0x78,
    0x5f,0x34,0x30,0x20,0x3d,0x20,0x78,0x5f,0x37,0x30,0x3b,0x0a,0x20,0x20,0x7d,0x0a,
    0x20,0x20,0x69,0x66,0x20,0x28,0x28,0x78,0x5f,0x34,0x30,0x20,0x3c,0x20,0x30,0x2e,
    0x30,0x66,0x29,0x29,0x20,0x7b,0x0a,0x20,0x20,0x20,0x20,0x64,0x69,0x73,0x63,0x61,
    0x72,0x64,0x3b,0x0a,0x20,0x20,0x7d,0x0a,0x20,0x20,0x6c,0x65,0x74,0x20,0x78,0x5f,
    0x39,0x35,0x20,0x3d,0x20,0x63,0x3b,0x0a,0x20,0x20,0x6c,0x65,0x74,0x20,0x78,0x5f,
    0x31,0x30,0x30,0x20,0x3d,0x20,0x6d,0x69,0x78,0x28,0x78,0x5f,0x38,0x37,0x2e,0x66,
    0x6f,0x67,0x43,0x6f,0x6c,0x6f,0x72,0x2e,0x78,0x79,0x7a,0x2c,0x20,0x63,0x2e,0x78,
    0x79,0x7a,0x2c,0x20,0x76,0x65,0x63,0x33,0x66,0x28,0x66,0x6f,0x67,0x46,0x61,0x63,
    0x74,0x6f,0x72,0x29,0x29,0x3b,0x0a,0x20,0x20,0x76,0x61,0x72,0x20,0x78,0x5f,0x31,
    0x31,0x33,0x5f,0x31,0x20,0x3d,0x20,0x78,0x5f,0x39,0x35,0x3b,0x0a,0x20,0x20,0x78,
    0x5f,0x31,0x31,0x33,0x5f,0x31,0x2e,0x78,0x20,0x3d,0x20,0x78,0x5f,0x31,0x30,0x30,
    0x2e,0x78,0x3b,0x0a,0x20,0x20,0x6c,0x65,0x74,0x20,0x78,0x5f,0x31,0x31,0x33,0x20,
    0x3d,0x20,0x78,0x5f,0x31,0x31,0x33,0x5f,0x31,0x3b,0x0a,0x20,0x20,0x76,0x61,0x72,
    0x20,0x78,0x5f,0x31,0x31,0x35,0x5f,0x31,0x20,0x3d,0x20,0x78,0x5f,0x31,0x31,0x33,
    0x3b,0x0a,0x20,0x20,0x78,0x5f,0x31,0x31,0x35,0x5f,0x31,0x2e,0x79,0x20,0x3d,0x20,
    0x78,0x5f,0x31,0x30,0x30,0x2e,0x79,0x3b,0x0a,0x20,0x20,0x6c,0x65,0x74,0x20,0x78,
    0x5f,0x31,0x31,0x35,0x20,0x3d,0x20,0x78,0x5f,0x31,0x31,0x35,0x5f,0x31,0x3b,0x0a,
    0x20,0x20,0x76,0x61,0x72,0x20,0x78,0x5f,0x31,0x31,0x37,0x5f,0x31,0x20,0x3d,0x20,
    0x78,0x5f,0x31,0x31,0x35,0x3b,0x0a,0x20,0x20,0x78,0x5f,0x31,0x31,0x37,0x5f,0x31,
    0x2e,0x7a,0x20,0x3d,0x20,0x78,0x5f,0x31,0x30,0x30,0x2e,0x7a,0x3b,0x0a,0x20,0x20,
    0x6c,0x65,0x74,0x20,0x78,0x5f,0x31,0x31,0x37,0x20,0x3d,0x20,0x78,0x5f,0x31,0x31,
    0x37,0x5f,0x31,0x3b,0x0a,0x20,0x20,0x63,0x20,0x3d,0x20,0x78,0x5f,0x31,0x31,0x37,
    0x5f,0x31,0x3b,0x0a,0x20,0x20,0x66,0x72,0x61,0x67,0x5f,0x63,0x6f,0x6c,0x6f,0x72,
    0x20,0x3d,0x20,0x78,0x5f,0x31,0x31,0x37,0x3b,0x0a,0x20,0x20,0x72,0x65,0x74,0x75,
    0x72,0x6e,0x3b,0x0a,0x7d,0x0a,0x0a,0x73,0x74,0x72,0x75,0x63,0x74,0x20,0x6d,0x61,
    0x69,0x6e,0x5f,0x6f,0x75,0x74,0x20,0x7b,0x0a,0x20,0x20,0x40,0x6c,0x6f,0x63,0x61,
    0x74,0x69,0x6f,0x6e,0x28,0x30,0x29,0x0a,0x20,0x20,0x66,0x72,0x61,0x67,0x5f,0x63,
    0x6f,0x6c,0x6f,0x72,0x5f,0x31,0x20,0x3a,0x20,0x76,0x65,0x63,0x34,0x66,0x2c,0x0a,
    0x7d,0x0a,0x0a,0x40,0x66,0x72,0x61,0x67,0x6d,0x65,0x6e,0x74,0x0a,0x66,0x6e,0x20,
    0x6d,0x61,0x69,0x6e,0x28,0x40,0x6c,0x6f,0x63,0x61,0x74,0x69,0x6f,0x6e,0x28,0x30,
    0x29,0x20,0x75,0x76,0x5f,0x70,0x61,0x72,0x61,0x6d,0x20,0x3a,0x20,0x76,0x65,0x63,
    0x32,0x66,0x2c,0x20,0x40,0x6c,0x6f,0x63,0x61,0x74,0x69,0x6f,0x6e,0x28,0x31,0x29,
    0x20,0x74,0x69,0x6e,0x74,0x5f,0x70,0x61,0x72,0x61,0x6d,0x20,0x3a,0x20,0x76,0x65,
    0x63,0x34,0x66,0x2c,0x20,0x40,0x6c,0x6f,0x63,0x61,0x74,0x69,0x6f,0x6e,0x28,0x32,
    0x29,0x20,0x61,0x6c,0x70,0x68,0x61,0x54,0x65,0x73,0x74,0x4f,0x75,0x74,0x5f,0x70,
    0x61,0x72,0x61,0x6d,0x20,0x3a,0x20,0x76,0x65,0x63,0x34,0x66,0x2c,0x20,0x40,0x6c,
    0x6f,0x63,0x61,0x74,0x69,0x6f,0x6e,0x28,0x33,0x29,0x20,0x66,0x6f,0x67,0x46,0x61,
    0x63,0x74,0x6f,0x72,0x5f,0x70,0x61,0x72,0x61,0x6d,0x20,0x3a,0x20,0x66,0x33,0x32,
    0x29,0x20,0x2d,0x3e,0x20,0x6d,0x61,0x69,0x6e,0x5f,0x6f,0x75,0x74,0x20,0x7b,0x0a,
    0x20,0x20,0x75,0x76,0x20,0x3d,0x20,0x75,0x76,0x5f,0x70,0x61,0x72,0x61,0x6d,0x3b,
    0x0a,0x20,0x20,0x74,0x69,0x6e,0x74,0x20,0x3d,0x20,0x74,0x69,0x6e,0x74,0x5f,0x70,
    0x61,0x72,0x61,0x6d,0x3b,0x0a,0x20,0x20,0x61,0x6c,0x70,0x68,0x61,0x54,0x65,0x73,
    0x74,0x4f,0x75,0x74,0x20,0x3d,0x20,0x61,0x6c,0x70,0x68,0x61,0x54,0x65,0x73,0x74,
    0x4f,0x75,0x74,0x5f,0x70,0x61,0x72,0x61,0x6d,0x3b,0x0a,0x20,0x20,0x66,0x6f,0x67,
    0x46,0x61,0x63,0x74,0x6f,0x72,0x20,0x3d,0x20,0x66,0x6f,0x67,0x46,0x61,0x63,0x74,
    0x6f,0x72,0x5f,0x70,0x61,0x72,0x61,0x6d,0x3b,0x0a,0x20,0x20,0x6d,0x61,0x69,0x6e,
    0x5f,0x31,0x28,0x29,0x3b,0x0a,0x20,0x20,0x72,0x65,0x74,0x75,0x72,0x6e,0x20,0x6d,
    0x61,0x69,0x6e,0x5f,0x6f,0x75,0x74,0x28,0x66,0x72,0x61,0x67,0x5f,0x63,0x6f,0x6c,
    0x6f,0x72,0x29,0x3b,0x0a,0x7d,0x0a,0x00,
};
#endif
const sg_shader_desc* cna_textured3d_shader_desc(sg_backend backend) {
    #if defined(SOKOL_GLCORE)
    if (backend == SG_BACKEND_GLCORE) {
        static sg_shader_desc desc;
        static bool valid;
        if (!valid) {
            valid = true;
            desc.vertex_func.source = (const char*)cna_textured3d_vs_source_glsl410;
            desc.vertex_func.entry = "main";
            desc.fragment_func.source = (const char*)cna_textured3d_fs_source_glsl410;
            desc.fragment_func.entry = "main";
            desc.attrs[0].base_type = SG_SHADERATTRBASETYPE_FLOAT;
            desc.attrs[0].glsl_name = "position";
            desc.attrs[1].base_type = SG_SHADERATTRBASETYPE_FLOAT;
            desc.attrs[1].glsl_name = "texcoord0";
            desc.attrs[2].base_type = SG_SHADERATTRBASETYPE_FLOAT;
            desc.attrs[2].glsl_name = "color0";
            desc.uniform_blocks[0].stage = SG_SHADERSTAGE_VERTEX;
            desc.uniform_blocks[0].layout = SG_UNIFORMLAYOUT_STD140;
            desc.uniform_blocks[0].size = 128;
            desc.uniform_blocks[0].glsl_uniforms[0].type = SG_UNIFORMTYPE_FLOAT4;
            desc.uniform_blocks[0].glsl_uniforms[0].array_count = 8;
            desc.uniform_blocks[0].glsl_uniforms[0].glsl_name = "textured3d_vs_params";
            desc.uniform_blocks[1].stage = SG_SHADERSTAGE_FRAGMENT;
            desc.uniform_blocks[1].layout = SG_UNIFORMLAYOUT_STD140;
            desc.uniform_blocks[1].size = 16;
            desc.uniform_blocks[1].glsl_uniforms[0].type = SG_UNIFORMTYPE_FLOAT4;
            desc.uniform_blocks[1].glsl_uniforms[0].array_count = 1;
            desc.uniform_blocks[1].glsl_uniforms[0].glsl_name = "textured3d_fs_params";
            desc.views[0].texture.stage = SG_SHADERSTAGE_FRAGMENT;
            desc.views[0].texture.image_type = SG_IMAGETYPE_2D;
            desc.views[0].texture.sample_type = SG_IMAGESAMPLETYPE_FLOAT;
            desc.views[0].texture.multisampled = false;
            desc.samplers[0].stage = SG_SHADERSTAGE_FRAGMENT;
            desc.samplers[0].sampler_type = SG_SAMPLERTYPE_FILTERING;
            desc.texture_sampler_pairs[0].stage = SG_SHADERSTAGE_FRAGMENT;
            desc.texture_sampler_pairs[0].view_slot = 0;
            desc.texture_sampler_pairs[0].sampler_slot = 0;
            desc.texture_sampler_pairs[0].glsl_name = "tex_smp";
            desc.label = "cna_textured3d_shader";
        }
        return &desc;
    }
    #endif /* SOKOL_GLCORE */
    #if defined(SOKOL_GLES3)
    if (backend == SG_BACKEND_GLES3) {
        static sg_shader_desc desc;
        static bool valid;
        if (!valid) {
            valid = true;
            desc.vertex_func.source = (const char*)cna_textured3d_vs_source_glsl300es;
            desc.vertex_func.entry = "main";
            desc.fragment_func.source = (const char*)cna_textured3d_fs_source_glsl300es;
            desc.fragment_func.entry = "main";
            desc.attrs[0].base_type = SG_SHADERATTRBASETYPE_FLOAT;
            desc.attrs[0].glsl_name = "position";
            desc.attrs[1].base_type = SG_SHADERATTRBASETYPE_FLOAT;
            desc.attrs[1].glsl_name = "texcoord0";
            desc.attrs[2].base_type = SG_SHADERATTRBASETYPE_FLOAT;
            desc.attrs[2].glsl_name = "color0";
            desc.uniform_blocks[0].stage = SG_SHADERSTAGE_VERTEX;
            desc.uniform_blocks[0].layout = SG_UNIFORMLAYOUT_STD140;
            desc.uniform_blocks[0].size = 128;
            desc.uniform_blocks[0].glsl_uniforms[0].type = SG_UNIFORMTYPE_FLOAT4;
            desc.uniform_blocks[0].glsl_uniforms[0].array_count = 8;
            desc.uniform_blocks[0].glsl_uniforms[0].glsl_name = "textured3d_vs_params";
            desc.uniform_blocks[1].stage = SG_SHADERSTAGE_FRAGMENT;
            desc.uniform_blocks[1].layout = SG_UNIFORMLAYOUT_STD140;
            desc.uniform_blocks[1].size = 16;
            desc.uniform_blocks[1].glsl_uniforms[0].type = SG_UNIFORMTYPE_FLOAT4;
            desc.uniform_blocks[1].glsl_uniforms[0].array_count = 1;
            desc.uniform_blocks[1].glsl_uniforms[0].glsl_name = "textured3d_fs_params";
            desc.views[0].texture.stage = SG_SHADERSTAGE_FRAGMENT;
            desc.views[0].texture.image_type = SG_IMAGETYPE_2D;
            desc.views[0].texture.sample_type = SG_IMAGESAMPLETYPE_FLOAT;
            desc.views[0].texture.multisampled = false;
            desc.samplers[0].stage = SG_SHADERSTAGE_FRAGMENT;
            desc.samplers[0].sampler_type = SG_SAMPLERTYPE_FILTERING;
            desc.texture_sampler_pairs[0].stage = SG_SHADERSTAGE_FRAGMENT;
            desc.texture_sampler_pairs[0].view_slot = 0;
            desc.texture_sampler_pairs[0].sampler_slot = 0;
            desc.texture_sampler_pairs[0].glsl_name = "tex_smp";
            desc.label = "cna_textured3d_shader";
        }
        return &desc;
    }
    #endif /* SOKOL_GLES3 */
    #if defined(SOKOL_D3D11)
    if (backend == SG_BACKEND_D3D11) {
        static sg_shader_desc desc;
        static bool valid;
        if (!valid) {
            valid = true;
            desc.vertex_func.source = (const char*)cna_textured3d_vs_source_hlsl5;
            desc.vertex_func.d3d11_target = "vs_5_0";
            desc.vertex_func.entry = "main";
            desc.fragment_func.source = (const char*)cna_textured3d_fs_source_hlsl5;
            desc.fragment_func.d3d11_target = "ps_5_0";
            desc.fragment_func.entry = "main";
            desc.attrs[0].base_type = SG_SHADERATTRBASETYPE_FLOAT;
            desc.attrs[0].hlsl_sem_name = "TEXCOORD";
            desc.attrs[0].hlsl_sem_index = 0;
            desc.attrs[1].base_type = SG_SHADERATTRBASETYPE_FLOAT;
            desc.attrs[1].hlsl_sem_name = "TEXCOORD";
            desc.attrs[1].hlsl_sem_index = 1;
            desc.attrs[2].base_type = SG_SHADERATTRBASETYPE_FLOAT;
            desc.attrs[2].hlsl_sem_name = "TEXCOORD";
            desc.attrs[2].hlsl_sem_index = 2;
            desc.uniform_blocks[0].stage = SG_SHADERSTAGE_VERTEX;
            desc.uniform_blocks[0].layout = SG_UNIFORMLAYOUT_STD140;
            desc.uniform_blocks[0].size = 128;
            desc.uniform_blocks[0].hlsl_register_b_n = 0;
            desc.uniform_blocks[1].stage = SG_SHADERSTAGE_FRAGMENT;
            desc.uniform_blocks[1].layout = SG_UNIFORMLAYOUT_STD140;
            desc.uniform_blocks[1].size = 16;
            desc.uniform_blocks[1].hlsl_register_b_n = 1;
            desc.views[0].texture.stage = SG_SHADERSTAGE_FRAGMENT;
            desc.views[0].texture.image_type = SG_IMAGETYPE_2D;
            desc.views[0].texture.sample_type = SG_IMAGESAMPLETYPE_FLOAT;
            desc.views[0].texture.multisampled = false;
            desc.views[0].texture.hlsl_register_t_n = 0;
            desc.samplers[0].stage = SG_SHADERSTAGE_FRAGMENT;
            desc.samplers[0].sampler_type = SG_SAMPLERTYPE_FILTERING;
            desc.samplers[0].hlsl_register_s_n = 0;
            desc.texture_sampler_pairs[0].stage = SG_SHADERSTAGE_FRAGMENT;
            desc.texture_sampler_pairs[0].view_slot = 0;
            desc.texture_sampler_pairs[0].sampler_slot = 0;
            desc.label = "cna_textured3d_shader";
        }
        return &desc;
    }
    #endif /* SOKOL_D3D11 */
    #if defined(SOKOL_METAL)
    if (backend == SG_BACKEND_METAL_MACOS) {
        static sg_shader_desc desc;
        static bool valid;
        if (!valid) {
            valid = true;
            desc.vertex_func.source = (const char*)cna_textured3d_vs_source_metal_macos;
            desc.vertex_func.entry = "main0";
            desc.fragment_func.source = (const char*)cna_textured3d_fs_source_metal_macos;
            desc.fragment_func.entry = "main0";
            desc.attrs[0].base_type = SG_SHADERATTRBASETYPE_FLOAT;
            desc.attrs[1].base_type = SG_SHADERATTRBASETYPE_FLOAT;
            desc.attrs[2].base_type = SG_SHADERATTRBASETYPE_FLOAT;
            desc.uniform_blocks[0].stage = SG_SHADERSTAGE_VERTEX;
            desc.uniform_blocks[0].layout = SG_UNIFORMLAYOUT_STD140;
            desc.uniform_blocks[0].size = 128;
            desc.uniform_blocks[0].msl_buffer_n = 0;
            desc.uniform_blocks[1].stage = SG_SHADERSTAGE_FRAGMENT;
            desc.uniform_blocks[1].layout = SG_UNIFORMLAYOUT_STD140;
            desc.uniform_blocks[1].size = 16;
            desc.uniform_blocks[1].msl_buffer_n = 1;
            desc.views[0].texture.stage = SG_SHADERSTAGE_FRAGMENT;
            desc.views[0].texture.image_type = SG_IMAGETYPE_2D;
            desc.views[0].texture.sample_type = SG_IMAGESAMPLETYPE_FLOAT;
            desc.views[0].texture.multisampled = false;
            desc.views[0].texture.msl_texture_n = 0;
            desc.samplers[0].stage = SG_SHADERSTAGE_FRAGMENT;
            desc.samplers[0].sampler_type = SG_SAMPLERTYPE_FILTERING;
            desc.samplers[0].msl_sampler_n = 0;
            desc.texture_sampler_pairs[0].stage = SG_SHADERSTAGE_FRAGMENT;
            desc.texture_sampler_pairs[0].view_slot = 0;
            desc.texture_sampler_pairs[0].sampler_slot = 0;
            desc.label = "cna_textured3d_shader";
        }
        return &desc;
    }
    #endif /* SOKOL_METAL */
    #if defined(SOKOL_WGPU)
    if (backend == SG_BACKEND_WGPU) {
        static sg_shader_desc desc;
        static bool valid;
        if (!valid) {
            valid = true;
            desc.vertex_func.source = (const char*)cna_textured3d_vs_source_wgsl;
            desc.vertex_func.entry = "main";
            desc.fragment_func.source = (const char*)cna_textured3d_fs_source_wgsl;
            desc.fragment_func.entry = "main";
            desc.attrs[0].base_type = SG_SHADERATTRBASETYPE_FLOAT;
            desc.attrs[1].base_type = SG_SHADERATTRBASETYPE_FLOAT;
            desc.attrs[2].base_type = SG_SHADERATTRBASETYPE_FLOAT;
            desc.uniform_blocks[0].stage = SG_SHADERSTAGE_VERTEX;
            desc.uniform_blocks[0].layout = SG_UNIFORMLAYOUT_STD140;
            desc.uniform_blocks[0].size = 128;
            desc.uniform_blocks[0].wgsl_group0_binding_n = 0;
            desc.uniform_blocks[1].stage = SG_SHADERSTAGE_FRAGMENT;
            desc.uniform_blocks[1].layout = SG_UNIFORMLAYOUT_STD140;
            desc.uniform_blocks[1].size = 16;
            desc.uniform_blocks[1].wgsl_group0_binding_n = 1;
            desc.views[0].texture.stage = SG_SHADERSTAGE_FRAGMENT;
            desc.views[0].texture.image_type = SG_IMAGETYPE_2D;
            desc.views[0].texture.sample_type = SG_IMAGESAMPLETYPE_FLOAT;
            desc.views[0].texture.multisampled = false;
            desc.views[0].texture.wgsl_group1_binding_n = 0;
            desc.samplers[0].stage = SG_SHADERSTAGE_FRAGMENT;
            desc.samplers[0].sampler_type = SG_SAMPLERTYPE_FILTERING;
            desc.samplers[0].wgsl_group1_binding_n = 32;
            desc.texture_sampler_pairs[0].stage = SG_SHADERSTAGE_FRAGMENT;
            desc.texture_sampler_pairs[0].view_slot = 0;
            desc.texture_sampler_pairs[0].sampler_slot = 0;
            desc.label = "cna_textured3d_shader";
        }
        return &desc;
    }
    #endif /* SOKOL_WGPU */
    return 0;
}
#endif // SOKOL_SHDC_IMPL
/*
    #version:1# (machine generated, don't edit!)

    Generated by sokol-shdc (https://github.com/floooh/sokol-tools)

    Overview:
    =========
    Shader program: 'lit3d':
        Get shader desc: cna_lit3d_shader_desc(sg_query_backend());
        Vertex Shader: lit3d_vs
        Fragment Shader: lit3d_fs
        Attributes:
            ATTR_cna_lit3d_position => 0
            ATTR_cna_lit3d_normal => 1
            ATTR_cna_lit3d_texcoord0 => 2
            ATTR_cna_lit3d_color0 => 3
    Bindings:
        Uniform block 'lit3d_vs_params':
            C struct: cna_lit3d_vs_params_t
            Bind slot: UB_cna_lit3d_vs_params => 0
        Uniform block 'lit3d_fs_params':
            C struct: cna_lit3d_fs_params_t
            Bind slot: UB_cna_lit3d_fs_params => 1
        Texture 'tex':
            Image type: SG_IMAGETYPE_2D
            Sample type: SG_IMAGESAMPLETYPE_FLOAT
            Multisampled: false
            Bind slot: VIEW_cna_tex => 0
        Sampler 'smp':
            Type: SG_SAMPLERTYPE_FILTERING
            Bind slot: SMP_cna_smp => 0
*/
#if !defined(SOKOL_GFX_INCLUDED)
#error "Please include sokol_gfx.h before lit3d.h"
#endif
#if !defined(SOKOL_SHDC_ALIGN)
#if defined(_MSC_VER)
#define SOKOL_SHDC_ALIGN(a) __declspec(align(a))
#else
#define SOKOL_SHDC_ALIGN(a) __attribute__((aligned(a)))
#endif
#endif
const sg_shader_desc* cna_lit3d_shader_desc(sg_backend backend);
#define ATTR_cna_lit3d_position (0)
#define ATTR_cna_lit3d_normal (1)
#define ATTR_cna_lit3d_texcoord0 (2)
#define ATTR_cna_lit3d_color0 (3)
#define UB_cna_lit3d_vs_params (0)
#define UB_cna_lit3d_fs_params (1)
#define VIEW_cna_tex (0)
#define SMP_cna_smp (0)
#pragma pack(push,1)
SOKOL_SHDC_ALIGN(16) typedef struct cna_lit3d_vs_params_t {
    float mvp[16];
    float world[16];
    float normalMatrix[16];
    float flags[4];
    float alphaTest[4];
    float fogVector[4];
} cna_lit3d_vs_params_t;
#pragma pack(pop)
#pragma pack(push,1)
SOKOL_SHDC_ALIGN(16) typedef struct cna_lit3d_fs_params_t {
    float diffuse[4];
    float ambient[4];
    float light0Dir[4];
    float light0Diffuse[4];
    float light0Specular[4];
    float light1Dir[4];
    float light1Diffuse[4];
    float light1Specular[4];
    float light2Dir[4];
    float light2Diffuse[4];
    float light2Specular[4];
    float specularColorAndPower[4];
    float eyePosition[4];
    float emissiveColor[4];
    float fogColor[4];
} cna_lit3d_fs_params_t;
#pragma pack(pop)
#if defined(SOKOL_SHDC_IMPL)
/*
    #version 410

    uniform vec4 lit3d_vs_params[15];
    layout(location = 0) in vec3 position;
    layout(location = 1) out vec3 worldPos;
    layout(location = 0) out vec3 worldNormal;
    layout(location = 1) in vec3 normal;
    layout(location = 2) out vec2 uv;
    layout(location = 2) in vec2 texcoord0;
    layout(location = 3) out vec4 tint;
    layout(location = 3) in vec4 color0;
    layout(location = 4) out float fogFactor;
    layout(location = 5) out vec4 alphaTestOut;

    void main()
    {
        vec4 _31 = vec4(position, 1.0);
        gl_Position = mat4(lit3d_vs_params[0], lit3d_vs_params[1], lit3d_vs_params[2], lit3d_vs_params[3]) * _31;
        worldPos = (mat4(lit3d_vs_params[4], lit3d_vs_params[5], lit3d_vs_params[6], lit3d_vs_params[7]) * _31).xyz;
        mat4 _50 = mat4(lit3d_vs_params[8], lit3d_vs_params[9], lit3d_vs_params[10], lit3d_vs_params[11]);
        worldNormal = mat3(_50[0].xyz, _50[1].xyz, _50[2].xyz) * normal;
        uv = texcoord0;
        tint = mix(vec4(1.0), color0, vec4(lit3d_vs_params[12].x));
        fogFactor = 1.0 - clamp(dot(_31, lit3d_vs_params[14]), 0.0, 1.0);
        alphaTestOut = lit3d_vs_params[13];
    }

*/
#if defined(SOKOL_GLCORE)
static const uint8_t cna_lit3d_vs_source_glsl410[1084] = {
    0x23,0x76,0x65,0x72,0x73,0x69,0x6f,0x6e,0x20,0x34,0x31,0x30,0x0a,0x0a,0x75,0x6e,
    0x69,0x66,0x6f,0x72,0x6d,0x20,0x76,0x65,0x63,0x34,0x20,0x6c,0x69,0x74,0x33,0x64,
    0x5f,0x76,0x73,0x5f,0x70,0x61,0x72,0x61,0x6d,0x73,0x5b,0x31,0x35,0x5d,0x3b,0x0a,
    0x6c,0x61,0x79,0x6f,0x75,0x74,0x28,0x6c,0x6f,0x63,0x61,0x74,0x69,0x6f,0x6e,0x20,
    0x3d,0x20,0x30,0x29,0x20,0x69,0x6e,0x20,0x76,0x65,0x63,0x33,0x20,0x70,0x6f,0x73,
    0x69,0x74,0x69,0x6f,0x6e,0x3b,0x0a,0x6c,0x61,0x79,0x6f,0x75,0x74,0x28,0x6c,0x6f,
    0x63,0x61,0x74,0x69,0x6f,0x6e,0x20,0x3d,0x20,0x31,0x29,0x20,0x6f,0x75,0x74,0x20,
    0x76,0x65,0x63,0x33,0x20,0x77,0x6f,0x72,0x6c,0x64,0x50,0x6f,0x73,0x3b,0x0a,0x6c,
    0x61,0x79,0x6f,0x75,0x74,0x28,0x6c,0x6f,0x63,0x61,0x74,0x69,0x6f,0x6e,0x20,0x3d,
    0x20,0x30,0x29,0x20,0x6f,0x75,0x74,0x20,0x76,0x65,0x63,0x33,0x20,0x77,0x6f,0x72,
    0x6c,0x64,0x4e,0x6f,0x72,0x6d,0x61,0x6c,0x3b,0x0a,0x6c,0x61,0x79,0x6f,0x75,0x74,
    0x28,0x6c,0x6f,0x63,0x61,0x74,0x69,0x6f,0x6e,0x20,0x3d,0x20,0x31,0x29,0x20,0x69,
    0x6e,0x20,0x76,0x65,0x63,0x33,0x20,0x6e,0x6f,0x72,0x6d,0x61,0x6c,0x3b,0x0a,0x6c,
    0x61,0x79,0x6f,0x75,0x74,0x28,0x6c,0x6f,0x63,0x61,0x74,0x69,0x6f,0x6e,0x20,0x3d,
    0x20,0x32,0x29,0x20,0x6f,0x75,0x74,0x20,0x76,0x65,0x63,0x32,0x20,0x75,0x76,0x3b,
    0x0a,0x6c,0x61,0x79,0x6f,0x75,0x74,0x28,0x6c,0x6f,0x63,0x61,0x74,0x69,0x6f,0x6e,
    0x20,0x3d,0x20,0x32,0x29,0x20,0x69,0x6e,0x20,0x76,0x65,0x63,0x32,0x20,0x74,0x65,
    0x78,0x63,0x6f,0x6f,0x72,0x64,0x30,0x3b,0x0a,0x6c,0x61,0x79,0x6f,0x75,0x74,0x28,
    0x6c,0x6f,0x63,0x61,0x74,0x69,0x6f,0x6e,0x20,0x3d,0x20,0x33,0x29,0x20,0x6f,0x75,
    0x74,0x20,0x76,0x65,0x63,0x34,0x20,0x74,0x69,0x6e,0x74,0x3b,0x0a,0x6c,0x61,0x79,
    0x6f,0x75,0x74,0x28,0x6c,0x6f,0x63,0x61,0x74,0x69,0x6f,0x6e,0x20,0x3d,0x20,0x33,
    0x29,0x20,0x69,0x6e,0x20,0x76,0x65,0x63,0x34,0x20,0x63,0x6f,0x6c,0x6f,0x72,0x30,
    0x3b,0x0a,0x6c,0x61,0x79,0x6f,0x75,0x74,0x28,0x6c,0x6f,0x63,0x61,0x74,0x69,0x6f,
    0x6e,0x20,0x3d,0x20,0x34,0x29,0x20,0x6f,0x75,0x74,0x20,0x66,0x6c,0x6f,0x61,0x74,
    0x20,0x66,0x6f,0x67,0x46,0x61,0x63,0x74,0x6f,0x72,0x3b,0x0a,0x6c,0x61,0x79,0x6f,
    0x75,0x74,0x28,0x6c,0x6f,0x63,0x61,0x74,0x69,0x6f,0x6e,0x20,0x3d,0x20,0x35,0x29,
    0x20,0x6f,0x75,0x74,0x20,0x76,0x65,0x63,0x34,0x20,0x61,0x6c,0x70,0x68,0x61,0x54,
    0x65,0x73,0x74,0x4f,0x75,0x74,0x3b,0x0a,0x0a,0x76,0x6f,0x69,0x64,0x20,0x6d,0x61,
    0x69,0x6e,0x28,0x29,0x0a,0x7b,0x0a,0x20,0x20,0x20,0x20,0x76,0x65,0x63,0x34,0x20,
    0x5f,0x33,0x31,0x20,0x3d,0x20,0x76,0x65,0x63,0x34,0x28,0x70,0x6f,0x73,0x69,0x74,
    0x69,0x6f,0x6e,0x2c,0x20,0x31,0x2e,0x30,0x29,0x3b,0x0a,0x20,0x20,0x20,0x20,0x67,
    0x6c,0x5f,0x50,0x6f,0x73,0x69,0x74,0x69,0x6f,0x6e,0x20,0x3d,0x20,0x6d,0x61,0x74,
    0x34,0x28,0x6c,0x69,0x74,0x33,0x64,0x5f,0x76,0x73,0x5f,0x70,0x61,0x72,0x61,0x6d,
    0x73,0x5b,0x30,0x5d,0x2c,0x20,0x6c,0x69,0x74,0x33,0x64,0x5f,0x76,0x73,0x5f,0x70,
    0x61,0x72,0x61,0x6d,0x73,0x5b,0x31,0x5d,0x2c,0x20,0x6c,0x69,0x74,0x33,0x64,0x5f,
    0x76,0x73,0x5f,0x70,0x61,0x72,0x61,0x6d,0x73,0x5b,0x32,0x5d,0x2c,0x20,0x6c,0x69,
    0x74,0x33,0x64,0x5f,0x76,0x73,0x5f,0x70,0x61,0x72,0x61,0x6d,0x73,0x5b,0x33,0x5d,
    0x29,0x20,0x2a,0x20,0x5f,0x33,0x31,0x3b,0x0a,0x20,0x20,0x20,0x20,0x77,0x6f,0x72,
    0x6c,0x64,0x50,0x6f,0x73,0x20,0x3d,0x20,0x28,0x6d,0x61,0x74,0x34,0x28,0x6c,0x69,
    0x74,0x33,0x64,0x5f,0x76,0x73,0x5f,0x70,0x61,0x72,0x61,0x6d,0x73,0x5b,0x34,0x5d,
    0x2c,0x20,0x6c,0x69,0x74,0x33,0x64,0x5f,0x76,0x73,0x5f,0x70,0x61,0x72,0x61,0x6d,
    0x73,0x5b,0x35,0x5d,0x2c,0x20,0x6c,0x69,0x74,0x33,0x64,0x5f,0x76,0x73,0x5f,0x70,
    0x61,0x72,0x61,0x6d,0x73,0x5b,0x36,0x5d,0x2c,0x20,0x6c,0x69,0x74,0x33,0x64,0x5f,
    0x76,0x73,0x5f,0x70,0x61,0x72,0x61,0x6d,0x73,0x5b,0x37,0x5d,0x29,0x20,0x2a,0x20,
    0x5f,0x33,0x31,0x29,0x2e,0x78,0x79,0x7a,0x3b,0x0a,0x20,0x20,0x20,0x20,0x6d,0x61,
    0x74,0x34,0x20,0x5f,0x35,0x30,0x20,0x3d,0x20,0x6d,0x61,0x74,0x34,0x28,0x6c,0x69,
    0x74,0x33,0x64,0x5f,0x76,0x73,0x5f,0x70,0x61,0x72,0x61,0x6d,0x73,0x5b,0x38,0x5d,
    0x2c,0x20,0x6c,0x69,0x74,0x33,0x64,0x5f,0x76,0x73,0x5f,0x70,0x61,0x72,0x61,0x6d,
    0x73,0x5b,0x39,0x5d,0x2c,0x20,0x6c,0x69,0x74,0x33,0x64,0x5f,0x76,0x73,0x5f,0x70,
    0x61,0x72,0x61,0x6d,0x73,0x5b,0x31,0x30,0x5d,0x2c,0x20,0x6c,0x69,0x74,0x33,0x64,
    0x5f,0x76,0x73,0x5f,0x70,0x61,0x72,0x61,0x6d,0x73,0x5b,0x31,0x31,0x5d,0x29,0x3b,
    0x0a,0x20,0x20,0x20,0x20,0x77,0x6f,0x72,0x6c,0x64,0x4e,0x6f,0x72,0x6d,0x61,0x6c,
    0x20,0x3d,0x20,0x6d,0x61,0x74,0x33,0x28,0x5f,0x35,0x30,0x5b,0x30,0x5d,0x2e,0x78,
    0x79,0x7a,0x2c,0x20,0x5f,0x35,0x30,0x5b,0x31,0x5d,0x2e,0x78,0x79,0x7a,0x2c,0x20,
    0x5f,0x35,0x30,0x5b,0x32,0x5d,0x2e,0x78,0x79,0x7a,0x29,0x20,0x2a,0x20,0x6e,0x6f,
    0x72,0x6d,0x61,0x6c,0x3b,0x0a,0x20,0x20,0x20,0x20,0x75,0x76,0x20,0x3d,0x20,0x74,
    0x65,0x78,0x63,0x6f,0x6f,0x72,0x64,0x30,0x3b,0x0a,0x20,0x20,0x20,0x20,0x74,0x69,
    0x6e,0x74,0x20,0x3d,0x20,0x6d,0x69,0x78,0x28,0x76,0x65,0x63,0x34,0x28,0x31,0x2e,
    0x30,0x29,0x2c,0x20,0x63,0x6f,0x6c,0x6f,0x72,0x30,0x2c,0x20,0x76,0x65,0x63,0x34,
    0x28,0x6c,0x69,0x74,0x33,0x64,0x5f,0x76,0x73,0x5f,0x70,0x61,0x72,0x61,0x6d,0x73,
    0x5b,0x31,0x32,0x5d,0x2e,0x78,0x29,0x29,0x3b,0x0a,0x20,0x20,0x20,0x20,0x66,0x6f,
    0x67,0x46,0x61,0x63,0x74,0x6f,0x72,0x20,0x3d,0x20,0x31,0x2e,0x30,0x20,0x2d,0x20,
    0x63,0x6c,0x61,0x6d,0x70,0x28,0x64,0x6f,0x74,0x28,0x5f,0x33,0x31,0x2c,0x20,0x6c,
    0x69,0x74,0x33,0x64,0x5f,0x76,0x73,0x5f,0x70,0x61,0x72,0x61,0x6d,0x73,0x5b,0x31,
    0x34,0x5d,0x29,0x2c,0x20,0x30,0x2e,0x30,0x2c,0x20,0x31,0x2e,0x30,0x29,0x3b,0x0a,
    0x20,0x20,0x20,0x20,0x61,0x6c,0x70,0x68,0x61,0x54,0x65,0x73,0x74,0x4f,0x75,0x74,
    0x20,0x3d,0x20,0x6c,0x69,0x74,0x33,0x64,0x5f,0x76,0x73,0x5f,0x70,0x61,0x72,0x61,
    0x6d,0x73,0x5b,0x31,0x33,0x5d,0x3b,0x0a,0x7d,0x0a,0x0a,0x00,
};
#endif
/*
    #version 410

    uniform vec4 lit3d_fs_params[15];
    uniform sampler2D tex_smp;

    layout(location = 0) in vec3 worldNormal;
    layout(location = 1) in vec3 worldPos;
    layout(location = 3) in vec4 tint;
    layout(location = 2) in vec2 uv;
    layout(location = 5) in vec4 alphaTestOut;
    layout(location = 4) in float fogFactor;
    layout(location = 0) out vec4 frag_color;

    void main()
    {
        vec3 _13 = normalize(worldNormal);
        vec3 _28 = normalize(lit3d_fs_params[12].xyz - worldPos);
        float _37 = dot(_13, -lit3d_fs_params[2].xyz);
        float _52 = dot(_13, -lit3d_fs_params[5].xyz);
        float _66 = dot(_13, -lit3d_fs_params[8].xyz);
        vec4 _226 = texture(tex_smp, uv) * vec4((((((lit3d_fs_params[1].xyz + (lit3d_fs_params[3].xyz * max(_37, 0.0))) + (lit3d_fs_params[6].xyz * max(_52, 0.0))) + (lit3d_fs_params[9].xyz * max(_66, 0.0))) * lit3d_fs_params[0].xyz) * tint.xyz) + lit3d_fs_params[13].xyz, lit3d_fs_params[0].w * tint.w);
        vec3 _233 = _226.xyz + (((((lit3d_fs_params[4].xyz * pow(max(dot(normalize(_28 - lit3d_fs_params[2].xyz), _13), 0.0) * step(0.0, _37), lit3d_fs_params[11].w)) + (lit3d_fs_params[7].xyz * pow(max(dot(normalize(_28 - lit3d_fs_params[5].xyz), _13), 0.0) * step(0.0, _52), lit3d_fs_params[11].w))) + (lit3d_fs_params[10].xyz * pow(max(dot(normalize(_28 - lit3d_fs_params[8].xyz), _13), 0.0) * step(0.0, _66), lit3d_fs_params[11].w))) * lit3d_fs_params[11].xyz) * _226.w);
        vec4 _312 = _226;
        _312.x = _233.x;
        _312.y = _233.y;
        _312.z = _233.z;
        vec4 c = _312;
        float _249;
        if (alphaTestOut.y > 0.0)
        {
            float _261;
            if (abs(c.w - alphaTestOut.x) < alphaTestOut.y)
            {
                _261 = alphaTestOut.z;
            }
            else
            {
                _261 = alphaTestOut.w;
            }
            _249 = _261;
        }
        else
        {
            float _276;
            if (c.w < alphaTestOut.x)
            {
                _276 = alphaTestOut.z;
            }
            else
            {
                _276 = alphaTestOut.w;
            }
            _249 = _276;
        }
        if (_249 < 0.0)
        {
            discard;
        }
        vec4 _295 = c;
        vec3 _300 = mix(lit3d_fs_params[14].xyz, _295.xyz, vec3(fogFactor));
        vec4 _320 = _295;
        _320.x = _300.x;
        _320.y = _300.y;
        _320.z = _300.z;
        c = _320;
        frag_color = _320;
    }

*/
#if defined(SOKOL_GLCORE)
static const uint8_t cna_lit3d_fs_source_glsl410[2261] = {
    0x23,0x76,0x65,0x72,0x73,0x69,0x6f,0x6e,0x20,0x34,0x31,0x30,0x0a,0x0a,0x75,0x6e,
    0x69,0x66,0x6f,0x72,0x6d,0x20,0x76,0x65,0x63,0x34,0x20,0x6c,0x69,0x74,0x33,0x64,
    0x5f,0x66,0x73,0x5f,0x70,0x61,0x72,0x61,0x6d,0x73,0x5b,0x31,0x35,0x5d,0x3b,0x0a,
    0x75,0x6e,0x69,0x66,0x6f,0x72,0x6d,0x20,0x73,0x61,0x6d,0x70,0x6c,0x65,0x72,0x32,
    0x44,0x20,0x74,0x65,0x78,0x5f,0x73,0x6d,0x70,0x3b,0x0a,0x0a,0x6c,0x61,0x79,0x6f,
    0x75,0x74,0x28,0x6c,0x6f,0x63,0x61,0x74,0x69,0x6f,0x6e,0x20,0x3d,0x20,0x30,0x29,
    0x20,0x69,0x6e,0x20,0x76,0x65,0x63,0x33,0x20,0x77,0x6f,0x72,0x6c,0x64,0x4e,0x6f,
    0x72,0x6d,0x61,0x6c,0x3b,0x0a,0x6c,0x61,0x79,0x6f,0x75,0x74,0x28,0x6c,0x6f,0x63,
    0x61,0x74,0x69,0x6f,0x6e,0x20,0x3d,0x20,0x31,0x29,0x20,0x69,0x6e,0x20,0x76,0x65,
    0x63,0x33,0x20,0x77,0x6f,0x72,0x6c,0x64,0x50,0x6f,0x73,0x3b,0x0a,0x6c,0x61,0x79,
    0x6f,0x75,0x74,0x28,0x6c,0x6f,0x63,0x61,0x74,0x69,0x6f,0x6e,0x20,0x3d,0x20,0x33,
    0x29,0x20,0x69,0x6e,0x20,0x76,0x65,0x63,0x34,0x20,0x74,0x69,0x6e,0x74,0x3b,0x0a,
    0x6c,0x61,0x79,0x6f,0x75,0x74,0x28,0x6c,0x6f,0x63,0x61,0x74,0x69,0x6f,0x6e,0x20,
    0x3d,0x20,0x32,0x29,0x20,0x69,0x6e,0x20,0x76,0x65,0x63,0x32,0x20,0x75,0x76,0x3b,
    0x0a,0x6c,0x61,0x79,0x6f,0x75,0x74,0x28,0x6c,0x6f,0x63,0x61,0x74,0x69,0x6f,0x6e,
    0x20,0x3d,0x20,0x35,0x29,0x20,0x69,0x6e,0x20,0x76,0x65,0x63,0x34,0x20,0x61,0x6c,
    0x70,0x68,0x61,0x54,0x65,0x73,0x74,0x4f,0x75,0x74,0x3b,0x0a,0x6c,0x61,0x79,0x6f,
    0x75,0x74,0x28,0x6c,0x6f,0x63,0x61,0x74,0x69,0x6f,0x6e,0x20,0x3d,0x20,0x34,0x29,
    0x20,0x69,0x6e,0x20,0x66,0x6c,0x6f,0x61,0x74,0x20,0x66,0x6f,0x67,0x46,0x61,0x63,
    0x74,0x6f,0x72,0x3b,0x0a,0x6c,0x61,0x79,0x6f,0x75,0x74,0x28,0x6c,0x6f,0x63,0x61,
    0x74,0x69,0x6f,0x6e,0x20,0x3d,0x20,0x30,0x29,0x20,0x6f,0x75,0x74,0x20,0x76,0x65,
    0x63,0x34,0x20,0x66,0x72,0x61,0x67,0x5f,0x63,0x6f,0x6c,0x6f,0x72,0x3b,0x0a,0x0a,
    0x76,0x6f,0x69,0x64,0x20,0x6d,0x61,0x69,0x6e,0x28,0x29,0x0a,0x7b,0x0a,0x20,0x20,
    0x20,0x20,0x76,0x65,0x63,0x33,0x20,0x5f,0x31,0x33,0x20,0x3d,0x20,0x6e,0x6f,0x72,
    0x6d,0x61,0x6c,0x69,0x7a,0x65,0x28,0x77,0x6f,0x72,0x6c,0x64,0x4e,0x6f,0x72,0x6d,
    0x61,0x6c,0x29,0x3b,0x0a,0x20,0x20,0x20,0x20,0x76,0x65,0x63,0x33,0x20,0x5f,0x32,
    0x38,0x20,0x3d,0x20,0x6e,0x6f,0x72,0x6d,0x61,0x6c,0x69,0x7a,0x65,0x28,0x6c,0x69,
    0x74,0x33,0x64,0x5f,0x66,0x73,0x5f,0x70,0x61,0x72,0x61,0x6d,0x73,0x5b,0x31,0x32,
    0x5d,0x2e,0x78,0x79,0x7a,0x20,0x2d,0x20,0x77,0x6f,0x72,0x6c,0x64,0x50,0x6f,0x73,
    0x29,0x3b,0x0a,0x20,0x20,0x20,0x20,0x66,0x6c,0x6f,0x61,0x74,0x20,0x5f,0x33,0x37,
    0x20,0x3d,0x20,0x64,0x6f,0x74,0x28,0x5f,0x31,0x33,0x2c,0x20,0x2d,0x6c,0x69,0x74,
    0x33,0x64,0x5f,0x66,0x73,0x5f,0x70,0x61,0x72,0x61,0x6d,0x73,0x5b,0x32,0x5d,0x2e,
    0x78,0x79,0x7a,0x29,0x3b,0x0a,0x20,0x20,0x20,0x20,0x66,0x6c,0x6f,0x61,0x74,0x20,
    0x5f,0x35,0x32,0x20,0x3d,0x20,0x64,0x6f,0x74,0x28,0x5f,0x31,0x33,0x2c,0x20,0x2d,
    0x6c,0x69,0x74,0x33,0x64,0x5f,0x66,0x73,0x5f,0x70,0x61,0x72,0x61,0x6d,0x73,0x5b,
    0x35,0x5d,0x2e,0x78,0x79,0x7a,0x29,0x3b,0x0a,0x20,0x20,0x20,0x20,0x66,0x6c,0x6f,
    0x61,0x74,0x20,0x5f,0x36,0x36,0x20,0x3d,0x20,0x64,0x6f,0x74,0x28,0x5f,0x31,0x33,
    0x2c,0x20,0x2d,0x6c,0x69,0x74,0x33,0x64,0x5f,0x66,0x73,0x5f,0x70,0x61,0x72,0x61,
    0x6d,0x73,0x5b,0x38,0x5d,0x2e,0x78,0x79,0x7a,0x29,0x3b,0x0a,0x20,0x20,0x20,0x20,
    0x76,0x65,0x63,0x34,0x20,0x5f,0x32,0x32,0x36,0x20,0x3d,0x20,0x74,0x65,0x78,0x74,
    0x75,0x72,0x65,0x28,0x74,0x65,0x78,0x5f,0x73,0x6d,0x70,0x2c,0x20,0x75,0x76,0x29,
    0x20,0x2a,0x20,0x76,0x65,0x63,0x34,0x28,0x28,0x28,0x28,0x28,0x28,0x6c,0x69,0x74,
    0x33,0x64,0x5f,0x66,0x73,0x5f,0x70,0x61,0x72,0x61,0x6d,0x73,0x5b,0x31,0x5d,0x2e,
    0x78,0x79,0x7a,0x20,0x2b,0x20,0x28,0x6c,0x69,0x74,0x33,0x64,0x5f,0x66,0x73,0x5f,
    0x70,0x61,0x72,0x61,0x6d,0x73,0x5b,0x33,0x5d,0x2e,0x78,0x79,0x7a,0x20,0x2a,0x20,
    0x6d,0x61,0x78,0x28,0x5f,0x33,0x37,0x2c,0x20,0x30,0x2e,0x30,0x29,0x29,0x29,0x20,
    0x2b,0x20,0x28,0x6c,0x69,0x74,0x33,0x64,0x5f,0x66,0x73,0x5f,0x70,0x61,0x72,0x61,
    0x6d,0x73,0x5b,0x36,0x5d,0x2e,0x78,0x79,0x7a,0x20,0x2a,0x20,0x6d,0x61,0x78,0x28,
    0x5f,0x35,0x32,0x2c,0x20,0x30,0x2e,0x30,0x29,0x29,0x29,0x20,0x2b,0x20,0x28,0x6c,
    0x69,0x74,0x33,0x64,0x5f,0x66,0x73,0x5f,0x70,0x61,0x72,0x61,0x6d,0x73,0x5b,0x39,
    0x5d,0x2e,0x78,0x79,0x7a,0x20,0x2a,0x20,0x6d,0x61,0x78,0x28,0x5f,0x36,0x36,0x2c,
    0x20,0x30,0x2e,0x30,0x29,0x29,0x29,0x20,0x2a,0x20,0x6c,0x69,0x74,0x33,0x64,0x5f,
    0x66,0x73,0x5f,0x70,0x61,0x72,0x61,0x6d,0x73,0x5b,0x30,0x5d,0x2e,0x78,0x79,0x7a,
    0x29,0x20,0x2a,0x20,0x74,0x69,0x6e,0x74,0x2e,0x78,0x79,0x7a,0x29,0x20,0x2b,0x20,
    0x6c,0x69,0x74,0x33,0x64,0x5f,0x66,0x73,0x5f,0x70,0x61,0x72,0x61,0x6d,0x73,0x5b,
    0x31,0x33,0x5d,0x2e,0x78,0x79,0x7a,0x2c,0x20,0x6c,0x69,0x74,0x33,0x64,0x5f,0x66,
    0x73,0x5f,0x70,0x61,0x72,0x61,0x6d,0x73,0x5b,0x30,0x5d,0x2e,0x77,0x20,0x2a,0x20,
    0x74,0x69,0x6e,0x74,0x2e,0x77,0x29,0x3b,0x0a,0x20,0x20,0x20,0x20,0x76,0x65,0x63,
    0x33,0x20,0x5f,0x32,0x33,0x33,0x20,0x3d,0x20,0x5f,0x32,0x32,0x36,0x2e,0x78,0x79,
    0x7a,0x20,0x2b,0x20,0x28,0x28,0x28,0x28,0x28,0x6c,0x69,0x74,0x33,0x64,0x5f,0x66,
    0x73,0x5f,0x70,0x61,0x72,0x61,0x6d,0x73,0x5b,0x34,0x5d,0x2e,0x78,0x79,0x7a,0x20,
    0x2a,0x20,0x70,0x6f,0x77,0x28,0x6d,0x61,0x78,0x28,0x64,0x6f,0x74,0x28,0x6e,0x6f,
    0x72,0x6d,0x61,0x6c,0x69,0x7a,0x65,0x28,0x5f,0x32,0x38,0x20,0x2d,0x20,0x6c,0x69,
    0x74,0x33,0x64,0x5f,0x66,0x73,0x5f,0x70,0x61,0x72,0x61,0x6d,0x73,0x5b,0x32,0x5d,
    0x2e,0x78,0x79,0x7a,0x29,0x2c,0x20,0x5f,0x31,0x33,0x29,0x2c,0x20,0x30,0x2e,0x30,
    0x29,0x20,0x2a,0x20,0x73,0x74,0x65,0x70,0x28,0x30,0x2e,0x30,0x2c,0x20,0x5f,0x33,
    0x37,0x29,0x2c,0x20,0x6c,0x69,0x74,0x33,0x64,0x5f,0x66,0x73,0x5f,0x70,0x61,0x72,
    0x61,0x6d,0x73,0x5b,0x31,0x31,0x5d,0x2e,0x77,0x29,0x29,0x20,0x2b,0x20,0x28,0x6c,
    0x69,0x74,0x33,0x64,0x5f,0x66,0x73,0x5f,0x70,0x61,0x72,0x61,0x6d,0x73,0x5b,0x37,
    0x5d,0x2e,0x78,0x79,0x7a,0x20,0x2a,0x20,0x70,0x6f,0x77,0x28,0x6d,0x61,0x78,0x28,
    0x64,0x6f,0x74,0x28,0x6e,0x6f,0x72,0x6d,0x61,0x6c,0x69,0x7a,0x65,0x28,0x5f,0x32,
    0x38,0x20,0x2d,0x20,0x6c,0x69,0x74,0x33,0x64,0x5f,0x66,0x73,0x5f,0x70,0x61,0x72,
    0x61,0x6d,0x73,0x5b,0x35,0x5d,0x2e,0x78,0x79,0x7a,0x29,0x2c,0x20,0x5f,0x31,0x33,
    0x29,0x2c,0x20,0x30,0x2e,0x30,0x29,0x20,0x2a,0x20,0x73,0x74,0x65,0x70,0x28,0x30,
    0x2e,0x30,0x2c,0x20,0x5f,0x35,0x32,0x29,0x2c,0x20,0x6c,0x69,0x74,0x33,0x64,0x5f,
    0x66,0x73,0x5f,0x70,0x61,0x72,0x61,0x6d,0x73,0x5b,0x31,0x31,0x5d,0x2e,0x77,0x29,
    0x29,0x29,0x20,0x2b,0x20,0x28,0x6c,0x69,0x74,0x33,0x64,0x5f,0x66,0x73,0x5f,0x70,
    0x61,0x72,0x61,0x6d,0x73,0x5b,0x31,0x30,0x5d,0x2e,0x78,0x79,0x7a,0x20,0x2a,0x20,
    0x70,0x6f,0x77,0x28,0x6d,0x61,0x78,0x28,0x64,0x6f,0x74,0x28,0x6e,0x6f,0x72,0x6d,
    0x61,0x6c,0x69,0x7a,0x65,0x28,0x5f,0x32,0x38,0x20,0x2d,0x20,0x6c,0x69,0x74,0x33,
    0x64,0x5f,0x66,0x73,0x5f,0x70,0x61,0x72,0x61,0x6d,0x73,0x5b,0x38,0x5d,0x2e,0x78,
    0x79,0x7a,0x29,0x2c,0x20,0x5f,0x31,0x33,0x29,0x2c,0x20,0x30,0x2e,0x30,0x29,0x20,
    0x2a,0x20,0x73,0x74,0x65,0x70,0x28,0x30,0x2e,0x30,0x2c,0x20,0x5f,0x36,0x36,0x29,
    0x2c,0x20,0x6c,0x69,0x74,0x33,0x64,0x5f,0x66,0x73,0x5f,0x70,0x61,0x72,0x61,0x6d,
    0x73,0x5b,0x31,0x31,0x5d,0x2e,0x77,0x29,0x29,0x29,0x20,0x2a,0x20,0x6c,0x69,0x74,
    0x33,0x64,0x5f,0x66,0x73,0x5f,0x70,0x61,0x72,0x61,0x6d,0x73,0x5b,0x31,0x31,0x5d,
    0x2e,0x78,0x79,0x7a,0x29,0x20,0x2a,0x20,0x5f,0x32,0x32,0x36,0x2e,0x77,0x29,0x3b,
    0x0a,0x20,0x20,0x20,0x20,0x76,0x65,0x63,0x34,0x20,0x5f,0x33,0x31,0x32,0x20,0x3d,
    0x20,0x5f,0x32,0x32,0x36,0x3b,0x0a,0x20,0x20,0x20,0x20,0x5f,0x33,0x31,0x32,0x2e,
    0x78,0x20,0x3d,0x20,0x5f,0x32,0x33,0x33,0x2e,0x78,0x3b,0x0a,0x20,0x20,0x20,0x20,
    0x5f,0x33,0x31,0x32,0x2e,0x79,0x20,0x3d,0x20,0x5f,0x32,0x33,0x33,0x2e,0x79,0x3b,
    0x0a,0x20,0x20,0x20,0x20,0x5f,0x33,0x31,0x32,0x2e,0x7a,0x20,0x3d,0x20,0x5f,0x32,
    0x33,0x33,0x2e,0x7a,0x3b,0x0a,0x20,0x20,0x20,0x20,0x76,0x65,0x63,0x34,0x20,0x63,
    0x20,0x3d,0x20,0x5f,0x33,0x31,0x32,0x3b,0x0a,0x20,0x20,0x20,0x20,0x66,0x6c,0x6f,
    0x61,0x74,0x20,0x5f,0x32,0x34,0x39,0x3b,0x0a,0x20,0x20,0x20,0x20,0x69,0x66,0x20,
    0x28,0x61,0x6c,0x70,0x68,0x61,0x54,0x65,0x73,0x74,0x4f,0x75,0x74,0x2e,0x79,0x20,
    0x3e,0x20,0x30,0x2e,0x30,0x29,0x0a,0x20,0x20,0x20,0x20,0x7b,0x0a,0x20,0x20,0x20,
    0x20,0x20,0x20,0x20,0x20,0x66,0x6c,0x6f,0x61,0x74,0x20,0x5f,0x32,0x36,0x31,0x3b,
    0x0a,0x20,0x20,0x20,0x20,0x20,0x20,0x20,0x20,0x69,0x66,0x20,0x28,0x61,0x62,0x73,
    0x28,0x63,0x2e,0x77,0x20,0x2d,0x20,0x61,0x6c,0x70,0x68,0x61,0x54,0x65,0x73,0x74,
    0x4f,0x75,0x74,0x2e,0x78,0x29,0x20,0x3c,0x20,0x61,0x6c,0x70,0x68,0x61,0x54,0x65,
    0x73,0x74,0x4f,0x75,0x74,0x2e,0x79,0x29,0x0a,0x20,0x20,0x20,0x20,0x20,0x20,0x20,
    0x20,0x7b,0x0a,0x20,0x20,0x20,0x20,0x20,0x20,0x20,0x20,0x20,0x20,0x20,0x20,0x5f,
    0x32,0x36,0x31,0x20,0x3d,0x20,0x61,0x6c,0x70,0x68,0x61,0x54,0x65,0x73,0x74,0x4f,
    0x75,0x74,0x2e,0x7a,0x3b,0x0a,0x20,0x20,0x20,0x20,0x20,0x20,0x20,0x20,0x7d,0x0a,
    0x20,0x20,0x20,0x20,0x20,0x20,0x20,0x20,0x65,0x6c,0x73,0x65,0x0a,0x20,0x20,0x20,
    0x20,0x20,0x20,0x20,0x20,0x7b,0x0a,0x20,0x20,0x20,0x20,0x20,0x20,0x20,0x20,0x20,
    0x20,0x20,0x20,0x5f,0x32,0x36,0x31,0x20,0x3d,0x20,0x61,0x6c,0x70,0x68,0x61,0x54,
    0x65,0x73,0x74,0x4f,0x75,0x74,0x2e,0x77,0x3b,0x0a,0x20,0x20,0x20,0x20,0x20,0x20,
    0x20,0x20,0x7d,0x0a,0x20,0x20,0x20,0x20,0x20,0x20,0x20,0x20,0x5f,0x32,0x34,0x39,
    0x20,0x3d,0x20,0x5f,0x32,0x36,0x31,0x3b,0x0a,0x20,0x20,0x20,0x20,0x7d,0x0a,0x20,
    0x20,0x20,0x20,0x65,0x6c,0x73,0x65,0x0a,0x20,0x20,0x20,0x20,0x7b,0x0a,0x20,0x20,
    0x20,0x20,0x20,0x20,0x20,0x20,0x66,0x6c,0x6f,0x61,0x74,0x20,0x5f,0x32,0x37,0x36,
    0x3b,0x0a,0x20,0x20,0x20,0x20,0x20,0x20,0x20,0x20,0x69,0x66,0x20,0x28,0x63,0x2e,
    0x77,0x20,0x3c,0x20,0x61,0x6c,0x70,0x68,0x61,0x54,0x65,0x73,0x74,0x4f,0x75,0x74,
    0x2e,0x78,0x29,0x0a,0x20,0x20,0x20,0x20,0x20,0x20,0x20,0x20,0x7b,0x0a,0x20,0x20,
    0x20,0x20,0x20,0x20,0x20,0x20,0x20,0x20,0x20,0x20,0x5f,0x32,0x37,0x36,0x20,0x3d,
    0x20,0x61,0x6c,0x70,0x68,0x61,0x54,0x65,0x73,0x74,0x4f,0x75,0x74,0x2e,0x7a,0x3b,
    0x0a,0x20,0x20,0x20,0x20,0x20,0x20,0x20,0x20,0x7d,0x0a,0x20,0x20,0x20,0x20,0x20,
    0x20,0x20,0x20,0x65,0x6c,0x73,0x65,0x0a,0x20,0x20,0x20,0x20,0x20,0x20,0x20,0x20,
    0x7b,0x0a,0x20,0x20,0x20,0x20,0x20,0x20,0x20,0x20,0x20,0x20,0x20,0x20,0x5f,0x32,
    0x37,0x36,0x20,0x3d,0x20,0x61,0x6c,0x70,0x68,0x61,0x54,0x65,0x73,0x74,0x4f,0x75,
    0x74,0x2e,0x77,0x3b,0x0a,0x20,0x20,0x20,0x20,0x20,0x20,0x20,0x20,0x7d,0x0a,0x20,
    0x20,0x20,0x20,0x20,0x20,0x20,0x20,0x5f,0x32,0x34,0x39,0x20,0x3d,0x20,0x5f,0x32,
    0x37,0x36,0x3b,0x0a,0x20,0x20,0x20,0x20,0x7d,0x0a,0x20,0x20,0x20,0x20,0x69,0x66,
    0x20,0x28,0x5f,0x32,0x34,0x39,0x20,0x3c,0x20,0x30,0x2e,0x30,0x29,0x0a,0x20,0x20,
    0x20,0x20,0x7b,0x0a,0x20,0x20,0x20,0x20,0x20,0x20,0x20,0x20,0x64,0x69,0x73,0x63,
    0x61,0x72,0x64,0x3b,0x0a,0x20,0x20,0x20,0x20,0x7d,0x0a,0x20,0x20,0x20,0x20,0x76,
    0x65,0x63,0x34,0x20,0x5f,0x32,0x39,0x35,0x20,0x3d,0x20,0x63,0x3b,0x0a,0x20,0x20,
    0x20,0x20,0x76,0x65,0x63,0x33,0x20,0x5f,0x33,0x30,0x30,0x20,0x3d,0x20,0x6d,0x69,
    0x78,0x28,0x6c,0x69,0x74,0x33,0x64,0x5f,0x66,0x73,0x5f,0x70,0x61,0x72,0x61,0x6d,
    0x73,0x5b,0x31,0x34,0x5d,0x2e,0x78,0x79,0x7a,0x2c,0x20,0x5f,0x32,0x39,0x35,0x2e,
    0x78,0x79,0x7a,0x2c,0x20,0x76,0x65,0x63,0x33,0x28,0x66,0x6f,0x67,0x46,0x61,0x63,
    0x74,0x6f,0x72,0x29,0x29,0x3b,0x0a,0x20,0x20,0x20,0x20,0x76,0x65,0x63,0x34,0x20,
    0x5f,0x33,0x32,0x30,0x20,0x3d,0x20,0x5f,0x32,0x39,0x35,0x3b,0x0a,0x20,0x20,0x20,
    0x20,0x5f,0x33,0x32,0x30,0x2e,0x78,0x20,0x3d,0x20,0x5f,0x33,0x30,0x30,0x2e,0x78,
    0x3b,0x0a,0x20,0x20,0x20,0x20,0x5f,0x33,0x32,0x30,0x2e,0x79,0x20,0x3d,0x20,0x5f,
    0x33,0x30,0x30,0x2e,0x79,0x3b,0x0a,0x20,0x20,0x20,0x20,0x5f,0x33,0x32,0x30,0x2e,
    0x7a,0x20,0x3d,0x20,0x5f,0x33,0x30,0x30,0x2e,0x7a,0x3b,0x0a,0x20,0x20,0x20,0x20,
    0x63,0x20,0x3d,0x20,0x5f,0x33,0x32,0x30,0x3b,0x0a,0x20,0x20,0x20,0x20,0x66,0x72,
    0x61,0x67,0x5f,0x63,0x6f,0x6c,0x6f,0x72,0x20,0x3d,0x20,0x5f,0x33,0x32,0x30,0x3b,
    0x0a,0x7d,0x0a,0x0a,0x00,
};
#endif
/*
    #version 300 es

    uniform vec4 lit3d_vs_params[15];
    layout(location = 0) in vec3 position;
    out vec3 worldPos;
    out vec3 worldNormal;
    layout(location = 1) in vec3 normal;
    out vec2 uv;
    layout(location = 2) in vec2 texcoord0;
    out vec4 tint;
    layout(location = 3) in vec4 color0;
    out float fogFactor;
    out vec4 alphaTestOut;

    void main()
    {
        vec4 _31 = vec4(position, 1.0);
        gl_Position = mat4(lit3d_vs_params[0], lit3d_vs_params[1], lit3d_vs_params[2], lit3d_vs_params[3]) * _31;
        worldPos = (mat4(lit3d_vs_params[4], lit3d_vs_params[5], lit3d_vs_params[6], lit3d_vs_params[7]) * _31).xyz;
        mat4 _50 = mat4(lit3d_vs_params[8], lit3d_vs_params[9], lit3d_vs_params[10], lit3d_vs_params[11]);
        worldNormal = mat3(_50[0].xyz, _50[1].xyz, _50[2].xyz) * normal;
        uv = texcoord0;
        tint = mix(vec4(1.0), color0, vec4(lit3d_vs_params[12].x));
        fogFactor = 1.0 - clamp(dot(_31, lit3d_vs_params[14]), 0.0, 1.0);
        alphaTestOut = lit3d_vs_params[13];
    }

*/
#if defined(SOKOL_GLES3)
static const uint8_t cna_lit3d_vs_source_glsl300es[961] = {
    0x23,0x76,0x65,0x72,0x73,0x69,0x6f,0x6e,0x20,0x33,0x30,0x30,0x20,0x65,0x73,0x0a,
    0x0a,0x75,0x6e,0x69,0x66,0x6f,0x72,0x6d,0x20,0x76,0x65,0x63,0x34,0x20,0x6c,0x69,
    0x74,0x33,0x64,0x5f,0x76,0x73,0x5f,0x70,0x61,0x72,0x61,0x6d,0x73,0x5b,0x31,0x35,
    0x5d,0x3b,0x0a,0x6c,0x61,0x79,0x6f,0x75,0x74,0x28,0x6c,0x6f,0x63,0x61,0x74,0x69,
    0x6f,0x6e,0x20,0x3d,0x20,0x30,0x29,0x20,0x69,0x6e,0x20,0x76,0x65,0x63,0x33,0x20,
    0x70,0x6f,0x73,0x69,0x74,0x69,0x6f,0x6e,0x3b,0x0a,0x6f,0x75,0x74,0x20,0x76,0x65,
    0x63,0x33,0x20,0x77,0x6f,0x72,0x6c,0x64,0x50,0x6f,0x73,0x3b,0x0a,0x6f,0x75,0x74,
    0x20,0x76,0x65,0x63,0x33,0x20,0x77,0x6f,0x72,0x6c,0x64,0x4e,0x6f,0x72,0x6d,0x61,
    0x6c,0x3b,0x0a,0x6c,0x61,0x79,0x6f,0x75,0x74,0x28,0x6c,0x6f,0x63,0x61,0x74,0x69,
    0x6f,0x6e,0x20,0x3d,0x20,0x31,0x29,0x20,0x69,0x6e,0x20,0x76,0x65,0x63,0x33,0x20,
    0x6e,0x6f,0x72,0x6d,0x61,0x6c,0x3b,0x0a,0x6f,0x75,0x74,0x20,0x76,0x65,0x63,0x32,
    0x20,0x75,0x76,0x3b,0x0a,0x6c,0x61,0x79,0x6f,0x75,0x74,0x28,0x6c,0x6f,0x63,0x61,
    0x74,0x69,0x6f,0x6e,0x20,0x3d,0x20,0x32,0x29,0x20,0x69,0x6e,0x20,0x76,0x65,0x63,
    0x32,0x20,0x74,0x65,0x78,0x63,0x6f,0x6f,0x72,0x64,0x30,0x3b,0x0a,0x6f,0x75,0x74,
    0x20,0x76,0x65,0x63,0x34,0x20,0x74,0x69,0x6e,0x74,0x3b,0x0a,0x6c,0x61,0x79,0x6f,
    0x75,0x74,0x28,0x6c,0x6f,0x63,0x61,0x74,0x69,0x6f,0x6e,0x20,0x3d,0x20,0x33,0x29,
    0x20,0x69,0x6e,0x20,0x76,0x65,0x63,0x34,0x20,0x63,0x6f,0x6c,0x6f,0x72,0x30,0x3b,
    0x0a,0x6f,0x75,0x74,0x20,0x66,0x6c,0x6f,0x61,0x74,0x20,0x66,0x6f,0x67,0x46,0x61,
    0x63,0x74,0x6f,0x72,0x3b,0x0a,0x6f,0x75,0x74,0x20,0x76,0x65,0x63,0x34,0x20,0x61,
    0x6c,0x70,0x68,0x61,0x54,0x65,0x73,0x74,0x4f,0x75,0x74,0x3b,0x0a,0x0a,0x76,0x6f,
    0x69,0x64,0x20,0x6d,0x61,0x69,0x6e,0x28,0x29,0x0a,0x7b,0x0a,0x20,0x20,0x20,0x20,
    0x76,0x65,0x63,0x34,0x20,0x5f,0x33,0x31,0x20,0x3d,0x20,0x76,0x65,0x63,0x34,0x28,
    0x70,0x6f,0x73,0x69,0x74,0x69,0x6f,0x6e,0x2c,0x20,0x31,0x2e,0x30,0x29,0x3b,0x0a,
    0x20,0x20,0x20,0x20,0x67,0x6c,0x5f,0x50,0x6f,0x73,0x69,0x74,0x69,0x6f,0x6e,0x20,
    0x3d,0x20,0x6d,0x61,0x74,0x34,0x28,0x6c,0x69,0x74,0x33,0x64,0x5f,0x76,0x73,0x5f,
    0x70,0x61,0x72,0x61,0x6d,0x73,0x5b,0x30,0x5d,0x2c,0x20,0x6c,0x69,0x74,0x33,0x64,
    0x5f,0x76,0x73,0x5f,0x70,0x61,0x72,0x61,0x6d,0x73,0x5b,0x31,0x5d,0x2c,0x20,0x6c,
    0x69,0x74,0x33,0x64,0x5f,0x76,0x73,0x5f,0x70,0x61,0x72,0x61,0x6d,0x73,0x5b,0x32,
    0x5d,0x2c,0x20,0x6c,0x69,0x74,0x33,0x64,0x5f,0x76,0x73,0x5f,0x70,0x61,0x72,0x61,
    0x6d,0x73,0x5b,0x33,0x5d,0x29,0x20,0x2a,0x20,0x5f,0x33,0x31,0x3b,0x0a,0x20,0x20,
    0x20,0x20,0x77,0x6f,0x72,0x6c,0x64,0x50,0x6f,0x73,0x20,0x3d,0x20,0x28,0x6d,0x61,
    0x74,0x34,0x28,0x6c,0x69,0x74,0x33,0x64,0x5f,0x76,0x73,0x5f,0x70,0x61,0x72,0x61,
    0x6d,0x73,0x5b,0x34,0x5d,0x2c,0x20,0x6c,0x69,0x74,0x33,0x64,0x5f,0x76,0x73,0x5f,
    0x70,0x61,0x72,0x61,0x6d,0x73,0x5b,0x35,0x5d,0x2c,0x20,0x6c,0x69,0x74,0x33,0x64,
    0x5f,0x76,0x73,0x5f,0x70,0x61,0x72,0x61,0x6d,0x73,0x5b,0x36,0x5d,0x2c,0x20,0x6c,
    0x69,0x74,0x33,0x64,0x5f,0x76,0x73,0x5f,0x70,0x61,0x72,0x61,0x6d,0x73,0x5b,0x37,
    0x5d,0x29,0x20,0x2a,0x20,0x5f,0x33,0x31,0x29,0x2e,0x78,0x79,0x7a,0x3b,0x0a,0x20,
    0x20,0x20,0x20,0x6d,0x61,0x74,0x34,0x20,0x5f,0x35,0x30,0x20,0x3d,0x20,0x6d,0x61,
    0x74,0x34,0x28,0x6c,0x69,0x74,0x33,0x64,0x5f,0x76,0x73,0x5f,0x70,0x61,0x72,0x61,
    0x6d,0x73,0x5b,0x38,0x5d,0x2c,0x20,0x6c,0x69,0x74,0x33,0x64,0x5f,0x76,0x73,0x5f,
    0x70,0x61,0x72,0x61,0x6d,0x73,0x5b,0x39,0x5d,0x2c,0x20,0x6c,0x69,0x74,0x33,0x64,
    0x5f,0x76,0x73,0x5f,0x70,0x61,0x72,0x61,0x6d,0x73,0x5b,0x31,0x30,0x5d,0x2c,0x20,
    0x6c,0x69,0x74,0x33,0x64,0x5f,0x76,0x73,0x5f,0x70,0x61,0x72,0x61,0x6d,0x73,0x5b,
    0x31,0x31,0x5d,0x29,0x3b,0x0a,0x20,0x20,0x20,0x20,0x77,0x6f,0x72,0x6c,0x64,0x4e,
    0x6f,0x72,0x6d,0x61,0x6c,0x20,0x3d,0x20,0x6d,0x61,0x74,0x33,0x28,0x5f,0x35,0x30,
    0x5b,0x30,0x5d,0x2e,0x78,0x79,0x7a,0x2c,0x20,0x5f,0x35,0x30,0x5b,0x31,0x5d,0x2e,
    0x78,0x79,0x7a,0x2c,0x20,0x5f,0x35,0x30,0x5b,0x32,0x5d,0x2e,0x78,0x79,0x7a,0x29,
    0x20,0x2a,0x20,0x6e,0x6f,0x72,0x6d,0x61,0x6c,0x3b,0x0a,0x20,0x20,0x20,0x20,0x75,
    0x76,0x20,0x3d,0x20,0x74,0x65,0x78,0x63,0x6f,0x6f,0x72,0x64,0x30,0x3b,0x0a,0x20,
    0x20,0x20,0x20,0x74,0x69,0x6e,0x74,0x20,0x3d,0x20,0x6d,0x69,0x78,0x28,0x76,0x65,
    0x63,0x34,0x28,0x31,0x2e,0x30,0x29,0x2c,0x20,0x63,0x6f,0x6c,0x6f,0x72,0x30,0x2c,
    0x20,0x76,0x65,0x63,0x34,0x28,0x6c,0x69,0x74,0x33,0x64,0x5f,0x76,0x73,0x5f,0x70,
    0x61,0x72,0x61,0x6d,0x73,0x5b,0x31,0x32,0x5d,0x2e,0x78,0x29,0x29,0x3b,0x0a,0x20,
    0x20,0x20,0x20,0x66,0x6f,0x67,0x46,0x61,0x63,0x74,0x6f,0x72,0x20,0x3d,0x20,0x31,
    0x2e,0x30,0x20,0x2d,0x20,0x63,0x6c,0x61,0x6d,0x70,0x28,0x64,0x6f,0x74,0x28,0x5f,
    0x33,0x31,0x2c,0x20,0x6c,0x69,0x74,0x33,0x64,0x5f,0x76,0x73,0x5f,0x70,0x61,0x72,
    0x61,0x6d,0x73,0x5b,0x31,0x34,0x5d,0x29,0x2c,0x20,0x30,0x2e,0x30,0x2c,0x20,0x31,
    0x2e,0x30,0x29,0x3b,0x0a,0x20,0x20,0x20,0x20,0x61,0x6c,0x70,0x68,0x61,0x54,0x65,
    0x73,0x74,0x4f,0x75,0x74,0x20,0x3d,0x20,0x6c,0x69,0x74,0x33,0x64,0x5f,0x76,0x73,
    0x5f,0x70,0x61,0x72,0x61,0x6d,0x73,0x5b,0x31,0x33,0x5d,0x3b,0x0a,0x7d,0x0a,0x0a,
    0x00,
};
#endif
/*
    #version 300 es
    precision mediump float;
    precision highp int;

    uniform highp vec4 lit3d_fs_params[15];
    uniform highp sampler2D tex_smp;

    in highp vec3 worldNormal;
    in highp vec3 worldPos;
    in highp vec4 tint;
    in highp vec2 uv;
    in highp vec4 alphaTestOut;
    in highp float fogFactor;
    layout(location = 0) out highp vec4 frag_color;

    void main()
    {
        highp vec3 _13 = normalize(worldNormal);
        highp vec3 _28 = normalize(lit3d_fs_params[12].xyz - worldPos);
        highp float _37 = dot(_13, -lit3d_fs_params[2].xyz);
        highp float _52 = dot(_13, -lit3d_fs_params[5].xyz);
        highp float _66 = dot(_13, -lit3d_fs_params[8].xyz);
        highp vec4 _226 = texture(tex_smp, uv) * vec4((((((lit3d_fs_params[1].xyz + (lit3d_fs_params[3].xyz * max(_37, 0.0))) + (lit3d_fs_params[6].xyz * max(_52, 0.0))) + (lit3d_fs_params[9].xyz * max(_66, 0.0))) * lit3d_fs_params[0].xyz) * tint.xyz) + lit3d_fs_params[13].xyz, lit3d_fs_params[0].w * tint.w);
        highp vec3 _233 = _226.xyz + (((((lit3d_fs_params[4].xyz * pow(max(dot(normalize(_28 - lit3d_fs_params[2].xyz), _13), 0.0) * step(0.0, _37), lit3d_fs_params[11].w)) + (lit3d_fs_params[7].xyz * pow(max(dot(normalize(_28 - lit3d_fs_params[5].xyz), _13), 0.0) * step(0.0, _52), lit3d_fs_params[11].w))) + (lit3d_fs_params[10].xyz * pow(max(dot(normalize(_28 - lit3d_fs_params[8].xyz), _13), 0.0) * step(0.0, _66), lit3d_fs_params[11].w))) * lit3d_fs_params[11].xyz) * _226.w);
        highp vec4 _312 = _226;
        _312.x = _233.x;
        _312.y = _233.y;
        _312.z = _233.z;
        highp vec4 c = _312;
        highp float _249;
        if (alphaTestOut.y > 0.0)
        {
            highp float _261;
            if (abs(c.w - alphaTestOut.x) < alphaTestOut.y)
            {
                _261 = alphaTestOut.z;
            }
            else
            {
                _261 = alphaTestOut.w;
            }
            _249 = _261;
        }
        else
        {
            highp float _276;
            if (c.w < alphaTestOut.x)
            {
                _276 = alphaTestOut.z;
            }
            else
            {
                _276 = alphaTestOut.w;
            }
            _249 = _276;
        }
        if (_249 < 0.0)
        {
            discard;
        }
        highp vec4 _295 = c;
        highp vec3 _300 = mix(lit3d_fs_params[14].xyz, _295.xyz, vec3(fogFactor));
        highp vec4 _320 = _295;
        _320.x = _300.x;
        _320.y = _300.y;
        _320.z = _300.z;
        c = _320;
        frag_color = _320;
    }

*/
#if defined(SOKOL_GLES3)
static const uint8_t cna_lit3d_fs_source_glsl300es[2328] = {
    0x23,0x76,0x65,0x72,0x73,0x69,0x6f,0x6e,0x20,0x33,0x30,0x30,0x20,0x65,0x73,0x0a,
    0x70,0x72,0x65,0x63,0x69,0x73,0x69,0x6f,0x6e,0x20,0x6d,0x65,0x64,0x69,0x75,0x6d,
    0x70,0x20,0x66,0x6c,0x6f,0x61,0x74,0x3b,0x0a,0x70,0x72,0x65,0x63,0x69,0x73,0x69,
    0x6f,0x6e,0x20,0x68,0x69,0x67,0x68,0x70,0x20,0x69,0x6e,0x74,0x3b,0x0a,0x0a,0x75,
    0x6e,0x69,0x66,0x6f,0x72,0x6d,0x20,0x68,0x69,0x67,0x68,0x70,0x20,0x76,0x65,0x63,
    0x34,0x20,0x6c,0x69,0x74,0x33,0x64,0x5f,0x66,0x73,0x5f,0x70,0x61,0x72,0x61,0x6d,
    0x73,0x5b,0x31,0x35,0x5d,0x3b,0x0a,0x75,0x6e,0x69,0x66,0x6f,0x72,0x6d,0x20,0x68,
    0x69,0x67,0x68,0x70,0x20,0x73,0x61,0x6d,0x70,0x6c,0x65,0x72,0x32,0x44,0x20,0x74,
    0x65,0x78,0x5f,0x73,0x6d,0x70,0x3b,0x0a,0x0a,0x69,0x6e,0x20,0x68,0x69,0x67,0x68,
    0x70,0x20,0x76,0x65,0x63,0x33,0x20,0x77,0x6f,0x72,0x6c,0x64,0x4e,0x6f,0x72,0x6d,
    0x61,0x6c,0x3b,0x0a,0x69,0x6e,0x20,0x68,0x69,0x67,0x68,0x70,0x20,0x76,0x65,0x63,
    0x33,0x20,0x77,0x6f,0x72,0x6c,0x64,0x50,0x6f,0x73,0x3b,0x0a,0x69,0x6e,0x20,0x68,
    0x69,0x67,0x68,0x70,0x20,0x76,0x65,0x63,0x34,0x20,0x74,0x69,0x6e,0x74,0x3b,0x0a,
    0x69,0x6e,0x20,0x68,0x69,0x67,0x68,0x70,0x20,0x76,0x65,0x63,0x32,0x20,0x75,0x76,
    0x3b,0x0a,0x69,0x6e,0x20,0x68,0x69,0x67,0x68,0x70,0x20,0x76,0x65,0x63,0x34,0x20,
    0x61,0x6c,0x70,0x68,0x61,0x54,0x65,0x73,0x74,0x4f,0x75,0x74,0x3b,0x0a,0x69,0x6e,
    0x20,0x68,0x69,0x67,0x68,0x70,0x20,0x66,0x6c,0x6f,0x61,0x74,0x20,0x66,0x6f,0x67,
    0x46,0x61,0x63,0x74,0x6f,0x72,0x3b,0x0a,0x6c,0x61,0x79,0x6f,0x75,0x74,0x28,0x6c,
    0x6f,0x63,0x61,0x74,0x69,0x6f,0x6e,0x20,0x3d,0x20,0x30,0x29,0x20,0x6f,0x75,0x74,
    0x20,0x68,0x69,0x67,0x68,0x70,0x20,0x76,0x65,0x63,0x34,0x20,0x66,0x72,0x61,0x67,
    0x5f,0x63,0x6f,0x6c,0x6f,0x72,0x3b,0x0a,0x0a,0x76,0x6f,0x69,0x64,0x20,0x6d,0x61,
    0x69,0x6e,0x28,0x29,0x0a,0x7b,0x0a,0x20,0x20,0x20,0x20,0x68,0x69,0x67,0x68,0x70,
    0x20,0x76,0x65,0x63,0x33,0x20,0x5f,0x31,0x33,0x20,0x3d,0x20,0x6e,0x6f,0x72,0x6d,
    0x61,0x6c,0x69,0x7a,0x65,0x28,0x77,0x6f,0x72,0x6c,0x64,0x4e,0x6f,0x72,0x6d,0x61,
    0x6c,0x29,0x3b,0x0a,0x20,0x20,0x20,0x20,0x68,0x69,0x67,0x68,0x70,0x20,0x76,0x65,
    0x63,0x33,0x20,0x5f,0x32,0x38,0x20,0x3d,0x20,0x6e,0x6f,0x72,0x6d,0x61,0x6c,0x69,
    0x7a,0x65,0x28,0x6c,0x69,0x74,0x33,0x64,0x5f,0x66,0x73,0x5f,0x70,0x61,0x72,0x61,
    0x6d,0x73,0x5b,0x31,0x32,0x5d,0x2e,0x78,0x79,0x7a,0x20,0x2d,0x20,0x77,0x6f,0x72,
    0x6c,0x64,0x50,0x6f,0x73,0x29,0x3b,0x0a,0x20,0x20,0x20,0x20,0x68,0x69,0x67,0x68,
    0x70,0x20,0x66,0x6c,0x6f,0x61,0x74,0x20,0x5f,0x33,0x37,0x20,0x3d,0x20,0x64,0x6f,
    0x74,0x28,0x5f,0x31,0x33,0x2c,0x20,0x2d,0x6c,0x69,0x74,0x33,0x64,0x5f,0x66,0x73,
    0x5f,0x70,0x61,0x72,0x61,0x6d,0x73,0x5b,0x32,0x5d,0x2e,0x78,0x79,0x7a,0x29,0x3b,
    0x0a,0x20,0x20,0x20,0x20,0x68,0x69,0x67,0x68,0x70,0x20,0x66,0x6c,0x6f,0x61,0x74,
    0x20,0x5f,0x35,0x32,0x20,0x3d,0x20,0x64,0x6f,0x74,0x28,0x5f,0x31,0x33,0x2c,0x20,
    0x2d,0x6c,0x69,0x74,0x33,0x64,0x5f,0x66,0x73,0x5f,0x70,0x61,0x72,0x61,0x6d,0x73,
    0x5b,0x35,0x5d,0x2e,0x78,0x79,0x7a,0x29,0x3b,0x0a,0x20,0x20,0x20,0x20,0x68,0x69,
    0x67,0x68,0x70,0x20,0x66,0x6c,0x6f,0x61,0x74,0x20,0x5f,0x36,0x36,0x20,0x3d,0x20,
    0x64,0x6f,0x74,0x28,0x5f,0x31,0x33,0x2c,0x20,0x2d,0x6c,0x69,0x74,0x33,0x64,0x5f,
    0x66,0x73,0x5f,0x70,0x61,0x72,0x61,0x6d,0x73,0x5b,0x38,0x5d,0x2e,0x78,0x79,0x7a,
    0x29,0x3b,0x0a,0x20,0x20,0x20,0x20,0x68,0x69,0x67,0x68,0x70,0x20,0x76,0x65,0x63,
    0x34,0x20,0x5f,0x32,0x32,0x36,0x20,0x3d,0x20,0x74,0x65,0x78,0x74,0x75,0x72,0x65,
    0x28,0x74,0x65,0x78,0x5f,0x73,0x6d,0x70,0x2c,0x20,0x75,0x76,0x29,0x20,0x2a,0x20,
    0x76,0x65,0x63,0x34,0x28,0x28,0x28,0x28,0x28,0x28,0x6c,0x69,0x74,0x33,0x64,0x5f,
    0x66,0x73,0x5f,0x70,0x61,0x72,0x61,0x6d,0x73,0x5b,0x31,0x5d,0x2e,0x78,0x79,0x7a,
    0x20,0x2b,0x20,0x28,0x6c,0x69,0x74,0x33,0x64,0x5f,0x66,0x73,0x5f,0x70,0x61,0x72,
    0x61,0x6d,0x73,0x5b,0x33,0x5d,0x2e,0x78,0x79,0x7a,0x20,0x2a,0x20,0x6d,0x61,0x78,
    0x28,0x5f,0x33,0x37,0x2c,0x20,0x30,0x2e,0x30,0x29,0x29,0x29,0x20,0x2b,0x20,0x28,
    0x6c,0x69,0x74,0x33,0x64,0x5f,0x66,0x73,0x5f,0x70,0x61,0x72,0x61,0x6d,0x73,0x5b,
    0x36,0x5d,0x2e,0x78,0x79,0x7a,0x20,0x2a,0x20,0x6d,0x61,0x78,0x28,0x5f,0x35,0x32,
    0x2c,0x20,0x30,0x2e,0x30,0x29,0x29,0x29,0x20,0x2b,0x20,0x28,0x6c,0x69,0x74,0x33,
    0x64,0x5f,0x66,0x73,0x5f,0x70,0x61,0x72,0x61,0x6d,0x73,0x5b,0x39,0x5d,0x2e,0x78,
    0x79,0x7a,0x20,0x2a,0x20,0x6d,0x61,0x78,0x28,0x5f,0x36,0x36,0x2c,0x20,0x30,0x2e,
    0x30,0x29,0x29,0x29,0x20,0x2a,0x20,0x6c,0x69,0x74,0x33,0x64,0x5f,0x66,0x73,0x5f,
    0x70,0x61,0x72,0x61,0x6d,0x73,0x5b,0x30,0x5d,0x2e,0x78,0x79,0x7a,0x29,0x20,0x2a,
    0x20,0x74,0x69,0x6e,0x74,0x2e,0x78,0x79,0x7a,0x29,0x20,0x2b,0x20,0x6c,0x69,0x74,
    0x33,0x64,0x5f,0x66,0x73,0x5f,0x70,0x61,0x72,0x61,0x6d,0x73,0x5b,0x31,0x33,0x5d,
    0x2e,0x78,0x79,0x7a,0x2c,0x20,0x6c,0x69,0x74,0x33,0x64,0x5f,0x66,0x73,0x5f,0x70,
    0x61,0x72,0x61,0x6d,0x73,0x5b,0x30,0x5d,0x2e,0x77,0x20,0x2a,0x20,0x74,0x69,0x6e,
    0x74,0x2e,0x77,0x29,0x3b,0x0a,0x20,0x20,0x20,0x20,0x68,0x69,0x67,0x68,0x70,0x20,
    0x76,0x65,0x63,0x33,0x20,0x5f,0x32,0x33,0x33,0x20,0x3d,0x20,0x5f,0x32,0x32,0x36,
    0x2e,0x78,0x79,0x7a,0x20,0x2b,0x20,0x28,0x28,0x28,0x28,0x28,0x6c,0x69,0x74,0x33,
    0x64,0x5f,0x66,0x73,0x5f,0x70,0x61,0x72,0x61,0x6d,0x73,0x5b,0x34,0x5d,0x2e,0x78,
    0x79,0x7a,0x20,0x2a,0x20,0x70,0x6f,0x77,0x28,0x6d,0x61,0x78,0x28,0x64,0x6f,0x74,
    0x28,0x6e,0x6f,0x72,0x6d,0x61,0x6c,0x69,0x7a,0x65,0x28,0x5f,0x32,0x38,0x20,0x2d,
    0x20,0x6c,0x69,0x74,0x33,0x64,0x5f,0x66,0x73,0x5f,0x70,0x61,0x72,0x61,0x6d,0x73,
    0x5b,0x32,0x5d,0x2e,0x78,0x79,0x7a,0x29,0x2c,0x20,0x5f,0x31,0x33,0x29,0x2c,0x20,
    0x30,0x2e,0x30,0x29,0x20,0x2a,0x20,0x73,0x74,0x65,0x70,0x28,0x30,0x2e,0x30,0x2c,
    0x20,0x5f,0x33,0x37,0x29,0x2c,0x20,0x6c,0x69,0x74,0x33,0x64,0x5f,0x66,0x73,0x5f,
    0x70,0x61,0x72,0x61,0x6d,0x73,0x5b,0x31,0x31,0x5d,0x2e,0x77,0x29,0x29,0x20,0x2b,
    0x20,0x28,0x6c,0x69,0x74,0x33,0x64,0x5f,0x66,0x73,0x5f,0x70,0x61,0x72,0x61,0x6d,
    0x73,0x5b,0x37,0x5d,0x2e,0x78,0x79,0x7a,0x20,0x2a,0x20,0x70,0x6f,0x77,0x28,0x6d,
    0x61,0x78,0x28,0x64,0x6f,0x74,0x28,0x6e,0x6f,0x72,0x6d,0x61,0x6c,0x69,0x7a,0x65,
    0x28,0x5f,0x32,0x38,0x20,0x2d,0x20,0x6c,0x69,0x74,0x33,0x64,0x5f,0x66,0x73,0x5f,
    0x70,0x61,0x72,0x61,0x6d,0x73,0x5b,0x35,0x5d,0x2e,0x78,0x79,0x7a,0x29,0x2c,0x20,
    0x5f,0x31,0x33,0x29,0x2c,0x20,0x30,0x2e,0x30,0x29,0x20,0x2a,0x20,0x73,0x74,0x65,
    0x70,0x28,0x30,0x2e,0x30,0x2c,0x20,0x5f,0x35,0x32,0x29,0x2c,0x20,0x6c,0x69,0x74,
    0x33,0x64,0x5f,0x66,0x73,0x5f,0x70,0x61,0x72,0x61,0x6d,0x73,0x5b,0x31,0x31,0x5d,
    0x2e,0x77,0x29,0x29,0x29,0x20,0x2b,0x20,0x28,0x6c,0x69,0x74,0x33,0x64,0x5f,0x66,
    0x73,0x5f,0x70,0x61,0x72,0x61,0x6d,0x73,0x5b,0x31,0x30,0x5d,0x2e,0x78,0x79,0x7a,
    0x20,0x2a,0x20,0x70,0x6f,0x77,0x28,0x6d,0x61,0x78,0x28,0x64,0x6f,0x74,0x28,0x6e,
    0x6f,0x72,0x6d,0x61,0x6c,0x69,0x7a,0x65,0x28,0x5f,0x32,0x38,0x20,0x2d,0x20,0x6c,
    0x69,0x74,0x33,0x64,0x5f,0x66,0x73,0x5f,0x70,0x61,0x72,0x61,0x6d,0x73,0x5b,0x38,
    0x5d,0x2e,0x78,0x79,0x7a,0x29,0x2c,0x20,0x5f,0x31,0x33,0x29,0x2c,0x20,0x30,0x2e,
    0x30,0x29,0x20,0x2a,0x20,0x73,0x74,0x65,0x70,0x28,0x30,0x2e,0x30,0x2c,0x20,0x5f,
    0x36,0x36,0x29,0x2c,0x20,0x6c,0x69,0x74,0x33,0x64,0x5f,0x66,0x73,0x5f,0x70,0x61,
    0x72,0x61,0x6d,0x73,0x5b,0x31,0x31,0x5d,0x2e,0x77,0x29,0x29,0x29,0x20,0x2a,0x20,
    0x6c,0x69,0x74,0x33,0x64,0x5f,0x66,0x73,0x5f,0x70,0x61,0x72,0x61,0x6d,0x73,0x5b,
    0x31,0x31,0x5d,0x2e,0x78,0x79,0x7a,0x29,0x20,0x2a,0x20,0x5f,0x32,0x32,0x36,0x2e,
    0x77,0x29,0x3b,0x0a,0x20,0x20,0x20,0x20,0x68,0x69,0x67,0x68,0x70,0x20,0x76,0x65,
    0x63,0x34,0x20,0x5f,0x33,0x31,0x32,0x20,0x3d,0x20,0x5f,0x32,0x32,0x36,0x3b,0x0a,
    0x20,0x20,0x20,0x20,0x5f,0x33,0x31,0x32,0x2e,0x78,0x20,0x3d,0x20,0x5f,0x32,0x33,
    0x33,0x2e,0x78,0x3b,0x0a,0x20,0x20,0x20,0x20,0x5f,0x33,0x31,0x32,0x2e,0x79,0x20,
    0x3d,0x20,0x5f,0x32,0x33,0x33,0x2e,0x79,0x3b,0x0a,0x20,0x20,0x20,0x20,0x5f,0x33,
    0x31,0x32,0x2e,0x7a,0x20,0x3d,0x20,0x5f,0x32,0x33,0x33,0x2e,0x7a,0x3b,0x0a,0x20,
    0x20,0x20,0x20,0x68,0x69,0x67,0x68,0x70,0x20,0x76,0x65,0x63,0x34,0x20,0x63,0x20,
    0x3d,0x20,0x5f,0x33,0x31,0x32,0x3b,0x0a,0x20,0x20,0x20,0x20,0x68,0x69,0x67,0x68,
    0x70,0x20,0x66,0x6c,0x6f,0x61,0x74,0x20,0x5f,0x32,0x34,0x39,0x3b,0x0a,0x20,0x20,
    0x20,0x20,0x69,0x66,0x20,0x28,0x61,0x6c,0x70,0x68,0x61,0x54,0x65,0x73,0x74,0x4f,
    0x75,0x74,0x2e,0x79,0x20,0x3e,0x20,0x30,0x2e,0x30,0x29,0x0a,0x20,0x20,0x20,0x20,
    0x7b,0x0a,0x20,0x20,0x20,0x20,0x20,0x20,0x20,0x20,0x68,0x69,0x67,0x68,0x70,0x20,
    0x66,0x6c,0x6f,0x61,0x74,0x20,0x5f,0x32,0x36,0x31,0x3b,0x0a,0x20,0x20,0x20,0x20,
    0x20,0x20,0x20,0x20,0x69,0x66,0x20,0x28,0x61,0x62,0x73,0x28,0x63,0x2e,0x77,0x20,
    0x2d,0x20,0x61,0x6c,0x70,0x68,0x61,0x54,0x65,0x73,0x74,0x4f,0x75,0x74,0x2e,0x78,
    0x29,0x20,0x3c,0x20,0x61,0x6c,0x70,0x68,0x61,0x54,0x65,0x73,0x74,0x4f,0x75,0x74,
    0x2e,0x79,0x29,0x0a,0x20,0x20,0x20,0x20,0x20,0x20,0x20,0x20,0x7b,0x0a,0x20,0x20,
    0x20,0x20,0x20,0x20,0x20,0x20,0x20,0x20,0x20,0x20,0x5f,0x32,0x36,0x31,0x20,0x3d,
    0x20,0x61,0x6c,0x70,0x68,0x61,0x54,0x65,0x73,0x74,0x4f,0x75,0x74,0x2e,0x7a,0x3b,
    0x0a,0x20,0x20,0x20,0x20,0x20,0x20,0x20,0x20,0x7d,0x0a,0x20,0x20,0x20,0x20,0x20,
    0x20,0x20,0x20,0x65,0x6c,0x73,0x65,0x0a,0x20,0x20,0x20,0x20,0x20,0x20,0x20,0x20,
    0x7b,0x0a,0x20,0x20,0x20,0x20,0x20,0x20,0x20,0x20,0x20,0x20,0x20,0x20,0x5f,0x32,
    0x36,0x31,0x20,0x3d,0x20,0x61,0x6c,0x70,0x68,0x61,0x54,0x65,0x73,0x74,0x4f,0x75,
    0x74,0x2e,0x77,0x3b,0x0a,0x20,0x20,0x20,0x20,0x20,0x20,0x20,0x20,0x7d,0x0a,0x20,
    0x20,0x20,0x20,0x20,0x20,0x20,0x20,0x5f,0x32,0x34,0x39,0x20,0x3d,0x20,0x5f,0x32,
    0x36,0x31,0x3b,0x0a,0x20,0x20,0x20,0x20,0x7d,0x0a,0x20,0x20,0x20,0x20,0x65,0x6c,
    0x73,0x65,0x0a,0x20,0x20,0x20,0x20,0x7b,0x0a,0x20,0x20,0x20,0x20,0x20,0x20,0x20,
    0x20,0x68,0x69,0x67,0x68,0x70,0x20,0x66,0x6c,0x6f,0x61,0x74,0x20,0x5f,0x32,0x37,
    0x36,0x3b,0x0a,0x20,0x20,0x20,0x20,0x20,0x20,0x20,0x20,0x69,0x66,0x20,0x28,0x63,
    0x2e,0x77,0x20,0x3c,0x20,0x61,0x6c,0x70,0x68,0x61,0x54,0x65,0x73,0x74,0x4f,0x75,
    0x74,0x2e,0x78,0x29,0x0a,0x20,0x20,0x20,0x20,0x20,0x20,0x20,0x20,0x7b,0x0a,0x20,
    0x20,0x20,0x20,0x20,0x20,0x20,0x20,0x20,0x20,0x20,0x20,0x5f,0x32,0x37,0x36,0x20,
    0x3d,0x20,0x61,0x6c,0x70,0x68,0x61,0x54,0x65,0x73,0x74,0x4f,0x75,0x74,0x2e,0x7a,
    0x3b,0x0a,0x20,0x20,0x20,0x20,0x20,0x20,0x20,0x20,0x7d,0x0a,0x20,0x20,0x20,0x20,
    0x20,0x20,0x20,0x20,0x65,0x6c,0x73,0x65,0x0a,0x20,0x20,0x20,0x20,0x20,0x20,0x20,
    0x20,0x7b,0x0a,0x20,0x20,0x20,0x20,0x20,0x20,0x20,0x20,0x20,0x20,0x20,0x20,0x5f,
    0x32,0x37,0x36,0x20,0x3d,0x20,0x61,0x6c,0x70,0x68,0x61,0x54,0x65,0x73,0x74,0x4f,
    0x75,0x74,0x2e,0x77,0x3b,0x0a,0x20,0x20,0x20,0x20,0x20,0x20,0x20,0x20,0x7d,0x0a,
    0x20,0x20,0x20,0x20,0x20,0x20,0x20,0x20,0x5f,0x32,0x34,0x39,0x20,0x3d,0x20,0x5f,
    0x32,0x37,0x36,0x3b,0x0a,0x20,0x20,0x20,0x20,0x7d,0x0a,0x20,0x20,0x20,0x20,0x69,
    0x66,0x20,0x28,0x5f,0x32,0x34,0x39,0x20,0x3c,0x20,0x30,0x2e,0x30,0x29,0x0a,0x20,
    0x20,0x20,0x20,0x7b,0x0a,0x20,0x20,0x20,0x20,0x20,0x20,0x20,0x20,0x64,0x69,0x73,
    0x63,0x61,0x72,0x64,0x3b,0x0a,0x20,0x20,0x20,0x20,0x7d,0x0a,0x20,0x20,0x20,0x20,
    0x68,0x69,0x67,0x68,0x70,0x20,0x76,0x65,0x63,0x34,0x20,0x5f,0x32,0x39,0x35,0x20,
    0x3d,0x20,0x63,0x3b,0x0a,0x20,0x20,0x20,0x20,0x68,0x69,0x67,0x68,0x70,0x20,0x76,
    0x65,0x63,0x33,0x20,0x5f,0x33,0x30,0x30,0x20,0x3d,0x20,0x6d,0x69,0x78,0x28,0x6c,
    0x69,0x74,0x33,0x64,0x5f,0x66,0x73,0x5f,0x70,0x61,0x72,0x61,0x6d,0x73,0x5b,0x31,
    0x34,0x5d,0x2e,0x78,0x79,0x7a,0x2c,0x20,0x5f,0x32,0x39,0x35,0x2e,0x78,0x79,0x7a,
    0x2c,0x20,0x76,0x65,0x63,0x33,0x28,0x66,0x6f,0x67,0x46,0x61,0x63,0x74,0x6f,0x72,
    0x29,0x29,0x3b,0x0a,0x20,0x20,0x20,0x20,0x68,0x69,0x67,0x68,0x70,0x20,0x76,0x65,
    0x63,0x34,0x20,0x5f,0x33,0x32,0x30,0x20,0x3d,0x20,0x5f,0x32,0x39,0x35,0x3b,0x0a,
    0x20,0x20,0x20,0x20,0x5f,0x33,0x32,0x30,0x2e,0x78,0x20,0x3d,0x20,0x5f,0x33,0x30,
    0x30,0x2e,0x78,0x3b,0x0a,0x20,0x20,0x20,0x20,0x5f,0x33,0x32,0x30,0x2e,0x79,0x20,
    0x3d,0x20,0x5f,0x33,0x30,0x30,0x2e,0x79,0x3b,0x0a,0x20,0x20,0x20,0x20,0x5f,0x33,
    0x32,0x30,0x2e,0x7a,0x20,0x3d,0x20,0x5f,0x33,0x30,0x30,0x2e,0x7a,0x3b,0x0a,0x20,
    0x20,0x20,0x20,0x63,0x20,0x3d,0x20,0x5f,0x33,0x32,0x30,0x3b,0x0a,0x20,0x20,0x20,
    0x20,0x66,0x72,0x61,0x67,0x5f,0x63,0x6f,0x6c,0x6f,0x72,0x20,0x3d,0x20,0x5f,0x33,
    0x32,0x30,0x3b,0x0a,0x7d,0x0a,0x0a,0x00,
};
#endif
/*
    cbuffer lit3d_vs_params : register(b0)
    {
        row_major float4x4 _19_mvp : packoffset(c0);
        row_major float4x4 _19_world : packoffset(c4);
        row_major float4x4 _19_normalMatrix : packoffset(c8);
        float4 _19_flags : packoffset(c12);
        float4 _19_alphaTest : packoffset(c13);
        float4 _19_fogVector : packoffset(c14);
    };


    static float4 gl_Position;
    static float3 position;
    static float3 worldPos;
    static float3 worldNormal;
    static float3 normal;
    static float2 uv;
    static float2 texcoord0;
    static float4 tint;
    static float4 color0;
    static float fogFactor;
    static float4 alphaTestOut;

    struct SPIRV_Cross_Input
    {
        float3 position : TEXCOORD0;
        float3 normal : TEXCOORD1;
        float2 texcoord0 : TEXCOORD2;
        float4 color0 : TEXCOORD3;
    };

    struct SPIRV_Cross_Output
    {
        float3 worldNormal : TEXCOORD0;
        float3 worldPos : TEXCOORD1;
        float2 uv : TEXCOORD2;
        float4 tint : TEXCOORD3;
        float fogFactor : TEXCOORD4;
        float4 alphaTestOut : TEXCOORD5;
        float4 gl_Position : SV_Position;
    };

    void vert_main()
    {
        float4 _31 = float4(position, 1.0f);
        gl_Position = mul(_31, _19_mvp);
        worldPos = mul(_31, _19_world).xyz;
        worldNormal = mul(normal, float3x3(_19_normalMatrix[0].xyz, _19_normalMatrix[1].xyz, _19_normalMatrix[2].xyz));
        uv = texcoord0;
        tint = lerp(1.0f.xxxx, color0, _19_flags.x.xxxx);
        fogFactor = 1.0f - clamp(dot(_31, _19_fogVector), 0.0f, 1.0f);
        alphaTestOut = _19_alphaTest;
    }

    SPIRV_Cross_Output main(SPIRV_Cross_Input stage_input)
    {
        position = stage_input.position;
        normal = stage_input.normal;
        texcoord0 = stage_input.texcoord0;
        color0 = stage_input.color0;
        vert_main();
        SPIRV_Cross_Output stage_output;
        stage_output.gl_Position = gl_Position;
        stage_output.worldPos = worldPos;
        stage_output.worldNormal = worldNormal;
        stage_output.uv = uv;
        stage_output.tint = tint;
        stage_output.fogFactor = fogFactor;
        stage_output.alphaTestOut = alphaTestOut;
        return stage_output;
    }
*/
#if defined(SOKOL_D3D11)
static const uint8_t cna_lit3d_vs_source_hlsl5[1999] = {
    0x63,0x62,0x75,0x66,0x66,0x65,0x72,0x20,0x6c,0x69,0x74,0x33,0x64,0x5f,0x76,0x73,
    0x5f,0x70,0x61,0x72,0x61,0x6d,0x73,0x20,0x3a,0x20,0x72,0x65,0x67,0x69,0x73,0x74,
    0x65,0x72,0x28,0x62,0x30,0x29,0x0a,0x7b,0x0a,0x20,0x20,0x20,0x20,0x72,0x6f,0x77,
    0x5f,0x6d,0x61,0x6a,0x6f,0x72,0x20,0x66,0x6c,0x6f,0x61,0x74,0x34,0x78,0x34,0x20,
    0x5f,0x31,0x39,0x5f,0x6d,0x76,0x70,0x20,0x3a,0x20,0x70,0x61,0x63,0x6b,0x6f,0x66,
    0x66,0x73,0x65,0x74,0x28,0x63,0x30,0x29,0x3b,0x0a,0x20,0x20,0x20,0x20,0x72,0x6f,
    0x77,0x5f,0x6d,0x61,0x6a,0x6f,0x72,0x20,0x66,0x6c,0x6f,0x61,0x74,0x34,0x78,0x34,
    0x20,0x5f,0x31,0x39,0x5f,0x77,0x6f,0x72,0x6c,0x64,0x20,0x3a,0x20,0x70,0x61,0x63,
    0x6b,0x6f,0x66,0x66,0x73,0x65,0x74,0x28,0x63,0x34,0x29,0x3b,0x0a,0x20,0x20,0x20,
    0x20,0x72,0x6f,0x77,0x5f,0x6d,0x61,0x6a,0x6f,0x72,0x20,0x66,0x6c,0x6f,0x61,0x74,
    0x34,0x78,0x34,0x20,0x5f,0x31,0x39,0x5f,0x6e,0x6f,0x72,0x6d,0x61,0x6c,0x4d,0x61,
    0x74,0x72,0x69,0x78,0x20,0x3a,0x20,0x70,0x61,0x63,0x6b,0x6f,0x66,0x66,0x73,0x65,
    0x74,0x28,0x63,0x38,0x29,0x3b,0x0a,0x20,0x20,0x20,0x20,0x66,0x6c,0x6f,0x61,0x74,
    0x34,0x20,0x5f,0x31,0x39,0x5f,0x66,0x6c,0x61,0x67,0x73,0x20,0x3a,0x20,0x70,0x61,
    0x63,0x6b,0x6f,0x66,0x66,0x73,0x65,0x74,0x28,0x63,0x31,0x32,0x29,0x3b,0x0a,0x20,
    0x20,0x20,0x20,0x66,0x6c,0x6f,0x61,0x74,0x34,0x20,0x5f,0x31,0x39,0x5f,0x61,0x6c,
    0x70,0x68,0x61,0x54,0x65,0x73,0x74,0x20,0x3a,0x20,0x70,0x61,0x63,0x6b,0x6f,0x66,
    0x66,0x73,0x65,0x74,0x28,0x63,0x31,0x33,0x29,0x3b,0x0a,0x20,0x20,0x20,0x20,0x66,
    0x6c,0x6f,0x61,0x74,0x34,0x20,0x5f,0x31,0x39,0x5f,0x66,0x6f,0x67,0x56,0x65,0x63,
    0x74,0x6f,0x72,0x20,0x3a,0x20,0x70,0x61,0x63,0x6b,0x6f,0x66,0x66,0x73,0x65,0x74,
    0x28,0x63,0x31,0x34,0x29,0x3b,0x0a,0x7d,0x3b,0x0a,0x0a,0x0a,0x73,0x74,0x61,0x74,
    0x69,0x63,0x20,0x66,0x6c,0x6f,0x61,0x74,0x34,0x20,0x67,0x6c,0x5f,0x50,0x6f,0x73,
    0x69,0x74,0x69,0x6f,0x6e,0x3b,0x0a,0x73,0x74,0x61,0x74,0x69,0x63,0x20,0x66,0x6c,
    0x6f,0x61,0x74,0x33,0x20,0x70,0x6f,0x73,0x69,0x74,0x69,0x6f,0x6e,0x3b,0x0a,0x73,
    0x74,0x61,0x74,0x69,0x63,0x20,0x66,0x6c,0x6f,0x61,0x74,0x33,0x20,0x77,0x6f,0x72,
    0x6c,0x64,0x50,0x6f,0x73,0x3b,0x0a,0x73,0x74,0x61,0x74,0x69,0x63,0x20,0x66,0x6c,
    0x6f,0x61,0x74,0x33,0x20,0x77,0x6f,0x72,0x6c,0x64,0x4e,0x6f,0x72,0x6d,0x61,0x6c,
    0x3b,0x0a,0x73,0x74,0x61,0x74,0x69,0x63,0x20,0x66,0x6c,0x6f,0x61,0x74,0x33,0x20,
    0x6e,0x6f,0x72,0x6d,0x61,0x6c,0x3b,0x0a,0x73,0x74,0x61,0x74,0x69,0x63,0x20,0x66,
    0x6c,0x6f,0x61,0x74,0x32,0x20,0x75,0x76,0x3b,0x0a,0x73,0x74,0x61,0x74,0x69,0x63,
    0x20,0x66,0x6c,0x6f,0x61,0x74,0x32,0x20,0x74,0x65,0x78,0x63,0x6f,0x6f,0x72,0x64,
    0x30,0x3b,0x0a,0x73,0x74,0x61,0x74,0x69,0x63,0x20,0x66,0x6c,0x6f,0x61,0x74,0x34,
    0x20,0x74,0x69,0x6e,0x74,0x3b,0x0a,0x73,0x74,0x61,0x74,0x69,0x63,0x20,0x66,0x6c,
    0x6f,0x61,0x74,0x34,0x20,0x63,0x6f,0x6c,0x6f,0x72,0x30,0x3b,0x0a,0x73,0x74,0x61,
    0x74,0x69,0x63,0x20,0x66,0x6c,0x6f,0x61,0x74,0x20,0x66,0x6f,0x67,0x46,0x61,0x63,
    0x74,0x6f,0x72,0x3b,0x0a,0x73,0x74,0x61,0x74,0x69,0x63,0x20,0x66,0x6c,0x6f,0x61,
    0x74,0x34,0x20,0x61,0x6c,0x70,0x68,0x61,0x54,0x65,0x73,0x74,0x4f,0x75,0x74,0x3b,
    0x0a,0x0a,0x73,0x74,0x72,0x75,0x63,0x74,0x20,0x53,0x50,0x49,0x52,0x56,0x5f,0x43,
    0x72,0x6f,0x73,0x73,0x5f,0x49,0x6e,0x70,0x75,0x74,0x0a,0x7b,0x0a,0x20,0x20,0x20,
    0x20,0x66,0x6c,0x6f,0x61,0x74,0x33,0x20,0x70,0x6f,0x73,0x69,0x74,0x69,0x6f,0x6e,
    0x20,0x3a,0x20,0x54,0x45,0x58,0x43,0x4f,0x4f,0x52,0x44,0x30,0x3b,0x0a,0x20,0x20,
    0x20,0x20,0x66,0x6c,0x6f,0x61,0x74,0x33,0x20,0x6e,0x6f,0x72,0x6d,0x61,0x6c,0x20,
    0x3a,0x20,0x54,0x45,0x58,0x43,0x4f,0x4f,0x52,0x44,0x31,0x3b,0x0a,0x20,0x20,0x20,
    0x20,0x66,0x6c,0x6f,0x61,0x74,0x32,0x20,0x74,0x65,0x78,0x63,0x6f,0x6f,0x72,0x64,
    0x30,0x20,0x3a,0x20,0x54,0x45,0x58,0x43,0x4f,0x4f,0x52,0x44,0x32,0x3b,0x0a,0x20,
    0x20,0x20,0x20,0x66,0x6c,0x6f,0x61,0x74,0x34,0x20,0x63,0x6f,0x6c,0x6f,0x72,0x30,
    0x20,0x3a,0x20,0x54,0x45,0x58,0x43,0x4f,0x4f,0x52,0x44,0x33,0x3b,0x0a,0x7d,0x3b,
    0x0a,0x0a,0x73,0x74,0x72,0x75,0x63,0x74,0x20,0x53,0x50,0x49,0x52,0x56,0x5f,0x43,
    0x72,0x6f,0x73,0x73,0x5f,0x4f,0x75,0x74,0x70,0x75,0x74,0x0a,0x7b,0x0a,0x20,0x20,
    0x20,0x20,0x66,0x6c,0x6f,0x61,0x74,0x33,0x20,0x77,0x6f,0x72,0x6c,0x64,0x4e,0x6f,
    0x72,0x6d,0x61,0x6c,0x20,0x3a,0x20,0x54,0x45,0x58,0x43,0x4f,0x4f,0x52,0x44,0x30,
    0x3b,0x0a,0x20,0x20,0x20,0x20,0x66,0x6c,0x6f,0x61,0x74,0x33,0x20,0x77,0x6f,0x72,
    0x6c,0x64,0x50,0x6f,0x73,0x20,0x3a,0x20,0x54,0x45,0x58,0x43,0x4f,0x4f,0x52,0x44,
    0x31,0x3b,0x0a,0x20,0x20,0x20,0x20,0x66,0x6c,0x6f,0x61,0x74,0x32,0x20,0x75,0x76,
    0x20,0x3a,0x20,0x54,0x45,0x58,0x43,0x4f,0x4f,0x52,0x44,0x32,0x3b,0x0a,0x20,0x20,
    0x20,0x20,0x66,0x6c,0x6f,0x61,0x74,0x34,0x20,0x74,0x69,0x6e,0x74,0x20,0x3a,0x20,
    0x54,0x45,0x58,0x43,0x4f,0x4f,0x52,0x44,0x33,0x3b,0x0a,0x20,0x20,0x20,0x20,0x66,
    0x6c,0x6f,0x61,0x74,0x20,0x66,0x6f,0x67,0x46,0x61,0x63,0x74,0x6f,0x72,0x20,0x3a,
    0x20,0x54,0x45,0x58,0x43,0x4f,0x4f,0x52,0x44,0x34,0x3b,0x0a,0x20,0x20,0x20,0x20,
    0x66,0x6c,0x6f,0x61,0x74,0x34,0x20,0x61,0x6c,0x70,0x68,0x61,0x54,0x65,0x73,0x74,
    0x4f,0x75,0x74,0x20,0x3a,0x20,0x54,0x45,0x58,0x43,0x4f,0x4f,0x52,0x44,0x35,0x3b,
    0x0a,0x20,0x20,0x20,0x20,0x66,0x6c,0x6f,0x61,0x74,0x34,0x20,0x67,0x6c,0x5f,0x50,
    0x6f,0x73,0x69,0x74,0x69,0x6f,0x6e,0x20,0x3a,0x20,0x53,0x56,0x5f,0x50,0x6f,0x73,
    0x69,0x74,0x69,0x6f,0x6e,0x3b,0x0a,0x7d,0x3b,0x0a,0x0a,0x76,0x6f,0x69,0x64,0x20,
    0x76,0x65,0x72,0x74,0x5f,0x6d,0x61,0x69,0x6e,0x28,0x29,0x0a,0x7b,0x0a,0x20,0x20,
    0x20,0x20,0x66,0x6c,0x6f,0x61,0x74,0x34,0x20,0x5f,0x33,0x31,0x20,0x3d,0x20,0x66,
    0x6c,0x6f,0x61,0x74,0x34,0x28,0x70,0x6f,0x73,0x69,0x74,0x69,0x6f,0x6e,0x2c,0x20,
    0x31,0x2e,0x30,0x66,0x29,0x3b,0x0a,0x20,0x20,0x20,0x20,0x67,0x6c,0x5f,0x50,0x6f,
    0x73,0x69,0x74,0x69,0x6f,0x6e,0x20,0x3d,0x20,0x6d,0x75,0x6c,0x28,0x5f,0x33,0x31,
    0x2c,0x20,0x5f,0x31,0x39,0x5f,0x6d,0x76,0x70,0x29,0x3b,0x0a,0x20,0x20,0x20,0x20,
    0x77,0x6f,0x72,0x6c,0x64,0x50,0x6f,0x73,0x20,0x3d,0x20,0x6d,0x75,0x6c,0x28,0x5f,
    0x33,0x31,0x2c,0x20,0x5f,0x31,0x39,0x5f,0x77,0x6f,0x72,0x6c,0x64,0x29,0x2e,0x78,
    0x79,0x7a,0x3b,0x0a,0x20,0x20,0x20,0x20,0x77,0x6f,0x72,0x6c,0x64,0x4e,0x6f,0x72,
    0x6d,0x61,0x6c,0x20,0x3d,0x20,0x6d,0x75,0x6c,0x28,0x6e,0x6f,0x72,0x6d,0x61,0x6c,
    0x2c,0x20,0x66,0x6c,0x6f,0x61,0x74,0x33,0x78,0x33,0x28,0x5f,0x31,0x39,0x5f,0x6e,
    0x6f,0x72,0x6d,0x61,0x6c,0x4d,0x61,0x74,0x72,0x69,0x78,0x5b,0x30,0x5d,0x2e,0x78,
    0x79,0x7a,0x2c,0x20,0x5f,0x31,0x39,0x5f,0x6e,0x6f,0x72,0x6d,0x61,0x6c,0x4d,0x61,
    0x74,0x72,0x69,0x78,0x5b,0x31,0x5d,0x2e,0x78,0x79,0x7a,0x2c,0x20,0x5f,0x31,0x39,
    0x5f,0x6e,0x6f,0x72,0x6d,0x61,0x6c,0x4d,0x61,0x74,0x72,0x69,0x78,0x5b,0x32,0x5d,
    0x2e,0x78,0x79,0x7a,0x29,0x29,0x3b,0x0a,0x20,0x20,0x20,0x20,0x75,0x76,0x20,0x3d,
    0x20,0x74,0x65,0x78,0x63,0x6f,0x6f,0x72,0x64,0x30,0x3b,0x0a,0x20,0x20,0x20,0x20,
    0x74,0x69,0x6e,0x74,0x20,0x3d,0x20,0x6c,0x65,0x72,0x70,0x28,0x31,0x2e,0x30,0x66,
    0x2e,0x78,0x78,0x78,0x78,0x2c,0x20,0x63,0x6f,0x6c,0x6f,0x72,0x30,0x2c,0x20,0x5f,
    0x31,0x39,0x5f,0x66,0x6c,0x61,0x67,0x73,0x2e,0x78,0x2e,0x78,0x78,0x78,0x78,0x29,
    0x3b,0x0a,0x20,0x20,0x20,0x20,0x66,0x6f,0x67,0x46,0x61,0x63,0x74,0x6f,0x72,0x20,
    0x3d,0x20,0x31,0x2e,0x30,0x66,0x20,0x2d,0x20,0x63,0x6c,0x61,0x6d,0x70,0x28,0x64,
    0x6f,0x74,0x28,0x5f,0x33,0x31,0x2c,0x20,0x5f,0x31,0x39,0x5f,0x66,0x6f,0x67,0x56,
    0x65,0x63,0x74,0x6f,0x72,0x29,0x2c,0x20,0x30,0x2e,0x30,0x66,0x2c,0x20,0x31,0x2e,
    0x30,0x66,0x29,0x3b,0x0a,0x20,0x20,0x20,0x20,0x61,0x6c,0x70,0x68,0x61,0x54,0x65,
    0x73,0x74,0x4f,0x75,0x74,0x20,0x3d,0x20,0x5f,0x31,0x39,0x5f,0x61,0x6c,0x70,0x68,
    0x61,0x54,0x65,0x73,0x74,0x3b,0x0a,0x7d,0x0a,0x0a,0x53,0x50,0x49,0x52,0x56,0x5f,
    0x43,0x72,0x6f,0x73,0x73,0x5f,0x4f,0x75,0x74,0x70,0x75,0x74,0x20,0x6d,0x61,0x69,
    0x6e,0x28,0x53,0x50,0x49,0x52,0x56,0x5f,0x43,0x72,0x6f,0x73,0x73,0x5f,0x49,0x6e,
    0x70,0x75,0x74,0x20,0x73,0x74,0x61,0x67,0x65,0x5f,0x69,0x6e,0x70,0x75,0x74,0x29,
    0x0a,0x7b,0x0a,0x20,0x20,0x20,0x20,0x70,0x6f,0x73,0x69,0x74,0x69,0x6f,0x6e,0x20,
    0x3d,0x20,0x73,0x74,0x61,0x67,0x65,0x5f,0x69,0x6e,0x70,0x75,0x74,0x2e,0x70,0x6f,
    0x73,0x69,0x74,0x69,0x6f,0x6e,0x3b,0x0a,0x20,0x20,0x20,0x20,0x6e,0x6f,0x72,0x6d,
    0x61,0x6c,0x20,0x3d,0x20,0x73,0x74,0x61,0x67,0x65,0x5f,0x69,0x6e,0x70,0x75,0x74,
    0x2e,0x6e,0x6f,0x72,0x6d,0x61,0x6c,0x3b,0x0a,0x20,0x20,0x20,0x20,0x74,0x65,0x78,
    0x63,0x6f,0x6f,0x72,0x64,0x30,0x20,0x3d,0x20,0x73,0x74,0x61,0x67,0x65,0x5f,0x69,
    0x6e,0x70,0x75,0x74,0x2e,0x74,0x65,0x78,0x63,0x6f,0x6f,0x72,0x64,0x30,0x3b,0x0a,
    0x20,0x20,0x20,0x20,0x63,0x6f,0x6c,0x6f,0x72,0x30,0x20,0x3d,0x20,0x73,0x74,0x61,
    0x67,0x65,0x5f,0x69,0x6e,0x70,0x75,0x74,0x2e,0x63,0x6f,0x6c,0x6f,0x72,0x30,0x3b,
    0x0a,0x20,0x20,0x20,0x20,0x76,0x65,0x72,0x74,0x5f,0x6d,0x61,0x69,0x6e,0x28,0x29,
    0x3b,0x0a,0x20,0x20,0x20,0x20,0x53,0x50,0x49,0x52,0x56,0x5f,0x43,0x72,0x6f,0x73,
    0x73,0x5f,0x4f,0x75,0x74,0x70,0x75,0x74,0x20,0x73,0x74,0x61,0x67,0x65,0x5f,0x6f,
    0x75,0x74,0x70,0x75,0x74,0x3b,0x0a,0x20,0x20,0x20,0x20,0x73,0x74,0x61,0x67,0x65,
    0x5f,0x6f,0x75,0x74,0x70,0x75,0x74,0x2e,0x67,0x6c,0x5f,0x50,0x6f,0x73,0x69,0x74,
    0x69,0x6f,0x6e,0x20,0x3d,0x20,0x67,0x6c,0x5f,0x50,0x6f,0x73,0x69,0x74,0x69,0x6f,
    0x6e,0x3b,0x0a,0x20,0x20,0x20,0x20,0x73,0x74,0x61,0x67,0x65,0x5f,0x6f,0x75,0x74,
    0x70,0x75,0x74,0x2e,0x77,0x6f,0x72,0x6c,0x64,0x50,0x6f,0x73,0x20,0x3d,0x20,0x77,
    0x6f,0x72,0x6c,0x64,0x50,0x6f,0x73,0x3b,0x0a,0x20,0x20,0x20,0x20,0x73,0x74,0x61,
    0x67,0x65,0x5f,0x6f,0x75,0x74,0x70,0x75,0x74,0x2e,0x77,0x6f,0x72,0x6c,0x64,0x4e,
    0x6f,0x72,0x6d,0x61,0x6c,0x20,0x3d,0x20,0x77,0x6f,0x72,0x6c,0x64,0x4e,0x6f,0x72,
    0x6d,0x61,0x6c,0x3b,0x0a,0x20,0x20,0x20,0x20,0x73,0x74,0x61,0x67,0x65,0x5f,0x6f,
    0x75,0x74,0x70,0x75,0x74,0x2e,0x75,0x76,0x20,0x3d,0x20,0x75,0x76,0x3b,0x0a,0x20,
    0x20,0x20,0x20,0x73,0x74,0x61,0x67,0x65,0x5f,0x6f,0x75,0x74,0x70,0x75,0x74,0x2e,
    0x74,0x69,0x6e,0x74,0x20,0x3d,0x20,0x74,0x69,0x6e,0x74,0x3b,0x0a,0x20,0x20,0x20,
    0x20,0x73,0x74,0x61,0x67,0x65,0x5f,0x6f,0x75,0x74,0x70,0x75,0x74,0x2e,0x66,0x6f,
    0x67,0x46,0x61,0x63,0x74,0x6f,0x72,0x20,0x3d,0x20,0x66,0x6f,0x67,0x46,0x61,0x63,
    0x74,0x6f,0x72,0x3b,0x0a,0x20,0x20,0x20,0x20,0x73,0x74,0x61,0x67,0x65,0x5f,0x6f,
    0x75,0x74,0x70,0x75,0x74,0x2e,0x61,0x6c,0x70,0x68,0x61,0x54,0x65,0x73,0x74,0x4f,
    0x75,0x74,0x20,0x3d,0x20,0x61,0x6c,0x70,0x68,0x61,0x54,0x65,0x73,0x74,0x4f,0x75,
    0x74,0x3b,0x0a,0x20,0x20,0x20,0x20,0x72,0x65,0x74,0x75,0x72,0x6e,0x20,0x73,0x74,
    0x61,0x67,0x65,0x5f,0x6f,0x75,0x74,0x70,0x75,0x74,0x3b,0x0a,0x7d,0x0a,0x00,
};
#endif
/*
    cbuffer lit3d_fs_params : register(b1)
    {
        float4 _18_diffuse : packoffset(c0);
        float4 _18_ambient : packoffset(c1);
        float4 _18_light0Dir : packoffset(c2);
        float4 _18_light0Diffuse : packoffset(c3);
        float4 _18_light0Specular : packoffset(c4);
        float4 _18_light1Dir : packoffset(c5);
        float4 _18_light1Diffuse : packoffset(c6);
        float4 _18_light1Specular : packoffset(c7);
        float4 _18_light2Dir : packoffset(c8);
        float4 _18_light2Diffuse : packoffset(c9);
        float4 _18_light2Specular : packoffset(c10);
        float4 _18_specularColorAndPower : packoffset(c11);
        float4 _18_eyePosition : packoffset(c12);
        float4 _18_emissiveColor : packoffset(c13);
        float4 _18_fogColor : packoffset(c14);
    };

    Texture2D<float4> tex : register(t0);
    SamplerState smp : register(s0);

    static float3 worldNormal;
    static float3 worldPos;
    static float4 tint;
    static float2 uv;
    static float4 alphaTestOut;
    static float fogFactor;
    static float4 frag_color;

    struct SPIRV_Cross_Input
    {
        float3 worldNormal : TEXCOORD0;
        float3 worldPos : TEXCOORD1;
        float2 uv : TEXCOORD2;
        float4 tint : TEXCOORD3;
        float fogFactor : TEXCOORD4;
        float4 alphaTestOut : TEXCOORD5;
    };

    struct SPIRV_Cross_Output
    {
        float4 frag_color : SV_Target0;
    };

    void frag_main()
    {
        float3 _13 = normalize(worldNormal);
        float3 _28 = normalize(_18_eyePosition.xyz - worldPos);
        float _37 = dot(_13, -_18_light0Dir.xyz);
        float _52 = dot(_13, -_18_light1Dir.xyz);
        float _66 = dot(_13, -_18_light2Dir.xyz);
        float4 _226 = tex.Sample(smp, uv) * float4((((((_18_ambient.xyz + (_18_light0Diffuse.xyz * max(_37, 0.0f))) + (_18_light1Diffuse.xyz * max(_52, 0.0f))) + (_18_light2Diffuse.xyz * max(_66, 0.0f))) * _18_diffuse.xyz) * tint.xyz) + _18_emissiveColor.xyz, _18_diffuse.w * tint.w);
        float3 _233 = _226.xyz + (((((_18_light0Specular.xyz * pow(max(dot(normalize(_28 - _18_light0Dir.xyz), _13), 0.0f) * step(0.0f, _37), _18_specularColorAndPower.w)) + (_18_light1Specular.xyz * pow(max(dot(normalize(_28 - _18_light1Dir.xyz), _13), 0.0f) * step(0.0f, _52), _18_specularColorAndPower.w))) + (_18_light2Specular.xyz * pow(max(dot(normalize(_28 - _18_light2Dir.xyz), _13), 0.0f) * step(0.0f, _66), _18_specularColorAndPower.w))) * _18_specularColorAndPower.xyz) * _226.w);
        float4 _312 = _226;
        _312.x = _233.x;
        _312.y = _233.y;
        _312.z = _233.z;
        float4 c = _312;
        float _249;
        if (alphaTestOut.y > 0.0f)
        {
            float _261;
            if (abs(c.w - alphaTestOut.x) < alphaTestOut.y)
            {
                _261 = alphaTestOut.z;
            }
            else
            {
                _261 = alphaTestOut.w;
            }
            _249 = _261;
        }
        else
        {
            float _276;
            if (c.w < alphaTestOut.x)
            {
                _276 = alphaTestOut.z;
            }
            else
            {
                _276 = alphaTestOut.w;
            }
            _249 = _276;
        }
        if (_249 < 0.0f)
        {
            discard;
        }
        float4 _295 = c;
        float3 _300 = lerp(_18_fogColor.xyz, _295.xyz, fogFactor.xxx);
        float4 _320 = _295;
        _320.x = _300.x;
        _320.y = _300.y;
        _320.z = _300.z;
        c = _320;
        frag_color = _320;
    }

    SPIRV_Cross_Output main(SPIRV_Cross_Input stage_input)
    {
        worldNormal = stage_input.worldNormal;
        worldPos = stage_input.worldPos;
        tint = stage_input.tint;
        uv = stage_input.uv;
        alphaTestOut = stage_input.alphaTestOut;
        fogFactor = stage_input.fogFactor;
        frag_main();
        SPIRV_Cross_Output stage_output;
        stage_output.frag_color = frag_color;
        return stage_output;
    }
*/
#if defined(SOKOL_D3D11)
static const uint8_t cna_lit3d_fs_source_hlsl5[3566] = {
    0x63,0x62,0x75,0x66,0x66,0x65,0x72,0x20,0x6c,0x69,0x74,0x33,0x64,0x5f,0x66,0x73,
    0x5f,0x70,0x61,0x72,0x61,0x6d,0x73,0x20,0x3a,0x20,0x72,0x65,0x67,0x69,0x73,0x74,
    0x65,0x72,0x28,0x62,0x31,0x29,0x0a,0x7b,0x0a,0x20,0x20,0x20,0x20,0x66,0x6c,0x6f,
    0x61,0x74,0x34,0x20,0x5f,0x31,0x38,0x5f,0x64,0x69,0x66,0x66,0x75,0x73,0x65,0x20,
    0x3a,0x20,0x70,0x61,0x63,0x6b,0x6f,0x66,0x66,0x73,0x65,0x74,0x28,0x63,0x30,0x29,
    0x3b,0x0a,0x20,0x20,0x20,0x20,0x66,0x6c,0x6f,0x61,0x74,0x34,0x20,0x5f,0x31,0x38,
    0x5f,0x61,0x6d,0x62,0x69,0x65,0x6e,0x74,0x20,0x3a,0x20,0x70,0x61,0x63,0x6b,0x6f,
    0x66,0x66,0x73,0x65,0x74,0x28,0x63,0x31,0x29,0x3b,0x0a,0x20,0x20,0x20,0x20,0x66,
    0x6c,0x6f,0x61,0x74,0x34,0x20,0x5f,0x31,0x38,0x5f,0x6c,0x69,0x67,0x68,0x74,0x30,
    0x44,0x69,0x72,0x20,0x3a,0x20,0x70,0x61,0x63,0x6b,0x6f,0x66,0x66,0x73,0x65,0x74,
    0x28,0x63,0x32,0x29,0x3b,0x0a,0x20,0x20,0x20,0x20,0x66,0x6c,0x6f,0x61,0x74,0x34,
    0x20,0x5f,0x31,0x38,0x5f,0x6c,0x69,0x67,0x68,0x74,0x30,0x44,0x69,0x66,0x66,0x75,
    0x73,0x65,0x20,0x3a,0x20,0x70,0x61,0x63,0x6b,0x6f,0x66,0x66,0x73,0x65,0x74,0x28,
    0x63,0x33,0x29,0x3b,0x0a,0x20,0x20,0x20,0x20,0x66,0x6c,0x6f,0x61,0x74,0x34,0x20,
    0x5f,0x31,0x38,0x5f,0x6c,0x69,0x67,0x68,0x74,0x30,0x53,0x70,0x65,0x63,0x75,0x6c,
    0x61,0x72,0x20,0x3a,0x20,0x70,0x61,0x63,0x6b,0x6f,0x66,0x66,0x73,0x65,0x74,0x28,
    0x63,0x34,0x29,0x3b,0x0a,0x20,0x20,0x20,0x20,0x66,0x6c,0x6f,0x61,0x74,0x34,0x20,
    0x5f,0x31,0x38,0x5f,0x6c,0x69,0x67,0x68,0x74,0x31,0x44,0x69,0x72,0x20,0x3a,0x20,
    0x70,0x61,0x63,0x6b,0x6f,0x66,0x66,0x73,0x65,0x74,0x28,0x63,0x35,0x29,0x3b,0x0a,
    0x20,0x20,0x20,0x20,0x66,0x6c,0x6f,0x61,0x74,0x34,0x20,0x5f,0x31,0x38,0x5f,0x6c,
    0x69,0x67,0x68,0x74,0x31,0x44,0x69,0x66,0x66,0x75,0x73,0x65,0x20,0x3a,0x20,0x70,
    0x61,0x63,0x6b,0x6f,0x66,0x66,0x73,0x65,0x74,0x28,0x63,0x36,0x29,0x3b,0x0a,0x20,
    0x20,0x20,0x20,0x66,0x6c,0x6f,0x61,0x74,0x34,0x20,0x5f,0x31,0x38,0x5f,0x6c,0x69,
    0x67,0x68,0x74,0x31,0x53,0x70,0x65,0x63,0x75,0x6c,0x61,0x72,0x20,0x3a,0x20,0x70,
    0x61,0x63,0x6b,0x6f,0x66,0x66,0x73,0x65,0x74,0x28,0x63,0x37,0x29,0x3b,0x0a,0x20,
    0x20,0x20,0x20,0x66,0x6c,0x6f,0x61,0x74,0x34,0x20,0x5f,0x31,0x38,0x5f,0x6c,0x69,
    0x67,0x68,0x74,0x32,0x44,0x69,0x72,0x20,0x3a,0x20,0x70,0x61,0x63,0x6b,0x6f,0x66,
    0x66,0x73,0x65,0x74,0x28,0x63,0x38,0x29,0x3b,0x0a,0x20,0x20,0x20,0x20,0x66,0x6c,
    0x6f,0x61,0x74,0x34,0x20,0x5f,0x31,0x38,0x5f,0x6c,0x69,0x67,0x68,0x74,0x32,0x44,
    0x69,0x66,0x66,0x75,0x73,0x65,0x20,0x3a,0x20,0x70,0x61,0x63,0x6b,0x6f,0x66,0x66,
    0x73,0x65,0x74,0x28,0x63,0x39,0x29,0x3b,0x0a,0x20,0x20,0x20,0x20,0x66,0x6c,0x6f,
    0x61,0x74,0x34,0x20,0x5f,0x31,0x38,0x5f,0x6c,0x69,0x67,0x68,0x74,0x32,0x53,0x70,
    0x65,0x63,0x75,0x6c,0x61,0x72,0x20,0x3a,0x20,0x70,0x61,0x63,0x6b,0x6f,0x66,0x66,
    0x73,0x65,0x74,0x28,0x63,0x31,0x30,0x29,0x3b,0x0a,0x20,0x20,0x20,0x20,0x66,0x6c,
    0x6f,0x61,0x74,0x34,0x20,0x5f,0x31,0x38,0x5f,0x73,0x70,0x65,0x63,0x75,0x6c,0x61,
    0x72,0x43,0x6f,0x6c,0x6f,0x72,0x41,0x6e,0x64,0x50,0x6f,0x77,0x65,0x72,0x20,0x3a,
    0x20,0x70,0x61,0x63,0x6b,0x6f,0x66,0x66,0x73,0x65,0x74,0x28,0x63,0x31,0x31,0x29,
    0x3b,0x0a,0x20,0x20,0x20,0x20,0x66,0x6c,0x6f,0x61,0x74,0x34,0x20,0x5f,0x31,0x38,
    0x5f,0x65,0x79,0x65,0x50,0x6f,0x73,0x69,0x74,0x69,0x6f,0x6e,0x20,0x3a,0x20,0x70,
    0x61,0x63,0x6b,0x6f,0x66,0x66,0x73,0x65,0x74,0x28,0x63,0x31,0x32,0x29,0x3b,0x0a,
    0x20,0x20,0x20,0x20,0x66,0x6c,0x6f,0x61,0x74,0x34,0x20,0x5f,0x31,0x38,0x5f,0x65,
    0x6d,0x69,0x73,0x73,0x69,0x76,0x65,0x43,0x6f,0x6c,0x6f,0x72,0x20,0x3a,0x20,0x70,
    0x61,0x63,0x6b,0x6f,0x66,0x66,0x73,0x65,0x74,0x28,0x63,0x31,0x33,0x29,0x3b,0x0a,
    0x20,0x20,0x20,0x20,0x66,0x6c,0x6f,0x61,0x74,0x34,0x20,0x5f,0x31,0x38,0x5f,0x66,
    0x6f,0x67,0x43,0x6f,0x6c,0x6f,0x72,0x20,0x3a,0x20,0x70,0x61,0x63,0x6b,0x6f,0x66,
    0x66,0x73,0x65,0x74,0x28,0x63,0x31,0x34,0x29,0x3b,0x0a,0x7d,0x3b,0x0a,0x0a,0x54,
    0x65,0x78,0x74,0x75,0x72,0x65,0x32,0x44,0x3c,0x66,0x6c,0x6f,0x61,0x74,0x34,0x3e,
    0x20,0x74,0x65,0x78,0x20,0x3a,0x20,0x72,0x65,0x67,0x69,0x73,0x74,0x65,0x72,0x28,
    0x74,0x30,0x29,0x3b,0x0a,0x53,0x61,0x6d,0x70,0x6c,0x65,0x72,0x53,0x74,0x61,0x74,
    0x65,0x20,0x73,0x6d,0x70,0x20,0x3a,0x20,0x72,0x65,0x67,0x69,0x73,0x74,0x65,0x72,
    0x28,0x73,0x30,0x29,0x3b,0x0a,0x0a,0x73,0x74,0x61,0x74,0x69,0x63,0x20,0x66,0x6c,
    0x6f,0x61,0x74,0x33,0x20,0x77,0x6f,0x72,0x6c,0x64,0x4e,0x6f,0x72,0x6d,0x61,0x6c,
    0x3b,0x0a,0x73,0x74,0x61,0x74,0x69,0x63,0x20,0x66,0x6c,0x6f,0x61,0x74,0x33,0x20,
    0x77,0x6f,0x72,0x6c,0x64,0x50,0x6f,0x73,0x3b,0x0a,0x73,0x74,0x61,0x74,0x69,0x63,
    0x20,0x66,0x6c,0x6f,0x61,0x74,0x34,0x20,0x74,0x69,0x6e,0x74,0x3b,0x0a,0x73,0x74,
    0x61,0x74,0x69,0x63,0x20,0x66,0x6c,0x6f,0x61,0x74,0x32,0x20,0x75,0x76,0x3b,0x0a,
    0x73,0x74,0x61,0x74,0x69,0x63,0x20,0x66,0x6c,0x6f,0x61,0x74,0x34,0x20,0x61,0x6c,
    0x70,0x68,0x61,0x54,0x65,0x73,0x74,0x4f,0x75,0x74,0x3b,0x0a,0x73,0x74,0x61,0x74,
    0x69,0x63,0x20,0x66,0x6c,0x6f,0x61,0x74,0x20,0x66,0x6f,0x67,0x46,0x61,0x63,0x74,
    0x6f,0x72,0x3b,0x0a,0x73,0x74,0x61,0x74,0x69,0x63,0x20,0x66,0x6c,0x6f,0x61,0x74,
    0x34,0x20,0x66,0x72,0x61,0x67,0x5f,0x63,0x6f,0x6c,0x6f,0x72,0x3b,0x0a,0x0a,0x73,
    0x74,0x72,0x75,0x63,0x74,0x20,0x53,0x50,0x49,0x52,0x56,0x5f,0x43,0x72,0x6f,0x73,
    0x73,0x5f,0x49,0x6e,0x70,0x75,0x74,0x0a,0x7b,0x0a,0x20,0x20,0x20,0x20,0x66,0x6c,
    0x6f,0x61,0x74,0x33,0x20,0x77,0x6f,0x72,0x6c,0x64,0x4e,0x6f,0x72,0x6d,0x61,0x6c,
    0x20,0x3a,0x20,0x54,0x45,0x58,0x43,0x4f,0x4f,0x52,0x44,0x30,0x3b,0x0a,0x20,0x20,
    0x20,0x20,0x66,0x6c,0x6f,0x61,0x74,0x33,0x20,0x77,0x6f,0x72,0x6c,0x64,0x50,0x6f,
    0x73,0x20,0x3a,0x20,0x54,0x45,0x58,0x43,0x4f,0x4f,0x52,0x44,0x31,0x3b,0x0a,0x20,
    0x20,0x20,0x20,0x66,0x6c,0x6f,0x61,0x74,0x32,0x20,0x75,0x76,0x20,0x3a,0x20,0x54,
    0x45,0x58,0x43,0x4f,0x4f,0x52,0x44,0x32,0x3b,0x0a,0x20,0x20,0x20,0x20,0x66,0x6c,
    0x6f,0x61,0x74,0x34,0x20,0x74,0x69,0x6e,0x74,0x20,0x3a,0x20,0x54,0x45,0x58,0x43,
    0x4f,0x4f,0x52,0x44,0x33,0x3b,0x0a,0x20,0x20,0x20,0x20,0x66,0x6c,0x6f,0x61,0x74,
    0x20,0x66,0x6f,0x67,0x46,0x61,0x63,0x74,0x6f,0x72,0x20,0x3a,0x20,0x54,0x45,0x58,
    0x43,0x4f,0x4f,0x52,0x44,0x34,0x3b,0x0a,0x20,0x20,0x20,0x20,0x66,0x6c,0x6f,0x61,
    0x74,0x34,0x20,0x61,0x6c,0x70,0x68,0x61,0x54,0x65,0x73,0x74,0x4f,0x75,0x74,0x20,
    0x3a,0x20,0x54,0x45,0x58,0x43,0x4f,0x4f,0x52,0x44,0x35,0x3b,0x0a,0x7d,0x3b,0x0a,
    0x0a,0x73,0x74,0x72,0x75,0x63,0x74,0x20,0x53,0x50,0x49,0x52,0x56,0x5f,0x43,0x72,
    0x6f,0x73,0x73,0x5f,0x4f,0x75,0x74,0x70,0x75,0x74,0x0a,0x7b,0x0a,0x20,0x20,0x20,
    0x20,0x66,0x6c,0x6f,0x61,0x74,0x34,0x20,0x66,0x72,0x61,0x67,0x5f,0x63,0x6f,0x6c,
    0x6f,0x72,0x20,0x3a,0x20,0x53,0x56,0x5f,0x54,0x61,0x72,0x67,0x65,0x74,0x30,0x3b,
    0x0a,0x7d,0x3b,0x0a,0x0a,0x76,0x6f,0x69,0x64,0x20,0x66,0x72,0x61,0x67,0x5f,0x6d,
    0x61,0x69,0x6e,0x28,0x29,0x0a,0x7b,0x0a,0x20,0x20,0x20,0x20,0x66,0x6c,0x6f,0x61,
    0x74,0x33,0x20,0x5f,0x31,0x33,0x20,0x3d,0x20,0x6e,0x6f,0x72,0x6d,0x61,0x6c,0x69,
    0x7a,0x65,0x28,0x77,0x6f,0x72,0x6c,0x64,0x4e,0x6f,0x72,0x6d,0x61,0x6c,0x29,0x3b,
    0x0a,0x20,0x20,0x20,0x20,0x66,0x6c,0x6f,0x61,0x74,0x33,0x20,0x5f,0x32,0x38,0x20,
    0x3d,0x20,0x6e,0x6f,0x72,0x6d,0x61,0x6c,0x69,0x7a,0x65,0x28,0x5f,0x31,0x38,0x5f,
    0x65,0x79,0x65,0x50,0x6f,0x73,0x69,0x74,0x69,0x6f,0x6e,0x2e,0x78,0x79,0x7a,0x20,
    0x2d,0x20,0x77,0x6f,0x72,0x6c,0x64,0x50,0x6f,0x73,0x29,0x3b,0x0a,0x20,0x20,0x20,
    0x20,0x66,0x6c,0x6f,0x61,0x74,0x20,0x5f,0x33,0x37,0x20,0x3d,0x20,0x64,0x6f,0x74,
    0x28,0x5f,0x31,0x33,0x2c,0x20,0x2d,0x5f,0x31,0x38,0x5f,0x6c,0x69,0x67,0x68,0x74,
    0x30,0x44,0x69,0x72,0x2e,0x78,0x79,0x7a,0x29,0x3b,0x0a,0x20,0x20,0x20,0x20,0x66,
    0x6c,0x6f,0x61,0x74,0x20,0x5f,0x35,0x32,0x20,0x3d,0x20,0x64,0x6f,0x74,0x28,0x5f,
    0x31,0x33,0x2c,0x20,0x2d,0x5f,0x31,0x38,0x5f,0x6c,0x69,0x67,0x68,0x74,0x31,0x44,
    0x69,0x72,0x2e,0x78,0x79,0x7a,0x29,0x3b,0x0a,0x20,0x20,0x20,0x20,0x66,0x6c,0x6f,
    0x61,0x74,0x20,0x5f,0x36,0x36,0x20,0x3d,0x20,0x64,0x6f,0x74,0x28,0x5f,0x31,0x33,
    0x2c,0x20,0x2d,0x5f,0x31,0x38,0x5f,0x6c,0x69,0x67,0x68,0x74,0x32,0x44,0x69,0x72,
    0x2e,0x78,0x79,0x7a,0x29,0x3b,0x0a,0x20,0x20,0x20,0x20,0x66,0x6c,0x6f,0x61,0x74,
    0x34,0x20,0x5f,0x32,0x32,0x36,0x20,0x3d,0x20,0x74,0x65,0x78,0x2e,0x53,0x61,0x6d,
    0x70,0x6c,0x65,0x28,0x73,0x6d,0x70,0x2c,0x20,0x75,0x76,0x29,0x20,0x2a,0x20,0x66,
    0x6c,0x6f,0x61,0x74,0x34,0x28,0x28,0x28,0x28,0x28,0x28,0x5f,0x31,0x38,0x5f,0x61,
    0x6d,0x62,0x69,0x65,0x6e,0x74,0x2e,0x78,0x79,0x7a,0x20,0x2b,0x20,0x28,0x5f,0x31,
    0x38,0x5f,0x6c,0x69,0x67,0x68,0x74,0x30,0x44,0x69,0x66,0x66,0x75,0x73,0x65,0x2e,
    0x78,0x79,0x7a,0x20,0x2a,0x20,0x6d,0x61,0x78,0x28,0x5f,0x33,0x37,0x2c,0x20,0x30,
    0x2e,0x30,0x66,0x29,0x29,0x29,0x20,0x2b,0x20,0x28,0x5f,0x31,0x38,0x5f,0x6c,0x69,
    0x67,0x68,0x74,0x31,0x44,0x69,0x66,0x66,0x75,0x73,0x65,0x2e,0x78,0x79,0x7a,0x20,
    0x2a,0x20,0x6d,0x61,0x78,0x28,0x5f,0x35,0x32,0x2c,0x20,0x30,0x2e,0x30,0x66,0x29,
    0x29,0x29,0x20,0x2b,0x20,0x28,0x5f,0x31,0x38,0x5f,0x6c,0x69,0x67,0x68,0x74,0x32,
    0x44,0x69,0x66,0x66,0x75,0x73,0x65,0x2e,0x78,0x79,0x7a,0x20,0x2a,0x20,0x6d,0x61,
    0x78,0x28,0x5f,0x36,0x36,0x2c,0x20,0x30,0x2e,0x30,0x66,0x29,0x29,0x29,0x20,0x2a,
    0x20,0x5f,0x31,0x38,0x5f,0x64,0x69,0x66,0x66,0x75,0x73,0x65,0x2e,0x78,0x79,0x7a,
    0x29,0x20,0x2a,0x20,0x74,0x69,0x6e,0x74,0x2e,0x78,0x79,0x7a,0x29,0x20,0x2b,0x20,
    0x5f,0x31,0x38,0x5f,0x65,0x6d,0x69,0x73,0x73,0x69,0x76,0x65,0x43,0x6f,0x6c,0x6f,
    0x72,0x2e,0x78,0x79,0x7a,0x2c,0x20,0x5f,0x31,0x38,0x5f,0x64,0x69,0x66,0x66,0x75,
    0x73,0x65,0x2e,0x77,0x20,0x2a,0x20,0x74,0x69,0x6e,0x74,0x2e,0x77,0x29,0x3b,0x0a,
    0x20,0x20,0x20,0x20,0x66,0x6c,0x6f,0x61,0x74,0x33,0x20,0x5f,0x32,0x33,0x33,0x20,
    0x3d,0x20,0x5f,0x32,0x32,0x36,0x2e,0x78,0x79,0x7a,0x20,0x2b,0x20,0x28,0x28,0x28,
    0x28,0x28,0x5f,0x31,0x38,0x5f,0x6c,0x69,0x67,0x68,0x74,0x30,0x53,0x70,0x65,0x63,
    0x75,0x6c,0x61,0x72,0x2e,0x78,0x79,0x7a,0x20,0x2a,0x20,0x70,0x6f,0x77,0x28,0x6d,
    0x61,0x78,0x28,0x64,0x6f,0x74,0x28,0x6e,0x6f,0x72,0x6d,0x61,0x6c,0x69,0x7a,0x65,
    0x28,0x5f,0x32,0x38,0x20,0x2d,0x20,0x5f,0x31,0x38,0x5f,0x6c,0x69,0x67,0x68,0x74,
    0x30,0x44,0x69,0x72,0x2e,0x78,0x79,0x7a,0x29,0x2c,0x20,0x5f,0x31,0x33,0x29,0x2c,
    0x20,0x30,0x2e,0x30,0x66,0x29,0x20,0x2a,0x20,0x73,0x74,0x65,0x70,0x28,0x30,0x2e,
    0x30,0x66,0x2c,0x20,0x5f,0x33,0x37,0x29,0x2c,0x20,0x5f,0x31,0x38,0x5f,0x73,0x70,
    0x65,0x63,0x75,0x6c,0x61,0x72,0x43,0x6f,0x6c,0x6f,0x72,0x41,0x6e,0x64,0x50,0x6f,
    0x77,0x65,0x72,0x2e,0x77,0x29,0x29,0x20,0x2b,0x20,0x28,0x5f,0x31,0x38,0x5f,0x6c,
    0x69,0x67,0x68,0x74,0x31,0x53,0x70,0x65,0x63,0x75,0x6c,0x61,0x72,0x2e,0x78,0x79,
    0x7a,0x20,0x2a,0x20,0x70,0x6f,0x77,0x28,0x6d,0x61,0x78,0x28,0x64,0x6f,0x74,0x28,
    0x6e,0x6f,0x72,0x6d,0x61,0x6c,0x69,0x7a,0x65,0x28,0x5f,0x32,0x38,0x20,0x2d,0x20,
    0x5f,0x31,0x38,0x5f,0x6c,0x69,0x67,0x68,0x74,0x31,0x44,0x69,0x72,0x2e,0x78,0x79,
    0x7a,0x29,0x2c,0x20,0x5f,0x31,0x33,0x29,0x2c,0x20,0x30,0x2e,0x30,0x66,0x29,0x20,
    0x2a,0x20,0x73,0x74,0x65,0x70,0x28,0x30,0x2e,0x30,0x66,0x2c,0x20,0x5f,0x35,0x32,
    0x29,0x2c,0x20,0x5f,0x31,0x38,0x5f,0x73,0x70,0x65,0x63,0x75,0x6c,0x61,0x72,0x43,
    0x6f,0x6c,0x6f,0x72,0x41,0x6e,0x64,0x50,0x6f,0x77,0x65,0x72,0x2e,0x77,0x29,0x29,
    0x29,0x20,0x2b,0x20,0x28,0x5f,0x31,0x38,0x5f,0x6c,0x69,0x67,0x68,0x74,0x32,0x53,
    0x70,0x65,0x63,0x75,0x6c,0x61,0x72,0x2e,0x78,0x79,0x7a,0x20,0x2a,0x20,0x70,0x6f,
    0x77,0x28,0x6d,0x61,0x78,0x28,0x64,0x6f,0x74,0x28,0x6e,0x6f,0x72,0x6d,0x61,0x6c,
    0x69,0x7a,0x65,0x28,0x5f,0x32,0x38,0x20,0x2d,0x20,0x5f,0x31,0x38,0x5f,0x6c,0x69,
    0x67,0x68,0x74,0x32,0x44,0x69,0x72,0x2e,0x78,0x79,0x7a,0x29,0x2c,0x20,0x5f,0x31,
    0x33,0x29,0x2c,0x20,0x30,0x2e,0x30,0x66,0x29,0x20,0x2a,0x20,0x73,0x74,0x65,0x70,
    0x28,0x30,0x2e,0x30,0x66,0x2c,0x20,0x5f,0x36,0x36,0x29,0x2c,0x20,0x5f,0x31,0x38,
    0x5f,0x73,0x70,0x65,0x63,0x75,0x6c,0x61,0x72,0x43,0x6f,0x6c,0x6f,0x72,0x41,0x6e,
    0x64,0x50,0x6f,0x77,0x65,0x72,0x2e,0x77,0x29,0x29,0x29,0x20,0x2a,0x20,0x5f,0x31,
    0x38,0x5f,0x73,0x70,0x65,0x63,0x75,0x6c,0x61,0x72,0x43,0x6f,0x6c,0x6f,0x72,0x41,
    0x6e,0x64,0x50,0x6f,0x77,0x65,0x72,0x2e,0x78,0x79,0x7a,0x29,0x20,0x2a,0x20,0x5f,
    0x32,0x32,0x36,0x2e,0x77,0x29,0x3b,0x0a,0x20,0x20,0x20,0x20,0x66,0x6c,0x6f,0x61,
    0x74,0x34,0x20,0x5f,0x33,0x31,0x32,0x20,0x3d,0x20,0x5f,0x32,0x32,0x36,0x3b,0x0a,
    0x20,0x20,0x20,0x20,0x5f,0x33,0x31,0x32,0x2e,0x78,0x20,0x3d,0x20,0x5f,0x32,0x33,
    0x33,0x2e,0x78,0x3b,0x0a,0x20,0x20,0x20,0x20,0x5f,0x33,0x31,0x32,0x2e,0x79,0x20,
    0x3d,0x20,0x5f,0x32,0x33,0x33,0x2e,0x79,0x3b,0x0a,0x20,0x20,0x20,0x20,0x5f,0x33,
    0x31,0x32,0x2e,0x7a,0x20,0x3d,0x20,0x5f,0x32,0x33,0x33,0x2e,0x7a,0x3b,0x0a,0x20,
    0x20,0x20,0x20,0x66,0x6c,0x6f,0x61,0x74,0x34,0x20,0x63,0x20,0x3d,0x20,0x5f,0x33,
    0x31,0x32,0x3b,0x0a,0x20,0x20,0x20,0x20,0x66,0x6c,0x6f,0x61,0x74,0x20,0x5f,0x32,
    0x34,0x39,0x3b,0x0a,0x20,0x20,0x20,0x20,0x69,0x66,0x20,0x28,0x61,0x6c,0x70,0x68,
    0x61,0x54,0x65,0x73,0x74,0x4f,0x75,0x74,0x2e,0x79,0x20,0x3e,0x20,0x30,0x2e,0x30,
    0x66,0x29,0x0a,0x20,0x20,0x20,0x20,0x7b,0x0a,0x20,0x20,0x20,0x20,0x20,0x20,0x20,
    0x20,0x66,0x6c,0x6f,0x61,0x74,0x20,0x5f,0x32,0x36,0x31,0x3b,0x0a,0x20,0x20,0x20,
    0x20,0x20,0x20,0x20,0x20,0x69,0x66,0x20,0x28,0x61,0x62,0x73,0x28,0x63,0x2e,0x77,
    0x20,0x2d,0x20,0x61,0x6c,0x70,0x68,0x61,0x54,0x65,0x73,0x74,0x4f,0x75,0x74,0x2e,
    0x78,0x29,0x20,0x3c,0x20,0x61,0x6c,0x70,0x68,0x61,0x54,0x65,0x73,0x74,0x4f,0x75,
    0x74,0x2e,0x79,0x29,0x0a,0x20,0x20,0x20,0x20,0x20,0x20,0x20,0x20,0x7b,0x0a,0x20,
    0x20,0x20,0x20,0x20,0x20,0x20,0x20,0x20,0x20,0x20,0x20,0x5f,0x32,0x36,0x31,0x20,
    0x3d,0x20,0x61,0x6c,0x70,0x68,0x61,0x54,0x65,0x73,0x74,0x4f,0x75,0x74,0x2e,0x7a,
    0x3b,0x0a,0x20,0x20,0x20,0x20,0x20,0x20,0x20,0x20,0x7d,0x0a,0x20,0x20,0x20,0x20,
    0x20,0x20,0x20,0x20,0x65,0x6c,0x73,0x65,0x0a,0x20,0x20,0x20,0x20,0x20,0x20,0x20,
    0x20,0x7b,0x0a,0x20,0x20,0x20,0x20,0x20,0x20,0x20,0x20,0x20,0x20,0x20,0x20,0x5f,
    0x32,0x36,0x31,0x20,0x3d,0x20,0x61,0x6c,0x70,0x68,0x61,0x54,0x65,0x73,0x74,0x4f,
    0x75,0x74,0x2e,0x77,0x3b,0x0a,0x20,0x20,0x20,0x20,0x20,0x20,0x20,0x20,0x7d,0x0a,
    0x20,0x20,0x20,0x20,0x20,0x20,0x20,0x20,0x5f,0x32,0x34,0x39,0x20,0x3d,0x20,0x5f,
    0x32,0x36,0x31,0x3b,0x0a,0x20,0x20,0x20,0x20,0x7d,0x0a,0x20,0x20,0x20,0x20,0x65,
    0x6c,0x73,0x65,0x0a,0x20,0x20,0x20,0x20,0x7b,0x0a,0x20,0x20,0x20,0x20,0x20,0x20,
    0x20,0x20,0x66,0x6c,0x6f,0x61,0x74,0x20,0x5f,0x32,0x37,0x36,0x3b,0x0a,0x20,0x20,
    0x20,0x20,0x20,0x20,0x20,0x20,0x69,0x66,0x20,0x28,0x63,0x2e,0x77,0x20,0x3c,0x20,
    0x61,0x6c,0x70,0x68,0x61,0x54,0x65,0x73,0x74,0x4f,0x75,0x74,0x2e,0x78,0x29,0x0a,
    0x20,0x20,0x20,0x20,0x20,0x20,0x20,0x20,0x7b,0x0a,0x20,0x20,0x20,0x20,0x20,0x20,
    0x20,0x20,0x20,0x20,0x20,0x20,0x5f,0x32,0x37,0x36,0x20,0x3d,0x20,0x61,0x6c,0x70,
    0x68,0x61,0x54,0x65,0x73,0x74,0x4f,0x75,0x74,0x2e,0x7a,0x3b,0x0a,0x20,0x20,0x20,
    0x20,0x20,0x20,0x20,0x20,0x7d,0x0a,0x20,0x20,0x20,0x20,0x20,0x20,0x20,0x20,0x65,
    0x6c,0x73,0x65,0x0a,0x20,0x20,0x20,0x20,0x20,0x20,0x20,0x20,0x7b,0x0a,0x20,0x20,
    0x20,0x20,0x20,0x20,0x20,0x20,0x20,0x20,0x20,0x20,0x5f,0x32,0x37,0x36,0x20,0x3d,
    0x20,0x61,0x6c,0x70,0x68,0x61,0x54,0x65,0x73,0x74,0x4f,0x75,0x74,0x2e,0x77,0x3b,
    0x0a,0x20,0x20,0x20,0x20,0x20,0x20,0x20,0x20,0x7d,0x0a,0x20,0x20,0x20,0x20,0x20,
    0x20,0x20,0x20,0x5f,0x32,0x34,0x39,0x20,0x3d,0x20,0x5f,0x32,0x37,0x36,0x3b,0x0a,
    0x20,0x20,0x20,0x20,0x7d,0x0a,0x20,0x20,0x20,0x20,0x69,0x66,0x20,0x28,0x5f,0x32,
    0x34,0x39,0x20,0x3c,0x20,0x30,0x2e,0x30,0x66,0x29,0x0a,0x20,0x20,0x20,0x20,0x7b,
    0x0a,0x20,0x20,0x20,0x20,0x20,0x20,0x20,0x20,0x64,0x69,0x73,0x63,0x61,0x72,0x64,
    0x3b,0x0a,0x20,0x20,0x20,0x20,0x7d,0x0a,0x20,0x20,0x20,0x20,0x66,0x6c,0x6f,0x61,
    0x74,0x34,0x20,0x5f,0x32,0x39,0x35,0x20,0x3d,0x20,0x63,0x3b,0x0a,0x20,0x20,0x20,
    0x20,0x66,0x6c,0x6f,0x61,0x74,0x33,0x20,0x5f,0x33,0x30,0x30,0x20,0x3d,0x20,0x6c,
    0x65,0x72,0x70,0x28,0x5f,0x31,0x38,0x5f,0x66,0x6f,0x67,0x43,0x6f,0x6c,0x6f,0x72,
    0x2e,0x78,0x79,0x7a,0x2c,0x20,0x5f,0x32,0x39,0x35,0x2e,0x78,0x79,0x7a,0x2c,0x20,
    0x66,0x6f,0x67,0x46,0x61,0x63,0x74,0x6f,0x72,0x2e,0x78,0x78,0x78,0x29,0x3b,0x0a,
    0x20,0x20,0x20,0x20,0x66,0x6c,0x6f,0x61,0x74,0x34,0x20,0x5f,0x33,0x32,0x30,0x20,
    0x3d,0x20,0x5f,0x32,0x39,0x35,0x3b,0x0a,0x20,0x20,0x20,0x20,0x5f,0x33,0x32,0x30,
    0x2e,0x78,0x20,0x3d,0x20,0x5f,0x33,0x30,0x30,0x2e,0x78,0x3b,0x0a,0x20,0x20,0x20,
    0x20,0x5f,0x33,0x32,0x30,0x2e,0x79,0x20,0x3d,0x20,0x5f,0x33,0x30,0x30,0x2e,0x79,
    0x3b,0x0a,0x20,0x20,0x20,0x20,0x5f,0x33,0x32,0x30,0x2e,0x7a,0x20,0x3d,0x20,0x5f,
    0x33,0x30,0x30,0x2e,0x7a,0x3b,0x0a,0x20,0x20,0x20,0x20,0x63,0x20,0x3d,0x20,0x5f,
    0x33,0x32,0x30,0x3b,0x0a,0x20,0x20,0x20,0x20,0x66,0x72,0x61,0x67,0x5f,0x63,0x6f,
    0x6c,0x6f,0x72,0x20,0x3d,0x20,0x5f,0x33,0x32,0x30,0x3b,0x0a,0x7d,0x0a,0x0a,0x53,
    0x50,0x49,0x52,0x56,0x5f,0x43,0x72,0x6f,0x73,0x73,0x5f,0x4f,0x75,0x74,0x70,0x75,
    0x74,0x20,0x6d,0x61,0x69,0x6e,0x28,0x53,0x50,0x49,0x52,0x56,0x5f,0x43,0x72,0x6f,
    0x73,0x73,0x5f,0x49,0x6e,0x70,0x75,0x74,0x20,0x73,0x74,0x61,0x67,0x65,0x5f,0x69,
    0x6e,0x70,0x75,0x74,0x29,0x0a,0x7b,0x0a,0x20,0x20,0x20,0x20,0x77,0x6f,0x72,0x6c,
    0x64,0x4e,0x6f,0x72,0x6d,0x61,0x6c,0x20,0x3d,0x20,0x73,0x74,0x61,0x67,0x65,0x5f,
    0x69,0x6e,0x70,0x75,0x74,0x2e,0x77,0x6f,0x72,0x6c,0x64,0x4e,0x6f,0x72,0x6d,0x61,
    0x6c,0x3b,0x0a,0x20,0x20,0x20,0x20,0x77,0x6f,0x72,0x6c,0x64,0x50,0x6f,0x73,0x20,
    0x3d,0x20,0x73,0x74,0x61,0x67,0x65,0x5f,0x69,0x6e,0x70,0x75,0x74,0x2e,0x77,0x6f,
    0x72,0x6c,0x64,0x50,0x6f,0x73,0x3b,0x0a,0x20,0x20,0x20,0x20,0x74,0x69,0x6e,0x74,
    0x20,0x3d,0x20,0x73,0x74,0x61,0x67,0x65,0x5f,0x69,0x6e,0x70,0x75,0x74,0x2e,0x74,
    0x69,0x6e,0x74,0x3b,0x0a,0x20,0x20,0x20,0x20,0x75,0x76,0x20,0x3d,0x20,0x73,0x74,
    0x61,0x67,0x65,0x5f,0x69,0x6e,0x70,0x75,0x74,0x2e,0x75,0x76,0x3b,0x0a,0x20,0x20,
    0x20,0x20,0x61,0x6c,0x70,0x68,0x61,0x54,0x65,0x73,0x74,0x4f,0x75,0x74,0x20,0x3d,
    0x20,0x73,0x74,0x61,0x67,0x65,0x5f,0x69,0x6e,0x70,0x75,0x74,0x2e,0x61,0x6c,0x70,
    0x68,0x61,0x54,0x65,0x73,0x74,0x4f,0x75,0x74,0x3b,0x0a,0x20,0x20,0x20,0x20,0x66,
    0x6f,0x67,0x46,0x61,0x63,0x74,0x6f,0x72,0x20,0x3d,0x20,0x73,0x74,0x61,0x67,0x65,
    0x5f,0x69,0x6e,0x70,0x75,0x74,0x2e,0x66,0x6f,0x67,0x46,0x61,0x63,0x74,0x6f,0x72,
    0x3b,0x0a,0x20,0x20,0x20,0x20,0x66,0x72,0x61,0x67,0x5f,0x6d,0x61,0x69,0x6e,0x28,
    0x29,0x3b,0x0a,0x20,0x20,0x20,0x20,0x53,0x50,0x49,0x52,0x56,0x5f,0x43,0x72,0x6f,
    0x73,0x73,0x5f,0x4f,0x75,0x74,0x70,0x75,0x74,0x20,0x73,0x74,0x61,0x67,0x65,0x5f,
    0x6f,0x75,0x74,0x70,0x75,0x74,0x3b,0x0a,0x20,0x20,0x20,0x20,0x73,0x74,0x61,0x67,
    0x65,0x5f,0x6f,0x75,0x74,0x70,0x75,0x74,0x2e,0x66,0x72,0x61,0x67,0x5f,0x63,0x6f,
    0x6c,0x6f,0x72,0x20,0x3d,0x20,0x66,0x72,0x61,0x67,0x5f,0x63,0x6f,0x6c,0x6f,0x72,
    0x3b,0x0a,0x20,0x20,0x20,0x20,0x72,0x65,0x74,0x75,0x72,0x6e,0x20,0x73,0x74,0x61,
    0x67,0x65,0x5f,0x6f,0x75,0x74,0x70,0x75,0x74,0x3b,0x0a,0x7d,0x0a,0x00,
};
#endif
/*
    #include <metal_stdlib>
    #include <simd/simd.h>

    using namespace metal;

    struct lit3d_vs_params
    {
        float4x4 mvp;
        float4x4 world;
        float4x4 normalMatrix;
        float4 flags;
        float4 alphaTest;
        float4 fogVector;
    };

    struct main0_out
    {
        float3 worldNormal [[user(locn0)]];
        float3 worldPos [[user(locn1)]];
        float2 uv [[user(locn2)]];
        float4 tint [[user(locn3)]];
        float fogFactor [[user(locn4)]];
        float4 alphaTestOut [[user(locn5)]];
        float4 gl_Position [[position]];
    };

    struct main0_in
    {
        float3 position [[attribute(0)]];
        float3 normal [[attribute(1)]];
        float2 texcoord0 [[attribute(2)]];
        float4 color0 [[attribute(3)]];
    };

    vertex main0_out main0(main0_in in [[stage_in]], constant lit3d_vs_params& _19 [[buffer(0)]])
    {
        main0_out out = {};
        float4 _31 = float4(in.position, 1.0);
        out.gl_Position = _19.mvp * _31;
        out.worldPos = (_19.world * _31).xyz;
        out.worldNormal = float3x3(_19.normalMatrix[0].xyz, _19.normalMatrix[1].xyz, _19.normalMatrix[2].xyz) * in.normal;
        out.uv = in.texcoord0;
        out.tint = mix(float4(1.0), in.color0, float4(_19.flags.x));
        out.fogFactor = 1.0 - fast::clamp(dot(_31, _19.fogVector), 0.0, 1.0);
        out.alphaTestOut = _19.alphaTest;
        return out;
    }

*/
#if defined(SOKOL_METAL)
static const uint8_t cna_lit3d_vs_source_metal_macos[1263] = {
    0x23,0x69,0x6e,0x63,0x6c,0x75,0x64,0x65,0x20,0x3c,0x6d,0x65,0x74,0x61,0x6c,0x5f,
    0x73,0x74,0x64,0x6c,0x69,0x62,0x3e,0x0a,0x23,0x69,0x6e,0x63,0x6c,0x75,0x64,0x65,
    0x20,0x3c,0x73,0x69,0x6d,0x64,0x2f,0x73,0x69,0x6d,0x64,0x2e,0x68,0x3e,0x0a,0x0a,
    0x75,0x73,0x69,0x6e,0x67,0x20,0x6e,0x61,0x6d,0x65,0x73,0x70,0x61,0x63,0x65,0x20,
    0x6d,0x65,0x74,0x61,0x6c,0x3b,0x0a,0x0a,0x73,0x74,0x72,0x75,0x63,0x74,0x20,0x6c,
    0x69,0x74,0x33,0x64,0x5f,0x76,0x73,0x5f,0x70,0x61,0x72,0x61,0x6d,0x73,0x0a,0x7b,
    0x0a,0x20,0x20,0x20,0x20,0x66,0x6c,0x6f,0x61,0x74,0x34,0x78,0x34,0x20,0x6d,0x76,
    0x70,0x3b,0x0a,0x20,0x20,0x20,0x20,0x66,0x6c,0x6f,0x61,0x74,0x34,0x78,0x34,0x20,
    0x77,0x6f,0x72,0x6c,0x64,0x3b,0x0a,0x20,0x20,0x20,0x20,0x66,0x6c,0x6f,0x61,0x74,
    0x34,0x78,0x34,0x20,0x6e,0x6f,0x72,0x6d,0x61,0x6c,0x4d,0x61,0x74,0x72,0x69,0x78,
    0x3b,0x0a,0x20,0x20,0x20,0x20,0x66,0x6c,0x6f,0x61,0x74,0x34,0x20,0x66,0x6c,0x61,
    0x67,0x73,0x3b,0x0a,0x20,0x20,0x20,0x20,0x66,0x6c,0x6f,0x61,0x74,0x34,0x20,0x61,
    0x6c,0x70,0x68,0x61,0x54,0x65,0x73,0x74,0x3b,0x0a,0x20,0x20,0x20,0x20,0x66,0x6c,
    0x6f,0x61,0x74,0x34,0x20,0x66,0x6f,0x67,0x56,0x65,0x63,0x74,0x6f,0x72,0x3b,0x0a,
    0x7d,0x3b,0x0a,0x0a,0x73,0x74,0x72,0x75,0x63,0x74,0x20,0x6d,0x61,0x69,0x6e,0x30,
    0x5f,0x6f,0x75,0x74,0x0a,0x7b,0x0a,0x20,0x20,0x20,0x20,0x66,0x6c,0x6f,0x61,0x74,
    0x33,0x20,0x77,0x6f,0x72,0x6c,0x64,0x4e,0x6f,0x72,0x6d,0x61,0x6c,0x20,0x5b,0x5b,
    0x75,0x73,0x65,0x72,0x28,0x6c,0x6f,0x63,0x6e,0x30,0x29,0x5d,0x5d,0x3b,0x0a,0x20,
    0x20,0x20,0x20,0x66,0x6c,0x6f,0x61,0x74,0x33,0x20,0x77,0x6f,0x72,0x6c,0x64,0x50,
    0x6f,0x73,0x20,0x5b,0x5b,0x75,0x73,0x65,0x72,0x28,0x6c,0x6f,0x63,0x6e,0x31,0x29,
    0x5d,0x5d,0x3b,0x0a,0x20,0x20,0x20,0x20,0x66,0x6c,0x6f,0x61,0x74,0x32,0x20,0x75,
    0x76,0x20,0x5b,0x5b,0x75,0x73,0x65,0x72,0x28,0x6c,0x6f,0x63,0x6e,0x32,0x29,0x5d,
    0x5d,0x3b,0x0a,0x20,0x20,0x20,0x20,0x66,0x6c,0x6f,0x61,0x74,0x34,0x20,0x74,0x69,
    0x6e,0x74,0x20,0x5b,0x5b,0x75,0x73,0x65,0x72,0x28,0x6c,0x6f,0x63,0x6e,0x33,0x29,
    0x5d,0x5d,0x3b,0x0a,0x20,0x20,0x20,0x20,0x66,0x6c,0x6f,0x61,0x74,0x20,0x66,0x6f,
    0x67,0x46,0x61,0x63,0x74,0x6f,0x72,0x20,0x5b,0x5b,0x75,0x73,0x65,0x72,0x28,0x6c,
    0x6f,0x63,0x6e,0x34,0x29,0x5d,0x5d,0x3b,0x0a,0x20,0x20,0x20,0x20,0x66,0x6c,0x6f,
    0x61,0x74,0x34,0x20,0x61,0x6c,0x70,0x68,0x61,0x54,0x65,0x73,0x74,0x4f,0x75,0x74,
    0x20,0x5b,0x5b,0x75,0x73,0x65,0x72,0x28,0x6c,0x6f,0x63,0x6e,0x35,0x29,0x5d,0x5d,
    0x3b,0x0a,0x20,0x20,0x20,0x20,0x66,0x6c,0x6f,0x61,0x74,0x34,0x20,0x67,0x6c,0x5f,
    0x50,0x6f,0x73,0x69,0x74,0x69,0x6f,0x6e,0x20,0x5b,0x5b,0x70,0x6f,0x73,0x69,0x74,
    0x69,0x6f,0x6e,0x5d,0x5d,0x3b,0x0a,0x7d,0x3b,0x0a,0x0a,0x73,0x74,0x72,0x75,0x63,
    0x74,0x20,0x6d,0x61,0x69,0x6e,0x30,0x5f,0x69,0x6e,0x0a,0x7b,0x0a,0x20,0x20,0x20,
    0x20,0x66,0x6c,0x6f,0x61,0x74,0x33,0x20,0x70,0x6f,0x73,0x69,0x74,0x69,0x6f,0x6e,
    0x20,0x5b,0x5b,0x61,0x74,0x74,0x72,0x69,0x62,0x75,0x74,0x65,0x28,0x30,0x29,0x5d,
    0x5d,0x3b,0x0a,0x20,0x20,0x20,0x20,0x66,0x6c,0x6f,0x61,0x74,0x33,0x20,0x6e,0x6f,
    0x72,0x6d,0x61,0x6c,0x20,0x5b,0x5b,0x61,0x74,0x74,0x72,0x69,0x62,0x75,0x74,0x65,
    0x28,0x31,0x29,0x5d,0x5d,0x3b,0x0a,0x20,0x20,0x20,0x20,0x66,0x6c,0x6f,0x61,0x74,
    0x32,0x20,0x74,0x65,0x78,0x63,0x6f,0x6f,0x72,0x64,0x30,0x20,0x5b,0x5b,0x61,0x74,
    0x74,0x72,0x69,0x62,0x75,0x74,0x65,0x28,0x32,0x29,0x5d,0x5d,0x3b,0x0a,0x20,0x20,
    0x20,0x20,0x66,0x6c,0x6f,0x61,0x74,0x34,0x20,0x63,0x6f,0x6c,0x6f,0x72,0x30,0x20,
    0x5b,0x5b,0x61,0x74,0x74,0x72,0x69,0x62,0x75,0x74,0x65,0x28,0x33,0x29,0x5d,0x5d,
    0x3b,0x0a,0x7d,0x3b,0x0a,0x0a,0x76,0x65,0x72,0x74,0x65,0x78,0x20,0x6d,0x61,0x69,
    0x6e,0x30,0x5f,0x6f,0x75,0x74,0x20,0x6d,0x61,0x69,0x6e,0x30,0x28,0x6d,0x61,0x69,
    0x6e,0x30,0x5f,0x69,0x6e,0x20,0x69,0x6e,0x20,0x5b,0x5b,0x73,0x74,0x61,0x67,0x65,
    0x5f,0x69,0x6e,0x5d,0x5d,0x2c,0x20,0x63,0x6f,0x6e,0x73,0x74,0x61,0x6e,0x74,0x20,
    0x6c,0x69,0x74,0x33,0x64,0x5f,0x76,0x73,0x5f,0x70,0x61,0x72,0x61,0x6d,0x73,0x26,
    0x20,0x5f,0x31,0x39,0x20,0x5b,0x5b,0x62,0x75,0x66,0x66,0x65,0x72,0x28,0x30,0x29,
    0x5d,0x5d,0x29,0x0a,0x7b,0x0a,0x20,0x20,0x20,0x20,0x6d,0x61,0x69,0x6e,0x30,0x5f,
    0x6f,0x75,0x74,0x20,0x6f,0x75,0x74,0x20,0x3d,0x20,0x7b,0x7d,0x3b,0x0a,0x20,0x20,
    0x20,0x20,0x66,0x6c,0x6f,0x61,0x74,0x34,0x20,0x5f,0x33,0x31,0x20,0x3d,0x20,0x66,
    0x6c,0x6f,0x61,0x74,0x34,0x28,0x69,0x6e,0x2e,0x70,0x6f,0x73,0x69,0x74,0x69,0x6f,
    0x6e,0x2c,0x20,0x31,0x2e,0x30,0x29,0x3b,0x0a,0x20,0x20,0x20,0x20,0x6f,0x75,0x74,
    0x2e,0x67,0x6c,0x5f,0x50,0x6f,0x73,0x69,0x74,0x69,0x6f,0x6e,0x20,0x3d,0x20,0x5f,
    0x31,0x39,0x2e,0x6d,0x76,0x70,0x20,0x2a,0x20,0x5f,0x33,0x31,0x3b,0x0a,0x20,0x20,
    0x20,0x20,0x6f,0x75,0x74,0x2e,0x77,0x6f,0x72,0x6c,0x64,0x50,0x6f,0x73,0x20,0x3d,
    0x20,0x28,0x5f,0x31,0x39,0x2e,0x77,0x6f,0x72,0x6c,0x64,0x20,0x2a,0x20,0x5f,0x33,
    0x31,0x29,0x2e,0x78,0x79,0x7a,0x3b,0x0a,0x20,0x20,0x20,0x20,0x6f,0x75,0x74,0x2e,
    0x77,0x6f,0x72,0x6c,0x64,0x4e,0x6f,0x72,0x6d,0x61,0x6c,0x20,0x3d,0x20,0x66,0x6c,
    0x6f,0x61,0x74,0x33,0x78,0x33,0x28,0x5f,0x31,0x39,0x2e,0x6e,0x6f,0x72,0x6d,0x61,
    0x6c,0x4d,0x61,0x74,0x72,0x69,0x78,0x5b,0x30,0x5d,0x2e,0x78,0x79,0x7a,0x2c,0x20,
    0x5f,0x31,0x39,0x2e,0x6e,0x6f,0x72,0x6d,0x61,0x6c,0x4d,0x61,0x74,0x72,0x69,0x78,
    0x5b,0x31,0x5d,0x2e,0x78,0x79,0x7a,0x2c,0x20,0x5f,0x31,0x39,0x2e,0x6e,0x6f,0x72,
    0x6d,0x61,0x6c,0x4d,0x61,0x74,0x72,0x69,0x78,0x5b,0x32,0x5d,0x2e,0x78,0x79,0x7a,
    0x29,0x20,0x2a,0x20,0x69,0x6e,0x2e,0x6e,0x6f,0x72,0x6d,0x61,0x6c,0x3b,0x0a,0x20,
    0x20,0x20,0x20,0x6f,0x75,0x74,0x2e,0x75,0x76,0x20,0x3d,0x20,0x69,0x6e,0x2e,0x74,
    0x65,0x78,0x63,0x6f,0x6f,0x72,0x64,0x30,0x3b,0x0a,0x20,0x20,0x20,0x20,0x6f,0x75,
    0x74,0x2e,0x74,0x69,0x6e,0x74,0x20,0x3d,0x20,0x6d,0x69,0x78,0x28,0x66,0x6c,0x6f,
    0x61,0x74,0x34,0x28,0x31,0x2e,0x30,0x29,0x2c,0x20,0x69,0x6e,0x2e,0x63,0x6f,0x6c,
    0x6f,0x72,0x30,0x2c,0x20,0x66,0x6c,0x6f,0x61,0x74,0x34,0x28,0x5f,0x31,0x39,0x2e,
    0x66,0x6c,0x61,0x67,0x73,0x2e,0x78,0x29,0x29,0x3b,0x0a,0x20,0x20,0x20,0x20,0x6f,
    0x75,0x74,0x2e,0x66,0x6f,0x67,0x46,0x61,0x63,0x74,0x6f,0x72,0x20,0x3d,0x20,0x31,
    0x2e,0x30,0x20,0x2d,0x20,0x66,0x61,0x73,0x74,0x3a,0x3a,0x63,0x6c,0x61,0x6d,0x70,
    0x28,0x64,0x6f,0x74,0x28,0x5f,0x33,0x31,0x2c,0x20,0x5f,0x31,0x39,0x2e,0x66,0x6f,
    0x67,0x56,0x65,0x63,0x74,0x6f,0x72,0x29,0x2c,0x20,0x30,0x2e,0x30,0x2c,0x20,0x31,
    0x2e,0x30,0x29,0x3b,0x0a,0x20,0x20,0x20,0x20,0x6f,0x75,0x74,0x2e,0x61,0x6c,0x70,
    0x68,0x61,0x54,0x65,0x73,0x74,0x4f,0x75,0x74,0x20,0x3d,0x20,0x5f,0x31,0x39,0x2e,
    0x61,0x6c,0x70,0x68,0x61,0x54,0x65,0x73,0x74,0x3b,0x0a,0x20,0x20,0x20,0x20,0x72,
    0x65,0x74,0x75,0x72,0x6e,0x20,0x6f,0x75,0x74,0x3b,0x0a,0x7d,0x0a,0x0a,0x00,
};
#endif
/*
    #include <metal_stdlib>
    #include <simd/simd.h>

    using namespace metal;

    struct lit3d_fs_params
    {
        float4 diffuse;
        float4 ambient;
        float4 light0Dir;
        float4 light0Diffuse;
        float4 light0Specular;
        float4 light1Dir;
        float4 light1Diffuse;
        float4 light1Specular;
        float4 light2Dir;
        float4 light2Diffuse;
        float4 light2Specular;
        float4 specularColorAndPower;
        float4 eyePosition;
        float4 emissiveColor;
        float4 fogColor;
    };

    struct main0_out
    {
        float4 frag_color [[color(0)]];
    };

    struct main0_in
    {
        float3 worldNormal [[user(locn0)]];
        float3 worldPos [[user(locn1)]];
        float2 uv [[user(locn2)]];
        float4 tint [[user(locn3)]];
        float fogFactor [[user(locn4)]];
        float4 alphaTestOut [[user(locn5)]];
    };

    fragment main0_out main0(main0_in in [[stage_in]], constant lit3d_fs_params& _18 [[buffer(1)]], texture2d<float> tex [[texture(0)]], sampler smp [[sampler(0)]])
    {
        main0_out out = {};
        float3 _13 = fast::normalize(in.worldNormal);
        float3 _28 = fast::normalize(_18.eyePosition.xyz - in.worldPos);
        float _37 = dot(_13, -_18.light0Dir.xyz);
        float _52 = dot(_13, -_18.light1Dir.xyz);
        float _66 = dot(_13, -_18.light2Dir.xyz);
        float4 _226 = tex.sample(smp, in.uv) * float4((((((_18.ambient.xyz + (_18.light0Diffuse.xyz * fast::max(_37, 0.0))) + (_18.light1Diffuse.xyz * fast::max(_52, 0.0))) + (_18.light2Diffuse.xyz * fast::max(_66, 0.0))) * _18.diffuse.xyz) * in.tint.xyz) + _18.emissiveColor.xyz, _18.diffuse.w * in.tint.w);
        float3 _233 = _226.xyz + (((((_18.light0Specular.xyz * powr(fast::max(dot(fast::normalize(_28 - _18.light0Dir.xyz), _13), 0.0) * step(0.0, _37), _18.specularColorAndPower.w)) + (_18.light1Specular.xyz * powr(fast::max(dot(fast::normalize(_28 - _18.light1Dir.xyz), _13), 0.0) * step(0.0, _52), _18.specularColorAndPower.w))) + (_18.light2Specular.xyz * powr(fast::max(dot(fast::normalize(_28 - _18.light2Dir.xyz), _13), 0.0) * step(0.0, _66), _18.specularColorAndPower.w))) * _18.specularColorAndPower.xyz) * _226.w);
        float4 _312 = _226;
        _312.x = _233.x;
        _312.y = _233.y;
        _312.z = _233.z;
        float4 c = _312;
        float _249;
        if (in.alphaTestOut.y > 0.0)
        {
            float _261;
            if (abs(c.w - in.alphaTestOut.x) < in.alphaTestOut.y)
            {
                _261 = in.alphaTestOut.z;
            }
            else
            {
                _261 = in.alphaTestOut.w;
            }
            _249 = _261;
        }
        else
        {
            float _276;
            if (c.w < in.alphaTestOut.x)
            {
                _276 = in.alphaTestOut.z;
            }
            else
            {
                _276 = in.alphaTestOut.w;
            }
            _249 = _276;
        }
        if (_249 < 0.0)
        {
            discard_fragment();
        }
        float4 _295 = c;
        float3 _300 = mix(_18.fogColor.xyz, _295.xyz, float3(in.fogFactor));
        float4 _320 = _295;
        _320.x = _300.x;
        _320.y = _300.y;
        _320.z = _300.z;
        c = _320;
        out.frag_color = _320;
        return out;
    }

*/
#if defined(SOKOL_METAL)
static const uint8_t cna_lit3d_fs_source_metal_macos[2972] = {
    0x23,0x69,0x6e,0x63,0x6c,0x75,0x64,0x65,0x20,0x3c,0x6d,0x65,0x74,0x61,0x6c,0x5f,
    0x73,0x74,0x64,0x6c,0x69,0x62,0x3e,0x0a,0x23,0x69,0x6e,0x63,0x6c,0x75,0x64,0x65,
    0x20,0x3c,0x73,0x69,0x6d,0x64,0x2f,0x73,0x69,0x6d,0x64,0x2e,0x68,0x3e,0x0a,0x0a,
    0x75,0x73,0x69,0x6e,0x67,0x20,0x6e,0x61,0x6d,0x65,0x73,0x70,0x61,0x63,0x65,0x20,
    0x6d,0x65,0x74,0x61,0x6c,0x3b,0x0a,0x0a,0x73,0x74,0x72,0x75,0x63,0x74,0x20,0x6c,
    0x69,0x74,0x33,0x64,0x5f,0x66,0x73,0x5f,0x70,0x61,0x72,0x61,0x6d,0x73,0x0a,0x7b,
    0x0a,0x20,0x20,0x20,0x20,0x66,0x6c,0x6f,0x61,0x74,0x34,0x20,0x64,0x69,0x66,0x66,
    0x75,0x73,0x65,0x3b,0x0a,0x20,0x20,0x20,0x20,0x66,0x6c,0x6f,0x61,0x74,0x34,0x20,
    0x61,0x6d,0x62,0x69,0x65,0x6e,0x74,0x3b,0x0a,0x20,0x20,0x20,0x20,0x66,0x6c,0x6f,
    0x61,0x74,0x34,0x20,0x6c,0x69,0x67,0x68,0x74,0x30,0x44,0x69,0x72,0x3b,0x0a,0x20,
    0x20,0x20,0x20,0x66,0x6c,0x6f,0x61,0x74,0x34,0x20,0x6c,0x69,0x67,0x68,0x74,0x30,
    0x44,0x69,0x66,0x66,0x75,0x73,0x65,0x3b,0x0a,0x20,0x20,0x20,0x20,0x66,0x6c,0x6f,
    0x61,0x74,0x34,0x20,0x6c,0x69,0x67,0x68,0x74,0x30,0x53,0x70,0x65,0x63,0x75,0x6c,
    0x61,0x72,0x3b,0x0a,0x20,0x20,0x20,0x20,0x66,0x6c,0x6f,0x61,0x74,0x34,0x20,0x6c,
    0x69,0x67,0x68,0x74,0x31,0x44,0x69,0x72,0x3b,0x0a,0x20,0x20,0x20,0x20,0x66,0x6c,
    0x6f,0x61,0x74,0x34,0x20,0x6c,0x69,0x67,0x68,0x74,0x31,0x44,0x69,0x66,0x66,0x75,
    0x73,0x65,0x3b,0x0a,0x20,0x20,0x20,0x20,0x66,0x6c,0x6f,0x61,0x74,0x34,0x20,0x6c,
    0x69,0x67,0x68,0x74,0x31,0x53,0x70,0x65,0x63,0x75,0x6c,0x61,0x72,0x3b,0x0a,0x20,
    0x20,0x20,0x20,0x66,0x6c,0x6f,0x61,0x74,0x34,0x20,0x6c,0x69,0x67,0x68,0x74,0x32,
    0x44,0x69,0x72,0x3b,0x0a,0x20,0x20,0x20,0x20,0x66,0x6c,0x6f,0x61,0x74,0x34,0x20,
    0x6c,0x69,0x67,0x68,0x74,0x32,0x44,0x69,0x66,0x66,0x75,0x73,0x65,0x3b,0x0a,0x20,
    0x20,0x20,0x20,0x66,0x6c,0x6f,0x61,0x74,0x34,0x20,0x6c,0x69,0x67,0x68,0x74,0x32,
    0x53,0x70,0x65,0x63,0x75,0x6c,0x61,0x72,0x3b,0x0a,0x20,0x20,0x20,0x20,0x66,0x6c,
    0x6f,0x61,0x74,0x34,0x20,0x73,0x70,0x65,0x63,0x75,0x6c,0x61,0x72,0x43,0x6f,0x6c,
    0x6f,0x72,0x41,0x6e,0x64,0x50,0x6f,0x77,0x65,0x72,0x3b,0x0a,0x20,0x20,0x20,0x20,
    0x66,0x6c,0x6f,0x61,0x74,0x34,0x20,0x65,0x79,0x65,0x50,0x6f,0x73,0x69,0x74,0x69,
    0x6f,0x6e,0x3b,0x0a,0x20,0x20,0x20,0x20,0x66,0x6c,0x6f,0x61,0x74,0x34,0x20,0x65,
    0x6d,0x69,0x73,0x73,0x69,0x76,0x65,0x43,0x6f,0x6c,0x6f,0x72,0x3b,0x0a,0x20,0x20,
    0x20,0x20,0x66,0x6c,0x6f,0x61,0x74,0x34,0x20,0x66,0x6f,0x67,0x43,0x6f,0x6c,0x6f,
    0x72,0x3b,0x0a,0x7d,0x3b,0x0a,0x0a,0x73,0x74,0x72,0x75,0x63,0x74,0x20,0x6d,0x61,
    0x69,0x6e,0x30,0x5f,0x6f,0x75,0x74,0x0a,0x7b,0x0a,0x20,0x20,0x20,0x20,0x66,0x6c,
    0x6f,0x61,0x74,0x34,0x20,0x66,0x72,0x61,0x67,0x5f,0x63,0x6f,0x6c,0x6f,0x72,0x20,
    0x5b,0x5b,0x63,0x6f,0x6c,0x6f,0x72,0x28,0x30,0x29,0x5d,0x5d,0x3b,0x0a,0x7d,0x3b,
    0x0a,0x0a,0x73,0x74,0x72,0x75,0x63,0x74,0x20,0x6d,0x61,0x69,0x6e,0x30,0x5f,0x69,
    0x6e,0x0a,0x7b,0x0a,0x20,0x20,0x20,0x20,0x66,0x6c,0x6f,0x61,0x74,0x33,0x20,0x77,
    0x6f,0x72,0x6c,0x64,0x4e,0x6f,0x72,0x6d,0x61,0x6c,0x20,0x5b,0x5b,0x75,0x73,0x65,
    0x72,0x28,0x6c,0x6f,0x63,0x6e,0x30,0x29,0x5d,0x5d,0x3b,0x0a,0x20,0x20,0x20,0x20,
    0x66,0x6c,0x6f,0x61,0x74,0x33,0x20,0x77,0x6f,0x72,0x6c,0x64,0x50,0x6f,0x73,0x20,
    0x5b,0x5b,0x75,0x73,0x65,0x72,0x28,0x6c,0x6f,0x63,0x6e,0x31,0x29,0x5d,0x5d,0x3b,
    0x0a,0x20,0x20,0x20,0x20,0x66,0x6c,0x6f,0x61,0x74,0x32,0x20,0x75,0x76,0x20,0x5b,
    0x5b,0x75,0x73,0x65,0x72,0x28,0x6c,0x6f,0x63,0x6e,0x32,0x29,0x5d,0x5d,0x3b,0x0a,
    0x20,0x20,0x20,0x20,0x66,0x6c,0x6f,0x61,0x74,0x34,0x20,0x74,0x69,0x6e,0x74,0x20,
    0x5b,0x5b,0x75,0x73,0x65,0x72,0x28,0x6c,0x6f,0x63,0x6e,0x33,0x29,0x5d,0x5d,0x3b,
    0x0a,0x20,0x20,0x20,0x20,0x66,0x6c,0x6f,0x61,0x74,0x20,0x66,0x6f,0x67,0x46,0x61,
    0x63,0x74,0x6f,0x72,0x20,0x5b,0x5b,0x75,0x73,0x65,0x72,0x28,0x6c,0x6f,0x63,0x6e,
    0x34,0x29,0x5d,0x5d,0x3b,0x0a,0x20,0x20,0x20,0x20,0x66,0x6c,0x6f,0x61,0x74,0x34,
    0x20,0x61,0x6c,0x70,0x68,0x61,0x54,0x65,0x73,0x74,0x4f,0x75,0x74,0x20,0x5b,0x5b,
    0x75,0x73,0x65,0x72,0x28,0x6c,0x6f,0x63,0x6e,0x35,0x29,0x5d,0x5d,0x3b,0x0a,0x7d,
    0x3b,0x0a,0x0a,0x66,0x72,0x61,0x67,0x6d,0x65,0x6e,0x74,0x20,0x6d,0x61,0x69,0x6e,
    0x30,0x5f,0x6f,0x75,0x74,0x20,0x6d,0x61,0x69,0x6e,0x30,0x28,0x6d,0x61,0x69,0x6e,
    0x30,0x5f,0x69,0x6e,0x20,0x69,0x6e,0x20,0x5b,0x5b,0x73,0x74,0x61,0x67,0x65,0x5f,
    0x69,0x6e,0x5d,0x5d,0x2c,0x20,0x63,0x6f,0x6e,0x73,0x74,0x61,0x6e,0x74,0x20,0x6c,
    0x69,0x74,0x33,0x64,0x5f,0x66,0x73,0x5f,0x70,0x61,0x72,0x61,0x6d,0x73,0x26,0x20,
    0x5f,0x31,0x38,0x20,0x5b,0x5b,0x62,0x75,0x66,0x66,0x65,0x72,0x28,0x31,0x29,0x5d,
    0x5d,0x2c,0x20,0x74,0x65,0x78,0x74,0x75,0x72,0x65,0x32,0x64,0x3c,0x66,0x6c,0x6f,
    0x61,0x74,0x3e,0x20,0x74,0x65,0x78,0x20,0x5b,0x5b,0x74,0x65,0x78,0x74,0x75,0x72,
    0x65,0x28,0x30,0x29,0x5d,0x5d,0x2c,0x20,0x73,0x61,0x6d,0x70,0x6c,0x65,0x72,0x20,
    0x73,0x6d,0x70,0x20,0x5b,0x5b,0x73,0x61,0x6d,0x70,0x6c,0x65,0x72,0x28,0x30,0x29,
    0x5d,0x5d,0x29,0x0a,0x7b,0x0a,0x20,0x20,0x20,0x20,0x6d,0x61,0x69,0x6e,0x30,0x5f,
    0x6f,0x75,0x74,0x20,0x6f,0x75,0x74,0x20,0x3d,0x20,0x7b,0x7d,0x3b,0x0a,0x20,0x20,
    0x20,0x20,0x66,0x6c,0x6f,0x61,0x74,0x33,0x20,0x5f,0x31,0x33,0x20,0x3d,0x20,0x66,
    0x61,0x73,0x74,0x3a,0x3a,0x6e,0x6f,0x72,0x6d,0x61,0x6c,0x69,0x7a,0x65,0x28,0x69,
    0x6e,0x2e,0x77,0x6f,0x72,0x6c,0x64,0x4e,0x6f,0x72,0x6d,0x61,0x6c,0x29,0x3b,0x0a,
    0x20,0x20,0x20,0x20,0x66,0x6c,0x6f,0x61,0x74,0x33,0x20,0x5f,0x32,0x38,0x20,0x3d,
    0x20,0x66,0x61,0x73,0x74,0x3a,0x3a,0x6e,0x6f,0x72,0x6d,0x61,0x6c,0x69,0x7a,0x65,
    0x28,0x5f,0x31,0x38,0x2e,0x65,0x79,0x65,0x50,0x6f,0x73,0x69,0x74,0x69,0x6f,0x6e,
    0x2e,0x78,0x79,0x7a,0x20,0x2d,0x20,0x69,0x6e,0x2e,0x77,0x6f,0x72,0x6c,0x64,0x50,
    0x6f,0x73,0x29,0x3b,0x0a,0x20,0x20,0x20,0x20,0x66,0x6c,0x6f,0x61,0x74,0x20,0x5f,
    0x33,0x37,0x20,0x3d,0x20,0x64,0x6f,0x74,0x28,0x5f,0x31,0x33,0x2c,0x20,0x2d,0x5f,
    0x31,0x38,0x2e,0x6c,0x69,0x67,0x68,0x74,0x30,0x44,0x69,0x72,0x2e,0x78,0x79,0x7a,
    0x29,0x3b,0x0a,0x20,0x20,0x20,0x20,0x66,0x6c,0x6f,0x61,0x74,0x20,0x5f,0x35,0x32,
    0x20,0x3d,0x20,0x64,0x6f,0x74,0x28,0x5f,0x31,0x33,0x2c,0x20,0x2d,0x5f,0x31,0x38,
    0x2e,0x6c,0x69,0x67,0x68,0x74,0x31,0x44,0x69,0x72,0x2e,0x78,0x79,0x7a,0x29,0x3b,
    0x0a,0x20,0x20,0x20,0x20,0x66,0x6c,0x6f,0x61,0x74,0x20,0x5f,0x36,0x36,0x20,0x3d,
    0x20,0x64,0x6f,0x74,0x28,0x5f,0x31,0x33,0x2c,0x20,0x2d,0x5f,0x31,0x38,0x2e,0x6c,
    0x69,0x67,0x68,0x74,0x32,0x44,0x69,0x72,0x2e,0x78,0x79,0x7a,0x29,0x3b,0x0a,0x20,
    0x20,0x20,0x20,0x66,0x6c,0x6f,0x61,0x74,0x34,0x20,0x5f,0x32,0x32,0x36,0x20,0x3d,
    0x20,0x74,0x65,0x78,0x2e,0x73,0x61,0x6d,0x70,0x6c,0x65,0x28,0x73,0x6d,0x70,0x2c,
    0x20,0x69,0x6e,0x2e,0x75,0x76,0x29,0x20,0x2a,0x20,0x66,0x6c,0x6f,0x61,0x74,0x34,
    0x28,0x28,0x28,0x28,0x28,0x28,0x5f,0x31,0x38,0x2e,0x61,0x6d,0x62,0x69,0x65,0x6e,
    0x74,0x2e,0x78,0x79,0x7a,0x20,0x2b,0x20,0x28,0x5f,0x31,0x38,0x2e,0x6c,0x69,0x67,
    0x68,0x74,0x30,0x44,0x69,0x66,0x66,0x75,0x73,0x65,0x2e,0x78,0x79,0x7a,0x20,0x2a,
    0x20,0x66,0x61,0x73,0x74,0x3a,0x3a,0x6d,0x61,0x78,0x28,0x5f,0x33,0x37,0x2c,0x20,
    0x30,0x2e,0x30,0x29,0x29,0x29,0x20,0x2b,0x20,0x28,0x5f,0x31,0x38,0x2e,0x6c,0x69,
    0x67,0x68,0x74,0x31,0x44,0x69,0x66,0x66,0x75,0x73,0x65,0x2e,0x78,0x79,0x7a,0x20,
    0x2a,0x20,0x66,0x61,0x73,0x74,0x3a,0x3a,0x6d,0x61,0x78,0x28,0x5f,0x35,0x32,0x2c,
    0x20,0x30,0x2e,0x30,0x29,0x29,0x29,0x20,0x2b,0x20,0x28,0x5f,0x31,0x38,0x2e,0x6c,
    0x69,0x67,0x68,0x74,0x32,0x44,0x69,0x66,0x66,0x75,0x73,0x65,0x2e,0x78,0x79,0x7a,
    0x20,0x2a,0x20,0x66,0x61,0x73,0x74,0x3a,0x3a,0x6d,0x61,0x78,0x28,0x5f,0x36,0x36,
    0x2c,0x20,0x30,0x2e,0x30,0x29,0x29,0x29,0x20,0x2a,0x20,0x5f,0x31,0x38,0x2e,0x64,
    0x69,0x66,0x66,0x75,0x73,0x65,0x2e,0x78,0x79,0x7a,0x29,0x20,0x2a,0x20,0x69,0x6e,
    0x2e,0x74,0x69,0x6e,0x74,0x2e,0x78,0x79,0x7a,0x29,0x20,0x2b,0x20,0x5f,0x31,0x38,
    0x2e,0x65,0x6d,0x69,0x73,0x73,0x69,0x76,0x65,0x43,0x6f,0x6c,0x6f,0x72,0x2e,0x78,
    0x79,0x7a,0x2c,0x20,0x5f,0x31,0x38,0x2e,0x64,0x69,0x66,0x66,0x75,0x73,0x65,0x2e,
    0x77,0x20,0x2a,0x20,0x69,0x6e,0x2e,0x74,0x69,0x6e,0x74,0x2e,0x77,0x29,0x3b,0x0a,
    0x20,0x20,0x20,0x20,0x66,0x6c,0x6f,0x61,0x74,0x33,0x20,0x5f,0x32,0x33,0x33,0x20,
    0x3d,0x20,0x5f,0x32,0x32,0x36,0x2e,0x78,0x79,0x7a,0x20,0x2b,0x20,0x28,0x28,0x28,
    0x28,0x28,0x5f,0x31,0x38,0x2e,0x6c,0x69,0x67,0x68,0x74,0x30,0x53,0x70,0x65,0x63,
    0x75,0x6c,0x61,0x72,0x2e,0x78,0x79,0x7a,0x20,0x2a,0x20,0x70,0x6f,0x77,0x72,0x28,
    0x66,0x61,0x73,0x74,0x3a,0x3a,0x6d,0x61,0x78,0x28,0x64,0x6f,0x74,0x28,0x66,0x61,
    0x73,0x74,0x3a,0x3a,0x6e,0x6f,0x72,0x6d,0x61,0x6c,0x69,0x7a,0x65,0x28,0x5f,0x32,
    0x38,0x20,0x2d,0x20,0x5f,0x31,0x38,0x2e,0x6c,0x69,0x67,0x68,0x74,0x30,0x44,0x69,
    0x72,0x2e,0x78,0x79,0x7a,0x29,0x2c,0x20,0x5f,0x31,0x33,0x29,0x2c,0x20,0x30,0x2e,
    0x30,0x29,0x20,0x2a,0x20,0x73,0x74,0x65,0x70,0x28,0x30,0x2e,0x30,0x2c,0x20,0x5f,
    0x33,0x37,0x29,0x2c,0x20,0x5f,0x31,0x38,0x2e,0x73,0x70,0x65,0x63,0x75,0x6c,0x61,
    0x72,0x43,0x6f,0x6c,0x6f,0x72,0x41,0x6e,0x64,0x50,0x6f,0x77,0x65,0x72,0x2e,0x77,
    0x29,0x29,0x20,0x2b,0x20,0x28,0x5f,0x31,0x38,0x2e,0x6c,0x69,0x67,0x68,0x74,0x31,
    0x53,0x70,0x65,0x63,0x75,0x6c,0x61,0x72,0x2e,0x78,0x79,0x7a,0x20,0x2a,0x20,0x70,
    0x6f,0x77,0x72,0x28,0x66,0x61,0x73,0x74,0x3a,0x3a,0x6d,0x61,0x78,0x28,0x64,0x6f,
    0x74,0x28,0x66,0x61,0x73,0x74,0x3a,0x3a,0x6e,0x6f,0x72,0x6d,0x61,0x6c,0x69,0x7a,
    0x65,0x28,0x5f,0x32,0x38,0x20,0x2d,0x20,0x5f,0x31,0x38,0x2e,0x6c,0x69,0x67,0x68,
    0x74,0x31,0x44,0x69,0x72,0x2e,0x78,0x79,0x7a,0x29,0x2c,0x20,0x5f,0x31,0x33,0x29,
    0x2c,0x20,0x30,0x2e,0x30,0x29,0x20,0x2a,0x20,0x73,0x74,0x65,0x70,0x28,0x30,0x2e,
    0x30,0x2c,0x20,0x5f,0x35,0x32,0x29,0x2c,0x20,0x5f,0x31,0x38,0x2e,0x73,0x70,0x65,
    0x63,0x75,0x6c,0x61,0x72,0x43,0x6f,0x6c,0x6f,0x72,0x41,0x6e,0x64,0x50,0x6f,0x77,
    0x65,0x72,0x2e,0x77,0x29,0x29,0x29,0x20,0x2b,0x20,0x28,0x5f,0x31,0x38,0x2e,0x6c,
    0x69,0x67,0x68,0x74,0x32,0x53,0x70,0x65,0x63,0x75,0x6c,0x61,0x72,0x2e,0x78,0x79,
    0x7a,0x20,0x2a,0x20,0x70,0x6f,0x77,0x72,0x28,0x66,0x61,0x73,0x74,0x3a,0x3a,0x6d,
    0x61,0x78,0x28,0x64,0x6f,0x74,0x28,0x66,0x61,0x73,0x74,0x3a,0x3a,0x6e,0x6f,0x72,
    0x6d,0x61,0x6c,0x69,0x7a,0x65,0x28,0x5f,0x32,0x38,0x20,0x2d,0x20,0x5f,0x31,0x38,
    0x2e,0x6c,0x69,0x67,0x68,0x74,0x32,0x44,0x69,0x72,0x2e,0x78,0x79,0x7a,0x29,0x2c,
    0x20,0x5f,0x31,0x33,0x29,0x2c,0x20,0x30,0x2e,0x30,0x29,0x20,0x2a,0x20,0x73,0x74,
    0x65,0x70,0x28,0x30,0x2e,0x30,0x2c,0x20,0x5f,0x36,0x36,0x29,0x2c,0x20,0x5f,0x31,
    0x38,0x2e,0x73,0x70,0x65,0x63,0x75,0x6c,0x61,0x72,0x43,0x6f,0x6c,0x6f,0x72,0x41,
    0x6e,0x64,0x50,0x6f,0x77,0x65,0x72,0x2e,0x77,0x29,0x29,0x29,0x20,0x2a,0x20,0x5f,
    0x31,0x38,0x2e,0x73,0x70,0x65,0x63,0x75,0x6c,0x61,0x72,0x43,0x6f,0x6c,0x6f,0x72,
    0x41,0x6e,0x64,0x50,0x6f,0x77,0x65,0x72,0x2e,0x78,0x79,0x7a,0x29,0x20,0x2a,0x20,
    0x5f,0x32,0x32,0x36,0x2e,0x77,0x29,0x3b,0x0a,0x20,0x20,0x20,0x20,0x66,0x6c,0x6f,
    0x61,0x74,0x34,0x20,0x5f,0x33,0x31,0x32,0x20,0x3d,0x20,0x5f,0x32,0x32,0x36,0x3b,
    0x0a,0x20,0x20,0x20,0x20,0x5f,0x33,0x31,0x32,0x2e,0x78,0x20,0x3d,0x20,0x5f,0x32,
    0x33,0x33,0x2e,0x78,0x3b,0x0a,0x20,0x20,0x20,0x20,0x5f,0x33,0x31,0x32,0x2e,0x79,
    0x20,0x3d,0x20,0x5f,0x32,0x33,0x33,0x2e,0x79,0x3b,0x0a,0x20,0x20,0x20,0x20,0x5f,
    0x33,0x31,0x32,0x2e,0x7a,0x20,0x3d,0x20,0x5f,0x32,0x33,0x33,0x2e,0x7a,0x3b,0x0a,
    0x20,0x20,0x20,0x20,0x66,0x6c,0x6f,0x61,0x74,0x34,0x20,0x63,0x20,0x3d,0x20,0x5f,
    0x33,0x31,0x32,0x3b,0x0a,0x20,0x20,0x20,0x20,0x66,0x6c,0x6f,0x61,0x74,0x20,0x5f,
    0x32,0x34,0x39,0x3b,0x0a,0x20,0x20,0x20,0x20,0x69,0x66,0x20,0x28,0x69,0x6e,0x2e,
    0x61,0x6c,0x70,0x68,0x61,0x54,0x65,0x73,0x74,0x4f,0x75,0x74,0x2e,0x79,0x20,0x3e,
    0x20,0x30,0x2e,0x30,0x29,0x0a,0x20,0x20,0x20,0x20,0x7b,0x0a,0x20,0x20,0x20,0x20,
    0x20,0x20,0x20,0x20,0x66,0x6c,0x6f,0x61,0x74,0x20,0x5f,0x32,0x36,0x31,0x3b,0x0a,
    0x20,0x20,0x20,0x20,0x20,0x20,0x20,0x20,0x69,0x66,0x20,0x28,0x61,0x62,0x73,0x28,
    0x63,0x2e,0x77,0x20,0x2d,0x20,0x69,0x6e,0x2e,0x61,0x6c,0x70,0x68,0x61,0x54,0x65,
    0x73,0x74,0x4f,0x75,0x74,0x2e,0x78,0x29,0x20,0x3c,0x20,0x69,0x6e,0x2e,0x61,0x6c,
    0x70,0x68,0x61,0x54,0x65,0x73,0x74,0x4f,0x75,0x74,0x2e,0x79,0x29,0x0a,0x20,0x20,
    0x20,0x20,0x20,0x20,0x20,0x20,0x7b,0x0a,0x20,0x20,0x20,0x20,0x20,0x20,0x20,0x20,
    0x20,0x20,0x20,0x20,0x5f,0x32,0x36,0x31,0x20,0x3d,0x20,0x69,0x6e,0x2e,0x61,0x6c,
    0x70,0x68,0x61,0x54,0x65,0x73,0x74,0x4f,0x75,0x74,0x2e,0x7a,0x3b,0x0a,0x20,0x20,
    0x20,0x20,0x20,0x20,0x20,0x20,0x7d,0x0a,0x20,0x20,0x20,0x20,0x20,0x20,0x20,0x20,
    0x65,0x6c,0x73,0x65,0x0a,0x20,0x20,0x20,0x20,0x20,0x20,0x20,0x20,0x7b,0x0a,0x20,
    0x20,0x20,0x20,0x20,0x20,0x20,0x20,0x20,0x20,0x20,0x20,0x5f,0x32,0x36,0x31,0x20,
    0x3d,0x20,0x69,0x6e,0x2e,0x61,0x6c,0x70,0x68,0x61,0x54,0x65,0x73,0x74,0x4f,0x75,
    0x74,0x2e,0x77,0x3b,0x0a,0x20,0x20,0x20,0x20,0x20,0x20,0x20,0x20,0x7d,0x0a,0x20,
    0x20,0x20,0x20,0x20,0x20,0x20,0x20,0x5f,0x32,0x34,0x39,0x20,0x3d,0x20,0x5f,0x32,
    0x36,0x31,0x3b,0x0a,0x20,0x20,0x20,0x20,0x7d,0x0a,0x20,0x20,0x20,0x20,0x65,0x6c,
    0x73,0x65,0x0a,0x20,0x20,0x20,0x20,0x7b,0x0a,0x20,0x20,0x20,0x20,0x20,0x20,0x20,
    0x20,0x66,0x6c,0x6f,0x61,0x74,0x20,0x5f,0x32,0x37,0x36,0x3b,0x0a,0x20,0x20,0x20,
    0x20,0x20,0x20,0x20,0x20,0x69,0x66,0x20,0x28,0x63,0x2e,0x77,0x20,0x3c,0x20,0x69,
    0x6e,0x2e,0x61,0x6c,0x70,0x68,0x61,0x54,0x65,0x73,0x74,0x4f,0x75,0x74,0x2e,0x78,
    0x29,0x0a,0x20,0x20,0x20,0x20,0x20,0x20,0x20,0x20,0x7b,0x0a,0x20,0x20,0x20,0x20,
    0x20,0x20,0x20,0x20,0x20,0x20,0x20,0x20,0x5f,0x32,0x37,0x36,0x20,0x3d,0x20,0x69,
    0x6e,0x2e,0x61,0x6c,0x70,0x68,0x61,0x54,0x65,0x73,0x74,0x4f,0x75,0x74,0x2e,0x7a,
    0x3b,0x0a,0x20,0x20,0x20,0x20,0x20,0x20,0x20,0x20,0x7d,0x0a,0x20,0x20,0x20,0x20,
    0x20,0x20,0x20,0x20,0x65,0x6c,0x73,0x65,0x0a,0x20,0x20,0x20,0x20,0x20,0x20,0x20,
    0x20,0x7b,0x0a,0x20,0x20,0x20,0x20,0x20,0x20,0x20,0x20,0x20,0x20,0x20,0x20,0x5f,
    0x32,0x37,0x36,0x20,0x3d,0x20,0x69,0x6e,0x2e,0x61,0x6c,0x70,0x68,0x61,0x54,0x65,
    0x73,0x74,0x4f,0x75,0x74,0x2e,0x77,0x3b,0x0a,0x20,0x20,0x20,0x20,0x20,0x20,0x20,
    0x20,0x7d,0x0a,0x20,0x20,0x20,0x20,0x20,0x20,0x20,0x20,0x5f,0x32,0x34,0x39,0x20,
    0x3d,0x20,0x5f,0x32,0x37,0x36,0x3b,0x0a,0x20,0x20,0x20,0x20,0x7d,0x0a,0x20,0x20,
    0x20,0x20,0x69,0x66,0x20,0x28,0x5f,0x32,0x34,0x39,0x20,0x3c,0x20,0x30,0x2e,0x30,
    0x29,0x0a,0x20,0x20,0x20,0x20,0x7b,0x0a,0x20,0x20,0x20,0x20,0x20,0x20,0x20,0x20,
    0x64,0x69,0x73,0x63,0x61,0x72,0x64,0x5f,0x66,0x72,0x61,0x67,0x6d,0x65,0x6e,0x74,
    0x28,0x29,0x3b,0x0a,0x20,0x20,0x20,0x20,0x7d,0x0a,0x20,0x20,0x20,0x20,0x66,0x6c,
    0x6f,0x61,0x74,0x34,0x20,0x5f,0x32,0x39,0x35,0x20,0x3d,0x20,0x63,0x3b,0x0a,0x20,
    0x20,0x20,0x20,0x66,0x6c,0x6f,0x61,0x74,0x33,0x20,0x5f,0x33,0x30,0x30,0x20,0x3d,
    0x20,0x6d,0x69,0x78,0x28,0x5f,0x31,0x38,0x2e,0x66,0x6f,0x67,0x43,0x6f,0x6c,0x6f,
    0x72,0x2e,0x78,0x79,0x7a,0x2c,0x20,0x5f,0x32,0x39,0x35,0x2e,0x78,0x79,0x7a,0x2c,
    0x20,0x66,0x6c,0x6f,0x61,0x74,0x33,0x28,0x69,0x6e,0x2e,0x66,0x6f,0x67,0x46,0x61,
    0x63,0x74,0x6f,0x72,0x29,0x29,0x3b,0x0a,0x20,0x20,0x20,0x20,0x66,0x6c,0x6f,0x61,
    0x74,0x34,0x20,0x5f,0x33,0x32,0x30,0x20,0x3d,0x20,0x5f,0x32,0x39,0x35,0x3b,0x0a,
    0x20,0x20,0x20,0x20,0x5f,0x33,0x32,0x30,0x2e,0x78,0x20,0x3d,0x20,0x5f,0x33,0x30,
    0x30,0x2e,0x78,0x3b,0x0a,0x20,0x20,0x20,0x20,0x5f,0x33,0x32,0x30,0x2e,0x79,0x20,
    0x3d,0x20,0x5f,0x33,0x30,0x30,0x2e,0x79,0x3b,0x0a,0x20,0x20,0x20,0x20,0x5f,0x33,
    0x32,0x30,0x2e,0x7a,0x20,0x3d,0x20,0x5f,0x33,0x30,0x30,0x2e,0x7a,0x3b,0x0a,0x20,
    0x20,0x20,0x20,0x63,0x20,0x3d,0x20,0x5f,0x33,0x32,0x30,0x3b,0x0a,0x20,0x20,0x20,
    0x20,0x6f,0x75,0x74,0x2e,0x66,0x72,0x61,0x67,0x5f,0x63,0x6f,0x6c,0x6f,0x72,0x20,
    0x3d,0x20,0x5f,0x33,0x32,0x30,0x3b,0x0a,0x20,0x20,0x20,0x20,0x72,0x65,0x74,0x75,
    0x72,0x6e,0x20,0x6f,0x75,0x74,0x3b,0x0a,0x7d,0x0a,0x0a,0x00,
};
#endif
/*
    diagnostic(off, derivative_uniformity);

    struct lit3d_vs_params {
      /_ @offset(0) _/
      mvp : mat4x4f,
      /_ @offset(64) _/
      world : mat4x4f,
      /_ @offset(128) _/
      normalMatrix : mat4x4f,
      /_ @offset(192) _/
      flags : vec4f,
      /_ @offset(208) _/
      alphaTest : vec4f,
      /_ @offset(224) _/
      fogVector : vec4f,
    }

    @binding(0) @group(0) var<uniform> x_19 : lit3d_vs_params;

    var<private> position_1 : vec3f;

    var<private> worldPos : vec3f;

    var<private> worldNormal : vec3f;

    var<private> normal : vec3f;

    var<private> uv : vec2f;

    var<private> texcoord0 : vec2f;

    var<private> tint : vec4f;

    var<private> color0 : vec4f;

    var<private> fogFactor : f32;

    var<private> alphaTestOut : vec4f;

    var<private> gl_Position : vec4f;

    fn main_1() {
      let x_31 = vec4f(position_1.x, position_1.y, position_1.z, 1.0f);
      gl_Position = (x_19.mvp * x_31);
      worldPos = ((x_19.world * x_31)).xyz;
      let x_50 = x_19.normalMatrix;
      worldNormal = (mat3x3f(x_50[0u].xyz, x_50[1u].xyz, x_50[2u].xyz) * normal);
      uv = texcoord0;
      tint = mix(vec4f(1.0f), color0, vec4f(x_19.flags.x));
      fogFactor = (1.0f - clamp(dot(x_31, x_19.fogVector), 0.0f, 1.0f));
      alphaTestOut = x_19.alphaTest;
      return;
    }

    struct main_out {
      @builtin(position)
      gl_Position : vec4f,
      @location(1)
      worldPos_1 : vec3f,
      @location(0)
      worldNormal_1 : vec3f,
      @location(2)
      uv_1 : vec2f,
      @location(3)
      tint_1 : vec4f,
      @location(4)
      fogFactor_1 : f32,
      @location(5)
      alphaTestOut_1 : vec4f,
    }

    @vertex
    fn main(@location(0) position_1_param : vec3f, @location(1) normal_param : vec3f, @location(2) texcoord0_param : vec2f, @location(3) color0_param : vec4f) -> main_out {
      position_1 = position_1_param;
      normal = normal_param;
      texcoord0 = texcoord0_param;
      color0 = color0_param;
      main_1();
      return main_out(gl_Position, worldPos, worldNormal, uv, tint, fogFactor, alphaTestOut);
    }
*/
#if defined(SOKOL_WGPU)
static const uint8_t cna_lit3d_vs_source_wgsl[1858] = {
    0x64,0x69,0x61,0x67,0x6e,0x6f,0x73,0x74,0x69,0x63,0x28,0x6f,0x66,0x66,0x2c,0x20,
    0x64,0x65,0x72,0x69,0x76,0x61,0x74,0x69,0x76,0x65,0x5f,0x75,0x6e,0x69,0x66,0x6f,
    0x72,0x6d,0x69,0x74,0x79,0x29,0x3b,0x0a,0x0a,0x73,0x74,0x72,0x75,0x63,0x74,0x20,
    0x6c,0x69,0x74,0x33,0x64,0x5f,0x76,0x73,0x5f,0x70,0x61,0x72,0x61,0x6d,0x73,0x20,
    0x7b,0x0a,0x20,0x20,0x2f,0x2a,0x20,0x40,0x6f,0x66,0x66,0x73,0x65,0x74,0x28,0x30,
    0x29,0x20,0x2a,0x2f,0x0a,0x20,0x20,0x6d,0x76,0x70,0x20,0x3a,0x20,0x6d,0x61,0x74,
    0x34,0x78,0x34,0x66,0x2c,0x0a,0x20,0x20,0x2f,0x2a,0x20,0x40,0x6f,0x66,0x66,0x73,
    0x65,0x74,0x28,0x36,0x34,0x29,0x20,0x2a,0x2f,0x0a,0x20,0x20,0x77,0x6f,0x72,0x6c,
    0x64,0x20,0x3a,0x20,0x6d,0x61,0x74,0x34,0x78,0x34,0x66,0x2c,0x0a,0x20,0x20,0x2f,
    0x2a,0x20,0x40,0x6f,0x66,0x66,0x73,0x65,0x74,0x28,0x31,0x32,0x38,0x29,0x20,0x2a,
    0x2f,0x0a,0x20,0x20,0x6e,0x6f,0x72,0x6d,0x61,0x6c,0x4d,0x61,0x74,0x72,0x69,0x78,
    0x20,0x3a,0x20,0x6d,0x61,0x74,0x34,0x78,0x34,0x66,0x2c,0x0a,0x20,0x20,0x2f,0x2a,
    0x20,0x40,0x6f,0x66,0x66,0x73,0x65,0x74,0x28,0x31,0x39,0x32,0x29,0x20,0x2a,0x2f,
    0x0a,0x20,0x20,0x66,0x6c,0x61,0x67,0x73,0x20,0x3a,0x20,0x76,0x65,0x63,0x34,0x66,
    0x2c,0x0a,0x20,0x20,0x2f,0x2a,0x20,0x40,0x6f,0x66,0x66,0x73,0x65,0x74,0x28,0x32,
    0x30,0x38,0x29,0x20,0x2a,0x2f,0x0a,0x20,0x20,0x61,0x6c,0x70,0x68,0x61,0x54,0x65,
    0x73,0x74,0x20,0x3a,0x20,0x76,0x65,0x63,0x34,0x66,0x2c,0x0a,0x20,0x20,0x2f,0x2a,
    0x20,0x40,0x6f,0x66,0x66,0x73,0x65,0x74,0x28,0x32,0x32,0x34,0x29,0x20,0x2a,0x2f,
    0x0a,0x20,0x20,0x66,0x6f,0x67,0x56,0x65,0x63,0x74,0x6f,0x72,0x20,0x3a,0x20,0x76,
    0x65,0x63,0x34,0x66,0x2c,0x0a,0x7d,0x0a,0x0a,0x40,0x62,0x69,0x6e,0x64,0x69,0x6e,
    0x67,0x28,0x30,0x29,0x20,0x40,0x67,0x72,0x6f,0x75,0x70,0x28,0x30,0x29,0x20,0x76,
    0x61,0x72,0x3c,0x75,0x6e,0x69,0x66,0x6f,0x72,0x6d,0x3e,0x20,0x78,0x5f,0x31,0x39,
    0x20,0x3a,0x20,0x6c,0x69,0x74,0x33,0x64,0x5f,0x76,0x73,0x5f,0x70,0x61,0x72,0x61,
    0x6d,0x73,0x3b,0x0a,0x0a,0x76,0x61,0x72,0x3c,0x70,0x72,0x69,0x76,0x61,0x74,0x65,
    0x3e,0x20,0x70,0x6f,0x73,0x69,0x74,0x69,0x6f,0x6e,0x5f,0x31,0x20,0x3a,0x20,0x76,
    0x65,0x63,0x33,0x66,0x3b,0x0a,0x0a,0x76,0x61,0x72,0x3c,0x70,0x72,0x69,0x76,0x61,
    0x74,0x65,0x3e,0x20,0x77,0x6f,0x72,0x6c,0x64,0x50,0x6f,0x73,0x20,0x3a,0x20,0x76,
    0x65,0x63,0x33,0x66,0x3b,0x0a,0x0a,0x76,0x61,0x72,0x3c,0x70,0x72,0x69,0x76,0x61,
    0x74,0x65,0x3e,0x20,0x77,0x6f,0x72,0x6c,0x64,0x4e,0x6f,0x72,0x6d,0x61,0x6c,0x20,
    0x3a,0x20,0x76,0x65,0x63,0x33,0x66,0x3b,0x0a,0x0a,0x76,0x61,0x72,0x3c,0x70,0x72,
    0x69,0x76,0x61,0x74,0x65,0x3e,0x20,0x6e,0x6f,0x72,0x6d,0x61,0x6c,0x20,0x3a,0x20,
    0x76,0x65,0x63,0x33,0x66,0x3b,0x0a,0x0a,0x76,0x61,0x72,0x3c,0x70,0x72,0x69,0x76,
    0x61,0x74,0x65,0x3e,0x20,0x75,0x76,0x20,0x3a,0x20,0x76,0x65,0x63,0x32,0x66,0x3b,
    0x0a,0x0a,0x76,0x61,0x72,0x3c,0x70,0x72,0x69,0x76,0x61,0x74,0x65,0x3e,0x20,0x74,
    0x65,0x78,0x63,0x6f,0x6f,0x72,0x64,0x30,0x20,0x3a,0x20,0x76,0x65,0x63,0x32,0x66,
    0x3b,0x0a,0x0a,0x76,0x61,0x72,0x3c,0x70,0x72,0x69,0x76,0x61,0x74,0x65,0x3e,0x20,
    0x74,0x69,0x6e,0x74,0x20,0x3a,0x20,0x76,0x65,0x63,0x34,0x66,0x3b,0x0a,0x0a,0x76,
    0x61,0x72,0x3c,0x70,0x72,0x69,0x76,0x61,0x74,0x65,0x3e,0x20,0x63,0x6f,0x6c,0x6f,
    0x72,0x30,0x20,0x3a,0x20,0x76,0x65,0x63,0x34,0x66,0x3b,0x0a,0x0a,0x76,0x61,0x72,
    0x3c,0x70,0x72,0x69,0x76,0x61,0x74,0x65,0x3e,0x20,0x66,0x6f,0x67,0x46,0x61,0x63,
    0x74,0x6f,0x72,0x20,0x3a,0x20,0x66,0x33,0x32,0x3b,0x0a,0x0a,0x76,0x61,0x72,0x3c,
    0x70,0x72,0x69,0x76,0x61,0x74,0x65,0x3e,0x20,0x61,0x6c,0x70,0x68,0x61,0x54,0x65,
    0x73,0x74,0x4f,0x75,0x74,0x20,0x3a,0x20,0x76,0x65,0x63,0x34,0x66,0x3b,0x0a,0x0a,
    0x76,0x61,0x72,0x3c,0x70,0x72,0x69,0x76,0x61,0x74,0x65,0x3e,0x20,0x67,0x6c,0x5f,
    0x50,0x6f,0x73,0x69,0x74,0x69,0x6f,0x6e,0x20,0x3a,0x20,0x76,0x65,0x63,0x34,0x66,
    0x3b,0x0a,0x0a,0x66,0x6e,0x20,0x6d,0x61,0x69,0x6e,0x5f,0x31,0x28,0x29,0x20,0x7b,
    0x0a,0x20,0x20,0x6c,0x65,0x74,0x20,0x78,0x5f,0x33,0x31,0x20,0x3d,0x20,0x76,0x65,
    0x63,0x34,0x66,0x28,0x70,0x6f,0x73,0x69,0x74,0x69,0x6f,0x6e,0x5f,0x31,0x2e,0x78,
    0x2c,0x20,0x70,0x6f,0x73,0x69,0x74,0x69,0x6f,0x6e,0x5f,0x31,0x2e,0x79,0x2c,0x20,
    0x70,0x6f,0x73,0x69,0x74,0x69,0x6f,0x6e,0x5f,0x31,0x2e,0x7a,0x2c,0x20,0x31,0x2e,
    0x30,0x66,0x29,0x3b,0x0a,0x20,0x20,0x67,0x6c,0x5f,0x50,0x6f,0x73,0x69,0x74,0x69,
    0x6f,0x6e,0x20,0x3d,0x20,0x28,0x78,0x5f,0x31,0x39,0x2e,0x6d,0x76,0x70,0x20,0x2a,
    0x20,0x78,0x5f,0x33,0x31,0x29,0x3b,0x0a,0x20,0x20,0x77,0x6f,0x72,0x6c,0x64,0x50,
    0x6f,0x73,0x20,0x3d,0x20,0x28,0x28,0x78,0x5f,0x31,0x39,0x2e,0x77,0x6f,0x72,0x6c,
    0x64,0x20,0x2a,0x20,0x78,0x5f,0x33,0x31,0x29,0x29,0x2e,0x78,0x79,0x7a,0x3b,0x0a,
    0x20,0x20,0x6c,0x65,0x74,0x20,0x78,0x5f,0x35,0x30,0x20,0x3d,0x20,0x78,0x5f,0x31,
    0x39,0x2e,0x6e,0x6f,0x72,0x6d,0x61,0x6c,0x4d,0x61,0x74,0x72,0x69,0x78,0x3b,0x0a,
    0x20,0x20,0x77,0x6f,0x72,0x6c,0x64,0x4e,0x6f,0x72,0x6d,0x61,0x6c,0x20,0x3d,0x20,
    0x28,0x6d,0x61,0x74,0x33,0x78,0x33,0x66,0x28,0x78,0x5f,0x35,0x30,0x5b,0x30,0x75,
    0x5d,0x2e,0x78,0x79,0x7a,0x2c,0x20,0x78,0x5f,0x35,0x30,0x5b,0x31,0x75,0x5d,0x2e,
    0x78,0x79,0x7a,0x2c,0x20,0x78,0x5f,0x35,0x30,0x5b,0x32,0x75,0x5d,0x2e,0x78,0x79,
    0x7a,0x29,0x20,0x2a,0x20,0x6e,0x6f,0x72,0x6d,0x61,0x6c,0x29,0x3b,0x0a,0x20,0x20,
    0x75,0x76,0x20,0x3d,0x20,0x74,0x65,0x78,0x63,0x6f,0x6f,0x72,0x64,0x30,0x3b,0x0a,
    0x20,0x20,0x74,0x69,0x6e,0x74,0x20,0x3d,0x20,0x6d,0x69,0x78,0x28,0x76,0x65,0x63,
    0x34,0x66,0x28,0x31,0x2e,0x30,0x66,0x29,0x2c,0x20,0x63,0x6f,0x6c,0x6f,0x72,0x30,
    0x2c,0x20,0x76,0x65,0x63,0x34,0x66,0x28,0x78,0x5f,0x31,0x39,0x2e,0x66,0x6c,0x61,
    0x67,0x73,0x2e,0x78,0x29,0x29,0x3b,0x0a,0x20,0x20,0x66,0x6f,0x67,0x46,0x61,0x63,
    0x74,0x6f,0x72,0x20,0x3d,0x20,0x28,0x31,0x2e,0x30,0x66,0x20,0x2d,0x20,0x63,0x6c,
    0x61,0x6d,0x70,0x28,0x64,0x6f,0x74,0x28,0x78,0x5f,0x33,0x31,0x2c,0x20,0x78,0x5f,
    0x31,0x39,0x2e,0x66,0x6f,0x67,0x56,0x65,0x63,0x74,0x6f,0x72,0x29,0x2c,0x20,0x30,
    0x2e,0x30,0x66,0x2c,0x20,0x31,0x2e,0x30,0x66,0x29,0x29,0x3b,0x0a,0x20,0x20,0x61,
    0x6c,0x70,0x68,0x61,0x54,0x65,0x73,0x74,0x4f,0x75,0x74,0x20,0x3d,0x20,0x78,0x5f,
    0x31,0x39,0x2e,0x61,0x6c,0x70,0x68,0x61,0x54,0x65,0x73,0x74,0x3b,0x0a,0x20,0x20,
    0x72,0x65,0x74,0x75,0x72,0x6e,0x3b,0x0a,0x7d,0x0a,0x0a,0x73,0x74,0x72,0x75,0x63,
    0x74,0x20,0x6d,0x61,0x69,0x6e,0x5f,0x6f,0x75,0x74,0x20,0x7b,0x0a,0x20,0x20,0x40,
    0x62,0x75,0x69,0x6c,0x74,0x69,0x6e,0x28,0x70,0x6f,0x73,0x69,0x74,0x69,0x6f,0x6e,
    0x29,0x0a,0x20,0x20,0x67,0x6c,0x5f,0x50,0x6f,0x73,0x69,0x74,0x69,0x6f,0x6e,0x20,
    0x3a,0x20,0x76,0x65,0x63,0x34,0x66,0x2c,0x0a,0x20,0x20,0x40,0x6c,0x6f,0x63,0x61,
    0x74,0x69,0x6f,0x6e,0x28,0x31,0x29,0x0a,0x20,0x20,0x77,0x6f,0x72,0x6c,0x64,0x50,
    0x6f,0x73,0x5f,0x31,0x20,0x3a,0x20,0x76,0x65,0x63,0x33,0x66,0x2c,0x0a,0x20,0x20,
    0x40,0x6c,0x6f,0x63,0x61,0x74,0x69,0x6f,0x6e,0x28,0x30,0x29,0x0a,0x20,0x20,0x77,
    0x6f,0x72,0x6c,0x64,0x4e,0x6f,0x72,0x6d,0x61,0x6c,0x5f,0x31,0x20,0x3a,0x20,0x76,
    0x65,0x63,0x33,0x66,0x2c,0x0a,0x20,0x20,0x40,0x6c,0x6f,0x63,0x61,0x74,0x69,0x6f,
    0x6e,0x28,0x32,0x29,0x0a,0x20,0x20,0x75,0x76,0x5f,0x31,0x20,0x3a,0x20,0x76,0x65,
    0x63,0x32,0x66,0x2c,0x0a,0x20,0x20,0x40,0x6c,0x6f,0x63,0x61,0x74,0x69,0x6f,0x6e,
    0x28,0x33,0x29,0x0a,0x20,0x20,0x74,0x69,0x6e,0x74,0x5f,0x31,0x20,0x3a,0x20,0x76,
    0x65,0x63,0x34,0x66,0x2c,0x0a,0x20,0x20,0x40,0x6c,0x6f,0x63,0x61,0x74,0x69,0x6f,
    0x6e,0x28,0x34,0x29,0x0a,0x20,0x20,0x66,0x6f,0x67,0x46,0x61,0x63,0x74,0x6f,0x72,
    0x5f,0x31,0x20,0x3a,0x20,0x66,0x33,0x32,0x2c,0x0a,0x20,0x20,0x40,0x6c,0x6f,0x63,
    0x61,0x74,0x69,0x6f,0x6e,0x28,0x35,0x29,0x0a,0x20,0x20,0x61,0x6c,0x70,0x68,0x61,
    0x54,0x65,0x73,0x74,0x4f,0x75,0x74,0x5f,0x31,0x20,0x3a,0x20,0x76,0x65,0x63,0x34,
    0x66,0x2c,0x0a,0x7d,0x0a,0x0a,0x40,0x76,0x65,0x72,0x74,0x65,0x78,0x0a,0x66,0x6e,
    0x20,0x6d,0x61,0x69,0x6e,0x28,0x40,0x6c,0x6f,0x63,0x61,0x74,0x69,0x6f,0x6e,0x28,
    0x30,0x29,0x20,0x70,0x6f,0x73,0x69,0x74,0x69,0x6f,0x6e,0x5f,0x31,0x5f,0x70,0x61,
    0x72,0x61,0x6d,0x20,0x3a,0x20,0x76,0x65,0x63,0x33,0x66,0x2c,0x20,0x40,0x6c,0x6f,
    0x63,0x61,0x74,0x69,0x6f,0x6e,0x28,0x31,0x29,0x20,0x6e,0x6f,0x72,0x6d,0x61,0x6c,
    0x5f,0x70,0x61,0x72,0x61,0x6d,0x20,0x3a,0x20,0x76,0x65,0x63,0x33,0x66,0x2c,0x20,
    0x40,0x6c,0x6f,0x63,0x61,0x74,0x69,0x6f,0x6e,0x28,0x32,0x29,0x20,0x74,0x65,0x78,
    0x63,0x6f,0x6f,0x72,0x64,0x30,0x5f,0x70,0x61,0x72,0x61,0x6d,0x20,0x3a,0x20,0x76,
    0x65,0x63,0x32,0x66,0x2c,0x20,0x40,0x6c,0x6f,0x63,0x61,0x74,0x69,0x6f,0x6e,0x28,
    0x33,0x29,0x20,0x63,0x6f,0x6c,0x6f,0x72,0x30,0x5f,0x70,0x61,0x72,0x61,0x6d,0x20,
    0x3a,0x20,0x76,0x65,0x63,0x34,0x66,0x29,0x20,0x2d,0x3e,0x20,0x6d,0x61,0x69,0x6e,
    0x5f,0x6f,0x75,0x74,0x20,0x7b,0x0a,0x20,0x20,0x70,0x6f,0x73,0x69,0x74,0x69,0x6f,
    0x6e,0x5f,0x31,0x20,0x3d,0x20,0x70,0x6f,0x73,0x69,0x74,0x69,0x6f,0x6e,0x5f,0x31,
    0x5f,0x70,0x61,0x72,0x61,0x6d,0x3b,0x0a,0x20,0x20,0x6e,0x6f,0x72,0x6d,0x61,0x6c,
    0x20,0x3d,0x20,0x6e,0x6f,0x72,0x6d,0x61,0x6c,0x5f,0x70,0x61,0x72,0x61,0x6d,0x3b,
    0x0a,0x20,0x20,0x74,0x65,0x78,0x63,0x6f,0x6f,0x72,0x64,0x30,0x20,0x3d,0x20,0x74,
    0x65,0x78,0x63,0x6f,0x6f,0x72,0x64,0x30,0x5f,0x70,0x61,0x72,0x61,0x6d,0x3b,0x0a,
    0x20,0x20,0x63,0x6f,0x6c,0x6f,0x72,0x30,0x20,0x3d,0x20,0x63,0x6f,0x6c,0x6f,0x72,
    0x30,0x5f,0x70,0x61,0x72,0x61,0x6d,0x3b,0x0a,0x20,0x20,0x6d,0x61,0x69,0x6e,0x5f,
    0x31,0x28,0x29,0x3b,0x0a,0x20,0x20,0x72,0x65,0x74,0x75,0x72,0x6e,0x20,0x6d,0x61,
    0x69,0x6e,0x5f,0x6f,0x75,0x74,0x28,0x67,0x6c,0x5f,0x50,0x6f,0x73,0x69,0x74,0x69,
    0x6f,0x6e,0x2c,0x20,0x77,0x6f,0x72,0x6c,0x64,0x50,0x6f,0x73,0x2c,0x20,0x77,0x6f,
    0x72,0x6c,0x64,0x4e,0x6f,0x72,0x6d,0x61,0x6c,0x2c,0x20,0x75,0x76,0x2c,0x20,0x74,
    0x69,0x6e,0x74,0x2c,0x20,0x66,0x6f,0x67,0x46,0x61,0x63,0x74,0x6f,0x72,0x2c,0x20,
    0x61,0x6c,0x70,0x68,0x61,0x54,0x65,0x73,0x74,0x4f,0x75,0x74,0x29,0x3b,0x0a,0x7d,
    0x0a,0x00,
};
#endif
/*
    diagnostic(off, derivative_uniformity);

    struct lit3d_fs_params {
      /_ @offset(0) _/
      diffuse : vec4f,
      /_ @offset(16) _/
      ambient : vec4f,
      /_ @offset(32) _/
      light0Dir : vec4f,
      /_ @offset(48) _/
      light0Diffuse : vec4f,
      /_ @offset(64) _/
      light0Specular : vec4f,
      /_ @offset(80) _/
      light1Dir : vec4f,
      /_ @offset(96) _/
      light1Diffuse : vec4f,
      /_ @offset(112) _/
      light1Specular : vec4f,
      /_ @offset(128) _/
      light2Dir : vec4f,
      /_ @offset(144) _/
      light2Diffuse : vec4f,
      /_ @offset(160) _/
      light2Specular : vec4f,
      /_ @offset(176) _/
      specularColorAndPower : vec4f,
      /_ @offset(192) _/
      eyePosition : vec4f,
      /_ @offset(208) _/
      emissiveColor : vec4f,
      /_ @offset(224) _/
      fogColor : vec4f,
    }

    var<private> worldNormal : vec3f;

    @binding(1) @group(0) var<uniform> x_18 : lit3d_fs_params;

    var<private> worldPos : vec3f;

    var<private> tint : vec4f;

    @binding(0) @group(1) var tex : texture_2d<f32>;

    @binding(32) @group(1) var smp : sampler;

    var<private> uv : vec2f;

    var<private> alphaTestOut : vec4f;

    var<private> fogFactor : f32;

    var<private> frag_color : vec4f;

    fn main_1() {
      var c : vec4f;
      var x_249 : f32;
      var x_261 : f32;
      var x_276 : f32;
      var x_246 : f32;
      let x_13 = normalize(worldNormal);
      let x_28 = normalize((x_18.eyePosition.xyz - worldPos));
      let x_35 = x_18.light0Dir.xyz;
      let x_37 = dot(x_13, -(x_35));
      let x_50 = x_18.light1Dir.xyz;
      let x_52 = dot(x_13, -(x_50));
      let x_64 = x_18.light2Dir.xyz;
      let x_66 = dot(x_13, -(x_64));
      let x_115 = ((((((x_18.ambient.xyz + (x_18.light0Diffuse.xyz * max(x_37, 0.0f))) + (x_18.light1Diffuse.xyz * max(x_52, 0.0f))) + (x_18.light2Diffuse.xyz * max(x_66, 0.0f))) * x_18.diffuse.xyz) * tint.xyz) + x_18.emissiveColor.xyz);
      let x_122 = x_18.specularColorAndPower.w;
      let x_175 = x_18.light0Specular;
      let x_181 = x_18.light1Specular;
      let x_188 = x_18.light2Specular;
      let x_193 = x_18.specularColorAndPower;
      let x_211 = uv;
      let x_212 = textureSample(tex, smp, x_211);
      let x_226 = (x_212 * vec4f(x_115.x, x_115.y, x_115.z, (x_18.diffuse.w * tint.w)));
      let x_233 = (x_226.xyz + (((((x_175.xyz * pow((max(dot(normalize((x_28 - x_35)), x_13), 0.0f) * step(0.0f, x_37)), x_122)) + (x_181.xyz * pow((max(dot(normalize((x_28 - x_50)), x_13), 0.0f) * step(0.0f, x_52)), x_122))) + (x_188.xyz * pow((max(dot(normalize((x_28 - x_64)), x_13), 0.0f) * step(0.0f, x_66)), x_122))) * x_193.xyz) * x_226.w));
      var x_312_1 = x_226;
      x_312_1.x = x_233.x;
      let x_312 = x_312_1;
      var x_314_1 = x_312;
      x_314_1.y = x_233.y;
      let x_314 = x_314_1;
      var x_316_1 = x_314;
      x_316_1.z = x_233.z;
      c = x_316_1;
      x_246 = alphaTestOut.y;
      if ((x_246 > 0.0f)) {
        if ((abs((c.w - alphaTestOut.x)) < x_246)) {
          x_261 = alphaTestOut.z;
        } else {
          x_261 = alphaTestOut.w;
        }
        x_249 = x_261;
      } else {
        if ((c.w < alphaTestOut.x)) {
          x_276 = alphaTestOut.z;
        } else {
          x_276 = alphaTestOut.w;
        }
        x_249 = x_276;
      }
      if ((x_249 < 0.0f)) {
        discard;
      }
      let x_295 = c;
      let x_300 = mix(x_18.fogColor.xyz, c.xyz, vec3f(fogFactor));
      var x_320_1 = x_295;
      x_320_1.x = x_300.x;
      let x_320 = x_320_1;
      var x_322_1 = x_320;
      x_322_1.y = x_300.y;
      let x_322 = x_322_1;
      var x_324_1 = x_322;
      x_324_1.z = x_300.z;
      let x_324 = x_324_1;
      c = x_324_1;
      frag_color = x_324;
      return;
    }

    struct main_out {
      @location(0)
      frag_color_1 : vec4f,
    }

    @fragment
    fn main(@location(0) worldNormal_param : vec3f, @location(1) worldPos_param : vec3f, @location(3) tint_param : vec4f, @location(2) uv_param : vec2f, @location(5) alphaTestOut_param : vec4f, @location(4) fogFactor_param : f32) -> main_out {
      worldNormal = worldNormal_param;
      worldPos = worldPos_param;
      tint = tint_param;
      uv = uv_param;
      alphaTestOut = alphaTestOut_param;
      fogFactor = fogFactor_param;
      main_1();
      return main_out(frag_color);
    }
*/
#if defined(SOKOL_WGPU)
static const uint8_t cna_lit3d_fs_source_wgsl[3873] = {
    0x64,0x69,0x61,0x67,0x6e,0x6f,0x73,0x74,0x69,0x63,0x28,0x6f,0x66,0x66,0x2c,0x20,
    0x64,0x65,0x72,0x69,0x76,0x61,0x74,0x69,0x76,0x65,0x5f,0x75,0x6e,0x69,0x66,0x6f,
    0x72,0x6d,0x69,0x74,0x79,0x29,0x3b,0x0a,0x0a,0x73,0x74,0x72,0x75,0x63,0x74,0x20,
    0x6c,0x69,0x74,0x33,0x64,0x5f,0x66,0x73,0x5f,0x70,0x61,0x72,0x61,0x6d,0x73,0x20,
    0x7b,0x0a,0x20,0x20,0x2f,0x2a,0x20,0x40,0x6f,0x66,0x66,0x73,0x65,0x74,0x28,0x30,
    0x29,0x20,0x2a,0x2f,0x0a,0x20,0x20,0x64,0x69,0x66,0x66,0x75,0x73,0x65,0x20,0x3a,
    0x20,0x76,0x65,0x63,0x34,0x66,0x2c,0x0a,0x20,0x20,0x2f,0x2a,0x20,0x40,0x6f,0x66,
    0x66,0x73,0x65,0x74,0x28,0x31,0x36,0x29,0x20,0x2a,0x2f,0x0a,0x20,0x20,0x61,0x6d,
    0x62,0x69,0x65,0x6e,0x74,0x20,0x3a,0x20,0x76,0x65,0x63,0x34,0x66,0x2c,0x0a,0x20,
    0x20,0x2f,0x2a,0x20,0x40,0x6f,0x66,0x66,0x73,0x65,0x74,0x28,0x33,0x32,0x29,0x20,
    0x2a,0x2f,0x0a,0x20,0x20,0x6c,0x69,0x67,0x68,0x74,0x30,0x44,0x69,0x72,0x20,0x3a,
    0x20,0x76,0x65,0x63,0x34,0x66,0x2c,0x0a,0x20,0x20,0x2f,0x2a,0x20,0x40,0x6f,0x66,
    0x66,0x73,0x65,0x74,0x28,0x34,0x38,0x29,0x20,0x2a,0x2f,0x0a,0x20,0x20,0x6c,0x69,
    0x67,0x68,0x74,0x30,0x44,0x69,0x66,0x66,0x75,0x73,0x65,0x20,0x3a,0x20,0x76,0x65,
    0x63,0x34,0x66,0x2c,0x0a,0x20,0x20,0x2f,0x2a,0x20,0x40,0x6f,0x66,0x66,0x73,0x65,
    0x74,0x28,0x36,0x34,0x29,0x20,0x2a,0x2f,0x0a,0x20,0x20,0x6c,0x69,0x67,0x68,0x74,
    0x30,0x53,0x70,0x65,0x63,0x75,0x6c,0x61,0x72,0x20,0x3a,0x20,0x76,0x65,0x63,0x34,
    0x66,0x2c,0x0a,0x20,0x20,0x2f,0x2a,0x20,0x40,0x6f,0x66,0x66,0x73,0x65,0x74,0x28,
    0x38,0x30,0x29,0x20,0x2a,0x2f,0x0a,0x20,0x20,0x6c,0x69,0x67,0x68,0x74,0x31,0x44,
    0x69,0x72,0x20,0x3a,0x20,0x76,0x65,0x63,0x34,0x66,0x2c,0x0a,0x20,0x20,0x2f,0x2a,
    0x20,0x40,0x6f,0x66,0x66,0x73,0x65,0x74,0x28,0x39,0x36,0x29,0x20,0x2a,0x2f,0x0a,
    0x20,0x20,0x6c,0x69,0x67,0x68,0x74,0x31,0x44,0x69,0x66,0x66,0x75,0x73,0x65,0x20,
    0x3a,0x20,0x76,0x65,0x63,0x34,0x66,0x2c,0x0a,0x20,0x20,0x2f,0x2a,0x20,0x40,0x6f,
    0x66,0x66,0x73,0x65,0x74,0x28,0x31,0x31,0x32,0x29,0x20,0x2a,0x2f,0x0a,0x20,0x20,
    0x6c,0x69,0x67,0x68,0x74,0x31,0x53,0x70,0x65,0x63,0x75,0x6c,0x61,0x72,0x20,0x3a,
    0x20,0x76,0x65,0x63,0x34,0x66,0x2c,0x0a,0x20,0x20,0x2f,0x2a,0x20,0x40,0x6f,0x66,
    0x66,0x73,0x65,0x74,0x28,0x31,0x32,0x38,0x29,0x20,0x2a,0x2f,0x0a,0x20,0x20,0x6c,
    0x69,0x67,0x68,0x74,0x32,0x44,0x69,0x72,0x20,0x3a,0x20,0x76,0x65,0x63,0x34,0x66,
    0x2c,0x0a,0x20,0x20,0x2f,0x2a,0x20,0x40,0x6f,0x66,0x66,0x73,0x65,0x74,0x28,0x31,
    0x34,0x34,0x29,0x20,0x2a,0x2f,0x0a,0x20,0x20,0x6c,0x69,0x67,0x68,0x74,0x32,0x44,
    0x69,0x66,0x66,0x75,0x73,0x65,0x20,0x3a,0x20,0x76,0x65,0x63,0x34,0x66,0x2c,0x0a,
    0x20,0x20,0x2f,0x2a,0x20,0x40,0x6f,0x66,0x66,0x73,0x65,0x74,0x28,0x31,0x36,0x30,
    0x29,0x20,0x2a,0x2f,0x0a,0x20,0x20,0x6c,0x69,0x67,0x68,0x74,0x32,0x53,0x70,0x65,
    0x63,0x75,0x6c,0x61,0x72,0x20,0x3a,0x20,0x76,0x65,0x63,0x34,0x66,0x2c,0x0a,0x20,
    0x20,0x2f,0x2a,0x20,0x40,0x6f,0x66,0x66,0x73,0x65,0x74,0x28,0x31,0x37,0x36,0x29,
    0x20,0x2a,0x2f,0x0a,0x20,0x20,0x73,0x70,0x65,0x63,0x75,0x6c,0x61,0x72,0x43,0x6f,
    0x6c,0x6f,0x72,0x41,0x6e,0x64,0x50,0x6f,0x77,0x65,0x72,0x20,0x3a,0x20,0x76,0x65,
    0x63,0x34,0x66,0x2c,0x0a,0x20,0x20,0x2f,0x2a,0x20,0x40,0x6f,0x66,0x66,0x73,0x65,
    0x74,0x28,0x31,0x39,0x32,0x29,0x20,0x2a,0x2f,0x0a,0x20,0x20,0x65,0x79,0x65,0x50,
    0x6f,0x73,0x69,0x74,0x69,0x6f,0x6e,0x20,0x3a,0x20,0x76,0x65,0x63,0x34,0x66,0x2c,
    0x0a,0x20,0x20,0x2f,0x2a,0x20,0x40,0x6f,0x66,0x66,0x73,0x65,0x74,0x28,0x32,0x30,
    0x38,0x29,0x20,0x2a,0x2f,0x0a,0x20,0x20,0x65,0x6d,0x69,0x73,0x73,0x69,0x76,0x65,
    0x43,0x6f,0x6c,0x6f,0x72,0x20,0x3a,0x20,0x76,0x65,0x63,0x34,0x66,0x2c,0x0a,0x20,
    0x20,0x2f,0x2a,0x20,0x40,0x6f,0x66,0x66,0x73,0x65,0x74,0x28,0x32,0x32,0x34,0x29,
    0x20,0x2a,0x2f,0x0a,0x20,0x20,0x66,0x6f,0x67,0x43,0x6f,0x6c,0x6f,0x72,0x20,0x3a,
    0x20,0x76,0x65,0x63,0x34,0x66,0x2c,0x0a,0x7d,0x0a,0x0a,0x76,0x61,0x72,0x3c,0x70,
    0x72,0x69,0x76,0x61,0x74,0x65,0x3e,0x20,0x77,0x6f,0x72,0x6c,0x64,0x4e,0x6f,0x72,
    0x6d,0x61,0x6c,0x20,0x3a,0x20,0x76,0x65,0x63,0x33,0x66,0x3b,0x0a,0x0a,0x40,0x62,
    0x69,0x6e,0x64,0x69,0x6e,0x67,0x28,0x31,0x29,0x20,0x40,0x67,0x72,0x6f,0x75,0x70,
    0x28,0x30,0x29,0x20,0x76,0x61,0x72,0x3c,0x75,0x6e,0x69,0x66,0x6f,0x72,0x6d,0x3e,
    0x20,0x78,0x5f,0x31,0x38,0x20,0x3a,0x20,0x6c,0x69,0x74,0x33,0x64,0x5f,0x66,0x73,
    0x5f,0x70,0x61,0x72,0x61,0x6d,0x73,0x3b,0x0a,0x0a,0x76,0x61,0x72,0x3c,0x70,0x72,
    0x69,0x76,0x61,0x74,0x65,0x3e,0x20,0x77,0x6f,0x72,0x6c,0x64,0x50,0x6f,0x73,0x20,
    0x3a,0x20,0x76,0x65,0x63,0x33,0x66,0x3b,0x0a,0x0a,0x76,0x61,0x72,0x3c,0x70,0x72,
    0x69,0x76,0x61,0x74,0x65,0x3e,0x20,0x74,0x69,0x6e,0x74,0x20,0x3a,0x20,0x76,0x65,
    0x63,0x34,0x66,0x3b,0x0a,0x0a,0x40,0x62,0x69,0x6e,0x64,0x69,0x6e,0x67,0x28,0x30,
    0x29,0x20,0x40,0x67,0x72,0x6f,0x75,0x70,0x28,0x31,0x29,0x20,0x76,0x61,0x72,0x20,
    0x74,0x65,0x78,0x20,0x3a,0x20,0x74,0x65,0x78,0x74,0x75,0x72,0x65,0x5f,0x32,0x64,
    0x3c,0x66,0x33,0x32,0x3e,0x3b,0x0a,0x0a,0x40,0x62,0x69,0x6e,0x64,0x69,0x6e,0x67,
    0x28,0x33,0x32,0x29,0x20,0x40,0x67,0x72,0x6f,0x75,0x70,0x28,0x31,0x29,0x20,0x76,
    0x61,0x72,0x20,0x73,0x6d,0x70,0x20,0x3a,0x20,0x73,0x61,0x6d,0x70,0x6c,0x65,0x72,
    0x3b,0x0a,0x0a,0x76,0x61,0x72,0x3c,0x70,0x72,0x69,0x76,0x61,0x74,0x65,0x3e,0x20,
    0x75,0x76,0x20,0x3a,0x20,0x76,0x65,0x63,0x32,0x66,0x3b,0x0a,0x0a,0x76,0x61,0x72,
    0x3c,0x70,0x72,0x69,0x76,0x61,0x74,0x65,0x3e,0x20,0x61,0x6c,0x70,0x68,0x61,0x54,
    0x65,0x73,0x74,0x4f,0x75,0x74,0x20,0x3a,0x20,0x76,0x65,0x63,0x34,0x66,0x3b,0x0a,
    0x0a,0x76,0x61,0x72,0x3c,0x70,0x72,0x69,0x76,0x61,0x74,0x65,0x3e,0x20,0x66,0x6f,
    0x67,0x46,0x61,0x63,0x74,0x6f,0x72,0x20,0x3a,0x20,0x66,0x33,0x32,0x3b,0x0a,0x0a,
    0x76,0x61,0x72,0x3c,0x70,0x72,0x69,0x76,0x61,0x74,0x65,0x3e,0x20,0x66,0x72,0x61,
    0x67,0x5f,0x63,0x6f,0x6c,0x6f,0x72,0x20,0x3a,0x20,0x76,0x65,0x63,0x34,0x66,0x3b,
    0x0a,0x0a,0x66,0x6e,0x20,0x6d,0x61,0x69,0x6e,0x5f,0x31,0x28,0x29,0x20,0x7b,0x0a,
    0x20,0x20,0x76,0x61,0x72,0x20,0x63,0x20,0x3a,0x20,0x76,0x65,0x63,0x34,0x66,0x3b,
    0x0a,0x20,0x20,0x76,0x61,0x72,0x20,0x78,0x5f,0x32,0x34,0x39,0x20,0x3a,0x20,0x66,
    0x33,0x32,0x3b,0x0a,0x20,0x20,0x76,0x61,0x72,0x20,0x78,0x5f,0x32,0x36,0x31,0x20,
    0x3a,0x20,0x66,0x33,0x32,0x3b,0x0a,0x20,0x20,0x76,0x61,0x72,0x20,0x78,0x5f,0x32,
    0x37,0x36,0x20,0x3a,0x20,0x66,0x33,0x32,0x3b,0x0a,0x20,0x20,0x76,0x61,0x72,0x20,
    0x78,0x5f,0x32,0x34,0x36,0x20,0x3a,0x20,0x66,0x33,0x32,0x3b,0x0a,0x20,0x20,0x6c,
    0x65,0x74,0x20,0x78,0x5f,0x31,0x33,0x20,0x3d,0x20,0x6e,0x6f,0x72,0x6d,0x61,0x6c,
    0x69,0x7a,0x65,0x28,0x77,0x6f,0x72,0x6c,0x64,0x4e,0x6f,0x72,0x6d,0x61,0x6c,0x29,
    0x3b,0x0a,0x20,0x20,0x6c,0x65,0x74,0x20,0x78,0x5f,0x32,0x38,0x20,0x3d,0x20,0x6e,
    0x6f,0x72,0x6d,0x61,0x6c,0x69,0x7a,0x65,0x28,0x28,0x78,0x5f,0x31,0x38,0x2e,0x65,
    0x79,0x65,0x50,0x6f,0x73,0x69,0x74,0x69,0x6f,0x6e,0x2e,0x78,0x79,0x7a,0x20,0x2d,
    0x20,0x77,0x6f,0x72,0x6c,0x64,0x50,0x6f,0x73,0x29,0x29,0x3b,0x0a,0x20,0x20,0x6c,
    0x65,0x74,0x20,0x78,0x5f,0x33,0x35,0x20,0x3d,0x20,0x78,0x5f,0x31,0x38,0x2e,0x6c,
    0x69,0x67,0x68,0x74,0x30,0x44,0x69,0x72,0x2e,0x78,0x79,0x7a,0x3b,0x0a,0x20,0x20,
    0x6c,0x65,0x74,0x20,0x78,0x5f,0x33,0x37,0x20,0x3d,0x20,0x64,0x6f,0x74,0x28,0x78,
    0x5f,0x31,0x33,0x2c,0x20,0x2d,0x28,0x78,0x5f,0x33,0x35,0x29,0x29,0x3b,0x0a,0x20,
    0x20,0x6c,0x65,0x74,0x20,0x78,0x5f,0x35,0x30,0x20,0x3d,0x20,0x78,0x5f,0x31,0x38,
    0x2e,0x6c,0x69,0x67,0x68,0x74,0x31,0x44,0x69,0x72,0x2e,0x78,0x79,0x7a,0x3b,0x0a,
    0x20,0x20,0x6c,0x65,0x74,0x20,0x78,0x5f,0x35,0x32,0x20,0x3d,0x20,0x64,0x6f,0x74,
    0x28,0x78,0x5f,0x31,0x33,0x2c,0x20,0x2d,0x28,0x78,0x5f,0x35,0x30,0x29,0x29,0x3b,
    0x0a,0x20,0x20,0x6c,0x65,0x74,0x20,0x78,0x5f,0x36,0x34,0x20,0x3d,0x20,0x78,0x5f,
    0x31,0x38,0x2e,0x6c,0x69,0x67,0x68,0x74,0x32,0x44,0x69,0x72,0x2e,0x78,0x79,0x7a,
    0x3b,0x0a,0x20,0x20,0x6c,0x65,0x74,0x20,0x78,0x5f,0x36,0x36,0x20,0x3d,0x20,0x64,
    0x6f,0x74,0x28,0x78,0x5f,0x31,0x33,0x2c,0x20,0x2d,0x28,0x78,0x5f,0x36,0x34,0x29,
    0x29,0x3b,0x0a,0x20,0x20,0x6c,0x65,0x74,0x20,0x78,0x5f,0x31,0x31,0x35,0x20,0x3d,
    0x20,0x28,0x28,0x28,0x28,0x28,0x28,0x78,0x5f,0x31,0x38,0x2e,0x61,0x6d,0x62,0x69,
    0x65,0x6e,0x74,0x2e,0x78,0x79,0x7a,0x20,0x2b,0x20,0x28,0x78,0x5f,0x31,0x38,0x2e,
    0x6c,0x69,0x67,0x68,0x74,0x30,0x44,0x69,0x66,0x66,0x75,0x73,0x65,0x2e,0x78,0x79,
    0x7a,0x20,0x2a,0x20,0x6d,0x61,0x78,0x28,0x78,0x5f,0x33,0x37,0x2c,0x20,0x30,0x2e,
    0x30,0x66,0x29,0x29,0x29,0x20,0x2b,0x20,0x28,0x78,0x5f,0x31,0x38,0x2e,0x6c,0x69,
    0x67,0x68,0x74,0x31,0x44,0x69,0x66,0x66,0x75,0x73,0x65,0x2e,0x78,0x79,0x7a,0x20,
    0x2a,0x20,0x6d,0x61,0x78,0x28,0x78,0x5f,0x35,0x32,0x2c,0x20,0x30,0x2e,0x30,0x66,
    0x29,0x29,0x29,0x20,0x2b,0x20,0x28,0x78,0x5f,0x31,0x38,0x2e,0x6c,0x69,0x67,0x68,
    0x74,0x32,0x44,0x69,0x66,0x66,0x75,0x73,0x65,0x2e,0x78,0x79,0x7a,0x20,0x2a,0x20,
    0x6d,0x61,0x78,0x28,0x78,0x5f,0x36,0x36,0x2c,0x20,0x30,0x2e,0x30,0x66,0x29,0x29,
    0x29,0x20,0x2a,0x20,0x78,0x5f,0x31,0x38,0x2e,0x64,0x69,0x66,0x66,0x75,0x73,0x65,
    0x2e,0x78,0x79,0x7a,0x29,0x20,0x2a,0x20,0x74,0x69,0x6e,0x74,0x2e,0x78,0x79,0x7a,
    0x29,0x20,0x2b,0x20,0x78,0x5f,0x31,0x38,0x2e,0x65,0x6d,0x69,0x73,0x73,0x69,0x76,
    0x65,0x43,0x6f,0x6c,0x6f,0x72,0x2e,0x78,0x79,0x7a,0x29,0x3b,0x0a,0x20,0x20,0x6c,
    0x65,0x74,0x20,0x78,0x5f,0x31,0x32,0x32,0x20,0x3d,0x20,0x78,0x5f,0x31,0x38,0x2e,
    0x73,0x70,0x65,0x63,0x75,0x6c,0x61,0x72,0x43,0x6f,0x6c,0x6f,0x72,0x41,0x6e,0x64,
    0x50,0x6f,0x77,0x65,0x72,0x2e,0x77,0x3b,0x0a,0x20,0x20,0x6c,0x65,0x74,0x20,0x78,
    0x5f,0x31,0x37,0x35,0x20,0x3d,0x20,0x78,0x5f,0x31,0x38,0x2e,0x6c,0x69,0x67,0x68,
    0x74,0x30,0x53,0x70,0x65,0x63,0x75,0x6c,0x61,0x72,0x3b,0x0a,0x20,0x20,0x6c,0x65,
    0x74,0x20,0x78,0x5f,0x31,0x38,0x31,0x20,0x3d,0x20,0x78,0x5f,0x31,0x38,0x2e,0x6c,
    0x69,0x67,0x68,0x74,0x31,0x53,0x70,0x65,0x63,0x75,0x6c,0x61,0x72,0x3b,0x0a,0x20,
    0x20,0x6c,0x65,0x74,0x20,0x78,0x5f,0x31,0x38,0x38,0x20,0x3d,0x20,0x78,0x5f,0x31,
    0x38,0x2e,0x6c,0x69,0x67,0x68,0x74,0x32,0x53,0x70,0x65,0x63,0x75,0x6c,0x61,0x72,
    0x3b,0x0a,0x20,0x20,0x6c,0x65,0x74,0x20,0x78,0x5f,0x31,0x39,0x33,0x20,0x3d,0x20,
    0x78,0x5f,0x31,0x38,0x2e,0x73,0x70,0x65,0x63,0x75,0x6c,0x61,0x72,0x43,0x6f,0x6c,
    0x6f,0x72,0x41,0x6e,0x64,0x50,0x6f,0x77,0x65,0x72,0x3b,0x0a,0x20,0x20,0x6c,0x65,
    0x74,0x20,0x78,0x5f,0x32,0x31,0x31,0x20,0x3d,0x20,0x75,0x76,0x3b,0x0a,0x20,0x20,
    0x6c,0x65,0x74,0x20,0x78,0x5f,0x32,0x31,0x32,0x20,0x3d,0x20,0x74,0x65,0x78,0x74,
    0x75,0x72,0x65,0x53,0x61,0x6d,0x70,0x6c,0x65,0x28,0x74,0x65,0x78,0x2c,0x20,0x73,
    0x6d,0x70,0x2c,0x20,0x78,0x5f,0x32,0x31,0x31,0x29,0x3b,0x0a,0x20,0x20,0x6c,0x65,
    0x74,0x20,0x78,0x5f,0x32,0x32,0x36,0x20,0x3d,0x20,0x28,0x78,0x5f,0x32,0x31,0x32,
    0x20,0x2a,0x20,0x76,0x65,0x63,0x34,0x66,0x28,0x78,0x5f,0x31,0x31,0x35,0x2e,0x78,
    0x2c,0x20,0x78,0x5f,0x31,0x31,0x35,0x2e,0x79,0x2c,0x20,0x78,0x5f,0x31,0x31,0x35,
    0x2e,0x7a,0x2c,0x20,0x28,0x78,0x5f,0x31,0x38,0x2e,0x64,0x69,0x66,0x66,0x75,0x73,
    0x65,0x2e,0x77,0x20,0x2a,0x20,0x74,0x69,0x6e,0x74,0x2e,0x77,0x29,0x29,0x29,0x3b,
    0x0a,0x20,0x20,0x6c,0x65,0x74,0x20,0x78,0x5f,0x32,0x33,0x33,0x20,0x3d,0x20,0x28,
    0x78,0x5f,0x32,0x32,0x36,0x2e,0x78,0x79,0x7a,0x20,0x2b,0x20,0x28,0x28,0x28,0x28,
    0x28,0x78,0x5f,0x31,0x37,0x35,0x2e,0x78,0x79,0x7a,0x20,0x2a,0x20,0x70,0x6f,0x77,
    0x28,0x28,0x6d,0x61,0x78,0x28,0x64,0x6f,0x74,0x28,0x6e,0x6f,0x72,0x6d,0x61,0x6c,
    0x69,0x7a,0x65,0x28,0x28,0x78,0x5f,0x32,0x38,0x20,0x2d,0x20,0x78,0x5f,0x33,0x35,
    0x29,0x29,0x2c,0x20,0x78,0x5f,0x31,0x33,0x29,0x2c,0x20,0x30,0x2e,0x30,0x66,0x29,
    0x20,0x2a,0x20,0x73,0x74,0x65,0x70,0x28,0x30,0x2e,0x30,0x66,0x2c,0x20,0x78,0x5f,
    0x33,0x37,0x29,0x29,0x2c,0x20,0x78,0x5f,0x31,0x32,0x32,0x29,0x29,0x20,0x2b,0x20,
    0x28,0x78,0x5f,0x31,0x38,0x31,0x2e,0x78,0x79,0x7a,0x20,0x2a,0x20,0x70,0x6f,0x77,
    0x28,0x28,0x6d,0x61,0x78,0x28,0x64,0x6f,0x74,0x28,0x6e,0x6f,0x72,0x6d,0x61,0x6c,
    0x69,0x7a,0x65,0x28,0x28,0x78,0x5f,0x32,0x38,0x20,0x2d,0x20,0x78,0x5f,0x35,0x30,
    0x29,0x29,0x2c,0x20,0x78,0x5f,0x31,0x33,0x29,0x2c,0x20,0x30,0x2e,0x30,0x66,0x29,
    0x20,0x2a,0x20,0x73,0x74,0x65,0x70,0x28,0x30,0x2e,0x30,0x66,0x2c,0x20,0x78,0x5f,
    0x35,0x32,0x29,0x29,0x2c,0x20,0x78,0x5f,0x31,0x32,0x32,0x29,0x29,0x29,0x20,0x2b,
    0x20,0x28,0x78,0x5f,0x31,0x38,0x38,0x2e,0x78,0x79,0x7a,0x20,0x2a,0x20,0x70,0x6f,
    0x77,0x28,0x28,0x6d,0x61,0x78,0x28,0x64,0x6f,0x74,0x28,0x6e,0x6f,0x72,0x6d,0x61,
    0x6c,0x69,0x7a,0x65,0x28,0x28,0x78,0x5f,0x32,0x38,0x20,0x2d,0x20,0x78,0x5f,0x36,
    0x34,0x29,0x29,0x2c,0x20,0x78,0x5f,0x31,0x33,0x29,0x2c,0x20,0x30,0x2e,0x30,0x66,
    0x29,0x20,0x2a,0x20,0x73,0x74,0x65,0x70,0x28,0x30,0x2e,0x30,0x66,0x2c,0x20,0x78,
    0x5f,0x36,0x36,0x29,0x29,0x2c,0x20,0x78,0x5f,0x31,0x32,0x32,0x29,0x29,0x29,0x20,
    0x2a,0x20,0x78,0x5f,0x31,0x39,0x33,0x2e,0x78,0x79,0x7a,0x29,0x20,0x2a,0x20,0x78,
    0x5f,0x32,0x32,0x36,0x2e,0x77,0x29,0x29,0x3b,0x0a,0x20,0x20,0x76,0x61,0x72,0x20,
    0x78,0x5f,0x33,0x31,0x32,0x5f,0x31,0x20,0x3d,0x20,0x78,0x5f,0x32,0x32,0x36,0x3b,
    0x0a,0x20,0x20,0x78,0x5f,0x33,0x31,0x32,0x5f,0x31,0x2e,0x78,0x20,0x3d,0x20,0x78,
    0x5f,0x32,0x33,0x33,0x2e,0x78,0x3b,0x0a,0x20,0x20,0x6c,0x65,0x74,0x20,0x78,0x5f,
    0x33,0x31,0x32,0x20,0x3d,0x20,0x78,0x5f,0x33,0x31,0x32,0x5f,0x31,0x3b,0x0a,0x20,
    0x20,0x76,0x61,0x72,0x20,0x78,0x5f,0x33,0x31,0x34,0x5f,0x31,0x20,0x3d,0x20,0x78,
    0x5f,0x33,0x31,0x32,0x3b,0x0a,0x20,0x20,0x78,0x5f,0x33,0x31,0x34,0x5f,0x31,0x2e,
    0x79,0x20,0x3d,0x20,0x78,0x5f,0x32,0x33,0x33,0x2e,0x79,0x3b,0x0a,0x20,0x20,0x6c,
    0x65,0x74,0x20,0x78,0x5f,0x33,0x31,0x34,0x20,0x3d,0x20,0x78,0x5f,0x33,0x31,0x34,
    0x5f,0x31,0x3b,0x0a,0x20,0x20,0x76,0x61,0x72,0x20,0x78,0x5f,0x33,0x31,0x36,0x5f,
    0x31,0x20,0x3d,0x20,0x78,0x5f,0x33,0x31,0x34,0x3b,0x0a,0x20,0x20,0x78,0x5f,0x33,
    0x31,0x36,0x5f,0x31,0x2e,0x7a,0x20,0x3d,0x20,0x78,0x5f,0x32,0x33,0x33,0x2e,0x7a,
    0x3b,0x0a,0x20,0x20,0x63,0x20,0x3d,0x20,0x78,0x5f,0x33,0x31,0x36,0x5f,0x31,0x3b,
    0x0a,0x20,0x20,0x78,0x5f,0x32,0x34,0x36,0x20,0x3d,0x20,0x61,0x6c,0x70,0x68,0x61,
    0x54,0x65,0x73,0x74,0x4f,0x75,0x74,0x2e,0x79,0x3b,0x0a,0x20,0x20,0x69,0x66,0x20,
    0x28,0x28,0x78,0x5f,0x32,0x34,0x36,0x20,0x3e,0x20,0x30,0x2e,0x30,0x66,0x29,0x29,
    0x20,0x7b,0x0a,0x20,0x20,0x20,0x20,0x69,0x66,0x20,0x28,0x28,0x61,0x62,0x73,0x28,
    0x28,0x63,0x2e,0x77,0x20,0x2d,0x20,0x61,0x6c,0x70,0x68,0x61,0x54,0x65,0x73,0x74,
    0x4f,0x75,0x74,0x2e,0x78,0x29,0x29,0x20,0x3c,0x20,0x78,0x5f,0x32,0x34,0x36,0x29,
    0x29,0x20,0x7b,0x0a,0x20,0x20,0x20,0x20,0x20,0x20,0x78,0x5f,0x32,0x36,0x31,0x20,
    0x3d,0x20,0x61,0x6c,0x70,0x68,0x61,0x54,0x65,0x73,0x74,0x4f,0x75,0x74,0x2e,0x7a,
    0x3b,0x0a,0x20,0x20,0x20,0x20,0x7d,0x20,0x65,0x6c,0x73,0x65,0x20,0x7b,0x0a,0x20,
    0x20,0x20,0x20,0x20,0x20,0x78,0x5f,0x32,0x36,0x31,0x20,0x3d,0x20,0x61,0x6c,0x70,
    0x68,0x61,0x54,0x65,0x73,0x74,0x4f,0x75,0x74,0x2e,0x77,0x3b,0x0a,0x20,0x20,0x20,
    0x20,0x7d,0x0a,0x20,0x20,0x20,0x20,0x78,0x5f,0x32,0x34,0x39,0x20,0x3d,0x20,0x78,
    0x5f,0x32,0x36,0x31,0x3b,0x0a,0x20,0x20,0x7d,0x20,0x65,0x6c,0x73,0x65,0x20,0x7b,
    0x0a,0x20,0x20,0x20,0x20,0x69,0x66,0x20,0x28,0x28,0x63,0x2e,0x77,0x20,0x3c,0x20,
    0x61,0x6c,0x70,0x68,0x61,0x54,0x65,0x73,0x74,0x4f,0x75,0x74,0x2e,0x78,0x29,0x29,
    0x20,0x7b,0x0a,0x20,0x20,0x20,0x20,0x20,0x20,0x78,0x5f,0x32,0x37,0x36,0x20,0x3d,
    0x20,0x61,0x6c,0x70,0x68,0x61,0x54,0x65,0x73,0x74,0x4f,0x75,0x74,0x2e,0x7a,0x3b,
    0x0a,0x20,0x20,0x20,0x20,0x7d,0x20,0x65,0x6c,0x73,0x65,0x20,0x7b,0x0a,0x20,0x20,
    0x20,0x20,0x20,0x20,0x78,0x5f,0x32,0x37,0x36,0x20,0x3d,0x20,0x61,0x6c,0x70,0x68,
    0x61,0x54,0x65,0x73,0x74,0x4f,0x75,0x74,0x2e,0x77,0x3b,0x0a,0x20,0x20,0x20,0x20,
    0x7d,0x0a,0x20,0x20,0x20,0x20,0x78,0x5f,0x32,0x34,0x39,0x20,0x3d,0x20,0x78,0x5f,
    0x32,0x37,0x36,0x3b,0x0a,0x20,0x20,0x7d,0x0a,0x20,0x20,0x69,0x66,0x20,0x28,0x28,
    0x78,0x5f,0x32,0x34,0x39,0x20,0x3c,0x20,0x30,0x2e,0x30,0x66,0x29,0x29,0x20,0x7b,
    0x0a,0x20,0x20,0x20,0x20,0x64,0x69,0x73,0x63,0x61,0x72,0x64,0x3b,0x0a,0x20,0x20,
    0x7d,0x0a,0x20,0x20,0x6c,0x65,0x74,0x20,0x78,0x5f,0x32,0x39,0x35,0x20,0x3d,0x20,
    0x63,0x3b,0x0a,0x20,0x20,0x6c,0x65,0x74,0x20,0x78,0x5f,0x33,0x30,0x30,0x20,0x3d,
    0x20,0x6d,0x69,0x78,0x28,0x78,0x5f,0x31,0x38,0x2e,0x66,0x6f,0x67,0x43,0x6f,0x6c,
    0x6f,0x72,0x2e,0x78,0x79,0x7a,0x2c,0x20,0x63,0x2e,0x78,0x79,0x7a,0x2c,0x20,0x76,
    0x65,0x63,0x33,0x66,0x28,0x66,0x6f,0x67,0x46,0x61,0x63,0x74,0x6f,0x72,0x29,0x29,
    0x3b,0x0a,0x20,0x20,0x76,0x61,0x72,0x20,0x78,0x5f,0x33,0x32,0x30,0x5f,0x31,0x20,
    0x3d,0x20,0x78,0x5f,0x32,0x39,0x35,0x3b,0x0a,0x20,0x20,0x78,0x5f,0x33,0x32,0x30,
    0x5f,0x31,0x2e,0x78,0x20,0x3d,0x20,0x78,0x5f,0x33,0x30,0x30,0x2e,0x78,0x3b,0x0a,
    0x20,0x20,0x6c,0x65,0x74,0x20,0x78,0x5f,0x33,0x32,0x30,0x20,0x3d,0x20,0x78,0x5f,
    0x33,0x32,0x30,0x5f,0x31,0x3b,0x0a,0x20,0x20,0x76,0x61,0x72,0x20,0x78,0x5f,0x33,
    0x32,0x32,0x5f,0x31,0x20,0x3d,0x20,0x78,0x5f,0x33,0x32,0x30,0x3b,0x0a,0x20,0x20,
    0x78,0x5f,0x33,0x32,0x32,0x5f,0x31,0x2e,0x79,0x20,0x3d,0x20,0x78,0x5f,0x33,0x30,
    0x30,0x2e,0x79,0x3b,0x0a,0x20,0x20,0x6c,0x65,0x74,0x20,0x78,0x5f,0x33,0x32,0x32,
    0x20,0x3d,0x20,0x78,0x5f,0x33,0x32,0x32,0x5f,0x31,0x3b,0x0a,0x20,0x20,0x76,0x61,
    0x72,0x20,0x78,0x5f,0x33,0x32,0x34,0x5f,0x31,0x20,0x3d,0x20,0x78,0x5f,0x33,0x32,
    0x32,0x3b,0x0a,0x20,0x20,0x78,0x5f,0x33,0x32,0x34,0x5f,0x31,0x2e,0x7a,0x20,0x3d,
    0x20,0x78,0x5f,0x33,0x30,0x30,0x2e,0x7a,0x3b,0x0a,0x20,0x20,0x6c,0x65,0x74,0x20,
    0x78,0x5f,0x33,0x32,0x34,0x20,0x3d,0x20,0x78,0x5f,0x33,0x32,0x34,0x5f,0x31,0x3b,
    0x0a,0x20,0x20,0x63,0x20,0x3d,0x20,0x78,0x5f,0x33,0x32,0x34,0x5f,0x31,0x3b,0x0a,
    0x20,0x20,0x66,0x72,0x61,0x67,0x5f,0x63,0x6f,0x6c,0x6f,0x72,0x20,0x3d,0x20,0x78,
    0x5f,0x33,0x32,0x34,0x3b,0x0a,0x20,0x20,0x72,0x65,0x74,0x75,0x72,0x6e,0x3b,0x0a,
    0x7d,0x0a,0x0a,0x73,0x74,0x72,0x75,0x63,0x74,0x20,0x6d,0x61,0x69,0x6e,0x5f,0x6f,
    0x75,0x74,0x20,0x7b,0x0a,0x20,0x20,0x40,0x6c,0x6f,0x63,0x61,0x74,0x69,0x6f,0x6e,
    0x28,0x30,0x29,0x0a,0x20,0x20,0x66,0x72,0x61,0x67,0x5f,0x63,0x6f,0x6c,0x6f,0x72,
    0x5f,0x31,0x20,0x3a,0x20,0x76,0x65,0x63,0x34,0x66,0x2c,0x0a,0x7d,0x0a,0x0a,0x40,
    0x66,0x72,0x61,0x67,0x6d,0x65,0x6e,0x74,0x0a,0x66,0x6e,0x20,0x6d,0x61,0x69,0x6e,
    0x28,0x40,0x6c,0x6f,0x63,0x61,0x74,0x69,0x6f,0x6e,0x28,0x30,0x29,0x20,0x77,0x6f,
    0x72,0x6c,0x64,0x4e,0x6f,0x72,0x6d,0x61,0x6c,0x5f,0x70,0x61,0x72,0x61,0x6d,0x20,
    0x3a,0x20,0x76,0x65,0x63,0x33,0x66,0x2c,0x20,0x40,0x6c,0x6f,0x63,0x61,0x74,0x69,
    0x6f,0x6e,0x28,0x31,0x29,0x20,0x77,0x6f,0x72,0x6c,0x64,0x50,0x6f,0x73,0x5f,0x70,
    0x61,0x72,0x61,0x6d,0x20,0x3a,0x20,0x76,0x65,0x63,0x33,0x66,0x2c,0x20,0x40,0x6c,
    0x6f,0x63,0x61,0x74,0x69,0x6f,0x6e,0x28,0x33,0x29,0x20,0x74,0x69,0x6e,0x74,0x5f,
    0x70,0x61,0x72,0x61,0x6d,0x20,0x3a,0x20,0x76,0x65,0x63,0x34,0x66,0x2c,0x20,0x40,
    0x6c,0x6f,0x63,0x61,0x74,0x69,0x6f,0x6e,0x28,0x32,0x29,0x20,0x75,0x76,0x5f,0x70,
    0x61,0x72,0x61,0x6d,0x20,0x3a,0x20,0x76,0x65,0x63,0x32,0x66,0x2c,0x20,0x40,0x6c,
    0x6f,0x63,0x61,0x74,0x69,0x6f,0x6e,0x28,0x35,0x29,0x20,0x61,0x6c,0x70,0x68,0x61,
    0x54,0x65,0x73,0x74,0x4f,0x75,0x74,0x5f,0x70,0x61,0x72,0x61,0x6d,0x20,0x3a,0x20,
    0x76,0x65,0x63,0x34,0x66,0x2c,0x20,0x40,0x6c,0x6f,0x63,0x61,0x74,0x69,0x6f,0x6e,
    0x28,0x34,0x29,0x20,0x66,0x6f,0x67,0x46,0x61,0x63,0x74,0x6f,0x72,0x5f,0x70,0x61,
    0x72,0x61,0x6d,0x20,0x3a,0x20,0x66,0x33,0x32,0x29,0x20,0x2d,0x3e,0x20,0x6d,0x61,
    0x69,0x6e,0x5f,0x6f,0x75,0x74,0x20,0x7b,0x0a,0x20,0x20,0x77,0x6f,0x72,0x6c,0x64,
    0x4e,0x6f,0x72,0x6d,0x61,0x6c,0x20,0x3d,0x20,0x77,0x6f,0x72,0x6c,0x64,0x4e,0x6f,
    0x72,0x6d,0x61,0x6c,0x5f,0x70,0x61,0x72,0x61,0x6d,0x3b,0x0a,0x20,0x20,0x77,0x6f,
    0x72,0x6c,0x64,0x50,0x6f,0x73,0x20,0x3d,0x20,0x77,0x6f,0x72,0x6c,0x64,0x50,0x6f,
    0x73,0x5f,0x70,0x61,0x72,0x61,0x6d,0x3b,0x0a,0x20,0x20,0x74,0x69,0x6e,0x74,0x20,
    0x3d,0x20,0x74,0x69,0x6e,0x74,0x5f,0x70,0x61,0x72,0x61,0x6d,0x3b,0x0a,0x20,0x20,
    0x75,0x76,0x20,0x3d,0x20,0x75,0x76,0x5f,0x70,0x61,0x72,0x61,0x6d,0x3b,0x0a,0x20,
    0x20,0x61,0x6c,0x70,0x68,0x61,0x54,0x65,0x73,0x74,0x4f,0x75,0x74,0x20,0x3d,0x20,
    0x61,0x6c,0x70,0x68,0x61,0x54,0x65,0x73,0x74,0x4f,0x75,0x74,0x5f,0x70,0x61,0x72,
    0x61,0x6d,0x3b,0x0a,0x20,0x20,0x66,0x6f,0x67,0x46,0x61,0x63,0x74,0x6f,0x72,0x20,
    0x3d,0x20,0x66,0x6f,0x67,0x46,0x61,0x63,0x74,0x6f,0x72,0x5f,0x70,0x61,0x72,0x61,
    0x6d,0x3b,0x0a,0x20,0x20,0x6d,0x61,0x69,0x6e,0x5f,0x31,0x28,0x29,0x3b,0x0a,0x20,
    0x20,0x72,0x65,0x74,0x75,0x72,0x6e,0x20,0x6d,0x61,0x69,0x6e,0x5f,0x6f,0x75,0x74,
    0x28,0x66,0x72,0x61,0x67,0x5f,0x63,0x6f,0x6c,0x6f,0x72,0x29,0x3b,0x0a,0x7d,0x0a,
    0x00,
};
#endif
const sg_shader_desc* cna_lit3d_shader_desc(sg_backend backend) {
    #if defined(SOKOL_GLCORE)
    if (backend == SG_BACKEND_GLCORE) {
        static sg_shader_desc desc;
        static bool valid;
        if (!valid) {
            valid = true;
            desc.vertex_func.source = (const char*)cna_lit3d_vs_source_glsl410;
            desc.vertex_func.entry = "main";
            desc.fragment_func.source = (const char*)cna_lit3d_fs_source_glsl410;
            desc.fragment_func.entry = "main";
            desc.attrs[0].base_type = SG_SHADERATTRBASETYPE_FLOAT;
            desc.attrs[0].glsl_name = "position";
            desc.attrs[1].base_type = SG_SHADERATTRBASETYPE_FLOAT;
            desc.attrs[1].glsl_name = "normal";
            desc.attrs[2].base_type = SG_SHADERATTRBASETYPE_FLOAT;
            desc.attrs[2].glsl_name = "texcoord0";
            desc.attrs[3].base_type = SG_SHADERATTRBASETYPE_FLOAT;
            desc.attrs[3].glsl_name = "color0";
            desc.uniform_blocks[0].stage = SG_SHADERSTAGE_VERTEX;
            desc.uniform_blocks[0].layout = SG_UNIFORMLAYOUT_STD140;
            desc.uniform_blocks[0].size = 240;
            desc.uniform_blocks[0].glsl_uniforms[0].type = SG_UNIFORMTYPE_FLOAT4;
            desc.uniform_blocks[0].glsl_uniforms[0].array_count = 15;
            desc.uniform_blocks[0].glsl_uniforms[0].glsl_name = "lit3d_vs_params";
            desc.uniform_blocks[1].stage = SG_SHADERSTAGE_FRAGMENT;
            desc.uniform_blocks[1].layout = SG_UNIFORMLAYOUT_STD140;
            desc.uniform_blocks[1].size = 240;
            desc.uniform_blocks[1].glsl_uniforms[0].type = SG_UNIFORMTYPE_FLOAT4;
            desc.uniform_blocks[1].glsl_uniforms[0].array_count = 15;
            desc.uniform_blocks[1].glsl_uniforms[0].glsl_name = "lit3d_fs_params";
            desc.views[0].texture.stage = SG_SHADERSTAGE_FRAGMENT;
            desc.views[0].texture.image_type = SG_IMAGETYPE_2D;
            desc.views[0].texture.sample_type = SG_IMAGESAMPLETYPE_FLOAT;
            desc.views[0].texture.multisampled = false;
            desc.samplers[0].stage = SG_SHADERSTAGE_FRAGMENT;
            desc.samplers[0].sampler_type = SG_SAMPLERTYPE_FILTERING;
            desc.texture_sampler_pairs[0].stage = SG_SHADERSTAGE_FRAGMENT;
            desc.texture_sampler_pairs[0].view_slot = 0;
            desc.texture_sampler_pairs[0].sampler_slot = 0;
            desc.texture_sampler_pairs[0].glsl_name = "tex_smp";
            desc.label = "cna_lit3d_shader";
        }
        return &desc;
    }
    #endif /* SOKOL_GLCORE */
    #if defined(SOKOL_GLES3)
    if (backend == SG_BACKEND_GLES3) {
        static sg_shader_desc desc;
        static bool valid;
        if (!valid) {
            valid = true;
            desc.vertex_func.source = (const char*)cna_lit3d_vs_source_glsl300es;
            desc.vertex_func.entry = "main";
            desc.fragment_func.source = (const char*)cna_lit3d_fs_source_glsl300es;
            desc.fragment_func.entry = "main";
            desc.attrs[0].base_type = SG_SHADERATTRBASETYPE_FLOAT;
            desc.attrs[0].glsl_name = "position";
            desc.attrs[1].base_type = SG_SHADERATTRBASETYPE_FLOAT;
            desc.attrs[1].glsl_name = "normal";
            desc.attrs[2].base_type = SG_SHADERATTRBASETYPE_FLOAT;
            desc.attrs[2].glsl_name = "texcoord0";
            desc.attrs[3].base_type = SG_SHADERATTRBASETYPE_FLOAT;
            desc.attrs[3].glsl_name = "color0";
            desc.uniform_blocks[0].stage = SG_SHADERSTAGE_VERTEX;
            desc.uniform_blocks[0].layout = SG_UNIFORMLAYOUT_STD140;
            desc.uniform_blocks[0].size = 240;
            desc.uniform_blocks[0].glsl_uniforms[0].type = SG_UNIFORMTYPE_FLOAT4;
            desc.uniform_blocks[0].glsl_uniforms[0].array_count = 15;
            desc.uniform_blocks[0].glsl_uniforms[0].glsl_name = "lit3d_vs_params";
            desc.uniform_blocks[1].stage = SG_SHADERSTAGE_FRAGMENT;
            desc.uniform_blocks[1].layout = SG_UNIFORMLAYOUT_STD140;
            desc.uniform_blocks[1].size = 240;
            desc.uniform_blocks[1].glsl_uniforms[0].type = SG_UNIFORMTYPE_FLOAT4;
            desc.uniform_blocks[1].glsl_uniforms[0].array_count = 15;
            desc.uniform_blocks[1].glsl_uniforms[0].glsl_name = "lit3d_fs_params";
            desc.views[0].texture.stage = SG_SHADERSTAGE_FRAGMENT;
            desc.views[0].texture.image_type = SG_IMAGETYPE_2D;
            desc.views[0].texture.sample_type = SG_IMAGESAMPLETYPE_FLOAT;
            desc.views[0].texture.multisampled = false;
            desc.samplers[0].stage = SG_SHADERSTAGE_FRAGMENT;
            desc.samplers[0].sampler_type = SG_SAMPLERTYPE_FILTERING;
            desc.texture_sampler_pairs[0].stage = SG_SHADERSTAGE_FRAGMENT;
            desc.texture_sampler_pairs[0].view_slot = 0;
            desc.texture_sampler_pairs[0].sampler_slot = 0;
            desc.texture_sampler_pairs[0].glsl_name = "tex_smp";
            desc.label = "cna_lit3d_shader";
        }
        return &desc;
    }
    #endif /* SOKOL_GLES3 */
    #if defined(SOKOL_D3D11)
    if (backend == SG_BACKEND_D3D11) {
        static sg_shader_desc desc;
        static bool valid;
        if (!valid) {
            valid = true;
            desc.vertex_func.source = (const char*)cna_lit3d_vs_source_hlsl5;
            desc.vertex_func.d3d11_target = "vs_5_0";
            desc.vertex_func.entry = "main";
            desc.fragment_func.source = (const char*)cna_lit3d_fs_source_hlsl5;
            desc.fragment_func.d3d11_target = "ps_5_0";
            desc.fragment_func.entry = "main";
            desc.attrs[0].base_type = SG_SHADERATTRBASETYPE_FLOAT;
            desc.attrs[0].hlsl_sem_name = "TEXCOORD";
            desc.attrs[0].hlsl_sem_index = 0;
            desc.attrs[1].base_type = SG_SHADERATTRBASETYPE_FLOAT;
            desc.attrs[1].hlsl_sem_name = "TEXCOORD";
            desc.attrs[1].hlsl_sem_index = 1;
            desc.attrs[2].base_type = SG_SHADERATTRBASETYPE_FLOAT;
            desc.attrs[2].hlsl_sem_name = "TEXCOORD";
            desc.attrs[2].hlsl_sem_index = 2;
            desc.attrs[3].base_type = SG_SHADERATTRBASETYPE_FLOAT;
            desc.attrs[3].hlsl_sem_name = "TEXCOORD";
            desc.attrs[3].hlsl_sem_index = 3;
            desc.uniform_blocks[0].stage = SG_SHADERSTAGE_VERTEX;
            desc.uniform_blocks[0].layout = SG_UNIFORMLAYOUT_STD140;
            desc.uniform_blocks[0].size = 240;
            desc.uniform_blocks[0].hlsl_register_b_n = 0;
            desc.uniform_blocks[1].stage = SG_SHADERSTAGE_FRAGMENT;
            desc.uniform_blocks[1].layout = SG_UNIFORMLAYOUT_STD140;
            desc.uniform_blocks[1].size = 240;
            desc.uniform_blocks[1].hlsl_register_b_n = 1;
            desc.views[0].texture.stage = SG_SHADERSTAGE_FRAGMENT;
            desc.views[0].texture.image_type = SG_IMAGETYPE_2D;
            desc.views[0].texture.sample_type = SG_IMAGESAMPLETYPE_FLOAT;
            desc.views[0].texture.multisampled = false;
            desc.views[0].texture.hlsl_register_t_n = 0;
            desc.samplers[0].stage = SG_SHADERSTAGE_FRAGMENT;
            desc.samplers[0].sampler_type = SG_SAMPLERTYPE_FILTERING;
            desc.samplers[0].hlsl_register_s_n = 0;
            desc.texture_sampler_pairs[0].stage = SG_SHADERSTAGE_FRAGMENT;
            desc.texture_sampler_pairs[0].view_slot = 0;
            desc.texture_sampler_pairs[0].sampler_slot = 0;
            desc.label = "cna_lit3d_shader";
        }
        return &desc;
    }
    #endif /* SOKOL_D3D11 */
    #if defined(SOKOL_METAL)
    if (backend == SG_BACKEND_METAL_MACOS) {
        static sg_shader_desc desc;
        static bool valid;
        if (!valid) {
            valid = true;
            desc.vertex_func.source = (const char*)cna_lit3d_vs_source_metal_macos;
            desc.vertex_func.entry = "main0";
            desc.fragment_func.source = (const char*)cna_lit3d_fs_source_metal_macos;
            desc.fragment_func.entry = "main0";
            desc.attrs[0].base_type = SG_SHADERATTRBASETYPE_FLOAT;
            desc.attrs[1].base_type = SG_SHADERATTRBASETYPE_FLOAT;
            desc.attrs[2].base_type = SG_SHADERATTRBASETYPE_FLOAT;
            desc.attrs[3].base_type = SG_SHADERATTRBASETYPE_FLOAT;
            desc.uniform_blocks[0].stage = SG_SHADERSTAGE_VERTEX;
            desc.uniform_blocks[0].layout = SG_UNIFORMLAYOUT_STD140;
            desc.uniform_blocks[0].size = 240;
            desc.uniform_blocks[0].msl_buffer_n = 0;
            desc.uniform_blocks[1].stage = SG_SHADERSTAGE_FRAGMENT;
            desc.uniform_blocks[1].layout = SG_UNIFORMLAYOUT_STD140;
            desc.uniform_blocks[1].size = 240;
            desc.uniform_blocks[1].msl_buffer_n = 1;
            desc.views[0].texture.stage = SG_SHADERSTAGE_FRAGMENT;
            desc.views[0].texture.image_type = SG_IMAGETYPE_2D;
            desc.views[0].texture.sample_type = SG_IMAGESAMPLETYPE_FLOAT;
            desc.views[0].texture.multisampled = false;
            desc.views[0].texture.msl_texture_n = 0;
            desc.samplers[0].stage = SG_SHADERSTAGE_FRAGMENT;
            desc.samplers[0].sampler_type = SG_SAMPLERTYPE_FILTERING;
            desc.samplers[0].msl_sampler_n = 0;
            desc.texture_sampler_pairs[0].stage = SG_SHADERSTAGE_FRAGMENT;
            desc.texture_sampler_pairs[0].view_slot = 0;
            desc.texture_sampler_pairs[0].sampler_slot = 0;
            desc.label = "cna_lit3d_shader";
        }
        return &desc;
    }
    #endif /* SOKOL_METAL */
    #if defined(SOKOL_WGPU)
    if (backend == SG_BACKEND_WGPU) {
        static sg_shader_desc desc;
        static bool valid;
        if (!valid) {
            valid = true;
            desc.vertex_func.source = (const char*)cna_lit3d_vs_source_wgsl;
            desc.vertex_func.entry = "main";
            desc.fragment_func.source = (const char*)cna_lit3d_fs_source_wgsl;
            desc.fragment_func.entry = "main";
            desc.attrs[0].base_type = SG_SHADERATTRBASETYPE_FLOAT;
            desc.attrs[1].base_type = SG_SHADERATTRBASETYPE_FLOAT;
            desc.attrs[2].base_type = SG_SHADERATTRBASETYPE_FLOAT;
            desc.attrs[3].base_type = SG_SHADERATTRBASETYPE_FLOAT;
            desc.uniform_blocks[0].stage = SG_SHADERSTAGE_VERTEX;
            desc.uniform_blocks[0].layout = SG_UNIFORMLAYOUT_STD140;
            desc.uniform_blocks[0].size = 240;
            desc.uniform_blocks[0].wgsl_group0_binding_n = 0;
            desc.uniform_blocks[1].stage = SG_SHADERSTAGE_FRAGMENT;
            desc.uniform_blocks[1].layout = SG_UNIFORMLAYOUT_STD140;
            desc.uniform_blocks[1].size = 240;
            desc.uniform_blocks[1].wgsl_group0_binding_n = 1;
            desc.views[0].texture.stage = SG_SHADERSTAGE_FRAGMENT;
            desc.views[0].texture.image_type = SG_IMAGETYPE_2D;
            desc.views[0].texture.sample_type = SG_IMAGESAMPLETYPE_FLOAT;
            desc.views[0].texture.multisampled = false;
            desc.views[0].texture.wgsl_group1_binding_n = 0;
            desc.samplers[0].stage = SG_SHADERSTAGE_FRAGMENT;
            desc.samplers[0].sampler_type = SG_SAMPLERTYPE_FILTERING;
            desc.samplers[0].wgsl_group1_binding_n = 32;
            desc.texture_sampler_pairs[0].stage = SG_SHADERSTAGE_FRAGMENT;
            desc.texture_sampler_pairs[0].view_slot = 0;
            desc.texture_sampler_pairs[0].sampler_slot = 0;
            desc.label = "cna_lit3d_shader";
        }
        return &desc;
    }
    #endif /* SOKOL_WGPU */
    return 0;
}
#endif // SOKOL_SHDC_IMPL
