include/CNA/CNAException.hpp	class	CNAException
include/CNA/DesktopOS.hpp	enum_class	DesktopOS
include/CNA/Devices/Camera.hpp	class	Camera
include/CNA/Devices/CameraDeviceInfo.hpp	struct	CameraDeviceInfo
include/CNA/Devices/CameraPosition.hpp	enum_class	CameraPosition
include/CNA/Devices/CameraState.hpp	enum_class	CameraState
include/CNA/Devices/Clipboard.hpp	class	Clipboard
include/CNA/Devices/Detail/ICameraBackend.hpp	class	ICameraBackend
include/CNA/Devices/Detail/ICameraBackend.hpp	struct	CameraFrame
include/CNA/Devices/Detail/IFileDialogBackend.hpp	class	IFileDialogBackend
include/CNA/Devices/Detail/IMessageBoxBackend.hpp	class	IMessageBoxBackend
include/CNA/Devices/Detail/ITrayBackend.hpp	class	ITrayBackend
include/CNA/Devices/Detail/SdlCameraBackend.hpp	struct	SDL_Camera
include/CNA/Devices/Detail/SdlTrayBackend.hpp	struct	SDL_Tray
include/CNA/Devices/Detail/SdlTrayBackend.hpp	struct	SDL_TrayEntry
include/CNA/Devices/Detail/SdlTrayBackend.hpp	struct	SDL_TrayMenu
include/CNA/Devices/DisplayInfo.hpp	class	DisplayInfo
include/CNA/Devices/DisplayInfo.hpp	class	GameWindow
include/CNA/Devices/FileDialog.hpp	class	FileDialog
include/CNA/Devices/FileDialogFilter.hpp	struct	FileDialogFilter
include/CNA/Devices/Locale.hpp	class	Locale
include/CNA/Devices/LocaleInfo.hpp	struct	LocaleInfo
include/CNA/Devices/MessageBox.hpp	class	MessageBox
include/CNA/Devices/MessageBoxType.hpp	enum_class	MessageBoxType
include/CNA/Devices/PowerInfo.hpp	class	PowerInfo
include/CNA/Devices/PowerState.hpp	enum_class	PowerState
include/CNA/Devices/SystemInfo.hpp	class	SystemInfo
include/CNA/Devices/SystemTray.hpp	class	SystemTray
include/CNA/Devices/UrlLauncher.hpp	class	UrlLauncher
include/CNA/Graphics/CRTEffect.hpp	class	CRTEffect
include/CNA/Graphics/CRTMaskType.hpp	enum_class	CRTMaskType
include/CNA/Graphics/DepthEffect.hpp	class	DepthEffect
include/CNA/Graphics/DepthEffectMode.hpp	enum_class	DepthEffectMode
include/CNA/Graphics/DitherMode.hpp	enum_class	DitherMode
include/CNA/Graphics/PbrMaterial.hpp	class	PbrMaterial
include/CNA/Graphics/RenderPipelineSettings.hpp	class	RenderPipelineSettings
include/CNA/Graphics/RenderQuality.hpp	enum_class	RenderQuality
include/CNA/Graphics/ShadowQuality.hpp	enum_class	ShadowQuality
include/CNA/Graphics/TonemappingMode.hpp	enum_class	TonemappingMode
include/CNA/GraphicsBackendType.hpp	enum_class	GraphicsBackendType
include/CNA/GraphicsCapability.hpp	enum_class	GraphicsCapability
include/CNA/Input/HapticDevice.hpp	struct	SDL_Haptic
include/CNA/Internal/Audio/XactTypes.hpp	enum_class	XsbTrackVariationType
include/CNA/Internal/Audio/XactTypes.hpp	enum_class	XwbFormat
include/CNA/Internal/Audio/XactTypes.hpp	struct	XgsCategory
include/CNA/Internal/Audio/XactTypes.hpp	struct	XgsData
include/CNA/Internal/Audio/XactTypes.hpp	struct	XgsRpc
include/CNA/Internal/Audio/XactTypes.hpp	struct	XgsRpcPoint
include/CNA/Internal/Audio/XactTypes.hpp	struct	XgsVariable
include/CNA/Internal/Audio/XactTypes.hpp	struct	XsbCue
include/CNA/Internal/Audio/XactTypes.hpp	struct	XsbData
include/CNA/Internal/Audio/XactTypes.hpp	struct	XsbSound
include/CNA/Internal/Audio/XactTypes.hpp	struct	XsbTrackVariationEntry
include/CNA/Internal/Audio/XactTypes.hpp	struct	XsbVariEntry
include/CNA/Internal/Audio/XactTypes.hpp	struct	XsbVariation
include/CNA/Internal/Audio/XactTypes.hpp	struct	XsbWaveRef
include/CNA/Internal/Audio/XactTypes.hpp	struct	XwbData
include/CNA/Internal/Audio/XactTypes.hpp	struct	XwbEntry
include/CNA/Internal/Backends/Ascii/AsciiGraphicsBackend.hpp	class	AsciiGraphicsBackend
include/CNA/Internal/Backends/Ascii/AsciiQuantizer.hpp	enum_class	AsciiQuantizeMode
include/CNA/Internal/Backends/Ascii/AsciiQuantizer.hpp	struct	AsciiCell
include/CNA/Internal/Backends/Ascii/AsciiQuantizer.hpp	struct	AsciiGrid
include/CNA/Internal/Backends/Bgfx/BgfxGraphicsBackend.hpp	class	BgfxEffectBackend
include/CNA/Internal/Backends/Bgfx/BgfxGraphicsBackend.hpp	class	BgfxGraphicsBackend
include/CNA/Internal/Backends/Bgfx/BgfxGraphicsBackend.hpp	class	BgfxGraphicsBackend
include/CNA/Internal/Backends/Bgfx/BgfxGraphicsBackend.hpp	class	BgfxIndexBufferBackend
include/CNA/Internal/Backends/Bgfx/BgfxGraphicsBackend.hpp	class	BgfxOcclusionQueryBackend
include/CNA/Internal/Backends/Bgfx/BgfxGraphicsBackend.hpp	class	BgfxRenderTargetBackend
include/CNA/Internal/Backends/Bgfx/BgfxGraphicsBackend.hpp	class	BgfxRenderTargetCubeBackend
include/CNA/Internal/Backends/Bgfx/BgfxGraphicsBackend.hpp	class	BgfxSpriteBatchBackend
include/CNA/Internal/Backends/Bgfx/BgfxGraphicsBackend.hpp	class	BgfxTexture3DBackend
include/CNA/Internal/Backends/Bgfx/BgfxGraphicsBackend.hpp	class	BgfxTextureBackend
include/CNA/Internal/Backends/Bgfx/BgfxGraphicsBackend.hpp	class	BgfxTextureCubeBackend
include/CNA/Internal/Backends/Bgfx/BgfxGraphicsBackend.hpp	class	BgfxVertexBufferBackend
include/CNA/Internal/Backends/Bgfx/BgfxGraphicsBackend.hpp	struct	BgfxCnaCallback
include/CNA/Internal/Backends/Bgfx/BgfxGraphicsBackend.hpp	struct	IBgfxCubeSamplable
include/CNA/Internal/Backends/Bgfx/BgfxGraphicsBackend.hpp	struct	IBgfxSamplable
include/CNA/Internal/Backends/Bgfx/BgfxVertexFormatHelper.hpp	struct	BgfxAttribInfo
include/CNA/Internal/Backends/Canvas/CanvasGraphicsBackend.hpp	enum_class	CanvasCompositeOp
include/CNA/Internal/Backends/Canvas/CanvasTextureBackend.hpp	class	CanvasTextureBackend
include/CNA/Internal/Backends/Common/IGraphicsBackend.hpp	class	IEffectBackend
include/CNA/Internal/Backends/Common/IGraphicsBackend.hpp	class	IGraphicsBackend
include/CNA/Internal/Backends/Common/IGraphicsBackend.hpp	class	IIndexBufferBackend
include/CNA/Internal/Backends/Common/IGraphicsBackend.hpp	class	IOcclusionQueryBackend
include/CNA/Internal/Backends/Common/IGraphicsBackend.hpp	class	IRenderTargetBackend
include/CNA/Internal/Backends/Common/IGraphicsBackend.hpp	class	IRenderTargetCubeBackend
include/CNA/Internal/Backends/Common/IGraphicsBackend.hpp	class	ISpriteBatchBackend
include/CNA/Internal/Backends/Common/IGraphicsBackend.hpp	class	ITexture3DBackend
include/CNA/Internal/Backends/Common/IGraphicsBackend.hpp	class	ITextureBackend
include/CNA/Internal/Backends/Common/IGraphicsBackend.hpp	class	ITextureCubeBackend
include/CNA/Internal/Backends/Common/IGraphicsBackend.hpp	class	IVertexBufferBackend
include/CNA/Internal/Backends/Common/IGraphicsBackend.hpp	class	RenderTargetBindingDescriptor
include/CNA/Internal/Backends/Common/IGraphicsBackend.hpp	enum_class	BackendDeviceEvent
include/CNA/Internal/Backends/Common/IGraphicsBackend.hpp	enum_class	CnaPresentationMode
include/CNA/Internal/Backends/Common/IGraphicsBackend.hpp	enum_class	Type
include/CNA/Internal/Backends/Common/IGraphicsBackend.hpp	struct	BlendWriteState
include/CNA/Internal/Backends/Common/IGraphicsBackend.hpp	struct	GpuDrawParams
include/CNA/Internal/Backends/Common/IGraphicsBackend.hpp	struct	GpuVertexStreamBinding
include/CNA/Internal/Backends/Common/IGraphicsBackend.hpp	struct	GpuVertexStreamSlot
include/CNA/Internal/Backends/Common/IGraphicsBackend.hpp	struct	GraphicsBackendCreateArgs
include/CNA/Internal/Backends/Common/IGraphicsBackend.hpp	struct	SDL_Renderer
include/CNA/Internal/Backends/Common/IGraphicsBackend.hpp	struct	SDL_Texture
include/CNA/Internal/Backends/Common/IGraphicsBackend.hpp	struct	SDL_Window
include/CNA/Internal/Backends/Common/NoOp3DResources.hpp	class	NoOpTextureCubeBackend
include/CNA/Internal/Backends/D3D10/D3D10GraphicsBackend.hpp	struct	Impl
include/CNA/Internal/Backends/D3D11/D3D11GraphicsBackend.hpp	class	D3D11RenderTargetBackend
include/CNA/Internal/Backends/D3D11/D3D11GraphicsBackend.hpp	class	D3D11RenderTargetCubeBackend
include/CNA/Internal/Backends/D3D11/D3D11InputLayoutCache.hpp	class	D3D11InputLayoutCache
include/CNA/Internal/Backends/D3D11/D3D11RenderTargets.hpp	class	D3D11GraphicsBackend
include/CNA/Internal/Backends/D3D11/D3D11SamplerCache.hpp	class	D3D11SamplerCache
include/CNA/Internal/Backends/D3D11/D3D11SpriteBatch.hpp	class	D3D11EffectBackend
include/CNA/Internal/Backends/D3D11/D3D11SpriteBatch.hpp	class	D3D11GraphicsBackend
include/CNA/Internal/Backends/D3D11/D3D11SpriteBatch.hpp	struct	Sprite2DVertex
include/CNA/Internal/Backends/D3D11/D3D11StateObjectCache.hpp	class	D3D11BlendStateCache
include/CNA/Internal/Backends/D3D11/D3D11StateObjectCache.hpp	class	D3D11DepthStencilStateCache
include/CNA/Internal/Backends/D3D11/D3D11StateObjectCache.hpp	class	D3D11RasterizerStateCache
include/CNA/Internal/Backends/D3D12/D3D12Buffers.hpp	class	D3D12GraphicsBackend
include/CNA/Internal/Backends/D3D12/D3D12DescriptorHeaps.hpp	class	D3D12CpuDescriptorAllocator
include/CNA/Internal/Backends/D3D12/D3D12DescriptorHeaps.hpp	class	D3D12ShaderVisibleDescriptorAllocator
include/CNA/Internal/Backends/D3D12/D3D12DescriptorHeaps.hpp	struct	Block
include/CNA/Internal/Backends/D3D12/D3D12DescriptorHeaps.hpp	struct	D3D12DescriptorFenceClock
include/CNA/Internal/Backends/D3D12/D3D12DescriptorHeaps.hpp	struct	D3D12DescriptorHeapStats
include/CNA/Internal/Backends/D3D12/D3D12DescriptorHeaps.hpp	struct	D3D12DescriptorHeaps
include/CNA/Internal/Backends/D3D12/D3D12DescriptorHeaps.hpp	struct	PendingFree
include/CNA/Internal/Backends/D3D12/D3D12DescriptorHeaps.hpp	struct	PendingFree
include/CNA/Internal/Backends/D3D12/D3D12DescriptorHeaps.hpp	struct	RetiredHeaps
include/CNA/Internal/Backends/D3D12/D3D12EffectBackend.hpp	class	D3D12GraphicsBackend
include/CNA/Internal/Backends/D3D12/D3D12OcclusionQuery.hpp	class	D3D12GraphicsBackend
include/CNA/Internal/Backends/D3D12/D3D12PipelineStateCache.hpp	class	D3D12PipelineStateCache
include/CNA/Internal/Backends/D3D12/D3D12PipelineStateCache.hpp	struct	D3D12PipelineStateDesc
include/CNA/Internal/Backends/D3D12/D3D12RenderTargets.hpp	class	D3D12GraphicsBackend
include/CNA/Internal/Backends/D3D12/D3D12ResourceStateTracker.hpp	class	D3D12ResourceStateTracker
include/CNA/Internal/Backends/D3D12/D3D12RootSignatureCache.hpp	class	D3D12RootSignatureCache
include/CNA/Internal/Backends/D3D12/D3D12SamplerCache.hpp	class	D3D12SamplerCache
include/CNA/Internal/Backends/D3D12/D3D12SpriteBatch.hpp	class	D3D12GraphicsBackend
include/CNA/Internal/Backends/D3D12/D3D12SpriteBatch.hpp	struct	Sprite2DVertex
include/CNA/Internal/Backends/D3D12/D3D12Texture3D.hpp	class	D3D12GraphicsBackend
include/CNA/Internal/Backends/D3D12/D3D12TextureCube.hpp	class	D3D12GraphicsBackend
include/CNA/Internal/Backends/D3D12/D3D12Textures.hpp	class	D3D12GraphicsBackend
include/CNA/Internal/Backends/D3D9/D3D9Buffers.hpp	class	D3D9GraphicsBackend
include/CNA/Internal/Backends/D3D9/D3D9ConstantTable.hpp	enum_class	D3D9RegisterSetEXT
include/CNA/Internal/Backends/D3D9/D3D9ConstantTable.hpp	struct	D3D9ShaderConstantEXT
include/CNA/Internal/Backends/D3D9/D3D9DefaultPoolResourceEXT.hpp	class	ID3D9DefaultPoolResourceEXT
include/CNA/Internal/Backends/D3D9/D3D9GraphicsBackend.hpp	class	D3D9RenderTargetBackend
include/CNA/Internal/Backends/D3D9/D3D9GraphicsBackend.hpp	class	D3D9RenderTargetCubeBackend
include/CNA/Internal/Backends/D3D9/D3D9GraphicsBackend.hpp	class	D3D9ShaderCache
include/CNA/Internal/Backends/D3D9/D3D9GraphicsBackend.hpp	enum_class	D3D9NativeOperationEXT
include/CNA/Internal/Backends/D3D9/D3D9GraphicsBackend.hpp	struct	NativeFailureInjectionEXT
include/CNA/Internal/Backends/D3D9/D3D9RenderTargets.hpp	class	D3D9GraphicsBackend
include/CNA/Internal/Backends/D3D9/D3D9ShaderCache.hpp	class	D3D9ShaderCache
include/CNA/Internal/Backends/D3D9/D3D9SpriteBatch.hpp	class	D3D9GraphicsBackend
include/CNA/Internal/Backends/D3D9/D3D9SpriteBatch.hpp	struct	SpriteVertex
include/CNA/Internal/Backends/D3D9/D3D9StateMapping.hpp	struct	D3D9FilterTriple
include/CNA/Internal/Backends/D3DCommon/D3DShaderCache.hpp	enum_class	D3DShaderVariant
include/CNA/Internal/Backends/Diligent/DiligentDeviceSelection.hpp	enum_class	DiligentDeviceType
include/CNA/Internal/Backends/Diligent/DiligentGraphicsBackend.hpp	class	DiligentGraphicsBackend
include/CNA/Internal/Backends/Diligent/DiligentGraphicsBackend.hpp	class	DiligentSampledTexture
include/CNA/Internal/Backends/Diligent/DiligentGraphicsBackend.hpp	enum_class	ShaderVariant
include/CNA/Internal/Backends/Diligent/DiligentGraphicsBackend.hpp	struct	CachedPipeline
include/CNA/Internal/Backends/Diligent/DiligentGraphicsBackend.hpp	struct	LogicalViewport
include/CNA/Internal/Backends/Diligent/DiligentGraphicsBackend.hpp	struct	PipelineKey
include/CNA/Internal/Backends/Diligent/DiligentGraphicsBackend.hpp	struct	PipelineKeyHash
include/CNA/Internal/Backends/Diligent/DiligentGraphicsBackend.hpp	struct	SDL_GLContextState
include/CNA/Internal/Backends/Diligent/DiligentGraphicsBackend.hpp	struct	SamplerSlotState
include/CNA/Internal/Backends/Diligent/DiligentGraphicsBackend.hpp	struct	ShaderConstants
include/CNA/Internal/Backends/Diligent/DiligentGraphicsBackend.hpp	struct	SpriteVertex
include/CNA/Internal/Backends/Diligent/DiligentShaderSources.hpp	struct	PSInput
include/CNA/Internal/Backends/Diligent/DiligentShaderSources.hpp	struct	PSInput
include/CNA/Internal/Backends/Diligent/DiligentShaderSources.hpp	struct	PSInput
include/CNA/Internal/Backends/Diligent/DiligentShaderSources.hpp	struct	PSInput
include/CNA/Internal/Backends/Diligent/DiligentShaderSources.hpp	struct	PSInput
include/CNA/Internal/Backends/Diligent/DiligentShaderSources.hpp	struct	PSInput
include/CNA/Internal/Backends/Diligent/DiligentShaderSources.hpp	struct	PSInput
include/CNA/Internal/Backends/Diligent/DiligentShaderSources.hpp	struct	PSInput
include/CNA/Internal/Backends/Diligent/DiligentShaderSources.hpp	struct	PSInput
include/CNA/Internal/Backends/Diligent/DiligentShaderSources.hpp	struct	PSInput
include/CNA/Internal/Backends/Diligent/DiligentShaderSources.hpp	struct	PSInput
include/CNA/Internal/Backends/Diligent/DiligentShaderSources.hpp	struct	PSInput
include/CNA/Internal/Backends/Diligent/DiligentShaderSources.hpp	struct	PSInput
include/CNA/Internal/Backends/Diligent/DiligentShaderSources.hpp	struct	PSInput
include/CNA/Internal/Backends/Diligent/DiligentShaderSources.hpp	struct	PSInput
include/CNA/Internal/Backends/Diligent/DiligentShaderSources.hpp	struct	PSInput
include/CNA/Internal/Backends/Diligent/DiligentShaderSources.hpp	struct	PSInput
include/CNA/Internal/Backends/Diligent/DiligentShaderSources.hpp	struct	PSInput
include/CNA/Internal/Backends/Diligent/DiligentShaderSources.hpp	struct	PSInput
include/CNA/Internal/Backends/Diligent/DiligentShaderSources.hpp	struct	PSInput
include/CNA/Internal/Backends/Diligent/DiligentShaderSources.hpp	struct	PSInput
include/CNA/Internal/Backends/Diligent/DiligentShaderSources.hpp	struct	PSInput
include/CNA/Internal/Backends/Diligent/DiligentShaderSources.hpp	struct	PSOutput
include/CNA/Internal/Backends/Diligent/DiligentShaderSources.hpp	struct	PSOutput
include/CNA/Internal/Backends/Diligent/DiligentShaderSources.hpp	struct	PSOutput
include/CNA/Internal/Backends/Diligent/DiligentShaderSources.hpp	struct	PSOutput
include/CNA/Internal/Backends/Diligent/DiligentShaderSources.hpp	struct	PSOutput
include/CNA/Internal/Backends/Diligent/DiligentShaderSources.hpp	struct	PSOutput
include/CNA/Internal/Backends/Diligent/DiligentShaderSources.hpp	struct	PSOutput
include/CNA/Internal/Backends/Diligent/DiligentShaderSources.hpp	struct	PSOutput
include/CNA/Internal/Backends/Diligent/DiligentShaderSources.hpp	struct	VSInput
include/CNA/Internal/Backends/Diligent/DiligentShaderSources.hpp	struct	VSInput
include/CNA/Internal/Backends/Diligent/DiligentShaderSources.hpp	struct	VSInput
include/CNA/Internal/Backends/Diligent/DiligentShaderSources.hpp	struct	VSInput
include/CNA/Internal/Backends/Diligent/DiligentShaderSources.hpp	struct	VSInput
include/CNA/Internal/Backends/Diligent/DiligentShaderSources.hpp	struct	VSInput
include/CNA/Internal/Backends/Diligent/DiligentShaderSources.hpp	struct	VSInput
include/CNA/Internal/Backends/Diligent/DiligentShaderSources.hpp	struct	VSInput
include/CNA/Internal/Backends/Diligent/DiligentShaderSources.hpp	struct	VSInput
include/CNA/Internal/Backends/Diligent/DiligentShaderSources.hpp	struct	VSInput
include/CNA/Internal/Backends/Diligent/DiligentShaderSources.hpp	struct	VSInput
include/CNA/Internal/Backends/Diligent/DiligentShaderSources.hpp	struct	VSInput
include/CNA/Internal/Backends/Diligent/DiligentShaderSources.hpp	struct	VSInput
include/CNA/Internal/Backends/Direct2D/Direct2DGraphicsBackend.hpp	class	Direct2DGraphicsBackend
include/CNA/Internal/Backends/Direct2D/Direct2DGraphicsBackend.hpp	enum_class	Direct2DBlendMode
include/CNA/Internal/Backends/Direct2D/Direct2DGraphicsBackend.hpp	struct	PresentationTransform
include/CNA/Internal/Backends/Dx1/Dx1GraphicsBackend.hpp	struct	Impl
include/CNA/Internal/Backends/Dx2/Dx2GraphicsBackend.hpp	struct	Impl
include/CNA/Internal/Backends/Dx3/Dx3GraphicsBackend.hpp	struct	Impl
include/CNA/Internal/Backends/Dx5/Dx5GraphicsBackend.hpp	struct	Impl
include/CNA/Internal/Backends/Dx6/Dx6GraphicsBackend.hpp	struct	Impl
include/CNA/Internal/Backends/Dx7/Dx7GraphicsBackend.hpp	struct	Impl
include/CNA/Internal/Backends/Dx8/Dx8GraphicsBackend.hpp	struct	Impl
include/CNA/Internal/Backends/EasyGL/EasyGLGraphicsBackend.hpp	class	EasyGLEffectBackend
include/CNA/Internal/Backends/EasyGL/EasyGLGraphicsBackend.hpp	class	EasyGLGraphicsBackend
include/CNA/Internal/Backends/EasyGL/EasyGLGraphicsBackend.hpp	class	EasyGLGraphicsBackend
include/CNA/Internal/Backends/EasyGL/EasyGLGraphicsBackend.hpp	class	EasyGLIndexBufferBackend
include/CNA/Internal/Backends/EasyGL/EasyGLGraphicsBackend.hpp	class	EasyGLOcclusionQueryBackend
include/CNA/Internal/Backends/EasyGL/EasyGLGraphicsBackend.hpp	class	EasyGLRenderTargetBackend
include/CNA/Internal/Backends/EasyGL/EasyGLGraphicsBackend.hpp	class	EasyGLRenderTargetBackend
include/CNA/Internal/Backends/EasyGL/EasyGLGraphicsBackend.hpp	class	EasyGLRenderTargetCubeBackend
include/CNA/Internal/Backends/EasyGL/EasyGLGraphicsBackend.hpp	class	EasyGLRenderTargetCubeBackend
include/CNA/Internal/Backends/EasyGL/EasyGLGraphicsBackend.hpp	class	EasyGLSpriteBatchBackend
include/CNA/Internal/Backends/EasyGL/EasyGLGraphicsBackend.hpp	class	EasyGLTexture3DBackend
include/CNA/Internal/Backends/EasyGL/EasyGLGraphicsBackend.hpp	class	EasyGLTextureBackend
include/CNA/Internal/Backends/EasyGL/EasyGLGraphicsBackend.hpp	class	EasyGLTextureCubeBackend
include/CNA/Internal/Backends/EasyGL/EasyGLGraphicsBackend.hpp	class	EasyGLVertexBufferBackend
include/CNA/Internal/Backends/EasyGL/EasyGLGraphicsBackend.hpp	enum_class	StockProgramShape
include/CNA/Internal/Backends/EasyGL/EasyGLGraphicsBackend.hpp	struct	EasyGLBoundTargetEXT
include/CNA/Internal/Backends/EasyGL/EasyGLGraphicsBackend.hpp	struct	Prog3D
include/CNA/Internal/Backends/EasyGL/EasyGLGraphicsBackend.hpp	struct	Vertex
include/CNA/Internal/Backends/FreeDirect/FreeDirectGraphicsBackend.hpp	enum_class	FreeDirectResizeFailurePointEXT
include/CNA/Internal/Backends/FreeDirect/FreeDirectGraphicsBackend.hpp	enum_class	FreeDirectResourceEventEXT
include/CNA/Internal/Backends/FreeDirect/FreeDirectGraphicsBackend.hpp	enum_class	FreeDirectResourceKindEXT
include/CNA/Internal/Backends/FreeDirect/FreeDirectGraphicsBackend.hpp	struct	FreeDirectTestHooksEXT
include/CNA/Internal/Backends/FreeDirect/FreeDirectGraphicsBackend.hpp	struct	FreeDirectTestStateEXT
include/CNA/Internal/Backends/FreeDirect/FreeDirectGraphicsBackend.hpp	struct	Impl
include/CNA/Internal/Backends/Gdi/GdiConfiguration.hpp	enum_class	GdiPresentationFilter
include/CNA/Internal/Backends/Gdi/GdiConfiguration.hpp	struct	GdiConfiguration
include/CNA/Internal/Backends/Gdi/GdiConfiguration.hpp	struct	GdiConfigurationParseResult
include/CNA/Internal/Backends/Gdi/GdiConfiguration.hpp	struct	GdiConfigurationValues
include/CNA/Internal/Backends/Gdi/GdiGraphicsBackend.hpp	class	GdiSoftware2DCore
include/CNA/Internal/Backends/Gdi/GdiGraphicsBackend.hpp	struct	GdiFramebufferStorageTelemetry
include/CNA/Internal/Backends/Gdi/GdiPresentation.hpp	enum_class	GdiBlitPath
include/CNA/Internal/Backends/Gdi/GdiPresentation.hpp	struct	GdiBlitResult
include/CNA/Internal/Backends/Gdi/GdiPresentation.hpp	struct	GdiPresentationPlan
include/CNA/Internal/Backends/Gdi/GdiPresentation.hpp	struct	GdiPresentationRect
include/CNA/Internal/Backends/Gdi/GdiPresentation.hpp	struct	GdiPresentationSize
include/CNA/Internal/Backends/Gdi/GdiPresentation.hpp	struct	GdiPresentationTelemetry
include/CNA/Internal/Backends/Glide/GlideAbi.hpp	class	GlideApiFunctions
include/CNA/Internal/Backends/Glide/GlideAbi.hpp	struct	GlideResolution
include/CNA/Internal/Backends/Glide/GlideAbi.hpp	struct	GlideTexInfo
include/CNA/Internal/Backends/Glide/GlideAbi.hpp	struct	GlideVertex
include/CNA/Internal/Backends/Glide/GlideBlendFactor.hpp	enum_class	GlideBlendSlot
include/CNA/Internal/Backends/Glide/GlideDisplayModeSelection.hpp	struct	GlideDisplayMode
include/CNA/Internal/Backends/Glide/GlideDisplayModeSelection.hpp	struct	GlideResolutionCandidate
include/CNA/Internal/Backends/Glide/GlideDisplayModeSelection.hpp	struct	GlideSelectedDisplayMode
include/CNA/Internal/Backends/Glide/GlideGraphicsBackend.hpp	class	GlideSpriteBatchBackend
include/CNA/Internal/Backends/Glide/GlideGraphicsBackend.hpp	class	GlideTextureBackend
include/CNA/Internal/Backends/Glide/GlideGraphicsBackend.hpp	struct	Impl
include/CNA/Internal/Backends/Glide/GlideLighting.hpp	struct	GlideBasicEffectLightingResult
include/CNA/Internal/Backends/Glide/GlideLighting.hpp	struct	GlideBasicEffectLightingState
include/CNA/Internal/Backends/Glide/GlideLighting.hpp	struct	GlideDirectionalLight
include/CNA/Internal/Backends/Glide/GlideLighting.hpp	struct	GlideLightingVector
include/CNA/Internal/Backends/Glide/GlidePrimitiveClip.hpp	struct	GlideClipSegment
include/CNA/Internal/Backends/Glide/GlidePrimitiveClip.hpp	struct	GlideClipVertex
include/CNA/Internal/Backends/Glide/GlideTextureEviction.hpp	struct	GlideResidentTextureView
include/CNA/Internal/Backends/Glide/GlideTextureFormat.hpp	enum_class	GlideTextureAlphaClass
include/CNA/Internal/Backends/Glide/GlideVertexLayout.hpp	struct	GlideVertexLayout
include/CNA/Internal/Backends/Headless/HeadlessGraphicsBackend.hpp	class	HeadlessResourceRegistry
include/CNA/Internal/Backends/Headless/HeadlessGraphicsBackend.hpp	class	HeadlessTextureBackend
include/CNA/Internal/Backends/Headless/HeadlessGraphicsBackend.hpp	class	HeadlessValidationException
include/CNA/Internal/Backends/Headless/HeadlessGraphicsBackend.hpp	enum_class	HeadlessMode
include/CNA/Internal/Backends/Headless/HeadlessGraphicsBackend.hpp	struct	HeadlessResourceRecord
include/CNA/Internal/Backends/Headless/HeadlessGraphicsBackend.hpp	struct	HeadlessSharedState
include/CNA/Internal/Backends/Headless/HeadlessGraphicsBackend.hpp	struct	HeadlessSpriteDrawRecord
include/CNA/Internal/Backends/Headless/HeadlessGraphicsBackend.hpp	struct	HeadlessStatistics
include/CNA/Internal/Backends/Headless/HeadlessGraphicsBackend.hpp	struct	HeadlessTraceEntry
include/CNA/Internal/Backends/Headless/HeadlessGraphicsBackend.hpp	struct	HeadlessTraceLogDiff
include/CNA/Internal/Backends/HtmlDom/HtmlDomGraphicsBackend.hpp	struct	LogicalViewport
include/CNA/Internal/Backends/HtmlDom/HtmlDomState.hpp	enum_class	DomCompositeOp
include/CNA/Internal/Backends/HtmlDom/HtmlDomState.hpp	struct	HtmlDomDrawCommand
include/CNA/Internal/Backends/HtmlDom/HtmlDomTextureBackend.hpp	class	HtmlDomTextureBackend
include/CNA/Internal/Backends/Llgl/LlglGraphicsBackend.hpp	class	LlglBoundRenderTarget
include/CNA/Internal/Backends/Llgl/LlglGraphicsBackend.hpp	class	LlglGraphicsBackend
include/CNA/Internal/Backends/Llgl/LlglGraphicsBackend.hpp	enum_class	Kind
include/CNA/Internal/Backends/Llgl/LlglGraphicsBackend.hpp	struct	FrameCommand
include/CNA/Internal/Backends/Llgl/LlglGraphicsBackend.hpp	struct	FrameCommandBucket
include/CNA/Internal/Backends/Llgl/LlglGraphicsBackend.hpp	struct	PresentationRect
include/CNA/Internal/Backends/Llgl/LlglRendererSelection.hpp	enum_class	RendererModule
include/CNA/Internal/Backends/Llgl/LlglSdlSurface.hpp	struct	SDL_Window
include/CNA/Internal/Backends/Magnum/MagnumBuffers.hpp	class	MagnumIndexBufferBackend
include/CNA/Internal/Backends/Magnum/MagnumBuffers.hpp	class	MagnumOcclusionQueryBackend
include/CNA/Internal/Backends/Magnum/MagnumBuffers.hpp	class	MagnumVertexBufferBackend
include/CNA/Internal/Backends/Magnum/MagnumBuffers.hpp	struct	MagnumMeshCacheEntry
include/CNA/Internal/Backends/Magnum/MagnumBuffers.hpp	struct	MagnumVertexAttribute
include/CNA/Internal/Backends/Magnum/MagnumEffectBackend.hpp	class	MagnumEffectBackend
include/CNA/Internal/Backends/Magnum/MagnumGraphicsBackend.hpp	class	MagnumGraphicsBackend
include/CNA/Internal/Backends/Magnum/MagnumProgram.hpp	class	MagnumProgram
include/CNA/Internal/Backends/Magnum/MagnumRenderTargets.hpp	class	MagnumRenderTargetBackend
include/CNA/Internal/Backends/Magnum/MagnumRenderTargets.hpp	class	MagnumRenderTargetBackend
include/CNA/Internal/Backends/Magnum/MagnumRenderTargets.hpp	class	MagnumRenderTargetCubeBackend
include/CNA/Internal/Backends/Magnum/MagnumRenderTargets.hpp	class	MagnumRenderTargetCubeBackend
include/CNA/Internal/Backends/Magnum/MagnumRenderTargets.hpp	struct	MagnumBoundTarget
include/CNA/Internal/Backends/Magnum/MagnumSpriteBatchBackend.hpp	class	MagnumGraphicsBackend
include/CNA/Internal/Backends/Magnum/MagnumSpriteBatchBackend.hpp	class	MagnumSpriteBatchBackend
include/CNA/Internal/Backends/Magnum/MagnumSpriteBatchBackend.hpp	struct	Vertex
include/CNA/Internal/Backends/Magnum/MagnumStateMapping.hpp	struct	MagnumSamplerState
include/CNA/Internal/Backends/Magnum/MagnumStockShaders.hpp	class	MagnumStockShaderCache
include/CNA/Internal/Backends/Magnum/MagnumStockShaders.hpp	enum_class	MagnumStockProgram
include/CNA/Internal/Backends/Magnum/MagnumStockShaders.hpp	struct	MagnumStockSelector
include/CNA/Internal/Backends/Magnum/MagnumTextures.hpp	class	MagnumTexture3DBackend
include/CNA/Internal/Backends/Magnum/MagnumTextures.hpp	class	MagnumTextureBackend
include/CNA/Internal/Backends/Magnum/MagnumTextures.hpp	class	MagnumTextureCubeBackend
include/CNA/Internal/Backends/Metal/MetalBlend.hpp	enum_class	MetalBlendFactorKind
include/CNA/Internal/Backends/Metal/MetalBlendFunction.hpp	enum_class	MetalBlendOperationKind
include/CNA/Internal/Backends/Metal/MetalCommandFailure.hpp	class	MetalCommandFailureLatch
include/CNA/Internal/Backends/Metal/MetalCommandFailure.hpp	enum_class	MetalReadbackSourcePolicy
include/CNA/Internal/Backends/Metal/MetalCommandFailure.hpp	enum_class	MetalResourceHealthState
include/CNA/Internal/Backends/Metal/MetalCommandFailure.hpp	enum_class	MetalSynchronousCommandResult
include/CNA/Internal/Backends/Metal/MetalCompareFunction.hpp	enum_class	MetalCompareFunctionKind
include/CNA/Internal/Backends/Metal/MetalCullMode.hpp	enum_class	MetalCullModeKind
include/CNA/Internal/Backends/Metal/MetalGraphicsBackend.hpp	struct	Impl
include/CNA/Internal/Backends/Metal/MetalLogicalViewport.hpp	struct	MetalLogicalViewport
include/CNA/Internal/Backends/Metal/MetalMat4.hpp	struct	MetalMat4
include/CNA/Internal/Backends/Metal/MetalPipelineKey.hpp	enum_class	MetalPipelineKind
include/CNA/Internal/Backends/Metal/MetalPipelineKey.hpp	struct	MetalBlendKey
include/CNA/Internal/Backends/Metal/MetalPipelineKey.hpp	struct	MetalPipelineCacheKey
include/CNA/Internal/Backends/Metal/MetalPipelineKey.hpp	struct	MetalPipelineCacheKeyHash
include/CNA/Internal/Backends/Metal/MetalPolicy.hpp	class	MetalFrameAvailabilityState
include/CNA/Internal/Backends/Metal/MetalPolicy.hpp	enum_class	MetalDrawStreamPolicy
include/CNA/Internal/Backends/Metal/MetalPolicy.hpp	enum_class	MetalFrameEntryPolicy
include/CNA/Internal/Backends/Metal/MetalPolicy.hpp	enum_class	MetalTexture2DImagePolicy
include/CNA/Internal/Backends/Metal/MetalRasterState.hpp	struct	MetalScissorState
include/CNA/Internal/Backends/Metal/MetalRasterState.hpp	struct	MetalViewportState
include/CNA/Internal/Backends/Metal/MetalSamplerFilter.hpp	struct	MetalSamplerFilterPlan
include/CNA/Internal/Backends/Metal/MetalStencilOperation.hpp	enum_class	MetalStencilOperationKind
include/CNA/Internal/Backends/Metal/MetalTextureBindingPolicy.hpp	enum_class	MetalNeutralTextureKind
include/CNA/Internal/Backends/Metal/MetalTextureBindingPolicy.hpp	enum_class	MetalStockTextureSlot
include/CNA/Internal/Backends/Metal/MetalTextureBindingPolicy.hpp	enum_class	MetalTextureBindingDecision
include/CNA/Internal/Backends/Metal/MetalTextureTransfer.hpp	class	MetalMipDefinitionState
include/CNA/Internal/Backends/Metal/MetalTextureTransfer.hpp	enum_class	MetalTransferLengthRule
include/CNA/Internal/Backends/Metal/MetalTextureTransfer.hpp	enum_class	MetalTransferPixelOrder
include/CNA/Internal/Backends/Metal/MetalTextureTransfer.hpp	struct	MetalTextureTransferLayout
include/CNA/Internal/Backends/Metal/MetalUniformFill.hpp	struct	MetalEnvTransform
include/CNA/Internal/Backends/Metal/MetalUniformFill.hpp	struct	MetalEnvUniforms
include/CNA/Internal/Backends/Metal/MetalUniformFill.hpp	struct	MetalLitTransform
include/CNA/Internal/Backends/Metal/MetalUniformFill.hpp	struct	MetalLitUniforms
include/CNA/Internal/Backends/Metal/MetalUniformFill.hpp	struct	MetalPbrTransform
include/CNA/Internal/Backends/Metal/MetalUniformFill.hpp	struct	MetalPbrUniforms
include/CNA/Internal/Backends/Metal/MetalUniformFill.hpp	struct	MetalSkinnedPbrTransform
include/CNA/Internal/Backends/Metal/MetalUniformFill.hpp	struct	MetalSkinnedTransform
include/CNA/Internal/Backends/Metal/MetalUniformFill.hpp	struct	MetalSkinnedUniforms
include/CNA/Internal/Backends/Metal/MetalVertexAttribFormat.hpp	enum_class	MetalVertexAttribKind
include/CNA/Internal/Backends/Metal/MetalVertexAttribFormat.hpp	struct	MetalVertexAttribFormat
include/CNA/Internal/Backends/Metal/MetalVertexDescriptorPlan.hpp	struct	MetalVertexAttributePlan
include/CNA/Internal/Backends/Metal/MetalVertexDescriptorPlan.hpp	struct	MetalVertexDescriptorPlan
include/CNA/Internal/Backends/OpenGL1/OpenGL1Capabilities.hpp	struct	OpenGL1Capabilities
include/CNA/Internal/Backends/OpenGL1/OpenGL1ContextRecovery.hpp	class	IOpenGL1Recoverable
include/CNA/Internal/Backends/OpenGL1/OpenGL1ContextRecovery.hpp	class	OpenGL1ResourceRegistry
include/CNA/Internal/Backends/OpenGL1/OpenGL1GraphicsBackend.hpp	struct	GL1SamplerParams
include/CNA/Internal/Backends/OpenGL2/OpenGL2GraphicsBackend.hpp	class	RecoverableResource
include/CNA/Internal/Backends/OpenGL2/OpenGL2GraphicsBackend.hpp	struct	LogicalViewport
include/CNA/Internal/Backends/OpenGL4/OpenGL4GraphicsBackend.hpp	class	OpenGL4GraphicsBackend
include/CNA/Internal/Backends/OpenGL4/OpenGL4GraphicsBackend.hpp	class	OpenGL4RawProgram
include/CNA/Internal/Backends/OpenGL4/OpenGL4GraphicsBackend.hpp	struct	GraphicsBackendCreateArgs
include/CNA/Internal/Backends/OpenGL4/OpenGL4GraphicsBackend.hpp	struct	SDL_Window
include/CNA/Internal/Backends/OpenGL4/OpenGL4GraphicsBackend.hpp	struct	SpriteVertex
include/CNA/Internal/Backends/OpenGLES1/OpenGLES1GraphicsBackend.hpp	class	OpenGLES1GraphicsBackend
include/CNA/Internal/Backends/OpenGLES1/OpenGLES1GraphicsBackend.hpp	class	OpenGLES1GraphicsBackend
include/CNA/Internal/Backends/OpenGLES1/OpenGLES1GraphicsBackend.hpp	class	OpenGLES1GraphicsBackend
include/CNA/Internal/Backends/OpenGLES1/OpenGLES1GraphicsBackend.hpp	class	OpenGLES1IndexBufferBackend
include/CNA/Internal/Backends/OpenGLES1/OpenGLES1GraphicsBackend.hpp	class	OpenGLES1IndexBufferBackend
include/CNA/Internal/Backends/OpenGLES1/OpenGLES1GraphicsBackend.hpp	class	OpenGLES1RenderTargetBackend
include/CNA/Internal/Backends/OpenGLES1/OpenGLES1GraphicsBackend.hpp	class	OpenGLES1RenderTargetCubeBackend
include/CNA/Internal/Backends/OpenGLES1/OpenGLES1GraphicsBackend.hpp	class	OpenGLES1SpriteBatchBackend
include/CNA/Internal/Backends/OpenGLES1/OpenGLES1GraphicsBackend.hpp	class	OpenGLES1TextureBackend
include/CNA/Internal/Backends/OpenGLES1/OpenGLES1GraphicsBackend.hpp	class	OpenGLES1TextureBackend
include/CNA/Internal/Backends/OpenGLES1/OpenGLES1GraphicsBackend.hpp	class	OpenGLES1TextureCubeBackend
include/CNA/Internal/Backends/OpenGLES1/OpenGLES1GraphicsBackend.hpp	class	OpenGLES1VertexBufferBackend
include/CNA/Internal/Backends/OpenGLES1/OpenGLES1GraphicsBackend.hpp	class	OpenGLES1VertexBufferBackend
include/CNA/Internal/Backends/OpenGLES1/OpenGLES1GraphicsBackend.hpp	struct	SDL_Window
include/CNA/Internal/Backends/OpenGLES1/OpenGLES1GraphicsBackend.hpp	struct	Vertex
include/CNA/Internal/Backends/SdlGpu/SdlGpuGraphicsBackend.hpp	class	SdlGpuGraphicsBackend
include/CNA/Internal/Backends/SdlGpu/SdlGpuGraphicsBackend.hpp	class	SdlGpuRenderTargetBackend
include/CNA/Internal/Backends/SdlGpu/SdlGpuGraphicsBackend.hpp	class	SdlGpuRenderTargetCubeBackend
include/CNA/Internal/Backends/SdlGpu/SdlGpuGraphicsBackend.hpp	enum_class	DrawKind
include/CNA/Internal/Backends/SdlGpu/SdlGpuGraphicsBackend.hpp	enum_class	SdlGpuFailurePointEXT
include/CNA/Internal/Backends/SdlGpu/SdlGpuGraphicsBackend.hpp	enum_class	SdlGpuResourceEventEXT
include/CNA/Internal/Backends/SdlGpu/SdlGpuGraphicsBackend.hpp	enum_class	SdlGpuResourceKindEXT
include/CNA/Internal/Backends/SdlGpu/SdlGpuGraphicsBackend.hpp	struct	AlphaTestDrawCommand
include/CNA/Internal/Backends/SdlGpu/SdlGpuGraphicsBackend.hpp	struct	BlendKeyParams
include/CNA/Internal/Backends/SdlGpu/SdlGpuGraphicsBackend.hpp	struct	ColoredDrawCommand
include/CNA/Internal/Backends/SdlGpu/SdlGpuGraphicsBackend.hpp	struct	ConstructionResources
include/CNA/Internal/Backends/SdlGpu/SdlGpuGraphicsBackend.hpp	struct	DrawTarget
include/CNA/Internal/Backends/SdlGpu/SdlGpuGraphicsBackend.hpp	struct	DualTextureDrawCommand
include/CNA/Internal/Backends/SdlGpu/SdlGpuGraphicsBackend.hpp	struct	EnvMapDrawCommand
include/CNA/Internal/Backends/SdlGpu/SdlGpuGraphicsBackend.hpp	struct	LitTexturedDrawCommand
include/CNA/Internal/Backends/SdlGpu/SdlGpuGraphicsBackend.hpp	struct	LogicalViewport
include/CNA/Internal/Backends/SdlGpu/SdlGpuGraphicsBackend.hpp	struct	NativeIndexedRange
include/CNA/Internal/Backends/SdlGpu/SdlGpuGraphicsBackend.hpp	struct	PassSegment
include/CNA/Internal/Backends/SdlGpu/SdlGpuGraphicsBackend.hpp	struct	PbrDrawCommand
include/CNA/Internal/Backends/SdlGpu/SdlGpuGraphicsBackend.hpp	struct	QueuedDrawRef
include/CNA/Internal/Backends/SdlGpu/SdlGpuGraphicsBackend.hpp	struct	RenderStateSnapshot
include/CNA/Internal/Backends/SdlGpu/SdlGpuGraphicsBackend.hpp	struct	SamplerSlotState
include/CNA/Internal/Backends/SdlGpu/SdlGpuGraphicsBackend.hpp	struct	SdlGpuRenderTarget2DState
include/CNA/Internal/Backends/SdlGpu/SdlGpuGraphicsBackend.hpp	struct	SdlGpuRenderTargetCubeState
include/CNA/Internal/Backends/SdlGpu/SdlGpuGraphicsBackend.hpp	struct	SdlGpuSampledTextureEXT
include/CNA/Internal/Backends/SdlGpu/SdlGpuGraphicsBackend.hpp	struct	SdlGpuSampledTextureState
include/CNA/Internal/Backends/SdlGpu/SdlGpuGraphicsBackend.hpp	struct	SdlGpuTestHooksEXT
include/CNA/Internal/Backends/SdlGpu/SdlGpuGraphicsBackend.hpp	struct	SkinnedDrawCommand
include/CNA/Internal/Backends/SdlGpu/SdlGpuGraphicsBackend.hpp	struct	SpriteCommand
include/CNA/Internal/Backends/SdlGpu/SdlGpuGraphicsBackend.hpp	struct	SpriteVertex
include/CNA/Internal/Backends/SdlGpu/SdlGpuGraphicsBackend.hpp	struct	StencilKeyParams
include/CNA/Internal/Backends/SdlGpu/SdlGpuGraphicsBackend.hpp	struct	TexturedDrawCommand
include/CNA/Internal/Backends/SdlRenderer/SdlGraphicsBackend.hpp	class	SdlGraphicsBackend
include/CNA/Internal/Backends/SdlRenderer/SdlGraphicsBackend.hpp	class	SdlRenderTargetBackend
include/CNA/Internal/Backends/SdlRenderer/SdlGraphicsBackend.hpp	class	SdlSpriteBatchBackend
include/CNA/Internal/Backends/SdlRenderer/SdlGraphicsBackend.hpp	class	SdlTextureBackend
include/CNA/Internal/Backends/Skia/SkiaBlendMapping.hpp	enum_class	SkiaBlendMappingRoute
include/CNA/Internal/Backends/Skia/SkiaBlendMapping.hpp	enum_class	SkiaBlendSelectorDisposition
include/CNA/Internal/Backends/Skia/SkiaBlendMapping.hpp	struct	SkiaBlendMapping
include/CNA/Internal/Backends/Skia/SkiaCompressedMipChain2D.hpp	enum_class	SkiaCompressedMipChain2DLayoutError
include/CNA/Internal/Backends/Skia/SkiaEffectBackend.hpp	class	SkRuntimeEffect
include/CNA/Internal/Backends/Skia/SkiaEffectBackend.hpp	class	SkShader
include/CNA/Internal/Backends/Skia/SkiaEffectBackend.hpp	enum_class	UniformKind
include/CNA/Internal/Backends/Skia/SkiaGaneshContext.hpp	class	GrDirectContext
include/CNA/Internal/Backends/Skia/SkiaGaneshContext.hpp	struct	Impl
include/CNA/Internal/Backends/Skia/SkiaGaneshContext.hpp	struct	SDL_Window
include/CNA/Internal/Backends/Skia/SkiaGaneshSurface.hpp	class	SkCanvas
include/CNA/Internal/Backends/Skia/SkiaGaneshSurface.hpp	struct	Impl
include/CNA/Internal/Backends/Skia/SkiaGraphicsBackend.hpp	enum_class	SkiaInitializationFailurePointEXT
include/CNA/Internal/Backends/Skia/SkiaImageSource.hpp	class	SkiaImageSource
include/CNA/Internal/Backends/Skia/SkiaImageSource.hpp	enum_class	SkiaSourceAlphaConvention
include/CNA/Internal/Backends/Skia/SkiaImageSource.hpp	enum_class	SkiaSourceStorageAlpha
include/CNA/Internal/Backends/Skia/SkiaImageSource.hpp	enum_class	SkiaWorkingSourceRoute
include/CNA/Internal/Backends/Skia/SkiaMeshEffectBackend.hpp	class	SkRuntimeEffect
include/CNA/Internal/Backends/Skia/SkiaMeshEffectBackend.hpp	class	SkShader
include/CNA/Internal/Backends/Skia/SkiaMeshEffectBackend.hpp	enum_class	UniformKind
include/CNA/Internal/Backends/Skia/SkiaMipChain2D.hpp	enum_class	SkiaMipChain2DLayoutError
include/CNA/Internal/Backends/Skia/SkiaMipSampling.hpp	enum_class	SkiaMipLevelFilter
include/CNA/Internal/Backends/Skia/SkiaMipSampling.hpp	enum_class	SkiaWithinLevelFilter
include/CNA/Internal/Backends/Skia/SkiaRasterState.hpp	struct	SkiaRasterState
include/CNA/Internal/Backends/Skia/SkiaRasterTarget.hpp	class	SkiaRasterTarget
include/CNA/Internal/Backends/Skia/SkiaRasterTarget.hpp	class	SkiaSurface
include/CNA/Internal/Backends/Skia/SkiaSpriteBatchBackend.hpp	class	SkiaEffectBackend
include/CNA/Internal/Backends/Skia/SkiaSurface.hpp	class	SkCanvas
include/CNA/Internal/Backends/Software/SoftwareFramebufferAllocation.hpp	enum_class	SoftwareFramebufferAllocationError
include/CNA/Internal/Backends/Software/SoftwareFramebufferAllocation.hpp	struct	SoftwareFramebufferAllocationLayout
include/CNA/Internal/Backends/Software/SoftwareFramebufferAllocation.hpp	struct	SoftwareFramebufferAllocationRequest
include/CNA/Internal/Backends/Software/SoftwareGraphicsBackend.hpp	class	SoftwareColorSurface
include/CNA/Internal/Backends/Software/SoftwareGraphicsBackend.hpp	class	SoftwareGraphicsBackend
include/CNA/Internal/Backends/Software/SoftwareGraphicsBackend.hpp	class	SoftwareTextureBackend
include/CNA/Internal/Backends/Software/SoftwareGraphicsBackend.hpp	struct	MipLevel
include/CNA/Internal/Backends/Software/SoftwareGraphicsBackend.hpp	struct	SoftwareBlendState
include/CNA/Internal/Backends/Software/SoftwareGraphicsBackend.hpp	struct	SoftwareFramebuffer
include/CNA/Internal/Backends/Software/SoftwareGraphicsBackend.hpp	struct	SoftwareSamplerState
include/CNA/Internal/Backends/Software/SoftwareTextureAllocation.hpp	enum_class	SoftwareTextureAllocationError
include/CNA/Internal/Backends/Software/SoftwareTextureAllocation.hpp	struct	SoftwareTextureAllocationLayout
include/CNA/Internal/Backends/Software/SoftwareTextureAllocation.hpp	struct	SoftwareTextureAllocationRequest
include/CNA/Internal/Backends/Sokol/SokolGraphicsBackend.hpp	class	SokolEffectBackend
include/CNA/Internal/Backends/Sokol/SokolGraphicsBackend.hpp	class	SokolGraphicsBackend
include/CNA/Internal/Backends/Sokol/SokolGraphicsBackend.hpp	class	SokolGraphicsBackend
include/CNA/Internal/Backends/Sokol/SokolGraphicsBackend.hpp	class	SokolIndexBufferBackend
include/CNA/Internal/Backends/Sokol/SokolGraphicsBackend.hpp	class	SokolOcclusionQueryBackend
include/CNA/Internal/Backends/Sokol/SokolGraphicsBackend.hpp	class	SokolRenderTargetBackend
include/CNA/Internal/Backends/Sokol/SokolGraphicsBackend.hpp	class	SokolRenderTargetCubeBackend
include/CNA/Internal/Backends/Sokol/SokolGraphicsBackend.hpp	class	SokolSpriteBatchBackend
include/CNA/Internal/Backends/Sokol/SokolGraphicsBackend.hpp	class	SokolTexture3DBackend
include/CNA/Internal/Backends/Sokol/SokolGraphicsBackend.hpp	class	SokolTextureBackend
include/CNA/Internal/Backends/Sokol/SokolGraphicsBackend.hpp	class	SokolTextureCubeBackend
include/CNA/Internal/Backends/Sokol/SokolGraphicsBackend.hpp	class	SokolVertexBufferBackend
include/CNA/Internal/Backends/Sokol/SokolGraphicsBackend.hpp	enum_class	Shader3DKind
include/CNA/Internal/Backends/Sokol/SokolGraphicsBackend.hpp	enum_class	SokolApiEXT
include/CNA/Internal/Backends/Sokol/SokolGraphicsBackend.hpp	struct	PendingTextureBind
include/CNA/Internal/Backends/Sokol/SokolGraphicsBackend.hpp	struct	Pipeline3DKey
include/CNA/Internal/Backends/Sokol/SokolGraphicsBackend.hpp	struct	Pipeline3DKeyHash
include/CNA/Internal/Backends/Sokol/SokolGraphicsBackend.hpp	struct	PipelineInstanced3DKey
include/CNA/Internal/Backends/Sokol/SokolGraphicsBackend.hpp	struct	PipelineInstanced3DKeyHash
include/CNA/Internal/Backends/Sokol/SokolGraphicsBackend.hpp	struct	PipelineKey
include/CNA/Internal/Backends/Sokol/SokolGraphicsBackend.hpp	struct	PipelineKeyHash
include/CNA/Internal/Backends/Sokol/SokolGraphicsBackend.hpp	struct	SDL_Window
include/CNA/Internal/Backends/Sokol/SokolGraphicsBackend.hpp	struct	SamplerKey
include/CNA/Internal/Backends/Sokol/SokolGraphicsBackend.hpp	struct	SamplerKeyHash
include/CNA/Internal/Backends/Sokol/SokolGraphicsBackend.hpp	struct	SamplerSlotState
include/CNA/Internal/Backends/Sokol/SokolGraphicsBackend.hpp	struct	Vertex
include/CNA/Internal/Backends/Stub/StubGraphicsBackend.hpp	class	StubGraphicsBackend
include/CNA/Internal/Backends/Stub/StubGraphicsBackend.hpp	class	StubIndexBufferBackend
include/CNA/Internal/Backends/Stub/StubGraphicsBackend.hpp	class	StubSpriteBatchBackend
include/CNA/Internal/Backends/Stub/StubGraphicsBackend.hpp	class	StubTextureBackend
include/CNA/Internal/Backends/Stub/StubGraphicsBackend.hpp	class	StubVertexBufferBackend
include/CNA/Internal/Backends/Vulkan/VulkanGraphicsBackend.hpp	class	VulkanEffectBackend
include/CNA/Internal/Backends/Vulkan/VulkanGraphicsBackend.hpp	class	VulkanGraphicsBackend
include/CNA/Internal/Backends/Vulkan/VulkanGraphicsBackend.hpp	class	VulkanGraphicsBackend
include/CNA/Internal/Backends/Vulkan/VulkanGraphicsBackend.hpp	class	VulkanIndexBufferBackend
include/CNA/Internal/Backends/Vulkan/VulkanGraphicsBackend.hpp	class	VulkanMRTProxy
include/CNA/Internal/Backends/Vulkan/VulkanGraphicsBackend.hpp	class	VulkanOcclusionQueryBackend
include/CNA/Internal/Backends/Vulkan/VulkanGraphicsBackend.hpp	class	VulkanRenderTargetBackend
include/CNA/Internal/Backends/Vulkan/VulkanGraphicsBackend.hpp	class	VulkanRenderTargetBackend
include/CNA/Internal/Backends/Vulkan/VulkanGraphicsBackend.hpp	class	VulkanRenderTargetCubeBackend
include/CNA/Internal/Backends/Vulkan/VulkanGraphicsBackend.hpp	class	VulkanRenderTargetCubeBackend
include/CNA/Internal/Backends/Vulkan/VulkanGraphicsBackend.hpp	class	VulkanSpriteBatchBackend
include/CNA/Internal/Backends/Vulkan/VulkanGraphicsBackend.hpp	class	VulkanTexture3DBackend
include/CNA/Internal/Backends/Vulkan/VulkanGraphicsBackend.hpp	class	VulkanTextureBackend
include/CNA/Internal/Backends/Vulkan/VulkanGraphicsBackend.hpp	class	VulkanTextureCubeBackend
include/CNA/Internal/Backends/Vulkan/VulkanGraphicsBackend.hpp	class	VulkanVertexBufferBackend
include/CNA/Internal/Backends/Vulkan/VulkanGraphicsBackend.hpp	enum_class	RecordMode
include/CNA/Internal/Backends/Vulkan/VulkanGraphicsBackend.hpp	struct	BatchSnapshot
include/CNA/Internal/Backends/Vulkan/VulkanGraphicsBackend.hpp	struct	BlendKeyParams
include/CNA/Internal/Backends/Vulkan/VulkanGraphicsBackend.hpp	struct	BlendKeyParams
include/CNA/Internal/Backends/Vulkan/VulkanGraphicsBackend.hpp	struct	DepthStencilKeyParams
include/CNA/Internal/Backends/Vulkan/VulkanGraphicsBackend.hpp	struct	DrawCall
include/CNA/Internal/Backends/Vulkan/VulkanGraphicsBackend.hpp	struct	EffectDescSetEntry
include/CNA/Internal/Backends/Vulkan/VulkanGraphicsBackend.hpp	struct	IVulkanCubeSamplable
include/CNA/Internal/Backends/Vulkan/VulkanGraphicsBackend.hpp	struct	IVulkanSamplable
include/CNA/Internal/Backends/Vulkan/VulkanGraphicsBackend.hpp	struct	PbrSlotSamplersEXTResult
include/CNA/Internal/Backends/Vulkan/VulkanGraphicsBackend.hpp	struct	Pending3DDraw
include/CNA/Internal/Backends/Vulkan/VulkanGraphicsBackend.hpp	struct	PendingBatch
include/CNA/Internal/Backends/Vulkan/VulkanGraphicsBackend.hpp	struct	PendingClear
include/CNA/Internal/Backends/Vulkan/VulkanGraphicsBackend.hpp	struct	PipelineKey
include/CNA/Internal/Backends/Vulkan/VulkanGraphicsBackend.hpp	struct	PipelineKeyHash
include/CNA/Internal/Backends/Vulkan/VulkanGraphicsBackend.hpp	struct	PipelineVariantKey
include/CNA/Internal/Backends/Vulkan/VulkanGraphicsBackend.hpp	struct	PipelineVariantKeyHash
include/CNA/Internal/Backends/Vulkan/VulkanGraphicsBackend.hpp	struct	RetiredResources
include/CNA/Internal/Backends/Vulkan/VulkanGraphicsBackend.hpp	struct	SamplerStateKey
include/CNA/Internal/Backends/Vulkan/VulkanGraphicsBackend.hpp	struct	Sprite2DVertex
include/CNA/Internal/Backends/Vulkan/VulkanGraphicsBackend.hpp	struct	SwapchainPassKey
include/CNA/Internal/Backends/Vulkan/VulkanGraphicsBackend.hpp	struct	VulkanRTSource
include/CNA/Internal/Backends/WebGPU/WebGPUGraphicsBackend.hpp	class	IWebGPUCubeSamplable
include/CNA/Internal/Backends/WebGPU/WebGPUGraphicsBackend.hpp	class	IWebGPUSamplable
include/CNA/Internal/Backends/WebGPU/WebGPUGraphicsBackend.hpp	class	WebGPUGraphicsBackend
include/CNA/Internal/Backends/WebGPU/WebGPUGraphicsBackend.hpp	class	WebGPURenderTargetBackend
include/CNA/Internal/Backends/WebGPU/WebGPUGraphicsBackend.hpp	class	WebGPUSampledResourceEXT
include/CNA/Internal/Backends/WebGPU/WebGPUGraphicsBackend.hpp	enum_class	DrawFamily
include/CNA/Internal/Backends/WebGPU/WebGPUGraphicsBackend.hpp	enum_class	OrderedKind
include/CNA/Internal/Backends/WebGPU/WebGPUGraphicsBackend.hpp	struct	AlphaTestDrawCommand
include/CNA/Internal/Backends/WebGPU/WebGPUGraphicsBackend.hpp	struct	BlendKeyParams
include/CNA/Internal/Backends/WebGPU/WebGPUGraphicsBackend.hpp	struct	ColoredDrawCommand
include/CNA/Internal/Backends/WebGPU/WebGPUGraphicsBackend.hpp	struct	DrawOrderEntry
include/CNA/Internal/Backends/WebGPU/WebGPUGraphicsBackend.hpp	struct	DualTextureDrawCommand
include/CNA/Internal/Backends/WebGPU/WebGPUGraphicsBackend.hpp	struct	EnvMapDrawCommand
include/CNA/Internal/Backends/WebGPU/WebGPUGraphicsBackend.hpp	struct	InstancedDrawCommand
include/CNA/Internal/Backends/WebGPU/WebGPUGraphicsBackend.hpp	struct	LitTexturedDrawCommand
include/CNA/Internal/Backends/WebGPU/WebGPUGraphicsBackend.hpp	struct	LogicalViewport
include/CNA/Internal/Backends/WebGPU/WebGPUGraphicsBackend.hpp	struct	OrderedClearCommand
include/CNA/Internal/Backends/WebGPU/WebGPUGraphicsBackend.hpp	struct	PassDestination
include/CNA/Internal/Backends/WebGPU/WebGPUGraphicsBackend.hpp	struct	PassSegmentPlan
include/CNA/Internal/Backends/WebGPU/WebGPUGraphicsBackend.hpp	struct	PbrDrawCommand
include/CNA/Internal/Backends/WebGPU/WebGPUGraphicsBackend.hpp	struct	ReplayState
include/CNA/Internal/Backends/WebGPU/WebGPUGraphicsBackend.hpp	struct	SkinnedDrawCommand
include/CNA/Internal/Backends/WebGPU/WebGPUGraphicsBackend.hpp	struct	SkinnedPbrDrawCommand
include/CNA/Internal/Backends/WebGPU/WebGPUGraphicsBackend.hpp	struct	SlotSamplerState
include/CNA/Internal/Backends/WebGPU/WebGPUGraphicsBackend.hpp	struct	SpriteCommand
include/CNA/Internal/Backends/WebGPU/WebGPUGraphicsBackend.hpp	struct	SpritePipelineKey
include/CNA/Internal/Backends/WebGPU/WebGPUGraphicsBackend.hpp	struct	SpritePipelineKeyHash
include/CNA/Internal/Backends/WebGPU/WebGPUGraphicsBackend.hpp	struct	SpriteVertex
include/CNA/Internal/Backends/WebGPU/WebGPUGraphicsBackend.hpp	struct	TexturedDrawCommand
include/CNA/Internal/Backends/WebGPU/WebGPUGraphicsBackend.hpp	struct	WebGPUPassScissorState
include/CNA/Internal/Backends/WebGPU/WebGPUGraphicsBackend.hpp	struct	WebGPUPassViewportState
include/CNA/Internal/Backends/WebGPU/WebGPUGraphicsBackend.hpp	struct	WebGPUSampledTextureEXT
include/CNA/Internal/Backends/WebGPU/WebGPUGraphicsBackend.hpp	struct	WebGPUScissorSnapshot
include/CNA/Internal/Backends/WebGPU/WebGPUGraphicsBackend.hpp	struct	WebGPUSpriteBlendSnapshot
include/CNA/Internal/Backends/WebGPU/WebGPUGraphicsBackend.hpp	struct	WebGPUViewportSnapshot
include/CNA/Internal/Backends/Wicked/WickedGraphicsBackend.hpp	class	WickedGraphicsBackend
include/CNA/Internal/Backends/Wicked/WickedGraphicsBackend.hpp	class	WickedTextureBackend
include/CNA/Internal/Backends/Wicked/WickedGraphicsBackend.hpp	struct	PresentRect
include/CNA/Internal/Backends/Wicked/WickedGraphicsBackend.hpp	struct	SamplerSlotState
include/CNA/Internal/Backends/Wicked/WickedGraphicsBackend.hpp	struct	SceneTarget
include/CNA/Internal/Backends/Wicked/WickedGraphicsBackend.hpp	struct	SpriteVertex
include/CNA/Internal/CnjEnvelope.hpp	struct	CnjEnvelope
include/CNA/Internal/CnjSourceFile.hpp	struct	CnjSourceFileResult
include/CNA/Internal/GamerServices/LocalGamerServicesStore.hpp	class	PropertyDictionary
include/CNA/Internal/GamerServices/LocalGamerServicesStore.hpp	struct	PersistedAchievement
include/CNA/Internal/GamerServices/LocalGamerServicesStore.hpp	struct	PersistedLeaderboardEntry
include/CNA/Internal/GltfImport/GltfImportCore.hpp	struct	BoneOut
include/CNA/Internal/GltfImport/GltfImportCore.hpp	struct	ClipOut
include/CNA/Internal/GltfImport/GltfImportCore.hpp	struct	ExtractedImage
include/CNA/Internal/GltfImport/GltfImportCore.hpp	struct	KeyframeOut
include/CNA/Internal/GltfImport/GltfImportCore.hpp	struct	LightOut
include/CNA/Internal/GltfImport/GltfImportCore.hpp	struct	MeshGroup
include/CNA/Internal/GltfImport/GltfImportCore.hpp	struct	MeshOut
include/CNA/Internal/GltfImport/GltfImportCore.hpp	struct	MorphWeightKeyframeOut
include/CNA/Internal/GltfImport/GltfImportCore.hpp	struct	MorphWeightTrackOut
include/CNA/Internal/GltfImport/GltfImportCore.hpp	struct	SkeletonResult
include/CNA/Internal/GltfImport/GltfImportCore.hpp	struct	TrackOut
include/CNA/Internal/Graphics/Bc7Util.hpp	class	Bc7Util
include/CNA/Internal/Graphics/BuiltInVertexStreams.hpp	struct	PositionColorStream
include/CNA/Internal/Graphics/BuiltInVertexStreams.hpp	struct	PositionColorTextureStream
include/CNA/Internal/Graphics/BuiltInVertexStreams.hpp	struct	PositionNormalTangentTextureSkinnedStream
include/CNA/Internal/Graphics/BuiltInVertexStreams.hpp	struct	PositionNormalTangentTextureStream
include/CNA/Internal/Graphics/BuiltInVertexStreams.hpp	struct	PositionNormalTextureSkinnedStream
include/CNA/Internal/Graphics/BuiltInVertexStreams.hpp	struct	PositionNormalTextureStream
include/CNA/Internal/Graphics/BuiltInVertexStreams.hpp	struct	PositionTextureStream
include/CNA/Internal/Graphics/BuiltInVertexStreams.hpp	struct	VertexStreamOf
include/CNA/Internal/Graphics/DxtUtil.hpp	class	DxtUtil
include/CNA/Internal/Graphics/ImageData.hpp	struct	ImageData
include/CNA/Internal/Graphics/ImageLoader.hpp	class	ImageLoader
include/CNA/Internal/Graphics/VertexDeclarationFidelity.hpp	class	DeclaredVertexLayout
include/CNA/Internal/Graphics/VertexDeclarationFidelity.hpp	enum_class	UnlistedStrideLayout
include/CNA/Internal/Graphics/VertexDeclarationFidelity.hpp	struct	InferredVertexElement
include/CNA/Internal/Graphics/VertexDeclarationFidelity.hpp	struct	InferredVertexLayout
include/CNA/Internal/Graphics/VertexDeclarationFidelity.hpp	struct	StockProgramInput
include/CNA/Internal/Input/GestureDetector.hpp	class	GestureDetector
include/CNA/Internal/Input/InputManager.hpp	class	InputManager
include/CNA/Internal/Input/InputManager.hpp	enum_class	GamePadAxis
include/CNA/Internal/Input/InputManager.hpp	enum_class	GamePadButton
include/CNA/Internal/Input/InputManager.hpp	enum_class	MouseButton
include/CNA/Internal/Input/InputManager.hpp	struct	RawGamePadState
include/CNA/Internal/Input/SdlGamepadBackend.hpp	class	ISdlGamepadBackend
include/CNA/Internal/Input/SdlHapticBackend.hpp	class	ISdlHapticBackend
include/CNA/Internal/Input/SdlInputBridge.hpp	class	SdlInputBridge
include/CNA/Internal/Input/SdlJoystickBackend.hpp	class	ISdlJoystickBackend
include/CNA/Internal/Input/SystemDeviceBackend.hpp	struct	ISystemDeviceBackend
include/CNA/Internal/Input/SystemKeyboardBackend.hpp	struct	ISystemKeyboardBackend
include/CNA/Internal/Input/SystemMouseBackend.hpp	struct	ISystemMouseBackend
include/CNA/Internal/Input/SystemPowerBackend.hpp	struct	ISystemPowerBackend
include/CNA/Internal/Input/SystemSensorBackend.hpp	struct	ISystemSensorBackend
include/CNA/Internal/Json.hpp	class	JsonParseException
include/CNA/Internal/Json.hpp	class	JsonParser
include/CNA/Internal/Json.hpp	enum_class	JsonType
include/CNA/Internal/Json.hpp	struct	JsonValue
include/CNA/Internal/Media/AudioDurationProbe.hpp	class	AudioDurationProbe
include/CNA/Internal/Media/AudioTagParser.hpp	class	AudioTagParser
include/CNA/Internal/Media/AudioTagParser.hpp	struct	AudioTags
include/CNA/Internal/Media/MediaCollectionBase.hpp	class	MediaCollectionBase
include/CNA/Internal/Media/MediaLibraryIndex.hpp	class	MediaLibraryIndex
include/CNA/Internal/Media/MediaLibraryIndex.hpp	struct	IndexedSong
include/CNA/Internal/Media/MediaLibraryPaths.hpp	class	MediaLibraryPaths
include/CNA/Internal/Media/PictureLibraryIndex.hpp	class	PictureLibraryIndex
include/CNA/Internal/Media/PictureLibraryIndex.hpp	struct	IndexedPicture
include/CNA/Internal/Media/PictureLibraryIndex.hpp	struct	PictureAlbumNode
include/CNA/Internal/Media/PlaylistParser.hpp	class	PlaylistParser
include/CNA/Internal/Media/PlaylistParser.hpp	struct	ParsedPlaylist
include/CNA/Internal/Media/SavedPictureStore.hpp	class	SavedPictureStore
include/CNA/Internal/Media/ThumbnailGenerator.hpp	class	ThumbnailGenerator
include/CNA/Internal/Media/VideoDecoder.hpp	class	VideoDecoder
include/CNA/Internal/Media/VideoDecoder.hpp	struct	AVCodec
include/CNA/Internal/Media/VideoDecoder.hpp	struct	AVCodecContext
include/CNA/Internal/Media/VideoDecoder.hpp	struct	AVCodecParameters
include/CNA/Internal/Media/VideoDecoder.hpp	struct	AVFormatContext
include/CNA/Internal/Media/VideoDecoder.hpp	struct	AVFrame
include/CNA/Internal/Media/VideoDecoder.hpp	struct	AVPacket
include/CNA/Internal/Media/VideoDecoder.hpp	struct	SwrContext
include/CNA/Internal/Media/VisualizationCapture.hpp	class	VisualizationCapture
include/CNA/Internal/Media/VisualizationFFT.hpp	class	VisualizationFFT
include/CNA/Internal/Net/ENetBackend.hpp	class	ENetBackend
include/CNA/Internal/Net/ENetBackend.hpp	class	NetworkGamer
include/CNA/Internal/Net/ENetBackend.hpp	class	NetworkSession
include/CNA/Internal/Net/ENetDiscoveryService.hpp	class	ENetDiscoveryService
include/CNA/Internal/Net/ENetDiscoveryService.hpp	class	NetworkSession
include/CNA/Internal/Net/ENetHostHandle.hpp	class	ENetHostHandle
include/CNA/Internal/Net/ENetLibrary.hpp	class	ENetLibrary
include/CNA/Internal/Net/NetDiscoveryProtocol.hpp	class	NetDiscoveryProtocol
include/CNA/Internal/Net/NetDiscoveryProtocol.hpp	enum_class	DiscoveryMessageTag
include/CNA/Internal/Net/NetDiscoveryProtocol.hpp	struct	DiscoveryAnnounceMessage
include/CNA/Internal/Net/NetDiscoveryProtocol.hpp	struct	DiscoveryQueryMessage
include/CNA/Internal/Net/NetPacketCodec.hpp	class	NetPacketCodec
include/CNA/Internal/Net/NetPacketCodec.hpp	enum_class	MessageTag
include/CNA/Internal/Net/NetPacketCodec.hpp	struct	AppDataMessage
include/CNA/Internal/Net/NetPacketCodec.hpp	struct	ClientHelloMessage
include/CNA/Internal/Net/NetPacketCodec.hpp	struct	GamerJoinBroadcastMessage
include/CNA/Internal/Net/NetPacketCodec.hpp	struct	GamerLeaveBroadcastMessage
include/CNA/Internal/Net/NetPacketCodec.hpp	struct	RosterEntry
include/CNA/Internal/Net/NetPacketCodec.hpp	struct	ServerWelcomeMessage
include/CNA/Internal/Net/NetPacketCodec.hpp	struct	StateChangeBroadcastMessage
include/CNA/Internal/PathContainment.hpp	struct	ContainedPathResult
include/CNA/Internal/Xnb/CollectionContentTypeReaders.hpp	class	ArrayReader
include/CNA/Internal/Xnb/CollectionContentTypeReaders.hpp	class	DictionaryReader
include/CNA/Internal/Xnb/CollectionContentTypeReaders.hpp	class	ListReader
include/CNA/Internal/Xnb/CollectionContentTypeReaders.hpp	class	NullableReader
include/CNA/Internal/Xnb/CollectionContentTypeReaders.hpp	struct	IsSharedPtr
include/CNA/Internal/Xnb/CurveContentTypeReader.hpp	class	CurveReader
include/CNA/Internal/Xnb/DecimalDateTimeContentTypeReaders.hpp	class	DateTimeReader
include/CNA/Internal/Xnb/DecimalDateTimeContentTypeReaders.hpp	class	DecimalReader
include/CNA/Internal/Xnb/DecimalDateTimeContentTypeReaders.hpp	class	TimeSpanReader
include/CNA/Internal/Xnb/LzxDecoder.hpp	class	BitBuffer
include/CNA/Internal/Xnb/LzxDecoder.hpp	class	LzxDecoder
include/CNA/Internal/Xnb/LzxDecoder.hpp	class	UnsupportedLzxWindowSizeRange
include/CNA/Internal/Xnb/LzxDecoder.hpp	enum_class	BlockType
include/CNA/Internal/Xnb/LzxDecoder.hpp	struct	LzxState
include/CNA/Internal/Xnb/MathContentTypeReaders.hpp	class	BoundingBoxReader
include/CNA/Internal/Xnb/MathContentTypeReaders.hpp	class	BoundingFrustumReader
include/CNA/Internal/Xnb/MathContentTypeReaders.hpp	class	BoundingSphereReader
include/CNA/Internal/Xnb/MathContentTypeReaders.hpp	class	ColorReader
include/CNA/Internal/Xnb/MathContentTypeReaders.hpp	class	MatrixReader
include/CNA/Internal/Xnb/MathContentTypeReaders.hpp	class	PlaneReader
include/CNA/Internal/Xnb/MathContentTypeReaders.hpp	class	PointReader
include/CNA/Internal/Xnb/MathContentTypeReaders.hpp	class	QuaternionReader
include/CNA/Internal/Xnb/MathContentTypeReaders.hpp	class	RayReader
include/CNA/Internal/Xnb/MathContentTypeReaders.hpp	class	RectangleReader
include/CNA/Internal/Xnb/MathContentTypeReaders.hpp	class	Vector2Reader
include/CNA/Internal/Xnb/MathContentTypeReaders.hpp	class	Vector3Reader
include/CNA/Internal/Xnb/MathContentTypeReaders.hpp	class	Vector4Reader
include/CNA/Internal/Xnb/ModelContentTypeReaders.hpp	class	IndexBufferReader
include/CNA/Internal/Xnb/ModelContentTypeReaders.hpp	class	ModelReader
include/CNA/Internal/Xnb/ModelContentTypeReaders.hpp	class	VertexBufferReader
include/CNA/Internal/Xnb/ModelContentTypeReaders.hpp	class	VertexDeclarationReader
include/CNA/Internal/Xnb/PrimitiveContentTypeReaders.hpp	class	BooleanReader
include/CNA/Internal/Xnb/PrimitiveContentTypeReaders.hpp	class	ByteReader
include/CNA/Internal/Xnb/PrimitiveContentTypeReaders.hpp	class	CharReader
include/CNA/Internal/Xnb/PrimitiveContentTypeReaders.hpp	class	DoubleReader
include/CNA/Internal/Xnb/PrimitiveContentTypeReaders.hpp	class	Int16Reader
include/CNA/Internal/Xnb/PrimitiveContentTypeReaders.hpp	class	Int32Reader
include/CNA/Internal/Xnb/PrimitiveContentTypeReaders.hpp	class	Int64Reader
include/CNA/Internal/Xnb/PrimitiveContentTypeReaders.hpp	class	SByteReader
include/CNA/Internal/Xnb/PrimitiveContentTypeReaders.hpp	class	SingleReader
include/CNA/Internal/Xnb/PrimitiveContentTypeReaders.hpp	class	StringReader
include/CNA/Internal/Xnb/PrimitiveContentTypeReaders.hpp	class	UInt16Reader
include/CNA/Internal/Xnb/PrimitiveContentTypeReaders.hpp	class	UInt32Reader
include/CNA/Internal/Xnb/PrimitiveContentTypeReaders.hpp	class	UInt64Reader
include/CNA/Internal/Xnb/SongContentTypeReader.hpp	class	SongReader
include/CNA/Internal/Xnb/SoundEffectContentTypeReader.hpp	class	SoundEffectReader
include/CNA/Internal/Xnb/SpriteFontContentTypeReader.hpp	class	SpriteFontReader
include/CNA/Internal/Xnb/StockEffectContentTypeReaders.hpp	class	AlphaTestEffectReader
include/CNA/Internal/Xnb/StockEffectContentTypeReaders.hpp	class	BasicEffectReader
include/CNA/Internal/Xnb/StockEffectContentTypeReaders.hpp	class	DualTextureEffectReader
include/CNA/Internal/Xnb/StockEffectContentTypeReaders.hpp	class	EnvironmentMapEffectReader
include/CNA/Internal/Xnb/StockEffectContentTypeReaders.hpp	class	SkinnedEffectReader
include/CNA/Internal/Xnb/Texture2DContentTypeReader.hpp	class	Texture2DReader
include/CNA/Internal/Xnb/Texture3DContentTypeReader.hpp	class	Texture3DReader
include/CNA/Internal/Xnb/TextureCubeContentTypeReader.hpp	class	TextureCubeReader
include/CNA/Internal/Xnb/VideoContentTypeReader.hpp	class	VideoReader
include/CNA/Internal/Xnb/XnbHeader.hpp	enum_class	XnbCompression
include/CNA/Internal/Xnb/XnbHeader.hpp	struct	XnbHeader
include/CNA/Internal/Xnb/XnbReadLimits.hpp	struct	XnbReadLimits
include/CNA/Internal/Xnb/XnbTypeName.hpp	struct	XnbTypeName
include/CNA/Internal/Xnb/XnbTypeReaderTable.hpp	struct	XnbTypeReaderTableEntry
include/CNA/LogCategory.hpp	enum_class	LogCategory
include/CNA/LogLevel.hpp	enum_class	LogLevel
include/CNA/Logger.hpp	class	Logger
include/CNA/Misc.hpp	class	Runtime
include/CNA/Misc.hpp	struct	RuntimeOptions
include/CNA/Platform.hpp	enum_class	Platform
include/CNA/Unsupported3DGraphicsCallBehavior.hpp	enum_class	Unsupported3DGraphicsCallBehavior
include/Microsoft/Devices/Detail/DevicesShutdownCoordinator.hpp	class	DevicesShutdownCoordinator
include/Microsoft/Devices/Detail/IVibrateBackend.hpp	class	IVibrateBackend
include/Microsoft/Devices/Sensors/Accelerometer.hpp	class	SdlSensorSubsystem
include/Microsoft/Devices/Sensors/AccelerometerFailedException.hpp	class	AccelerometerFailedException
include/Microsoft/Devices/Sensors/AccelerometerReading.hpp	class	AccelerometerReading
include/Microsoft/Devices/Sensors/AccelerometerReadingEventArgs.hpp	class	AccelerometerReadingEventArgs
include/Microsoft/Devices/Sensors/AttitudeReading.hpp	class	AttitudeReading
include/Microsoft/Devices/Sensors/CalibrationEventArgs.hpp	class	CalibrationEventArgs
include/Microsoft/Devices/Sensors/CompassReading.hpp	class	CompassReading
include/Microsoft/Devices/Sensors/Detail/AndroidCompassMath.hpp	enum_class	AndroidSensorAccuracyStatus
include/Microsoft/Devices/Sensors/Detail/AndroidSensorBridge.hpp	struct	AndroidSensorSample
include/Microsoft/Devices/Sensors/Detail/AndroidSensorBridge.hpp	struct	Impl
include/Microsoft/Devices/Sensors/Detail/AndroidSensorOrientation.hpp	enum_class	AndroidSensorLandscapeOrientation
include/Microsoft/Devices/Sensors/Detail/ICompassBackend.hpp	class	ICompassBackend
include/Microsoft/Devices/Sensors/Detail/IMotionBackend.hpp	class	IMotionBackend
include/Microsoft/Devices/Sensors/Detail/NativeDiagnostic.hpp	class	NativeDiagnosticSink
include/Microsoft/Devices/Sensors/Detail/NativeDiagnostic.hpp	enum_class	NativeDiagnosticSeverity
include/Microsoft/Devices/Sensors/Detail/NativeDiagnostic.hpp	struct	NativeDiagnosticRecord
include/Microsoft/Devices/Sensors/Detail/SdlSensorSubsystem.hpp	class	ProbeGuard
include/Microsoft/Devices/Sensors/Detail/SdlSensorSubsystem.hpp	class	ScopeExit
include/Microsoft/Devices/Sensors/Detail/SdlSensorSubsystem.hpp	class	SdlSensorSubsystem
include/Microsoft/Devices/Sensors/Detail/SdlSensorSubsystem.hpp	struct	DispatchRegistration
include/Microsoft/Devices/Sensors/Detail/SensorOwnerControlBlock.hpp	struct	SensorOwnerControlBlock
include/Microsoft/Devices/Sensors/Gyroscope.hpp	class	SdlSensorSubsystem
include/Microsoft/Devices/Sensors/GyroscopeReading.hpp	class	GyroscopeReading
include/Microsoft/Devices/Sensors/ISensorReading.hpp	class	ISensorReading
include/Microsoft/Devices/Sensors/MotionReading.hpp	class	MotionReading
include/Microsoft/Devices/Sensors/SensorBase.hpp	class	DisposalTerminalStateGuard
include/Microsoft/Devices/Sensors/SensorBase.hpp	class	SensorBase
include/Microsoft/Devices/Sensors/SensorFailedException.hpp	class	SensorFailedException
include/Microsoft/Devices/Sensors/SensorReadingEventArgs.hpp	class	SensorReadingEventArgs
include/Microsoft/Devices/Sensors/SensorState.hpp	enum_class	SensorState
include/Microsoft/Xna/Framework/Audio/AudioCategory.hpp	class	AudioEngine
include/Microsoft/Xna/Framework/Audio/AudioCategory.hpp	struct	AudioCategory
include/Microsoft/Xna/Framework/Audio/AudioChannels.hpp	enum_class	AudioChannels
include/Microsoft/Xna/Framework/Audio/AudioEmitter.hpp	class	AudioEmitter
include/Microsoft/Xna/Framework/Audio/AudioEngine.hpp	class	AudioCategory
include/Microsoft/Xna/Framework/Audio/AudioEngine.hpp	class	AudioEngine
include/Microsoft/Xna/Framework/Audio/AudioEngine.hpp	class	Cue
include/Microsoft/Xna/Framework/Audio/AudioEngine.hpp	class	SoundBank
include/Microsoft/Xna/Framework/Audio/AudioEngine.hpp	class	WaveBank
include/Microsoft/Xna/Framework/Audio/AudioEngine.hpp	struct	CueVariableInfo
include/Microsoft/Xna/Framework/Audio/AudioEngine.hpp	struct	XactEngineImpl
include/Microsoft/Xna/Framework/Audio/AudioListener.hpp	class	AudioListener
include/Microsoft/Xna/Framework/Audio/AudioStopOptions.hpp	enum_class	AudioStopOptions
include/Microsoft/Xna/Framework/Audio/Cue.hpp	class	SoundBank
include/Microsoft/Xna/Framework/Audio/Cue.hpp	class	SoundEffectInstance
include/Microsoft/Xna/Framework/Audio/Cue.hpp	class	WaveBank
include/Microsoft/Xna/Framework/Audio/Cue.hpp	enum_class	State
include/Microsoft/Xna/Framework/Audio/Cue.hpp	struct	PlaybackInstance
include/Microsoft/Xna/Framework/Audio/Cue.hpp	struct	RpcResult
include/Microsoft/Xna/Framework/Audio/Microphone.hpp	class	Microphone
include/Microsoft/Xna/Framework/Audio/Microphone.hpp	struct	SDL_AudioStream
include/Microsoft/Xna/Framework/Audio/MicrophoneState.hpp	enum_class	MicrophoneState
include/Microsoft/Xna/Framework/Audio/RendererDetail.hpp	struct	RendererDetail
include/Microsoft/Xna/Framework/Audio/SoundBank.hpp	class	AudioEmitter
include/Microsoft/Xna/Framework/Audio/SoundBank.hpp	class	AudioEngine
include/Microsoft/Xna/Framework/Audio/SoundBank.hpp	class	AudioListener
include/Microsoft/Xna/Framework/Audio/SoundBank.hpp	class	Cue
include/Microsoft/Xna/Framework/Audio/SoundBank.hpp	class	SoundBank
include/Microsoft/Xna/Framework/Audio/SoundBank.hpp	struct	FireAndForget
include/Microsoft/Xna/Framework/Audio/SoundBank.hpp	struct	XactSoundBankImpl
include/Microsoft/Xna/Framework/Audio/SoundEffect.hpp	class	Impl
include/Microsoft/Xna/Framework/Audio/SoundEffectInstance.hpp	class	AudioEmitter
include/Microsoft/Xna/Framework/Audio/SoundEffectInstance.hpp	class	AudioListener
include/Microsoft/Xna/Framework/Audio/SoundEffectInstance.hpp	class	Cue
include/Microsoft/Xna/Framework/Audio/SoundEffectInstance.hpp	class	SoundEffect
include/Microsoft/Xna/Framework/Audio/SoundEffectInstance.hpp	class	SoundEffectInstance
include/Microsoft/Xna/Framework/Audio/SoundEffectInstance.hpp	struct	FilterState
include/Microsoft/Xna/Framework/Audio/SoundState.hpp	enum_class	SoundState
include/Microsoft/Xna/Framework/Audio/WaveBank.hpp	class	AudioEngine
include/Microsoft/Xna/Framework/Audio/WaveBank.hpp	class	Cue
include/Microsoft/Xna/Framework/Audio/WaveBank.hpp	class	SoundEffect
include/Microsoft/Xna/Framework/Audio/WaveBank.hpp	class	WaveBank
include/Microsoft/Xna/Framework/Audio/WaveBank.hpp	struct	XactWaveBankImpl
include/Microsoft/Xna/Framework/BoundingBox.hpp	enum_class	ContainmentType
include/Microsoft/Xna/Framework/BoundingBox.hpp	enum_class	PlaneIntersectionType
include/Microsoft/Xna/Framework/BoundingBox.hpp	struct	BoundingBox
include/Microsoft/Xna/Framework/BoundingBox.hpp	struct	BoundingFrustum
include/Microsoft/Xna/Framework/BoundingBox.hpp	struct	BoundingSphere
include/Microsoft/Xna/Framework/BoundingBox.hpp	struct	Plane
include/Microsoft/Xna/Framework/BoundingBox.hpp	struct	Ray
include/Microsoft/Xna/Framework/BoundingFrustum.hpp	class	BoundingFrustum
include/Microsoft/Xna/Framework/BoundingFrustum.hpp	struct	BoundingBox
include/Microsoft/Xna/Framework/BoundingFrustum.hpp	struct	BoundingSphere
include/Microsoft/Xna/Framework/BoundingFrustum.hpp	struct	Ray
include/Microsoft/Xna/Framework/BoundingSphere.hpp	class	BoundingFrustum
include/Microsoft/Xna/Framework/BoundingSphere.hpp	struct	BoundingBox
include/Microsoft/Xna/Framework/BoundingSphere.hpp	struct	BoundingSphere
include/Microsoft/Xna/Framework/BoundingSphere.hpp	struct	Matrix
include/Microsoft/Xna/Framework/BoundingSphere.hpp	struct	Plane
include/Microsoft/Xna/Framework/BoundingSphere.hpp	struct	Ray
include/Microsoft/Xna/Framework/Color.hpp	struct	Color
include/Microsoft/Xna/Framework/ContainmentType.hpp	enum_class	ContainmentType
include/Microsoft/Xna/Framework/Content/ContentLoadException.hpp	class	ContentLoadException
include/Microsoft/Xna/Framework/Content/ContentManager.hpp	class	ContentManager
include/Microsoft/Xna/Framework/Content/ContentManager.hpp	class	GenericCnjTypeReader
include/Microsoft/Xna/Framework/Content/ContentManager.hpp	struct	AssetCacheKey
include/Microsoft/Xna/Framework/Content/ContentManager.hpp	struct	AssetCacheKeyHash
include/Microsoft/Xna/Framework/Content/ContentManager.hpp	struct	WeakTextureEntry
include/Microsoft/Xna/Framework/Content/ContentReader.hpp	class	ContentManager
include/Microsoft/Xna/Framework/Content/ContentReader.hpp	class	ContentReader
include/Microsoft/Xna/Framework/Content/ContentReader.hpp	struct	IsDisposableSharedPtr
include/Microsoft/Xna/Framework/Content/ContentReader.hpp	struct	ObjectDepthGuard
include/Microsoft/Xna/Framework/Content/ContentTypeReader.hpp	class	ContentReader
include/Microsoft/Xna/Framework/Content/ContentTypeReader.hpp	class	ContentTypeReader
include/Microsoft/Xna/Framework/Content/ContentTypeReader.hpp	class	ContentTypeReaderManager
include/Microsoft/Xna/Framework/Content/ContentTypeReaderManager.hpp	class	ContentTypeReaderManager
include/Microsoft/Xna/Framework/Content/LooseFileContentTypeReader.hpp	class	ContentManager
include/Microsoft/Xna/Framework/Content/ResourceContentManager.hpp	class	ResourceContentManager
include/Microsoft/Xna/Framework/Curve.hpp	class	Curve
include/Microsoft/Xna/Framework/CurveContinuity.hpp	enum_class	CurveContinuity
include/Microsoft/Xna/Framework/CurveKey.hpp	class	CurveKey
include/Microsoft/Xna/Framework/CurveKeyCollection.hpp	class	CurveKeyCollection
include/Microsoft/Xna/Framework/CurveLoopType.hpp	enum_class	CurveLoopType
include/Microsoft/Xna/Framework/CurveTangent.hpp	enum_class	CurveTangent
include/Microsoft/Xna/Framework/DisplayOrientation.hpp	enum_class	DisplayOrientation
include/Microsoft/Xna/Framework/DrawableGameComponent.hpp	class	DrawableGameComponent
include/Microsoft/Xna/Framework/ExitingEventArgs.hpp	class	ExitingEventArgs
include/Microsoft/Xna/Framework/Game.hpp	class	Game
include/Microsoft/Xna/Framework/Game.hpp	struct	EmscriptenLoopState
include/Microsoft/Xna/Framework/GameComponent.hpp	class	Game
include/Microsoft/Xna/Framework/GameComponent.hpp	class	GameComponent
include/Microsoft/Xna/Framework/GameComponentCollectionEventArgs.hpp	class	GameComponentCollectionEventArgs
include/Microsoft/Xna/Framework/GameServiceContainer.hpp	class	GameServiceContainer
include/Microsoft/Xna/Framework/GameTime.hpp	class	Game
include/Microsoft/Xna/Framework/GameTime.hpp	class	GameTime
include/Microsoft/Xna/Framework/GameWindow.hpp	class	Game
include/Microsoft/Xna/Framework/GameWindow.hpp	class	GameWindow
include/Microsoft/Xna/Framework/GameWindow.hpp	class	GraphicsDeviceManager
include/Microsoft/Xna/Framework/GameWindow.hpp	struct	SDL_Window
include/Microsoft/Xna/Framework/GamerServices/Achievement.hpp	class	Achievement
include/Microsoft/Xna/Framework/GamerServices/AchievementCollection.hpp	class	AchievementCollection
include/Microsoft/Xna/Framework/GamerServices/AvatarAnimation.hpp	class	AvatarAnimation
include/Microsoft/Xna/Framework/GamerServices/AvatarAnimationPreset.hpp	enum_class	AvatarAnimationPreset
include/Microsoft/Xna/Framework/GamerServices/AvatarBodyType.hpp	enum_class	AvatarBodyType
include/Microsoft/Xna/Framework/GamerServices/AvatarBone.hpp	enum_class	AvatarBone
include/Microsoft/Xna/Framework/GamerServices/AvatarDescription.hpp	class	AvatarDescription
include/Microsoft/Xna/Framework/GamerServices/AvatarDescription.hpp	class	Gamer
include/Microsoft/Xna/Framework/GamerServices/AvatarExpression.hpp	struct	AvatarExpression
include/Microsoft/Xna/Framework/GamerServices/AvatarEye.hpp	enum_class	AvatarEye
include/Microsoft/Xna/Framework/GamerServices/AvatarEyebrow.hpp	enum_class	AvatarEyebrow
include/Microsoft/Xna/Framework/GamerServices/AvatarMouth.hpp	enum_class	AvatarMouth
include/Microsoft/Xna/Framework/GamerServices/AvatarRenderer.hpp	class	AvatarDescription
include/Microsoft/Xna/Framework/GamerServices/AvatarRenderer.hpp	class	AvatarRenderer
include/Microsoft/Xna/Framework/GamerServices/AvatarRenderer.hpp	class	GraphicsDevice
include/Microsoft/Xna/Framework/GamerServices/AvatarRenderer.hpp	class	SkinnedEffect
include/Microsoft/Xna/Framework/GamerServices/AvatarRenderer.hpp	class	SkinnedModelEXT
include/Microsoft/Xna/Framework/GamerServices/AvatarRendererState.hpp	enum_class	AvatarRendererState
include/Microsoft/Xna/Framework/GamerServices/ControllerSensitivity.hpp	enum_class	ControllerSensitivity
include/Microsoft/Xna/Framework/GamerServices/FriendCollection.hpp	class	FriendCollection
include/Microsoft/Xna/Framework/GamerServices/FriendGamer.hpp	class	FriendGamer
include/Microsoft/Xna/Framework/GamerServices/GameDefaults.hpp	class	GameDefaults
include/Microsoft/Xna/Framework/GamerServices/GameDifficulty.hpp	enum_class	GameDifficulty
include/Microsoft/Xna/Framework/GamerServices/GameUpdateRequiredException.hpp	class	GameUpdateRequiredException
include/Microsoft/Xna/Framework/GamerServices/Gamer.hpp	class	Gamer
include/Microsoft/Xna/Framework/GamerServices/Gamer.hpp	class	GamerAction
include/Microsoft/Xna/Framework/GamerServices/Gamer.hpp	class	GamerProfile
include/Microsoft/Xna/Framework/GamerServices/Gamer.hpp	class	SignedInGamerCollection
include/Microsoft/Xna/Framework/GamerServices/GamerCollection.hpp	class	GamerCollection
include/Microsoft/Xna/Framework/GamerServices/GamerCollection.hpp	struct	GamerCollectionEnumerator
include/Microsoft/Xna/Framework/GamerServices/GamerPresence.hpp	class	GamerPresence
include/Microsoft/Xna/Framework/GamerServices/GamerPresenceMode.hpp	enum_class	GamerPresenceMode
include/Microsoft/Xna/Framework/GamerServices/GamerPrivilegeException.hpp	class	GamerPrivilegeException
include/Microsoft/Xna/Framework/GamerServices/GamerPrivilegeSetting.hpp	enum_class	GamerPrivilegeSetting
include/Microsoft/Xna/Framework/GamerServices/GamerPrivileges.hpp	class	GamerPrivileges
include/Microsoft/Xna/Framework/GamerServices/GamerServicesComponent.hpp	class	GamerServicesComponent
include/Microsoft/Xna/Framework/GamerServices/GamerServicesDispatcher.hpp	class	GamerServicesDispatcher
include/Microsoft/Xna/Framework/GamerServices/GamerServicesNotAvailableException.hpp	class	GamerServicesNotAvailableException
include/Microsoft/Xna/Framework/GamerServices/GamerZone.hpp	enum_class	GamerZone
include/Microsoft/Xna/Framework/GamerServices/Guide.hpp	class	Gamer
include/Microsoft/Xna/Framework/GamerServices/Guide.hpp	class	GraphicsDevice
include/Microsoft/Xna/Framework/GamerServices/Guide.hpp	class	Guide
include/Microsoft/Xna/Framework/GamerServices/Guide.hpp	class	SpriteBatch
include/Microsoft/Xna/Framework/GamerServices/Guide.hpp	class	SpriteFont
include/Microsoft/Xna/Framework/GamerServices/Guide.hpp	class	Texture2D
include/Microsoft/Xna/Framework/GamerServices/GuideAlreadyVisibleException.hpp	class	GuideAlreadyVisibleException
include/Microsoft/Xna/Framework/GamerServices/IAvatarAnimation.hpp	class	IAvatarAnimation
include/Microsoft/Xna/Framework/GamerServices/InviteAcceptedEventArgs.hpp	class	InviteAcceptedEventArgs
include/Microsoft/Xna/Framework/GamerServices/InviteAcceptedEventArgs.hpp	class	SignedInGamer
include/Microsoft/Xna/Framework/GamerServices/LeaderboardEntry.hpp	class	Gamer
include/Microsoft/Xna/Framework/GamerServices/LeaderboardEntry.hpp	class	LeaderboardEntry
include/Microsoft/Xna/Framework/GamerServices/LeaderboardIdentity.hpp	struct	LeaderboardIdentity
include/Microsoft/Xna/Framework/GamerServices/LeaderboardKey.hpp	enum_class	LeaderboardKey
include/Microsoft/Xna/Framework/GamerServices/LeaderboardOutcome.hpp	enum_class	LeaderboardOutcome
include/Microsoft/Xna/Framework/GamerServices/LeaderboardReader.hpp	class	Gamer
include/Microsoft/Xna/Framework/GamerServices/LeaderboardWriter.hpp	class	Gamer
include/Microsoft/Xna/Framework/GamerServices/MessageBoxIcon.hpp	enum_class	MessageBoxIcon
include/Microsoft/Xna/Framework/GamerServices/NetworkException.hpp	class	NetworkException
include/Microsoft/Xna/Framework/GamerServices/NetworkNotAvailableException.hpp	class	NetworkNotAvailableException
include/Microsoft/Xna/Framework/GamerServices/NotificationPosition.hpp	enum_class	NotificationPosition
include/Microsoft/Xna/Framework/GamerServices/PropertyDictionary.hpp	class	PropertyDictionary
include/Microsoft/Xna/Framework/GamerServices/RacingCameraAngle.hpp	enum_class	RacingCameraAngle
include/Microsoft/Xna/Framework/GamerServices/SignedInEventArgs.hpp	class	SignedInEventArgs
include/Microsoft/Xna/Framework/GamerServices/SignedInEventArgs.hpp	class	SignedInGamer
include/Microsoft/Xna/Framework/GamerServices/SignedInGamer.hpp	class	Microphone
include/Microsoft/Xna/Framework/GamerServices/SignedInGamerCollection.hpp	class	SignedInGamer
include/Microsoft/Xna/Framework/GamerServices/SignedInGamerCollection.hpp	class	SignedInGamerCollection
include/Microsoft/Xna/Framework/GamerServices/SignedOutEventArgs.hpp	class	SignedInGamer
include/Microsoft/Xna/Framework/GamerServices/SignedOutEventArgs.hpp	class	SignedOutEventArgs
include/Microsoft/Xna/Framework/Graphics/AlphaTestEffect.hpp	class	AlphaTestEffect
include/Microsoft/Xna/Framework/Graphics/AlphaTestEffect.hpp	class	EffectParameter
include/Microsoft/Xna/Framework/Graphics/BasicEffect.hpp	class	BasicEffect
include/Microsoft/Xna/Framework/Graphics/BasicEffect.hpp	class	GraphicsDevice
include/Microsoft/Xna/Framework/Graphics/Blend.hpp	enum_class	Blend
include/Microsoft/Xna/Framework/Graphics/BlendFunction.hpp	enum_class	BlendFunction
include/Microsoft/Xna/Framework/Graphics/BlendState.hpp	class	BlendState
include/Microsoft/Xna/Framework/Graphics/BufferUsage.hpp	enum_class	BufferUsage
include/Microsoft/Xna/Framework/Graphics/ClearOptions.hpp	enum_class	ClearOptions
include/Microsoft/Xna/Framework/Graphics/ColorWriteChannels.hpp	enum_class	ColorWriteChannels
include/Microsoft/Xna/Framework/Graphics/CompareFunction.hpp	enum_class	CompareFunction
include/Microsoft/Xna/Framework/Graphics/CubeMapFace.hpp	enum_class	CubeMapFace
include/Microsoft/Xna/Framework/Graphics/CullMode.hpp	enum_class	CullMode
include/Microsoft/Xna/Framework/Graphics/DepthFormat.hpp	enum_class	DepthFormat
include/Microsoft/Xna/Framework/Graphics/DepthStencilState.hpp	class	DepthStencilState
include/Microsoft/Xna/Framework/Graphics/DeviceLostException.hpp	class	DeviceLostException
include/Microsoft/Xna/Framework/Graphics/DeviceNotResetException.hpp	class	DeviceNotResetException
include/Microsoft/Xna/Framework/Graphics/DirectionalLight.hpp	class	DirectionalLight
include/Microsoft/Xna/Framework/Graphics/DisplayMode.hpp	class	DisplayMode
include/Microsoft/Xna/Framework/Graphics/DisplayModeCollection.hpp	class	DisplayModeCollection
include/Microsoft/Xna/Framework/Graphics/DualTextureEffect.hpp	class	DualTextureEffect
include/Microsoft/Xna/Framework/Graphics/DualTextureEffect.hpp	class	EffectParameter
include/Microsoft/Xna/Framework/Graphics/DynamicIndexBuffer.hpp	class	DynamicIndexBuffer
include/Microsoft/Xna/Framework/Graphics/DynamicVertexBuffer.hpp	class	DynamicVertexBuffer
include/Microsoft/Xna/Framework/Graphics/Effect.hpp	class	Effect
include/Microsoft/Xna/Framework/Graphics/Effect.hpp	class	GraphicsDevice
include/Microsoft/Xna/Framework/Graphics/EffectAnnotation.hpp	class	EffectAnnotation
include/Microsoft/Xna/Framework/Graphics/EffectAnnotationCollection.hpp	class	EffectAnnotationCollection
include/Microsoft/Xna/Framework/Graphics/EffectMaterial.hpp	class	EffectMaterial
include/Microsoft/Xna/Framework/Graphics/EffectParameter.hpp	class	EffectParameter
include/Microsoft/Xna/Framework/Graphics/EffectParameter.hpp	class	EffectParameterCollection
include/Microsoft/Xna/Framework/Graphics/EffectParameter.hpp	class	Texture
include/Microsoft/Xna/Framework/Graphics/EffectParameter.hpp	class	Texture2D
include/Microsoft/Xna/Framework/Graphics/EffectParameter.hpp	class	Texture3D
include/Microsoft/Xna/Framework/Graphics/EffectParameter.hpp	class	TextureCube
include/Microsoft/Xna/Framework/Graphics/EffectParameterClass.hpp	enum_class	EffectParameterClass
include/Microsoft/Xna/Framework/Graphics/EffectParameterCollection.hpp	class	EffectParameterCollection
include/Microsoft/Xna/Framework/Graphics/EffectParameterCollection.hpp	class	const_iterator
include/Microsoft/Xna/Framework/Graphics/EffectParameterCollection.hpp	class	iterator
include/Microsoft/Xna/Framework/Graphics/EffectParameterType.hpp	enum_class	EffectParameterType
include/Microsoft/Xna/Framework/Graphics/EffectPass.hpp	class	Effect
include/Microsoft/Xna/Framework/Graphics/EffectPass.hpp	class	EffectPass
include/Microsoft/Xna/Framework/Graphics/EffectPassCollection.hpp	class	EffectPassCollection
include/Microsoft/Xna/Framework/Graphics/EffectPassCollection.hpp	class	const_iterator
include/Microsoft/Xna/Framework/Graphics/EffectPassCollection.hpp	class	iterator
include/Microsoft/Xna/Framework/Graphics/EffectTechnique.hpp	class	Effect
include/Microsoft/Xna/Framework/Graphics/EffectTechnique.hpp	class	EffectTechnique
include/Microsoft/Xna/Framework/Graphics/EffectTechniqueCollection.hpp	class	EffectTechniqueCollection
include/Microsoft/Xna/Framework/Graphics/EffectTechniqueCollection.hpp	class	const_iterator
include/Microsoft/Xna/Framework/Graphics/EffectTechniqueCollection.hpp	class	iterator
include/Microsoft/Xna/Framework/Graphics/EnvironmentMapEffect.hpp	class	EffectParameter
include/Microsoft/Xna/Framework/Graphics/EnvironmentMapEffect.hpp	class	EnvironmentMapEffect
include/Microsoft/Xna/Framework/Graphics/FillMode.hpp	enum_class	FillMode
include/Microsoft/Xna/Framework/Graphics/GraphicsDevice.hpp	class	BasicEffect
include/Microsoft/Xna/Framework/Graphics/GraphicsDevice.hpp	class	Effect
include/Microsoft/Xna/Framework/Graphics/GraphicsDevice.hpp	class	Game
include/Microsoft/Xna/Framework/Graphics/GraphicsDevice.hpp	class	GameWindow
include/Microsoft/Xna/Framework/Graphics/GraphicsDevice.hpp	class	GraphicsDevice
include/Microsoft/Xna/Framework/Graphics/GraphicsDevice.hpp	class	GraphicsDeviceManager
include/Microsoft/Xna/Framework/Graphics/GraphicsDevice.hpp	class	IGraphicsBackend
include/Microsoft/Xna/Framework/Graphics/GraphicsDevice.hpp	class	RenderTarget2D
include/Microsoft/Xna/Framework/Graphics/GraphicsDevice.hpp	class	RenderTargetCube
include/Microsoft/Xna/Framework/Graphics/GraphicsDevice.hpp	class	RenderTargetCube
include/Microsoft/Xna/Framework/Graphics/GraphicsDevice.hpp	struct	GpuDrawParams
include/Microsoft/Xna/Framework/Graphics/GraphicsDevice.hpp	struct	SDL_Renderer
include/Microsoft/Xna/Framework/Graphics/GraphicsDevice.hpp	struct	SDL_Window
include/Microsoft/Xna/Framework/Graphics/GraphicsDeviceStatus.hpp	enum_class	GraphicsDeviceStatus
include/Microsoft/Xna/Framework/Graphics/GraphicsProfile.hpp	enum_class	GraphicsProfile
include/Microsoft/Xna/Framework/Graphics/GraphicsResource.hpp	class	GraphicsDevice
include/Microsoft/Xna/Framework/Graphics/GraphicsResource.hpp	class	GraphicsResource
include/Microsoft/Xna/Framework/Graphics/IEffectFog.hpp	class	IEffectFog
include/Microsoft/Xna/Framework/Graphics/IEffectLights.hpp	class	IEffectLights
include/Microsoft/Xna/Framework/Graphics/IEffectMatrices.hpp	class	IEffectMatrices
include/Microsoft/Xna/Framework/Graphics/IGraphicsDeviceService.hpp	class	GraphicsDevice
include/Microsoft/Xna/Framework/Graphics/IGraphicsDeviceService.hpp	class	IGraphicsDeviceService
include/Microsoft/Xna/Framework/Graphics/IRenderTarget.hpp	class	IRenderTarget
include/Microsoft/Xna/Framework/Graphics/IVertexType.hpp	class	IVertexType
include/Microsoft/Xna/Framework/Graphics/IVertexType.hpp	class	VertexDeclaration
include/Microsoft/Xna/Framework/Graphics/IndexBuffer.hpp	class	IIndexBufferBackend
include/Microsoft/Xna/Framework/Graphics/IndexBuffer.hpp	class	IndexBuffer
include/Microsoft/Xna/Framework/Graphics/IndexElementSize.hpp	enum_class	IndexElementSize
include/Microsoft/Xna/Framework/Graphics/Model.hpp	class	GraphicsDevice
include/Microsoft/Xna/Framework/Graphics/Model.hpp	class	Model
include/Microsoft/Xna/Framework/Graphics/Model.hpp	class	ModelBone
include/Microsoft/Xna/Framework/Graphics/Model.hpp	class	ModelMesh
include/Microsoft/Xna/Framework/Graphics/ModelBone.hpp	class	ModelBone
include/Microsoft/Xna/Framework/Graphics/ModelBoneCollection.hpp	class	ModelBone
include/Microsoft/Xna/Framework/Graphics/ModelBoneCollection.hpp	class	ModelBoneCollection
include/Microsoft/Xna/Framework/Graphics/ModelEffectCollection.hpp	class	Effect
include/Microsoft/Xna/Framework/Graphics/ModelEffectCollection.hpp	class	ModelEffectCollection
include/Microsoft/Xna/Framework/Graphics/ModelMesh.hpp	class	GraphicsDevice
include/Microsoft/Xna/Framework/Graphics/ModelMesh.hpp	class	ModelBone
include/Microsoft/Xna/Framework/Graphics/ModelMesh.hpp	class	ModelMesh
include/Microsoft/Xna/Framework/Graphics/ModelMesh.hpp	class	ModelMeshPart
include/Microsoft/Xna/Framework/Graphics/ModelMeshCollection.hpp	class	ModelMesh
include/Microsoft/Xna/Framework/Graphics/ModelMeshCollection.hpp	class	ModelMeshCollection
include/Microsoft/Xna/Framework/Graphics/ModelMeshPart.hpp	class	Effect
include/Microsoft/Xna/Framework/Graphics/ModelMeshPart.hpp	class	IndexBuffer
include/Microsoft/Xna/Framework/Graphics/ModelMeshPart.hpp	class	ModelMesh
include/Microsoft/Xna/Framework/Graphics/ModelMeshPart.hpp	class	ModelMeshPart
include/Microsoft/Xna/Framework/Graphics/ModelMeshPart.hpp	class	VertexBuffer
include/Microsoft/Xna/Framework/Graphics/ModelMeshPart.hpp	class	VertexDeclaration
include/Microsoft/Xna/Framework/Graphics/ModelMeshPartCollection.hpp	class	ModelMeshPart
include/Microsoft/Xna/Framework/Graphics/ModelMeshPartCollection.hpp	class	ModelMeshPartCollection
include/Microsoft/Xna/Framework/Graphics/MorphTargetEXT.hpp	class	ModelMeshPart
include/Microsoft/Xna/Framework/Graphics/MorphTargetEXT.hpp	struct	MorphWeightKeyframeEXT
include/Microsoft/Xna/Framework/Graphics/MorphTargetEXT.hpp	struct	MorphWeightTrackEXT
include/Microsoft/Xna/Framework/Graphics/NoSuitableGraphicsDeviceException.hpp	class	NoSuitableGraphicsDeviceException
include/Microsoft/Xna/Framework/Graphics/OcclusionQuery.hpp	class	IOcclusionQueryBackend
include/Microsoft/Xna/Framework/Graphics/OcclusionQuery.hpp	class	OcclusionQuery
include/Microsoft/Xna/Framework/Graphics/PackedVector/Alpha8.hpp	struct	Alpha8
include/Microsoft/Xna/Framework/Graphics/PackedVector/Bgr565.hpp	struct	Bgr565
include/Microsoft/Xna/Framework/Graphics/PackedVector/Bgra4444.hpp	struct	Bgra4444
include/Microsoft/Xna/Framework/Graphics/PackedVector/Bgra5551.hpp	struct	Bgra5551
include/Microsoft/Xna/Framework/Graphics/PackedVector/Byte4.hpp	struct	Byte4
include/Microsoft/Xna/Framework/Graphics/PackedVector/HalfSingle.hpp	struct	HalfSingle
include/Microsoft/Xna/Framework/Graphics/PackedVector/HalfTypeHelper.hpp	struct	HalfTypeHelper
include/Microsoft/Xna/Framework/Graphics/PackedVector/HalfVector2.hpp	struct	HalfVector2
include/Microsoft/Xna/Framework/Graphics/PackedVector/HalfVector4.hpp	struct	HalfVector4
include/Microsoft/Xna/Framework/Graphics/PackedVector/IPackedVector.hpp	struct	IPackedVector
include/Microsoft/Xna/Framework/Graphics/PackedVector/IPackedVector.hpp	struct	IPackedVectorT
include/Microsoft/Xna/Framework/Graphics/PackedVector/IPackedVector.hpp	struct	Vector4
include/Microsoft/Xna/Framework/Graphics/PackedVector/NormalizedByte2.hpp	struct	NormalizedByte2
include/Microsoft/Xna/Framework/Graphics/PackedVector/NormalizedByte4.hpp	struct	NormalizedByte4
include/Microsoft/Xna/Framework/Graphics/PackedVector/NormalizedShort2.hpp	struct	NormalizedShort2
include/Microsoft/Xna/Framework/Graphics/PackedVector/NormalizedShort4.hpp	struct	NormalizedShort4
include/Microsoft/Xna/Framework/Graphics/PackedVector/Rg32.hpp	struct	Rg32
include/Microsoft/Xna/Framework/Graphics/PackedVector/Rgba1010102.hpp	struct	Rgba1010102
include/Microsoft/Xna/Framework/Graphics/PackedVector/Rgba64.hpp	struct	Rgba64
include/Microsoft/Xna/Framework/Graphics/PackedVector/Short2.hpp	struct	Short2
include/Microsoft/Xna/Framework/Graphics/PackedVector/Short4.hpp	struct	Short4
include/Microsoft/Xna/Framework/Graphics/PbrEffect.hpp	class	EffectParameter
include/Microsoft/Xna/Framework/Graphics/PbrEffect.hpp	class	PbrEffect
include/Microsoft/Xna/Framework/Graphics/PresentInterval.hpp	enum_class	PresentInterval
include/Microsoft/Xna/Framework/Graphics/PresentationParameters.hpp	class	PresentationParameters
include/Microsoft/Xna/Framework/Graphics/PrimitiveType.hpp	enum_class	PrimitiveType
include/Microsoft/Xna/Framework/Graphics/RasterizerState.hpp	class	RasterizerState
include/Microsoft/Xna/Framework/Graphics/RenderTarget2D.hpp	class	RenderTarget2D
include/Microsoft/Xna/Framework/Graphics/RenderTargetBinding.hpp	class	RenderTargetBinding
include/Microsoft/Xna/Framework/Graphics/RenderTargetBinding.hpp	class	Texture
include/Microsoft/Xna/Framework/Graphics/RenderTargetCube.hpp	class	GraphicsDevice
include/Microsoft/Xna/Framework/Graphics/RenderTargetCube.hpp	class	RenderTargetCube
include/Microsoft/Xna/Framework/Graphics/RenderTargetUsage.hpp	enum_class	RenderTargetUsage
include/Microsoft/Xna/Framework/Graphics/ResourceCreatedEventArgs.hpp	class	ResourceCreatedEventArgs
include/Microsoft/Xna/Framework/Graphics/ResourceDestroyedEventArgs.hpp	class	ResourceDestroyedEventArgs
include/Microsoft/Xna/Framework/Graphics/SamplerState.hpp	class	SamplerState
include/Microsoft/Xna/Framework/Graphics/SamplerStateCollection.hpp	class	SamplerStateCollection
include/Microsoft/Xna/Framework/Graphics/SetDataOptions.hpp	enum_class	SetDataOptions
include/Microsoft/Xna/Framework/Graphics/ShaderEffect.hpp	class	Texture2D
include/Microsoft/Xna/Framework/Graphics/ShaderEffect.hpp	class	Texture3D
include/Microsoft/Xna/Framework/Graphics/ShaderEffect.hpp	class	TextureCube
include/Microsoft/Xna/Framework/Graphics/SkinnedEffect.hpp	class	EffectParameter
include/Microsoft/Xna/Framework/Graphics/SkinnedEffect.hpp	class	SkinnedEffect
include/Microsoft/Xna/Framework/Graphics/SkinnedModelEXT.hpp	class	IndexBuffer
include/Microsoft/Xna/Framework/Graphics/SkinnedModelEXT.hpp	class	ModelMeshPart
include/Microsoft/Xna/Framework/Graphics/SkinnedModelEXT.hpp	class	VertexBuffer
include/Microsoft/Xna/Framework/Graphics/SkinnedPbrEffect.hpp	class	EffectParameter
include/Microsoft/Xna/Framework/Graphics/SkinnedPbrEffect.hpp	class	SkinnedPbrEffect
include/Microsoft/Xna/Framework/Graphics/SpriteBatch.hpp	class	Effect
include/Microsoft/Xna/Framework/Graphics/SpriteBatch.hpp	class	GraphicsDevice
include/Microsoft/Xna/Framework/Graphics/SpriteBatch.hpp	class	ISpriteBatchBackend
include/Microsoft/Xna/Framework/Graphics/SpriteBatch.hpp	class	SpriteBatch
include/Microsoft/Xna/Framework/Graphics/SpriteBatch.hpp	class	SpriteFont
include/Microsoft/Xna/Framework/Graphics/SpriteBatch.hpp	struct	SDL_Renderer
include/Microsoft/Xna/Framework/Graphics/SpriteBatch.hpp	struct	SpriteInfo
include/Microsoft/Xna/Framework/Graphics/SpriteEffect.hpp	class	EffectParameter
include/Microsoft/Xna/Framework/Graphics/SpriteEffect.hpp	class	SpriteEffect
include/Microsoft/Xna/Framework/Graphics/SpriteEffects.hpp	enum_class	SpriteEffects
include/Microsoft/Xna/Framework/Graphics/SpriteFont.hpp	class	SpriteFont
include/Microsoft/Xna/Framework/Graphics/SpriteSortMode.hpp	enum_class	SpriteSortMode
include/Microsoft/Xna/Framework/Graphics/StencilOperation.hpp	enum_class	StencilOperation
include/Microsoft/Xna/Framework/Graphics/SurfaceFormat.hpp	enum_class	SurfaceFormat
include/Microsoft/Xna/Framework/Graphics/Texture.hpp	class	Texture
include/Microsoft/Xna/Framework/Graphics/Texture2D.hpp	class	ITextureBackend
include/Microsoft/Xna/Framework/Graphics/Texture2D.hpp	class	Texture2D
include/Microsoft/Xna/Framework/Graphics/Texture2D.hpp	struct	Alpha8
include/Microsoft/Xna/Framework/Graphics/Texture2D.hpp	struct	Bgr565
include/Microsoft/Xna/Framework/Graphics/Texture2D.hpp	struct	Bgra4444
include/Microsoft/Xna/Framework/Graphics/Texture2D.hpp	struct	Bgra5551
include/Microsoft/Xna/Framework/Graphics/Texture2D.hpp	struct	HalfSingle
include/Microsoft/Xna/Framework/Graphics/Texture2D.hpp	struct	HalfVector2
include/Microsoft/Xna/Framework/Graphics/Texture2D.hpp	struct	HalfVector4
include/Microsoft/Xna/Framework/Graphics/Texture2D.hpp	struct	NormalizedByte2
include/Microsoft/Xna/Framework/Graphics/Texture2D.hpp	struct	NormalizedByte4
include/Microsoft/Xna/Framework/Graphics/Texture2D.hpp	struct	Rg32
include/Microsoft/Xna/Framework/Graphics/Texture2D.hpp	struct	Rgba1010102
include/Microsoft/Xna/Framework/Graphics/Texture2D.hpp	struct	Rgba64
include/Microsoft/Xna/Framework/Graphics/Texture2D.hpp	struct	SDL_Texture
include/Microsoft/Xna/Framework/Graphics/Texture2D.hpp	struct	Vector2
include/Microsoft/Xna/Framework/Graphics/Texture2D.hpp	struct	Vector4
include/Microsoft/Xna/Framework/Graphics/Texture3D.hpp	class	ITexture3DBackend
include/Microsoft/Xna/Framework/Graphics/Texture3D.hpp	class	Texture3D
include/Microsoft/Xna/Framework/Graphics/TextureAddressMode.hpp	enum_class	TextureAddressMode
include/Microsoft/Xna/Framework/Graphics/TextureCollection.hpp	class	GraphicsDevice
include/Microsoft/Xna/Framework/Graphics/TextureCollection.hpp	class	Texture
include/Microsoft/Xna/Framework/Graphics/TextureCollection.hpp	class	TextureCollection
include/Microsoft/Xna/Framework/Graphics/TextureCube.hpp	class	ITextureCubeBackend
include/Microsoft/Xna/Framework/Graphics/TextureCube.hpp	class	TextureCube
include/Microsoft/Xna/Framework/Graphics/TextureFilter.hpp	enum_class	TextureFilter
include/Microsoft/Xna/Framework/Graphics/VertexBuffer.hpp	class	IVertexBufferBackend
include/Microsoft/Xna/Framework/Graphics/VertexBuffer.hpp	class	VertexBuffer
include/Microsoft/Xna/Framework/Graphics/VertexBufferBinding.hpp	class	VertexBuffer
include/Microsoft/Xna/Framework/Graphics/VertexBufferBinding.hpp	class	VertexBufferBinding
include/Microsoft/Xna/Framework/Graphics/VertexDeclaration.hpp	class	VertexDeclaration
include/Microsoft/Xna/Framework/Graphics/VertexElement.hpp	struct	VertexElement
include/Microsoft/Xna/Framework/Graphics/VertexElementFormat.hpp	enum_class	VertexElementFormat
include/Microsoft/Xna/Framework/Graphics/VertexElementUsage.hpp	enum_class	VertexElementUsage
include/Microsoft/Xna/Framework/Graphics/VertexPositionColor.hpp	struct	VertexPositionColor
include/Microsoft/Xna/Framework/Graphics/VertexPositionColorTexture.hpp	struct	VertexPositionColorTexture
include/Microsoft/Xna/Framework/Graphics/VertexPositionNormalTexture.hpp	struct	VertexPositionNormalTexture
include/Microsoft/Xna/Framework/Graphics/VertexPositionTexture.hpp	struct	VertexPositionTexture
include/Microsoft/Xna/Framework/Graphics/Viewport.hpp	class	Viewport
include/Microsoft/Xna/Framework/GraphicsDeviceInformation.hpp	class	GraphicsDeviceInformation
include/Microsoft/Xna/Framework/GraphicsDeviceManager.hpp	class	Game
include/Microsoft/Xna/Framework/GraphicsDeviceManager.hpp	class	GraphicsDeviceManager
include/Microsoft/Xna/Framework/GraphicsDeviceManager.hpp	struct	SDL_Window
include/Microsoft/Xna/Framework/IDrawable.hpp	class	IDrawable
include/Microsoft/Xna/Framework/IGameComponent.hpp	class	IGameComponent
include/Microsoft/Xna/Framework/IGraphicsDeviceManager.hpp	class	IGraphicsDeviceManager
include/Microsoft/Xna/Framework/IUpdateable.hpp	class	IUpdateable
include/Microsoft/Xna/Framework/Input/ButtonState.hpp	enum_class	ButtonState
include/Microsoft/Xna/Framework/Input/Buttons.hpp	enum_class	Buttons
include/Microsoft/Xna/Framework/Input/GamePad.hpp	class	GamePad
include/Microsoft/Xna/Framework/Input/GamePad.hpp	enum_class	GamePadButtonLabelEXT
include/Microsoft/Xna/Framework/Input/GamePad.hpp	enum_class	GamePadConnectionStateEXT
include/Microsoft/Xna/Framework/Input/GamePad.hpp	enum_class	PowerStateEXT
include/Microsoft/Xna/Framework/Input/GamePadButtons.hpp	struct	GamePadButtons
include/Microsoft/Xna/Framework/Input/GamePadButtons.hpp	struct	GamePadState
include/Microsoft/Xna/Framework/Input/GamePadCapabilities.hpp	struct	GamePadCapabilities
include/Microsoft/Xna/Framework/Input/GamePadDPad.hpp	struct	GamePadDPad
include/Microsoft/Xna/Framework/Input/GamePadDPad.hpp	struct	GamePadState
include/Microsoft/Xna/Framework/Input/GamePadDeadZone.hpp	enum_class	GamePadDeadZone
include/Microsoft/Xna/Framework/Input/GamePadState.hpp	struct	GamePadState
include/Microsoft/Xna/Framework/Input/GamePadThumbSticks.hpp	class	GamePad
include/Microsoft/Xna/Framework/Input/GamePadThumbSticks.hpp	struct	GamePadThumbSticks
include/Microsoft/Xna/Framework/Input/GamePadTriggers.hpp	class	GamePad
include/Microsoft/Xna/Framework/Input/GamePadTriggers.hpp	struct	GamePadTriggers
include/Microsoft/Xna/Framework/Input/GamePadType.hpp	enum_class	GamePadType
include/Microsoft/Xna/Framework/Input/KeyState.hpp	enum_class	KeyState
include/Microsoft/Xna/Framework/Input/Keyboard.hpp	class	Keyboard
include/Microsoft/Xna/Framework/Input/Keyboard.hpp	enum_class	KeyModifiersEXT
include/Microsoft/Xna/Framework/Input/KeyboardState.hpp	struct	KeyboardState
include/Microsoft/Xna/Framework/Input/Keys.hpp	enum_class	Keys
include/Microsoft/Xna/Framework/Input/Mouse.hpp	class	Mouse
include/Microsoft/Xna/Framework/Input/MouseCursor.hpp	struct	SDL_Cursor
include/Microsoft/Xna/Framework/Input/MouseState.hpp	struct	MouseState
include/Microsoft/Xna/Framework/Input/TextInputEXT.hpp	enum_class	TextInputTypeEXT
include/Microsoft/Xna/Framework/Input/Touch/GestureSample.hpp	struct	GestureSample
include/Microsoft/Xna/Framework/Input/Touch/GestureType.hpp	enum_class	GestureType
include/Microsoft/Xna/Framework/Input/Touch/TouchCollection.hpp	struct	TouchCollection
include/Microsoft/Xna/Framework/Input/Touch/TouchLocation.hpp	struct	TouchLocation
include/Microsoft/Xna/Framework/Input/Touch/TouchLocationState.hpp	enum_class	TouchLocationState
include/Microsoft/Xna/Framework/Input/Touch/TouchPanelCapabilities.hpp	struct	TouchPanelCapabilities
include/Microsoft/Xna/Framework/LaunchParameters.hpp	class	LaunchParameters
include/Microsoft/Xna/Framework/Matrix.hpp	struct	Matrix
include/Microsoft/Xna/Framework/Matrix.hpp	struct	Plane
include/Microsoft/Xna/Framework/Matrix.hpp	struct	Quaternion
include/Microsoft/Xna/Framework/Media/Album.hpp	class	Artist
include/Microsoft/Xna/Framework/Media/Album.hpp	class	Genre
include/Microsoft/Xna/Framework/Media/Album.hpp	class	MediaLibrary
include/Microsoft/Xna/Framework/Media/Album.hpp	class	SongCollection
include/Microsoft/Xna/Framework/Media/AlbumCollection.hpp	class	Album
include/Microsoft/Xna/Framework/Media/AlbumCollection.hpp	class	MediaLibrary
include/Microsoft/Xna/Framework/Media/Artist.hpp	class	AlbumCollection
include/Microsoft/Xna/Framework/Media/Artist.hpp	class	MediaLibrary
include/Microsoft/Xna/Framework/Media/Artist.hpp	class	SongCollection
include/Microsoft/Xna/Framework/Media/ArtistCollection.hpp	class	Artist
include/Microsoft/Xna/Framework/Media/ArtistCollection.hpp	class	MediaLibrary
include/Microsoft/Xna/Framework/Media/Genre.hpp	class	AlbumCollection
include/Microsoft/Xna/Framework/Media/Genre.hpp	class	MediaLibrary
include/Microsoft/Xna/Framework/Media/Genre.hpp	class	SongCollection
include/Microsoft/Xna/Framework/Media/GenreCollection.hpp	class	Genre
include/Microsoft/Xna/Framework/Media/GenreCollection.hpp	class	MediaLibrary
include/Microsoft/Xna/Framework/Media/MediaLibrary.hpp	class	PictureLibraryIndex
include/Microsoft/Xna/Framework/Media/MediaSource.hpp	class	MediaLibrary
include/Microsoft/Xna/Framework/Media/MediaSourceType.hpp	enum_class	MediaSourceType
include/Microsoft/Xna/Framework/Media/MediaState.hpp	enum_class	MediaState
include/Microsoft/Xna/Framework/Media/Picture.hpp	class	MediaLibrary
include/Microsoft/Xna/Framework/Media/Picture.hpp	class	PictureAlbum
include/Microsoft/Xna/Framework/Media/PictureAlbum.hpp	class	MediaLibrary
include/Microsoft/Xna/Framework/Media/PictureAlbum.hpp	class	PictureAlbumCollection
include/Microsoft/Xna/Framework/Media/PictureAlbum.hpp	class	PictureCollection
include/Microsoft/Xna/Framework/Media/PictureAlbumCollection.hpp	class	MediaLibrary
include/Microsoft/Xna/Framework/Media/PictureAlbumCollection.hpp	class	PictureAlbum
include/Microsoft/Xna/Framework/Media/PictureCollection.hpp	class	MediaLibrary
include/Microsoft/Xna/Framework/Media/PictureCollection.hpp	class	Picture
include/Microsoft/Xna/Framework/Media/Playlist.hpp	class	MediaLibrary
include/Microsoft/Xna/Framework/Media/Playlist.hpp	class	SongCollection
include/Microsoft/Xna/Framework/Media/PlaylistCollection.hpp	class	MediaLibrary
include/Microsoft/Xna/Framework/Media/PlaylistCollection.hpp	class	Playlist
include/Microsoft/Xna/Framework/Media/Song.hpp	class	Album
include/Microsoft/Xna/Framework/Media/Song.hpp	class	Artist
include/Microsoft/Xna/Framework/Media/Song.hpp	class	Genre
include/Microsoft/Xna/Framework/Media/Song.hpp	class	MediaLibrary
include/Microsoft/Xna/Framework/Media/Video/Video.hpp	class	GraphicsDevice
include/Microsoft/Xna/Framework/Media/Video/Video.hpp	class	VideoPlayer
include/Microsoft/Xna/Framework/Media/Video/VideoPlayer.hpp	class	GraphicsDevice
include/Microsoft/Xna/Framework/Media/Video/VideoPlayer.hpp	class	Texture2D
include/Microsoft/Xna/Framework/Media/Video/VideoPlayer.hpp	class	VideoDecoder
include/Microsoft/Xna/Framework/Media/Video/VideoPlayer.hpp	struct	SDL_AudioStream
include/Microsoft/Xna/Framework/Media/Video/VideoPlayer.hpp	struct	VideoInfo
include/Microsoft/Xna/Framework/Media/VideoSoundtrackType.hpp	enum_class	VideoSoundtrackType
include/Microsoft/Xna/Framework/Media/VisualizationData.hpp	class	VisualizationData
include/Microsoft/Xna/Framework/Net/GameEndedEventArgs.hpp	class	GameEndedEventArgs
include/Microsoft/Xna/Framework/Net/GameStartedEventArgs.hpp	class	GameStartedEventArgs
include/Microsoft/Xna/Framework/Net/GamerJoinedEventArgs.hpp	class	GamerJoinedEventArgs
include/Microsoft/Xna/Framework/Net/GamerJoinedEventArgs.hpp	class	NetworkGamer
include/Microsoft/Xna/Framework/Net/GamerLeftEventArgs.hpp	class	GamerLeftEventArgs
include/Microsoft/Xna/Framework/Net/GamerLeftEventArgs.hpp	class	NetworkGamer
include/Microsoft/Xna/Framework/Net/HostChangedEventArgs.hpp	class	HostChangedEventArgs
include/Microsoft/Xna/Framework/Net/HostChangedEventArgs.hpp	class	NetworkGamer
include/Microsoft/Xna/Framework/Net/LocalNetworkGamer.hpp	class	SignedInGamer
include/Microsoft/Xna/Framework/Net/NetworkGamer.hpp	class	NetworkGamer
include/Microsoft/Xna/Framework/Net/NetworkGamer.hpp	class	NetworkSession
include/Microsoft/Xna/Framework/Net/NetworkMachine.hpp	class	NetworkGamer
include/Microsoft/Xna/Framework/Net/NetworkSession.hpp	class	LocalNetworkGamer
include/Microsoft/Xna/Framework/Net/NetworkSession.hpp	class	NetworkGamer
include/Microsoft/Xna/Framework/Net/NetworkSession.hpp	class	NetworkSessionAction
include/Microsoft/Xna/Framework/Net/NetworkSession.hpp	class	SignedInGamer
include/Microsoft/Xna/Framework/Net/NetworkSession.hpp	enum_class	NetworkEventType
include/Microsoft/Xna/Framework/Net/NetworkSession.hpp	struct	NetworkEvent
include/Microsoft/Xna/Framework/Net/NetworkSessionEndReason.hpp	enum_class	NetworkSessionEndReason
include/Microsoft/Xna/Framework/Net/NetworkSessionEndedEventArgs.hpp	class	NetworkSessionEndedEventArgs
include/Microsoft/Xna/Framework/Net/NetworkSessionJoinError.hpp	enum_class	NetworkSessionJoinError
include/Microsoft/Xna/Framework/Net/NetworkSessionJoinException.hpp	class	NetworkSessionJoinException
include/Microsoft/Xna/Framework/Net/NetworkSessionProperties.hpp	class	Enumerator
include/Microsoft/Xna/Framework/Net/NetworkSessionProperties.hpp	class	NetworkSessionProperties
include/Microsoft/Xna/Framework/Net/NetworkSessionState.hpp	enum_class	NetworkSessionState
include/Microsoft/Xna/Framework/Net/NetworkSessionType.hpp	enum_class	NetworkSessionType
include/Microsoft/Xna/Framework/Net/SendDataOptions.hpp	enum_class	SendDataOptions
include/Microsoft/Xna/Framework/Net/WriteLeaderboardsEventArgs.hpp	class	NetworkGamer
include/Microsoft/Xna/Framework/Plane.hpp	class	BoundingFrustum
include/Microsoft/Xna/Framework/Plane.hpp	struct	BoundingBox
include/Microsoft/Xna/Framework/Plane.hpp	struct	BoundingSphere
include/Microsoft/Xna/Framework/Plane.hpp	struct	Matrix
include/Microsoft/Xna/Framework/Plane.hpp	struct	Plane
include/Microsoft/Xna/Framework/Plane.hpp	struct	Quaternion
include/Microsoft/Xna/Framework/PlaneIntersectionType.hpp	enum_class	PlaneIntersectionType
include/Microsoft/Xna/Framework/PlayerIndex.hpp	enum_class	PlayerIndex
include/Microsoft/Xna/Framework/Point.hpp	struct	Point
include/Microsoft/Xna/Framework/PreparingDeviceSettingsEventArgs.hpp	class	PreparingDeviceSettingsEventArgs
include/Microsoft/Xna/Framework/Quaternion.hpp	struct	Quaternion
include/Microsoft/Xna/Framework/Ray.hpp	class	BoundingFrustum
include/Microsoft/Xna/Framework/Ray.hpp	struct	BoundingBox
include/Microsoft/Xna/Framework/Ray.hpp	struct	BoundingSphere
include/Microsoft/Xna/Framework/Ray.hpp	struct	Plane
include/Microsoft/Xna/Framework/Ray.hpp	struct	Ray
include/Microsoft/Xna/Framework/Rectangle.hpp	struct	Rectangle
include/Microsoft/Xna/Framework/Storage/StorageContainer.hpp	class	StorageContainer
include/Microsoft/Xna/Framework/Storage/StorageContainer.hpp	class	StorageDevice
include/Microsoft/Xna/Framework/Storage/StorageDeviceNotConnectedException.hpp	class	StorageDeviceNotConnectedException
include/Microsoft/Xna/Framework/Vector2.hpp	struct	Matrix
include/Microsoft/Xna/Framework/Vector2.hpp	struct	Quaternion
include/Microsoft/Xna/Framework/Vector2.hpp	struct	Vector2
include/Microsoft/Xna/Framework/Vector3.hpp	struct	Matrix
include/Microsoft/Xna/Framework/Vector3.hpp	struct	Quaternion
include/Microsoft/Xna/Framework/Vector3.hpp	struct	Vector3
include/Microsoft/Xna/Framework/Vector4.hpp	struct	Matrix
include/Microsoft/Xna/Framework/Vector4.hpp	struct	Quaternion
include/Microsoft/Xna/Framework/Vector4.hpp	struct	Vector4
