// SPDX-License-Identifier: MS-PL
#pragma once
/*
    #version:1# (machine generated, don't edit!)

    Generated by sokol-shdc (https://github.com/floooh/sokol-tools)

    Overview:
    =========
    Shader program: 'sprite':
        Get shader desc: cna_sprite_shader_desc(sg_query_backend());
        Vertex Shader: sprite_vs
        Fragment Shader: sprite_fs
        Attributes:
            ATTR_cna_sprite_position => 0
            ATTR_cna_sprite_texcoord0 => 1
            ATTR_cna_sprite_color0 => 2
    Bindings:
        Uniform block 'sprite_vs_params':
            C struct: cna_sprite_vs_params_t
            Bind slot: UB_cna_sprite_vs_params => 0
        Uniform block 'sprite_fs_params':
            C struct: cna_sprite_fs_params_t
            Bind slot: UB_cna_sprite_fs_params => 1
        Texture 'tex':
            Image type: SG_IMAGETYPE_2D
            Sample type: SG_IMAGESAMPLETYPE_FLOAT
            Multisampled: false
            Bind slot: VIEW_cna_tex => 0
        Sampler 'smp':
            Type: SG_SAMPLERTYPE_FILTERING
            Bind slot: SMP_cna_smp => 0
*/
#if !defined(SOKOL_GFX_INCLUDED)
#error "Please include sokol_gfx.h before sprite.h"
#endif
#if !defined(SOKOL_SHDC_ALIGN)
#if defined(_MSC_VER)
#define SOKOL_SHDC_ALIGN(a) __declspec(align(a))
#else
#define SOKOL_SHDC_ALIGN(a) __attribute__((aligned(a)))
#endif
#endif
const sg_shader_desc* cna_sprite_shader_desc(sg_backend renderer);
#define ATTR_cna_sprite_position (0)
#define ATTR_cna_sprite_texcoord0 (1)
#define ATTR_cna_sprite_color0 (2)
#define UB_cna_sprite_vs_params (0)
#define UB_cna_sprite_fs_params (1)
#define VIEW_cna_tex (0)
#define SMP_cna_smp (0)
#pragma pack(push,1)
SOKOL_SHDC_ALIGN(16) typedef struct cna_sprite_vs_params_t {
    float mvp[16];
} cna_sprite_vs_params_t;
#pragma pack(pop)
#pragma pack(push,1)
SOKOL_SHDC_ALIGN(16) typedef struct cna_sprite_fs_params_t {
    float rtFlipV;
    uint8_t _pad_4[12];
} cna_sprite_fs_params_t;
#pragma pack(pop)
#if defined(SOKOL_SHDC_IMPL)
/*
    #version 410

    uniform vec4 sprite_vs_params[4];
    layout(location = 0) in vec2 position;
    layout(location = 0) out vec2 uv;
    layout(location = 1) in vec2 texcoord0;
    layout(location = 1) out vec4 tint;
    layout(location = 2) in vec4 color0;

    void main()
    {
        gl_Position = mat4(sprite_vs_params[0], sprite_vs_params[1], sprite_vs_params[2], sprite_vs_params[3]) * vec4(position, 0.0, 1.0);
        uv = texcoord0;
        tint = color0;
    }

*/
#if defined(SOKOL_GLCORE)
static const uint8_t cna_sprite_vs_source_glsl410[427] = {
    0x23,0x76,0x65,0x72,0x73,0x69,0x6f,0x6e,0x20,0x34,0x31,0x30,0x0a,0x0a,0x75,0x6e,
    0x69,0x66,0x6f,0x72,0x6d,0x20,0x76,0x65,0x63,0x34,0x20,0x73,0x70,0x72,0x69,0x74,
    0x65,0x5f,0x76,0x73,0x5f,0x70,0x61,0x72,0x61,0x6d,0x73,0x5b,0x34,0x5d,0x3b,0x0a,
    0x6c,0x61,0x79,0x6f,0x75,0x74,0x28,0x6c,0x6f,0x63,0x61,0x74,0x69,0x6f,0x6e,0x20,
    0x3d,0x20,0x30,0x29,0x20,0x69,0x6e,0x20,0x76,0x65,0x63,0x32,0x20,0x70,0x6f,0x73,
    0x69,0x74,0x69,0x6f,0x6e,0x3b,0x0a,0x6c,0x61,0x79,0x6f,0x75,0x74,0x28,0x6c,0x6f,
    0x63,0x61,0x74,0x69,0x6f,0x6e,0x20,0x3d,0x20,0x30,0x29,0x20,0x6f,0x75,0x74,0x20,
    0x76,0x65,0x63,0x32,0x20,0x75,0x76,0x3b,0x0a,0x6c,0x61,0x79,0x6f,0x75,0x74,0x28,
    0x6c,0x6f,0x63,0x61,0x74,0x69,0x6f,0x6e,0x20,0x3d,0x20,0x31,0x29,0x20,0x69,0x6e,
    0x20,0x76,0x65,0x63,0x32,0x20,0x74,0x65,0x78,0x63,0x6f,0x6f,0x72,0x64,0x30,0x3b,
    0x0a,0x6c,0x61,0x79,0x6f,0x75,0x74,0x28,0x6c,0x6f,0x63,0x61,0x74,0x69,0x6f,0x6e,
    0x20,0x3d,0x20,0x31,0x29,0x20,0x6f,0x75,0x74,0x20,0x76,0x65,0x63,0x34,0x20,0x74,
    0x69,0x6e,0x74,0x3b,0x0a,0x6c,0x61,0x79,0x6f,0x75,0x74,0x28,0x6c,0x6f,0x63,0x61,
    0x74,0x69,0x6f,0x6e,0x20,0x3d,0x20,0x32,0x29,0x20,0x69,0x6e,0x20,0x76,0x65,0x63,
    0x34,0x20,0x63,0x6f,0x6c,0x6f,0x72,0x30,0x3b,0x0a,0x0a,0x76,0x6f,0x69,0x64,0x20,
    0x6d,0x61,0x69,0x6e,0x28,0x29,0x0a,0x7b,0x0a,0x20,0x20,0x20,0x20,0x67,0x6c,0x5f,
    0x50,0x6f,0x73,0x69,0x74,0x69,0x6f,0x6e,0x20,0x3d,0x20,0x6d,0x61,0x74,0x34,0x28,
    0x73,0x70,0x72,0x69,0x74,0x65,0x5f,0x76,0x73,0x5f,0x70,0x61,0x72,0x61,0x6d,0x73,
    0x5b,0x30,0x5d,0x2c,0x20,0x73,0x70,0x72,0x69,0x74,0x65,0x5f,0x76,0x73,0x5f,0x70,
    0x61,0x72,0x61,0x6d,0x73,0x5b,0x31,0x5d,0x2c,0x20,0x73,0x70,0x72,0x69,0x74,0x65,
    0x5f,0x76,0x73,0x5f,0x70,0x61,0x72,0x61,0x6d,0x73,0x5b,0x32,0x5d,0x2c,0x20,0x73,
    0x70,0x72,0x69,0x74,0x65,0x5f,0x76,0x73,0x5f,0x70,0x61,0x72,0x61,0x6d,0x73,0x5b,
    0x33,0x5d,0x29,0x20,0x2a,0x20,0x76,0x65,0x63,0x34,0x28,0x70,0x6f,0x73,0x69,0x74,
    0x69,0x6f,0x6e,0x2c,0x20,0x30,0x2e,0x30,0x2c,0x20,0x31,0x2e,0x30,0x29,0x3b,0x0a,
    0x20,0x20,0x20,0x20,0x75,0x76,0x20,0x3d,0x20,0x74,0x65,0x78,0x63,0x6f,0x6f,0x72,
    0x64,0x30,0x3b,0x0a,0x20,0x20,0x20,0x20,0x74,0x69,0x6e,0x74,0x20,0x3d,0x20,0x63,
    0x6f,0x6c,0x6f,0x72,0x30,0x3b,0x0a,0x7d,0x0a,0x0a,0x00,
};
#endif
/*
    #version 410

    uniform vec4 sprite_fs_params[1];
    uniform sampler2D tex_smp;

    layout(location = 0) in vec2 uv;
    layout(location = 0) out vec4 frag_color;
    layout(location = 1) in vec4 tint;

    void main()
    {
        frag_color = texture(tex_smp, vec2(uv.x, mix(uv.y, 1.0 - uv.y, sprite_fs_params[0].x))) * tint;
    }

*/
#if defined(SOKOL_GLCORE)
static const uint8_t cna_sprite_fs_source_glsl410[305] = {
    0x23,0x76,0x65,0x72,0x73,0x69,0x6f,0x6e,0x20,0x34,0x31,0x30,0x0a,0x0a,0x75,0x6e,
    0x69,0x66,0x6f,0x72,0x6d,0x20,0x76,0x65,0x63,0x34,0x20,0x73,0x70,0x72,0x69,0x74,
    0x65,0x5f,0x66,0x73,0x5f,0x70,0x61,0x72,0x61,0x6d,0x73,0x5b,0x31,0x5d,0x3b,0x0a,
    0x75,0x6e,0x69,0x66,0x6f,0x72,0x6d,0x20,0x73,0x61,0x6d,0x70,0x6c,0x65,0x72,0x32,
    0x44,0x20,0x74,0x65,0x78,0x5f,0x73,0x6d,0x70,0x3b,0x0a,0x0a,0x6c,0x61,0x79,0x6f,
    0x75,0x74,0x28,0x6c,0x6f,0x63,0x61,0x74,0x69,0x6f,0x6e,0x20,0x3d,0x20,0x30,0x29,
    0x20,0x69,0x6e,0x20,0x76,0x65,0x63,0x32,0x20,0x75,0x76,0x3b,0x0a,0x6c,0x61,0x79,
    0x6f,0x75,0x74,0x28,0x6c,0x6f,0x63,0x61,0x74,0x69,0x6f,0x6e,0x20,0x3d,0x20,0x30,
    0x29,0x20,0x6f,0x75,0x74,0x20,0x76,0x65,0x63,0x34,0x20,0x66,0x72,0x61,0x67,0x5f,
    0x63,0x6f,0x6c,0x6f,0x72,0x3b,0x0a,0x6c,0x61,0x79,0x6f,0x75,0x74,0x28,0x6c,0x6f,
    0x63,0x61,0x74,0x69,0x6f,0x6e,0x20,0x3d,0x20,0x31,0x29,0x20,0x69,0x6e,0x20,0x76,
    0x65,0x63,0x34,0x20,0x74,0x69,0x6e,0x74,0x3b,0x0a,0x0a,0x76,0x6f,0x69,0x64,0x20,
    0x6d,0x61,0x69,0x6e,0x28,0x29,0x0a,0x7b,0x0a,0x20,0x20,0x20,0x20,0x66,0x72,0x61,
    0x67,0x5f,0x63,0x6f,0x6c,0x6f,0x72,0x20,0x3d,0x20,0x74,0x65,0x78,0x74,0x75,0x72,
    0x65,0x28,0x74,0x65,0x78,0x5f,0x73,0x6d,0x70,0x2c,0x20,0x76,0x65,0x63,0x32,0x28,
    0x75,0x76,0x2e,0x78,0x2c,0x20,0x6d,0x69,0x78,0x28,0x75,0x76,0x2e,0x79,0x2c,0x20,
    0x31,0x2e,0x30,0x20,0x2d,0x20,0x75,0x76,0x2e,0x79,0x2c,0x20,0x73,0x70,0x72,0x69,
    0x74,0x65,0x5f,0x66,0x73,0x5f,0x70,0x61,0x72,0x61,0x6d,0x73,0x5b,0x30,0x5d,0x2e,
    0x78,0x29,0x29,0x29,0x20,0x2a,0x20,0x74,0x69,0x6e,0x74,0x3b,0x0a,0x7d,0x0a,0x0a,
    0x00,
};
#endif
/*
    #version 300 es

    uniform vec4 sprite_vs_params[4];
    layout(location = 0) in vec2 position;
    out vec2 uv;
    layout(location = 1) in vec2 texcoord0;
    out vec4 tint;
    layout(location = 2) in vec4 color0;

    void main()
    {
        gl_Position = mat4(sprite_vs_params[0], sprite_vs_params[1], sprite_vs_params[2], sprite_vs_params[3]) * vec4(position, 0.0, 1.0);
        uv = texcoord0;
        tint = color0;
    }

*/
#if defined(SOKOL_GLES3)
static const uint8_t cna_sprite_vs_source_glsl300es[388] = {
    0x23,0x76,0x65,0x72,0x73,0x69,0x6f,0x6e,0x20,0x33,0x30,0x30,0x20,0x65,0x73,0x0a,
    0x0a,0x75,0x6e,0x69,0x66,0x6f,0x72,0x6d,0x20,0x76,0x65,0x63,0x34,0x20,0x73,0x70,
    0x72,0x69,0x74,0x65,0x5f,0x76,0x73,0x5f,0x70,0x61,0x72,0x61,0x6d,0x73,0x5b,0x34,
    0x5d,0x3b,0x0a,0x6c,0x61,0x79,0x6f,0x75,0x74,0x28,0x6c,0x6f,0x63,0x61,0x74,0x69,
    0x6f,0x6e,0x20,0x3d,0x20,0x30,0x29,0x20,0x69,0x6e,0x20,0x76,0x65,0x63,0x32,0x20,
    0x70,0x6f,0x73,0x69,0x74,0x69,0x6f,0x6e,0x3b,0x0a,0x6f,0x75,0x74,0x20,0x76,0x65,
    0x63,0x32,0x20,0x75,0x76,0x3b,0x0a,0x6c,0x61,0x79,0x6f,0x75,0x74,0x28,0x6c,0x6f,
    0x63,0x61,0x74,0x69,0x6f,0x6e,0x20,0x3d,0x20,0x31,0x29,0x20,0x69,0x6e,0x20,0x76,
    0x65,0x63,0x32,0x20,0x74,0x65,0x78,0x63,0x6f,0x6f,0x72,0x64,0x30,0x3b,0x0a,0x6f,
    0x75,0x74,0x20,0x76,0x65,0x63,0x34,0x20,0x74,0x69,0x6e,0x74,0x3b,0x0a,0x6c,0x61,
    0x79,0x6f,0x75,0x74,0x28,0x6c,0x6f,0x63,0x61,0x74,0x69,0x6f,0x6e,0x20,0x3d,0x20,
    0x32,0x29,0x20,0x69,0x6e,0x20,0x76,0x65,0x63,0x34,0x20,0x63,0x6f,0x6c,0x6f,0x72,
    0x30,0x3b,0x0a,0x0a,0x76,0x6f,0x69,0x64,0x20,0x6d,0x61,0x69,0x6e,0x28,0x29,0x0a,
    0x7b,0x0a,0x20,0x20,0x20,0x20,0x67,0x6c,0x5f,0x50,0x6f,0x73,0x69,0x74,0x69,0x6f,
    0x6e,0x20,0x3d,0x20,0x6d,0x61,0x74,0x34,0x28,0x73,0x70,0x72,0x69,0x74,0x65,0x5f,
    0x76,0x73,0x5f,0x70,0x61,0x72,0x61,0x6d,0x73,0x5b,0x30,0x5d,0x2c,0x20,0x73,0x70,
    0x72,0x69,0x74,0x65,0x5f,0x76,0x73,0x5f,0x70,0x61,0x72,0x61,0x6d,0x73,0x5b,0x31,
    0x5d,0x2c,0x20,0x73,0x70,0x72,0x69,0x74,0x65,0x5f,0x76,0x73,0x5f,0x70,0x61,0x72,
    0x61,0x6d,0x73,0x5b,0x32,0x5d,0x2c,0x20,0x73,0x70,0x72,0x69,0x74,0x65,0x5f,0x76,
    0x73,0x5f,0x70,0x61,0x72,0x61,0x6d,0x73,0x5b,0x33,0x5d,0x29,0x20,0x2a,0x20,0x76,
    0x65,0x63,0x34,0x28,0x70,0x6f,0x73,0x69,0x74,0x69,0x6f,0x6e,0x2c,0x20,0x30,0x2e,
    0x30,0x2c,0x20,0x31,0x2e,0x30,0x29,0x3b,0x0a,0x20,0x20,0x20,0x20,0x75,0x76,0x20,
    0x3d,0x20,0x74,0x65,0x78,0x63,0x6f,0x6f,0x72,0x64,0x30,0x3b,0x0a,0x20,0x20,0x20,
    0x20,0x74,0x69,0x6e,0x74,0x20,0x3d,0x20,0x63,0x6f,0x6c,0x6f,0x72,0x30,0x3b,0x0a,
    0x7d,0x0a,0x0a,0x00,
};
#endif
/*
    #version 300 es
    precision mediump float;
    precision highp int;

    uniform highp vec4 sprite_fs_params[1];
    uniform highp sampler2D tex_smp;

    in highp vec2 uv;
    layout(location = 0) out highp vec4 frag_color;
    in highp vec4 tint;

    void main()
    {
        frag_color = texture(tex_smp, vec2(uv.x, mix(uv.y, 1.0 - uv.y, sprite_fs_params[0].x))) * tint;
    }

*/
#if defined(SOKOL_GLES3)
static const uint8_t cna_sprite_fs_source_glsl300es[342] = {
    0x23,0x76,0x65,0x72,0x73,0x69,0x6f,0x6e,0x20,0x33,0x30,0x30,0x20,0x65,0x73,0x0a,
    0x70,0x72,0x65,0x63,0x69,0x73,0x69,0x6f,0x6e,0x20,0x6d,0x65,0x64,0x69,0x75,0x6d,
    0x70,0x20,0x66,0x6c,0x6f,0x61,0x74,0x3b,0x0a,0x70,0x72,0x65,0x63,0x69,0x73,0x69,
    0x6f,0x6e,0x20,0x68,0x69,0x67,0x68,0x70,0x20,0x69,0x6e,0x74,0x3b,0x0a,0x0a,0x75,
    0x6e,0x69,0x66,0x6f,0x72,0x6d,0x20,0x68,0x69,0x67,0x68,0x70,0x20,0x76,0x65,0x63,
    0x34,0x20,0x73,0x70,0x72,0x69,0x74,0x65,0x5f,0x66,0x73,0x5f,0x70,0x61,0x72,0x61,
    0x6d,0x73,0x5b,0x31,0x5d,0x3b,0x0a,0x75,0x6e,0x69,0x66,0x6f,0x72,0x6d,0x20,0x68,
    0x69,0x67,0x68,0x70,0x20,0x73,0x61,0x6d,0x70,0x6c,0x65,0x72,0x32,0x44,0x20,0x74,
    0x65,0x78,0x5f,0x73,0x6d,0x70,0x3b,0x0a,0x0a,0x69,0x6e,0x20,0x68,0x69,0x67,0x68,
    0x70,0x20,0x76,0x65,0x63,0x32,0x20,0x75,0x76,0x3b,0x0a,0x6c,0x61,0x79,0x6f,0x75,
    0x74,0x28,0x6c,0x6f,0x63,0x61,0x74,0x69,0x6f,0x6e,0x20,0x3d,0x20,0x30,0x29,0x20,
    0x6f,0x75,0x74,0x20,0x68,0x69,0x67,0x68,0x70,0x20,0x76,0x65,0x63,0x34,0x20,0x66,
    0x72,0x61,0x67,0x5f,0x63,0x6f,0x6c,0x6f,0x72,0x3b,0x0a,0x69,0x6e,0x20,0x68,0x69,
    0x67,0x68,0x70,0x20,0x76,0x65,0x63,0x34,0x20,0x74,0x69,0x6e,0x74,0x3b,0x0a,0x0a,
    0x76,0x6f,0x69,0x64,0x20,0x6d,0x61,0x69,0x6e,0x28,0x29,0x0a,0x7b,0x0a,0x20,0x20,
    0x20,0x20,0x66,0x72,0x61,0x67,0x5f,0x63,0x6f,0x6c,0x6f,0x72,0x20,0x3d,0x20,0x74,
    0x65,0x78,0x74,0x75,0x72,0x65,0x28,0x74,0x65,0x78,0x5f,0x73,0x6d,0x70,0x2c,0x20,
    0x76,0x65,0x63,0x32,0x28,0x75,0x76,0x2e,0x78,0x2c,0x20,0x6d,0x69,0x78,0x28,0x75,
    0x76,0x2e,0x79,0x2c,0x20,0x31,0x2e,0x30,0x20,0x2d,0x20,0x75,0x76,0x2e,0x79,0x2c,
    0x20,0x73,0x70,0x72,0x69,0x74,0x65,0x5f,0x66,0x73,0x5f,0x70,0x61,0x72,0x61,0x6d,
    0x73,0x5b,0x30,0x5d,0x2e,0x78,0x29,0x29,0x29,0x20,0x2a,0x20,0x74,0x69,0x6e,0x74,
    0x3b,0x0a,0x7d,0x0a,0x0a,0x00,
};
#endif
/*
    cbuffer sprite_vs_params : register(b0)
    {
        row_major float4x4 _19_mvp : packoffset(c0);
    };


    static float4 gl_Position;
    static float2 position;
    static float2 uv;
    static float2 texcoord0;
    static float4 tint;
    static float4 color0;

    struct SPIRV_Cross_Input
    {
        float2 position : TEXCOORD0;
        float2 texcoord0 : TEXCOORD1;
        float4 color0 : TEXCOORD2;
    };

    struct SPIRV_Cross_Output
    {
        float2 uv : TEXCOORD0;
        float4 tint : TEXCOORD1;
        float4 gl_Position : SV_Position;
    };

    void vert_main()
    {
        gl_Position = mul(float4(position, 0.0f, 1.0f), _19_mvp);
        uv = texcoord0;
        tint = color0;
    }

    SPIRV_Cross_Output main(SPIRV_Cross_Input stage_input)
    {
        position = stage_input.position;
        texcoord0 = stage_input.texcoord0;
        color0 = stage_input.color0;
        vert_main();
        SPIRV_Cross_Output stage_output;
        stage_output.gl_Position = gl_Position;
        stage_output.uv = uv;
        stage_output.tint = tint;
        return stage_output;
    }
*/
#if defined(SOKOL_D3D11)
static const uint8_t cna_sprite_vs_source_hlsl5[959] = {
    0x63,0x62,0x75,0x66,0x66,0x65,0x72,0x20,0x73,0x70,0x72,0x69,0x74,0x65,0x5f,0x76,
    0x73,0x5f,0x70,0x61,0x72,0x61,0x6d,0x73,0x20,0x3a,0x20,0x72,0x65,0x67,0x69,0x73,
    0x74,0x65,0x72,0x28,0x62,0x30,0x29,0x0a,0x7b,0x0a,0x20,0x20,0x20,0x20,0x72,0x6f,
    0x77,0x5f,0x6d,0x61,0x6a,0x6f,0x72,0x20,0x66,0x6c,0x6f,0x61,0x74,0x34,0x78,0x34,
    0x20,0x5f,0x31,0x39,0x5f,0x6d,0x76,0x70,0x20,0x3a,0x20,0x70,0x61,0x63,0x6b,0x6f,
    0x66,0x66,0x73,0x65,0x74,0x28,0x63,0x30,0x29,0x3b,0x0a,0x7d,0x3b,0x0a,0x0a,0x0a,
    0x73,0x74,0x61,0x74,0x69,0x63,0x20,0x66,0x6c,0x6f,0x61,0x74,0x34,0x20,0x67,0x6c,
    0x5f,0x50,0x6f,0x73,0x69,0x74,0x69,0x6f,0x6e,0x3b,0x0a,0x73,0x74,0x61,0x74,0x69,
    0x63,0x20,0x66,0x6c,0x6f,0x61,0x74,0x32,0x20,0x70,0x6f,0x73,0x69,0x74,0x69,0x6f,
    0x6e,0x3b,0x0a,0x73,0x74,0x61,0x74,0x69,0x63,0x20,0x66,0x6c,0x6f,0x61,0x74,0x32,
    0x20,0x75,0x76,0x3b,0x0a,0x73,0x74,0x61,0x74,0x69,0x63,0x20,0x66,0x6c,0x6f,0x61,
    0x74,0x32,0x20,0x74,0x65,0x78,0x63,0x6f,0x6f,0x72,0x64,0x30,0x3b,0x0a,0x73,0x74,
    0x61,0x74,0x69,0x63,0x20,0x66,0x6c,0x6f,0x61,0x74,0x34,0x20,0x74,0x69,0x6e,0x74,
    0x3b,0x0a,0x73,0x74,0x61,0x74,0x69,0x63,0x20,0x66,0x6c,0x6f,0x61,0x74,0x34,0x20,
    0x63,0x6f,0x6c,0x6f,0x72,0x30,0x3b,0x0a,0x0a,0x73,0x74,0x72,0x75,0x63,0x74,0x20,
    0x53,0x50,0x49,0x52,0x56,0x5f,0x43,0x72,0x6f,0x73,0x73,0x5f,0x49,0x6e,0x70,0x75,
    0x74,0x0a,0x7b,0x0a,0x20,0x20,0x20,0x20,0x66,0x6c,0x6f,0x61,0x74,0x32,0x20,0x70,
    0x6f,0x73,0x69,0x74,0x69,0x6f,0x6e,0x20,0x3a,0x20,0x54,0x45,0x58,0x43,0x4f,0x4f,
    0x52,0x44,0x30,0x3b,0x0a,0x20,0x20,0x20,0x20,0x66,0x6c,0x6f,0x61,0x74,0x32,0x20,
    0x74,0x65,0x78,0x63,0x6f,0x6f,0x72,0x64,0x30,0x20,0x3a,0x20,0x54,0x45,0x58,0x43,
    0x4f,0x4f,0x52,0x44,0x31,0x3b,0x0a,0x20,0x20,0x20,0x20,0x66,0x6c,0x6f,0x61,0x74,
    0x34,0x20,0x63,0x6f,0x6c,0x6f,0x72,0x30,0x20,0x3a,0x20,0x54,0x45,0x58,0x43,0x4f,
    0x4f,0x52,0x44,0x32,0x3b,0x0a,0x7d,0x3b,0x0a,0x0a,0x73,0x74,0x72,0x75,0x63,0x74,
    0x20,0x53,0x50,0x49,0x52,0x56,0x5f,0x43,0x72,0x6f,0x73,0x73,0x5f,0x4f,0x75,0x74,
    0x70,0x75,0x74,0x0a,0x7b,0x0a,0x20,0x20,0x20,0x20,0x66,0x6c,0x6f,0x61,0x74,0x32,
    0x20,0x75,0x76,0x20,0x3a,0x20,0x54,0x45,0x58,0x43,0x4f,0x4f,0x52,0x44,0x30,0x3b,
    0x0a,0x20,0x20,0x20,0x20,0x66,0x6c,0x6f,0x61,0x74,0x34,0x20,0x74,0x69,0x6e,0x74,
    0x20,0x3a,0x20,0x54,0x45,0x58,0x43,0x4f,0x4f,0x52,0x44,0x31,0x3b,0x0a,0x20,0x20,
    0x20,0x20,0x66,0x6c,0x6f,0x61,0x74,0x34,0x20,0x67,0x6c,0x5f,0x50,0x6f,0x73,0x69,
    0x74,0x69,0x6f,0x6e,0x20,0x3a,0x20,0x53,0x56,0x5f,0x50,0x6f,0x73,0x69,0x74,0x69,
    0x6f,0x6e,0x3b,0x0a,0x7d,0x3b,0x0a,0x0a,0x76,0x6f,0x69,0x64,0x20,0x76,0x65,0x72,
    0x74,0x5f,0x6d,0x61,0x69,0x6e,0x28,0x29,0x0a,0x7b,0x0a,0x20,0x20,0x20,0x20,0x67,
    0x6c,0x5f,0x50,0x6f,0x73,0x69,0x74,0x69,0x6f,0x6e,0x20,0x3d,0x20,0x6d,0x75,0x6c,
    0x28,0x66,0x6c,0x6f,0x61,0x74,0x34,0x28,0x70,0x6f,0x73,0x69,0x74,0x69,0x6f,0x6e,
    0x2c,0x20,0x30,0x2e,0x30,0x66,0x2c,0x20,0x31,0x2e,0x30,0x66,0x29,0x2c,0x20,0x5f,
    0x31,0x39,0x5f,0x6d,0x76,0x70,0x29,0x3b,0x0a,0x20,0x20,0x20,0x20,0x75,0x76,0x20,
    0x3d,0x20,0x74,0x65,0x78,0x63,0x6f,0x6f,0x72,0x64,0x30,0x3b,0x0a,0x20,0x20,0x20,
    0x20,0x74,0x69,0x6e,0x74,0x20,0x3d,0x20,0x63,0x6f,0x6c,0x6f,0x72,0x30,0x3b,0x0a,
    0x7d,0x0a,0x0a,0x53,0x50,0x49,0x52,0x56,0x5f,0x43,0x72,0x6f,0x73,0x73,0x5f,0x4f,
    0x75,0x74,0x70,0x75,0x74,0x20,0x6d,0x61,0x69,0x6e,0x28,0x53,0x50,0x49,0x52,0x56,
    0x5f,0x43,0x72,0x6f,0x73,0x73,0x5f,0x49,0x6e,0x70,0x75,0x74,0x20,0x73,0x74,0x61,
    0x67,0x65,0x5f,0x69,0x6e,0x70,0x75,0x74,0x29,0x0a,0x7b,0x0a,0x20,0x20,0x20,0x20,
    0x70,0x6f,0x73,0x69,0x74,0x69,0x6f,0x6e,0x20,0x3d,0x20,0x73,0x74,0x61,0x67,0x65,
    0x5f,0x69,0x6e,0x70,0x75,0x74,0x2e,0x70,0x6f,0x73,0x69,0x74,0x69,0x6f,0x6e,0x3b,
    0x0a,0x20,0x20,0x20,0x20,0x74,0x65,0x78,0x63,0x6f,0x6f,0x72,0x64,0x30,0x20,0x3d,
    0x20,0x73,0x74,0x61,0x67,0x65,0x5f,0x69,0x6e,0x70,0x75,0x74,0x2e,0x74,0x65,0x78,
    0x63,0x6f,0x6f,0x72,0x64,0x30,0x3b,0x0a,0x20,0x20,0x20,0x20,0x63,0x6f,0x6c,0x6f,
    0x72,0x30,0x20,0x3d,0x20,0x73,0x74,0x61,0x67,0x65,0x5f,0x69,0x6e,0x70,0x75,0x74,
    0x2e,0x63,0x6f,0x6c,0x6f,0x72,0x30,0x3b,0x0a,0x20,0x20,0x20,0x20,0x76,0x65,0x72,
    0x74,0x5f,0x6d,0x61,0x69,0x6e,0x28,0x29,0x3b,0x0a,0x20,0x20,0x20,0x20,0x53,0x50,
    0x49,0x52,0x56,0x5f,0x43,0x72,0x6f,0x73,0x73,0x5f,0x4f,0x75,0x74,0x70,0x75,0x74,
    0x20,0x73,0x74,0x61,0x67,0x65,0x5f,0x6f,0x75,0x74,0x70,0x75,0x74,0x3b,0x0a,0x20,
    0x20,0x20,0x20,0x73,0x74,0x61,0x67,0x65,0x5f,0x6f,0x75,0x74,0x70,0x75,0x74,0x2e,
    0x67,0x6c,0x5f,0x50,0x6f,0x73,0x69,0x74,0x69,0x6f,0x6e,0x20,0x3d,0x20,0x67,0x6c,
    0x5f,0x50,0x6f,0x73,0x69,0x74,0x69,0x6f,0x6e,0x3b,0x0a,0x20,0x20,0x20,0x20,0x73,
    0x74,0x61,0x67,0x65,0x5f,0x6f,0x75,0x74,0x70,0x75,0x74,0x2e,0x75,0x76,0x20,0x3d,
    0x20,0x75,0x76,0x3b,0x0a,0x20,0x20,0x20,0x20,0x73,0x74,0x61,0x67,0x65,0x5f,0x6f,
    0x75,0x74,0x70,0x75,0x74,0x2e,0x74,0x69,0x6e,0x74,0x20,0x3d,0x20,0x74,0x69,0x6e,
    0x74,0x3b,0x0a,0x20,0x20,0x20,0x20,0x72,0x65,0x74,0x75,0x72,0x6e,0x20,0x73,0x74,
    0x61,0x67,0x65,0x5f,0x6f,0x75,0x74,0x70,0x75,0x74,0x3b,0x0a,0x7d,0x0a,0x00,
};
#endif
/*
    cbuffer sprite_fs_params : register(b1)
    {
        float _26_rtFlipV : packoffset(c0);
    };

    Texture2D<float4> tex : register(t0);
    SamplerState smp : register(s0);

    static float2 uv;
    static float4 frag_color;
    static float4 tint;

    struct SPIRV_Cross_Input
    {
        float2 uv : TEXCOORD0;
        float4 tint : TEXCOORD1;
    };

    struct SPIRV_Cross_Output
    {
        float4 frag_color : SV_Target0;
    };

    void frag_main()
    {
        frag_color = tex.Sample(smp, float2(uv.x, lerp(uv.y, 1.0f - uv.y, _26_rtFlipV))) * tint;
    }

    SPIRV_Cross_Output main(SPIRV_Cross_Input stage_input)
    {
        uv = stage_input.uv;
        tint = stage_input.tint;
        frag_main();
        SPIRV_Cross_Output stage_output;
        stage_output.frag_color = frag_color;
        return stage_output;
    }
*/
#if defined(SOKOL_D3D11)
static const uint8_t cna_sprite_fs_source_hlsl5[728] = {
    0x63,0x62,0x75,0x66,0x66,0x65,0x72,0x20,0x73,0x70,0x72,0x69,0x74,0x65,0x5f,0x66,
    0x73,0x5f,0x70,0x61,0x72,0x61,0x6d,0x73,0x20,0x3a,0x20,0x72,0x65,0x67,0x69,0x73,
    0x74,0x65,0x72,0x28,0x62,0x31,0x29,0x0a,0x7b,0x0a,0x20,0x20,0x20,0x20,0x66,0x6c,
    0x6f,0x61,0x74,0x20,0x5f,0x32,0x36,0x5f,0x72,0x74,0x46,0x6c,0x69,0x70,0x56,0x20,
    0x3a,0x20,0x70,0x61,0x63,0x6b,0x6f,0x66,0x66,0x73,0x65,0x74,0x28,0x63,0x30,0x29,
    0x3b,0x0a,0x7d,0x3b,0x0a,0x0a,0x54,0x65,0x78,0x74,0x75,0x72,0x65,0x32,0x44,0x3c,
    0x66,0x6c,0x6f,0x61,0x74,0x34,0x3e,0x20,0x74,0x65,0x78,0x20,0x3a,0x20,0x72,0x65,
    0x67,0x69,0x73,0x74,0x65,0x72,0x28,0x74,0x30,0x29,0x3b,0x0a,0x53,0x61,0x6d,0x70,
    0x6c,0x65,0x72,0x53,0x74,0x61,0x74,0x65,0x20,0x73,0x6d,0x70,0x20,0x3a,0x20,0x72,
    0x65,0x67,0x69,0x73,0x74,0x65,0x72,0x28,0x73,0x30,0x29,0x3b,0x0a,0x0a,0x73,0x74,
    0x61,0x74,0x69,0x63,0x20,0x66,0x6c,0x6f,0x61,0x74,0x32,0x20,0x75,0x76,0x3b,0x0a,
    0x73,0x74,0x61,0x74,0x69,0x63,0x20,0x66,0x6c,0x6f,0x61,0x74,0x34,0x20,0x66,0x72,
    0x61,0x67,0x5f,0x63,0x6f,0x6c,0x6f,0x72,0x3b,0x0a,0x73,0x74,0x61,0x74,0x69,0x63,
    0x20,0x66,0x6c,0x6f,0x61,0x74,0x34,0x20,0x74,0x69,0x6e,0x74,0x3b,0x0a,0x0a,0x73,
    0x74,0x72,0x75,0x63,0x74,0x20,0x53,0x50,0x49,0x52,0x56,0x5f,0x43,0x72,0x6f,0x73,
    0x73,0x5f,0x49,0x6e,0x70,0x75,0x74,0x0a,0x7b,0x0a,0x20,0x20,0x20,0x20,0x66,0x6c,
    0x6f,0x61,0x74,0x32,0x20,0x75,0x76,0x20,0x3a,0x20,0x54,0x45,0x58,0x43,0x4f,0x4f,
    0x52,0x44,0x30,0x3b,0x0a,0x20,0x20,0x20,0x20,0x66,0x6c,0x6f,0x61,0x74,0x34,0x20,
    0x74,0x69,0x6e,0x74,0x20,0x3a,0x20,0x54,0x45,0x58,0x43,0x4f,0x4f,0x52,0x44,0x31,
    0x3b,0x0a,0x7d,0x3b,0x0a,0x0a,0x73,0x74,0x72,0x75,0x63,0x74,0x20,0x53,0x50,0x49,
    0x52,0x56,0x5f,0x43,0x72,0x6f,0x73,0x73,0x5f,0x4f,0x75,0x74,0x70,0x75,0x74,0x0a,
    0x7b,0x0a,0x20,0x20,0x20,0x20,0x66,0x6c,0x6f,0x61,0x74,0x34,0x20,0x66,0x72,0x61,
    0x67,0x5f,0x63,0x6f,0x6c,0x6f,0x72,0x20,0x3a,0x20,0x53,0x56,0x5f,0x54,0x61,0x72,
    0x67,0x65,0x74,0x30,0x3b,0x0a,0x7d,0x3b,0x0a,0x0a,0x76,0x6f,0x69,0x64,0x20,0x66,
    0x72,0x61,0x67,0x5f,0x6d,0x61,0x69,0x6e,0x28,0x29,0x0a,0x7b,0x0a,0x20,0x20,0x20,
    0x20,0x66,0x72,0x61,0x67,0x5f,0x63,0x6f,0x6c,0x6f,0x72,0x20,0x3d,0x20,0x74,0x65,
    0x78,0x2e,0x53,0x61,0x6d,0x70,0x6c,0x65,0x28,0x73,0x6d,0x70,0x2c,0x20,0x66,0x6c,
    0x6f,0x61,0x74,0x32,0x28,0x75,0x76,0x2e,0x78,0x2c,0x20,0x6c,0x65,0x72,0x70,0x28,
    0x75,0x76,0x2e,0x79,0x2c,0x20,0x31,0x2e,0x30,0x66,0x20,0x2d,0x20,0x75,0x76,0x2e,
    0x79,0x2c,0x20,0x5f,0x32,0x36,0x5f,0x72,0x74,0x46,0x6c,0x69,0x70,0x56,0x29,0x29,
    0x29,0x20,0x2a,0x20,0x74,0x69,0x6e,0x74,0x3b,0x0a,0x7d,0x0a,0x0a,0x53,0x50,0x49,
    0x52,0x56,0x5f,0x43,0x72,0x6f,0x73,0x73,0x5f,0x4f,0x75,0x74,0x70,0x75,0x74,0x20,
    0x6d,0x61,0x69,0x6e,0x28,0x53,0x50,0x49,0x52,0x56,0x5f,0x43,0x72,0x6f,0x73,0x73,
    0x5f,0x49,0x6e,0x70,0x75,0x74,0x20,0x73,0x74,0x61,0x67,0x65,0x5f,0x69,0x6e,0x70,
    0x75,0x74,0x29,0x0a,0x7b,0x0a,0x20,0x20,0x20,0x20,0x75,0x76,0x20,0x3d,0x20,0x73,
    0x74,0x61,0x67,0x65,0x5f,0x69,0x6e,0x70,0x75,0x74,0x2e,0x75,0x76,0x3b,0x0a,0x20,
    0x20,0x20,0x20,0x74,0x69,0x6e,0x74,0x20,0x3d,0x20,0x73,0x74,0x61,0x67,0x65,0x5f,
    0x69,0x6e,0x70,0x75,0x74,0x2e,0x74,0x69,0x6e,0x74,0x3b,0x0a,0x20,0x20,0x20,0x20,
    0x66,0x72,0x61,0x67,0x5f,0x6d,0x61,0x69,0x6e,0x28,0x29,0x3b,0x0a,0x20,0x20,0x20,
    0x20,0x53,0x50,0x49,0x52,0x56,0x5f,0x43,0x72,0x6f,0x73,0x73,0x5f,0x4f,0x75,0x74,
    0x70,0x75,0x74,0x20,0x73,0x74,0x61,0x67,0x65,0x5f,0x6f,0x75,0x74,0x70,0x75,0x74,
    0x3b,0x0a,0x20,0x20,0x20,0x20,0x73,0x74,0x61,0x67,0x65,0x5f,0x6f,0x75,0x74,0x70,
    0x75,0x74,0x2e,0x66,0x72,0x61,0x67,0x5f,0x63,0x6f,0x6c,0x6f,0x72,0x20,0x3d,0x20,
    0x66,0x72,0x61,0x67,0x5f,0x63,0x6f,0x6c,0x6f,0x72,0x3b,0x0a,0x20,0x20,0x20,0x20,
    0x72,0x65,0x74,0x75,0x72,0x6e,0x20,0x73,0x74,0x61,0x67,0x65,0x5f,0x6f,0x75,0x74,
    0x70,0x75,0x74,0x3b,0x0a,0x7d,0x0a,0x00,
};
#endif
/*
    #include <metal_stdlib>
    #include <simd/simd.h>

    using namespace metal;

    struct sprite_vs_params
    {
        float4x4 mvp;
    };

    struct main0_out
    {
        float2 uv [[user(locn0)]];
        float4 tint [[user(locn1)]];
        float4 gl_Position [[position]];
    };

    struct main0_in
    {
        float2 position [[attribute(0)]];
        float2 texcoord0 [[attribute(1)]];
        float4 color0 [[attribute(2)]];
    };

    vertex main0_out main0(main0_in in [[stage_in]], constant sprite_vs_params& _19 [[buffer(0)]])
    {
        main0_out out = {};
        out.gl_Position = _19.mvp * float4(in.position, 0.0, 1.0);
        out.uv = in.texcoord0;
        out.tint = in.color0;
        return out;
    }

*/
#if defined(SOKOL_METAL)
static const uint8_t cna_sprite_vs_source_metal_macos[636] = {
    0x23,0x69,0x6e,0x63,0x6c,0x75,0x64,0x65,0x20,0x3c,0x6d,0x65,0x74,0x61,0x6c,0x5f,
    0x73,0x74,0x64,0x6c,0x69,0x62,0x3e,0x0a,0x23,0x69,0x6e,0x63,0x6c,0x75,0x64,0x65,
    0x20,0x3c,0x73,0x69,0x6d,0x64,0x2f,0x73,0x69,0x6d,0x64,0x2e,0x68,0x3e,0x0a,0x0a,
    0x75,0x73,0x69,0x6e,0x67,0x20,0x6e,0x61,0x6d,0x65,0x73,0x70,0x61,0x63,0x65,0x20,
    0x6d,0x65,0x74,0x61,0x6c,0x3b,0x0a,0x0a,0x73,0x74,0x72,0x75,0x63,0x74,0x20,0x73,
    0x70,0x72,0x69,0x74,0x65,0x5f,0x76,0x73,0x5f,0x70,0x61,0x72,0x61,0x6d,0x73,0x0a,
    0x7b,0x0a,0x20,0x20,0x20,0x20,0x66,0x6c,0x6f,0x61,0x74,0x34,0x78,0x34,0x20,0x6d,
    0x76,0x70,0x3b,0x0a,0x7d,0x3b,0x0a,0x0a,0x73,0x74,0x72,0x75,0x63,0x74,0x20,0x6d,
    0x61,0x69,0x6e,0x30,0x5f,0x6f,0x75,0x74,0x0a,0x7b,0x0a,0x20,0x20,0x20,0x20,0x66,
    0x6c,0x6f,0x61,0x74,0x32,0x20,0x75,0x76,0x20,0x5b,0x5b,0x75,0x73,0x65,0x72,0x28,
    0x6c,0x6f,0x63,0x6e,0x30,0x29,0x5d,0x5d,0x3b,0x0a,0x20,0x20,0x20,0x20,0x66,0x6c,
    0x6f,0x61,0x74,0x34,0x20,0x74,0x69,0x6e,0x74,0x20,0x5b,0x5b,0x75,0x73,0x65,0x72,
    0x28,0x6c,0x6f,0x63,0x6e,0x31,0x29,0x5d,0x5d,0x3b,0x0a,0x20,0x20,0x20,0x20,0x66,
    0x6c,0x6f,0x61,0x74,0x34,0x20,0x67,0x6c,0x5f,0x50,0x6f,0x73,0x69,0x74,0x69,0x6f,
    0x6e,0x20,0x5b,0x5b,0x70,0x6f,0x73,0x69,0x74,0x69,0x6f,0x6e,0x5d,0x5d,0x3b,0x0a,
    0x7d,0x3b,0x0a,0x0a,0x73,0x74,0x72,0x75,0x63,0x74,0x20,0x6d,0x61,0x69,0x6e,0x30,
    0x5f,0x69,0x6e,0x0a,0x7b,0x0a,0x20,0x20,0x20,0x20,0x66,0x6c,0x6f,0x61,0x74,0x32,
    0x20,0x70,0x6f,0x73,0x69,0x74,0x69,0x6f,0x6e,0x20,0x5b,0x5b,0x61,0x74,0x74,0x72,
    0x69,0x62,0x75,0x74,0x65,0x28,0x30,0x29,0x5d,0x5d,0x3b,0x0a,0x20,0x20,0x20,0x20,
    0x66,0x6c,0x6f,0x61,0x74,0x32,0x20,0x74,0x65,0x78,0x63,0x6f,0x6f,0x72,0x64,0x30,
    0x20,0x5b,0x5b,0x61,0x74,0x74,0x72,0x69,0x62,0x75,0x74,0x65,0x28,0x31,0x29,0x5d,
    0x5d,0x3b,0x0a,0x20,0x20,0x20,0x20,0x66,0x6c,0x6f,0x61,0x74,0x34,0x20,0x63,0x6f,
    0x6c,0x6f,0x72,0x30,0x20,0x5b,0x5b,0x61,0x74,0x74,0x72,0x69,0x62,0x75,0x74,0x65,
    0x28,0x32,0x29,0x5d,0x5d,0x3b,0x0a,0x7d,0x3b,0x0a,0x0a,0x76,0x65,0x72,0x74,0x65,
    0x78,0x20,0x6d,0x61,0x69,0x6e,0x30,0x5f,0x6f,0x75,0x74,0x20,0x6d,0x61,0x69,0x6e,
    0x30,0x28,0x6d,0x61,0x69,0x6e,0x30,0x5f,0x69,0x6e,0x20,0x69,0x6e,0x20,0x5b,0x5b,
    0x73,0x74,0x61,0x67,0x65,0x5f,0x69,0x6e,0x5d,0x5d,0x2c,0x20,0x63,0x6f,0x6e,0x73,
    0x74,0x61,0x6e,0x74,0x20,0x73,0x70,0x72,0x69,0x74,0x65,0x5f,0x76,0x73,0x5f,0x70,
    0x61,0x72,0x61,0x6d,0x73,0x26,0x20,0x5f,0x31,0x39,0x20,0x5b,0x5b,0x62,0x75,0x66,
    0x66,0x65,0x72,0x28,0x30,0x29,0x5d,0x5d,0x29,0x0a,0x7b,0x0a,0x20,0x20,0x20,0x20,
    0x6d,0x61,0x69,0x6e,0x30,0x5f,0x6f,0x75,0x74,0x20,0x6f,0x75,0x74,0x20,0x3d,0x20,
    0x7b,0x7d,0x3b,0x0a,0x20,0x20,0x20,0x20,0x6f,0x75,0x74,0x2e,0x67,0x6c,0x5f,0x50,
    0x6f,0x73,0x69,0x74,0x69,0x6f,0x6e,0x20,0x3d,0x20,0x5f,0x31,0x39,0x2e,0x6d,0x76,
    0x70,0x20,0x2a,0x20,0x66,0x6c,0x6f,0x61,0x74,0x34,0x28,0x69,0x6e,0x2e,0x70,0x6f,
    0x73,0x69,0x74,0x69,0x6f,0x6e,0x2c,0x20,0x30,0x2e,0x30,0x2c,0x20,0x31,0x2e,0x30,
    0x29,0x3b,0x0a,0x20,0x20,0x20,0x20,0x6f,0x75,0x74,0x2e,0x75,0x76,0x20,0x3d,0x20,
    0x69,0x6e,0x2e,0x74,0x65,0x78,0x63,0x6f,0x6f,0x72,0x64,0x30,0x3b,0x0a,0x20,0x20,
    0x20,0x20,0x6f,0x75,0x74,0x2e,0x74,0x69,0x6e,0x74,0x20,0x3d,0x20,0x69,0x6e,0x2e,
    0x63,0x6f,0x6c,0x6f,0x72,0x30,0x3b,0x0a,0x20,0x20,0x20,0x20,0x72,0x65,0x74,0x75,
    0x72,0x6e,0x20,0x6f,0x75,0x74,0x3b,0x0a,0x7d,0x0a,0x0a,0x00,
};
#endif
/*
    #include <metal_stdlib>
    #include <simd/simd.h>

    using namespace metal;

    struct sprite_fs_params
    {
        float rtFlipV;
    };

    struct main0_out
    {
        float4 frag_color [[color(0)]];
    };

    struct main0_in
    {
        float2 uv [[user(locn0)]];
        float4 tint [[user(locn1)]];
    };

    fragment main0_out main0(main0_in in [[stage_in]], constant sprite_fs_params& _26 [[buffer(1)]], texture2d<float> tex [[texture(0)]], sampler smp [[sampler(0)]])
    {
        main0_out out = {};
        out.frag_color = tex.sample(smp, float2(in.uv.x, mix(in.uv.y, 1.0 - in.uv.y, _26.rtFlipV))) * in.tint;
        return out;
    }

*/
#if defined(SOKOL_METAL)
static const uint8_t cna_sprite_fs_source_metal_macos[581] = {
    0x23,0x69,0x6e,0x63,0x6c,0x75,0x64,0x65,0x20,0x3c,0x6d,0x65,0x74,0x61,0x6c,0x5f,
    0x73,0x74,0x64,0x6c,0x69,0x62,0x3e,0x0a,0x23,0x69,0x6e,0x63,0x6c,0x75,0x64,0x65,
    0x20,0x3c,0x73,0x69,0x6d,0x64,0x2f,0x73,0x69,0x6d,0x64,0x2e,0x68,0x3e,0x0a,0x0a,
    0x75,0x73,0x69,0x6e,0x67,0x20,0x6e,0x61,0x6d,0x65,0x73,0x70,0x61,0x63,0x65,0x20,
    0x6d,0x65,0x74,0x61,0x6c,0x3b,0x0a,0x0a,0x73,0x74,0x72,0x75,0x63,0x74,0x20,0x73,
    0x70,0x72,0x69,0x74,0x65,0x5f,0x66,0x73,0x5f,0x70,0x61,0x72,0x61,0x6d,0x73,0x0a,
    0x7b,0x0a,0x20,0x20,0x20,0x20,0x66,0x6c,0x6f,0x61,0x74,0x20,0x72,0x74,0x46,0x6c,
    0x69,0x70,0x56,0x3b,0x0a,0x7d,0x3b,0x0a,0x0a,0x73,0x74,0x72,0x75,0x63,0x74,0x20,
    0x6d,0x61,0x69,0x6e,0x30,0x5f,0x6f,0x75,0x74,0x0a,0x7b,0x0a,0x20,0x20,0x20,0x20,
    0x66,0x6c,0x6f,0x61,0x74,0x34,0x20,0x66,0x72,0x61,0x67,0x5f,0x63,0x6f,0x6c,0x6f,
    0x72,0x20,0x5b,0x5b,0x63,0x6f,0x6c,0x6f,0x72,0x28,0x30,0x29,0x5d,0x5d,0x3b,0x0a,
    0x7d,0x3b,0x0a,0x0a,0x73,0x74,0x72,0x75,0x63,0x74,0x20,0x6d,0x61,0x69,0x6e,0x30,
    0x5f,0x69,0x6e,0x0a,0x7b,0x0a,0x20,0x20,0x20,0x20,0x66,0x6c,0x6f,0x61,0x74,0x32,
    0x20,0x75,0x76,0x20,0x5b,0x5b,0x75,0x73,0x65,0x72,0x28,0x6c,0x6f,0x63,0x6e,0x30,
    0x29,0x5d,0x5d,0x3b,0x0a,0x20,0x20,0x20,0x20,0x66,0x6c,0x6f,0x61,0x74,0x34,0x20,
    0x74,0x69,0x6e,0x74,0x20,0x5b,0x5b,0x75,0x73,0x65,0x72,0x28,0x6c,0x6f,0x63,0x6e,
    0x31,0x29,0x5d,0x5d,0x3b,0x0a,0x7d,0x3b,0x0a,0x0a,0x66,0x72,0x61,0x67,0x6d,0x65,
    0x6e,0x74,0x20,0x6d,0x61,0x69,0x6e,0x30,0x5f,0x6f,0x75,0x74,0x20,0x6d,0x61,0x69,
    0x6e,0x30,0x28,0x6d,0x61,0x69,0x6e,0x30,0x5f,0x69,0x6e,0x20,0x69,0x6e,0x20,0x5b,
    0x5b,0x73,0x74,0x61,0x67,0x65,0x5f,0x69,0x6e,0x5d,0x5d,0x2c,0x20,0x63,0x6f,0x6e,
    0x73,0x74,0x61,0x6e,0x74,0x20,0x73,0x70,0x72,0x69,0x74,0x65,0x5f,0x66,0x73,0x5f,
    0x70,0x61,0x72,0x61,0x6d,0x73,0x26,0x20,0x5f,0x32,0x36,0x20,0x5b,0x5b,0x62,0x75,
    0x66,0x66,0x65,0x72,0x28,0x31,0x29,0x5d,0x5d,0x2c,0x20,0x74,0x65,0x78,0x74,0x75,
    0x72,0x65,0x32,0x64,0x3c,0x66,0x6c,0x6f,0x61,0x74,0x3e,0x20,0x74,0x65,0x78,0x20,
    0x5b,0x5b,0x74,0x65,0x78,0x74,0x75,0x72,0x65,0x28,0x30,0x29,0x5d,0x5d,0x2c,0x20,
    0x73,0x61,0x6d,0x70,0x6c,0x65,0x72,0x20,0x73,0x6d,0x70,0x20,0x5b,0x5b,0x73,0x61,
    0x6d,0x70,0x6c,0x65,0x72,0x28,0x30,0x29,0x5d,0x5d,0x29,0x0a,0x7b,0x0a,0x20,0x20,
    0x20,0x20,0x6d,0x61,0x69,0x6e,0x30,0x5f,0x6f,0x75,0x74,0x20,0x6f,0x75,0x74,0x20,
    0x3d,0x20,0x7b,0x7d,0x3b,0x0a,0x20,0x20,0x20,0x20,0x6f,0x75,0x74,0x2e,0x66,0x72,
    0x61,0x67,0x5f,0x63,0x6f,0x6c,0x6f,0x72,0x20,0x3d,0x20,0x74,0x65,0x78,0x2e,0x73,
    0x61,0x6d,0x70,0x6c,0x65,0x28,0x73,0x6d,0x70,0x2c,0x20,0x66,0x6c,0x6f,0x61,0x74,
    0x32,0x28,0x69,0x6e,0x2e,0x75,0x76,0x2e,0x78,0x2c,0x20,0x6d,0x69,0x78,0x28,0x69,
    0x6e,0x2e,0x75,0x76,0x2e,0x79,0x2c,0x20,0x31,0x2e,0x30,0x20,0x2d,0x20,0x69,0x6e,
    0x2e,0x75,0x76,0x2e,0x79,0x2c,0x20,0x5f,0x32,0x36,0x2e,0x72,0x74,0x46,0x6c,0x69,
    0x70,0x56,0x29,0x29,0x29,0x20,0x2a,0x20,0x69,0x6e,0x2e,0x74,0x69,0x6e,0x74,0x3b,
    0x0a,0x20,0x20,0x20,0x20,0x72,0x65,0x74,0x75,0x72,0x6e,0x20,0x6f,0x75,0x74,0x3b,
    0x0a,0x7d,0x0a,0x0a,0x00,
};
#endif
/*
    diagnostic(off, derivative_uniformity);

    struct sprite_vs_params {
      /_ @offset(0) _/
      mvp : mat4x4f,
    }

    @binding(0) @group(0) var<uniform> x_19 : sprite_vs_params;

    var<private> position_1 : vec2f;

    var<private> uv : vec2f;

    var<private> texcoord0 : vec2f;

    var<private> tint : vec4f;

    var<private> color0 : vec4f;

    var<private> gl_Position : vec4f;

    fn main_1() {
      gl_Position = (x_19.mvp * vec4f(position_1.x, position_1.y, 0.0f, 1.0f));
      uv = texcoord0;
      tint = color0;
      return;
    }

    struct main_out {
      @builtin(position)
      gl_Position : vec4f,
      @location(0)
      uv_1 : vec2f,
      @location(1)
      tint_1 : vec4f,
    }

    @vertex
    fn main(@location(0) position_1_param : vec2f, @location(1) texcoord0_param : vec2f, @location(2) color0_param : vec4f) -> main_out {
      position_1 = position_1_param;
      texcoord0 = texcoord0_param;
      color0 = color0_param;
      main_1();
      return main_out(gl_Position, uv, tint);
    }
*/
#if defined(SOKOL_WGPU)
static const uint8_t cna_sprite_vs_source_wgsl[908] = {
    0x64,0x69,0x61,0x67,0x6e,0x6f,0x73,0x74,0x69,0x63,0x28,0x6f,0x66,0x66,0x2c,0x20,
    0x64,0x65,0x72,0x69,0x76,0x61,0x74,0x69,0x76,0x65,0x5f,0x75,0x6e,0x69,0x66,0x6f,
    0x72,0x6d,0x69,0x74,0x79,0x29,0x3b,0x0a,0x0a,0x73,0x74,0x72,0x75,0x63,0x74,0x20,
    0x73,0x70,0x72,0x69,0x74,0x65,0x5f,0x76,0x73,0x5f,0x70,0x61,0x72,0x61,0x6d,0x73,
    0x20,0x7b,0x0a,0x20,0x20,0x2f,0x2a,0x20,0x40,0x6f,0x66,0x66,0x73,0x65,0x74,0x28,
    0x30,0x29,0x20,0x2a,0x2f,0x0a,0x20,0x20,0x6d,0x76,0x70,0x20,0x3a,0x20,0x6d,0x61,
    0x74,0x34,0x78,0x34,0x66,0x2c,0x0a,0x7d,0x0a,0x0a,0x40,0x62,0x69,0x6e,0x64,0x69,
    0x6e,0x67,0x28,0x30,0x29,0x20,0x40,0x67,0x72,0x6f,0x75,0x70,0x28,0x30,0x29,0x20,
    0x76,0x61,0x72,0x3c,0x75,0x6e,0x69,0x66,0x6f,0x72,0x6d,0x3e,0x20,0x78,0x5f,0x31,
    0x39,0x20,0x3a,0x20,0x73,0x70,0x72,0x69,0x74,0x65,0x5f,0x76,0x73,0x5f,0x70,0x61,
    0x72,0x61,0x6d,0x73,0x3b,0x0a,0x0a,0x76,0x61,0x72,0x3c,0x70,0x72,0x69,0x76,0x61,
    0x74,0x65,0x3e,0x20,0x70,0x6f,0x73,0x69,0x74,0x69,0x6f,0x6e,0x5f,0x31,0x20,0x3a,
    0x20,0x76,0x65,0x63,0x32,0x66,0x3b,0x0a,0x0a,0x76,0x61,0x72,0x3c,0x70,0x72,0x69,
    0x76,0x61,0x74,0x65,0x3e,0x20,0x75,0x76,0x20,0x3a,0x20,0x76,0x65,0x63,0x32,0x66,
    0x3b,0x0a,0x0a,0x76,0x61,0x72,0x3c,0x70,0x72,0x69,0x76,0x61,0x74,0x65,0x3e,0x20,
    0x74,0x65,0x78,0x63,0x6f,0x6f,0x72,0x64,0x30,0x20,0x3a,0x20,0x76,0x65,0x63,0x32,
    0x66,0x3b,0x0a,0x0a,0x76,0x61,0x72,0x3c,0x70,0x72,0x69,0x76,0x61,0x74,0x65,0x3e,
    0x20,0x74,0x69,0x6e,0x74,0x20,0x3a,0x20,0x76,0x65,0x63,0x34,0x66,0x3b,0x0a,0x0a,
    0x76,0x61,0x72,0x3c,0x70,0x72,0x69,0x76,0x61,0x74,0x65,0x3e,0x20,0x63,0x6f,0x6c,
    0x6f,0x72,0x30,0x20,0x3a,0x20,0x76,0x65,0x63,0x34,0x66,0x3b,0x0a,0x0a,0x76,0x61,
    0x72,0x3c,0x70,0x72,0x69,0x76,0x61,0x74,0x65,0x3e,0x20,0x67,0x6c,0x5f,0x50,0x6f,
    0x73,0x69,0x74,0x69,0x6f,0x6e,0x20,0x3a,0x20,0x76,0x65,0x63,0x34,0x66,0x3b,0x0a,
    0x0a,0x66,0x6e,0x20,0x6d,0x61,0x69,0x6e,0x5f,0x31,0x28,0x29,0x20,0x7b,0x0a,0x20,
    0x20,0x67,0x6c,0x5f,0x50,0x6f,0x73,0x69,0x74,0x69,0x6f,0x6e,0x20,0x3d,0x20,0x28,
    0x78,0x5f,0x31,0x39,0x2e,0x6d,0x76,0x70,0x20,0x2a,0x20,0x76,0x65,0x63,0x34,0x66,
    0x28,0x70,0x6f,0x73,0x69,0x74,0x69,0x6f,0x6e,0x5f,0x31,0x2e,0x78,0x2c,0x20,0x70,
    0x6f,0x73,0x69,0x74,0x69,0x6f,0x6e,0x5f,0x31,0x2e,0x79,0x2c,0x20,0x30,0x2e,0x30,
    0x66,0x2c,0x20,0x31,0x2e,0x30,0x66,0x29,0x29,0x3b,0x0a,0x20,0x20,0x75,0x76,0x20,
    0x3d,0x20,0x74,0x65,0x78,0x63,0x6f,0x6f,0x72,0x64,0x30,0x3b,0x0a,0x20,0x20,0x74,
    0x69,0x6e,0x74,0x20,0x3d,0x20,0x63,0x6f,0x6c,0x6f,0x72,0x30,0x3b,0x0a,0x20,0x20,
    0x72,0x65,0x74,0x75,0x72,0x6e,0x3b,0x0a,0x7d,0x0a,0x0a,0x73,0x74,0x72,0x75,0x63,
    0x74,0x20,0x6d,0x61,0x69,0x6e,0x5f,0x6f,0x75,0x74,0x20,0x7b,0x0a,0x20,0x20,0x40,
    0x62,0x75,0x69,0x6c,0x74,0x69,0x6e,0x28,0x70,0x6f,0x73,0x69,0x74,0x69,0x6f,0x6e,
    0x29,0x0a,0x20,0x20,0x67,0x6c,0x5f,0x50,0x6f,0x73,0x69,0x74,0x69,0x6f,0x6e,0x20,
    0x3a,0x20,0x76,0x65,0x63,0x34,0x66,0x2c,0x0a,0x20,0x20,0x40,0x6c,0x6f,0x63,0x61,
    0x74,0x69,0x6f,0x6e,0x28,0x30,0x29,0x0a,0x20,0x20,0x75,0x76,0x5f,0x31,0x20,0x3a,
    0x20,0x76,0x65,0x63,0x32,0x66,0x2c,0x0a,0x20,0x20,0x40,0x6c,0x6f,0x63,0x61,0x74,
    0x69,0x6f,0x6e,0x28,0x31,0x29,0x0a,0x20,0x20,0x74,0x69,0x6e,0x74,0x5f,0x31,0x20,
    0x3a,0x20,0x76,0x65,0x63,0x34,0x66,0x2c,0x0a,0x7d,0x0a,0x0a,0x40,0x76,0x65,0x72,
    0x74,0x65,0x78,0x0a,0x66,0x6e,0x20,0x6d,0x61,0x69,0x6e,0x28,0x40,0x6c,0x6f,0x63,
    0x61,0x74,0x69,0x6f,0x6e,0x28,0x30,0x29,0x20,0x70,0x6f,0x73,0x69,0x74,0x69,0x6f,
    0x6e,0x5f,0x31,0x5f,0x70,0x61,0x72,0x61,0x6d,0x20,0x3a,0x20,0x76,0x65,0x63,0x32,
    0x66,0x2c,0x20,0x40,0x6c,0x6f,0x63,0x61,0x74,0x69,0x6f,0x6e,0x28,0x31,0x29,0x20,
    0x74,0x65,0x78,0x63,0x6f,0x6f,0x72,0x64,0x30,0x5f,0x70,0x61,0x72,0x61,0x6d,0x20,
    0x3a,0x20,0x76,0x65,0x63,0x32,0x66,0x2c,0x20,0x40,0x6c,0x6f,0x63,0x61,0x74,0x69,
    0x6f,0x6e,0x28,0x32,0x29,0x20,0x63,0x6f,0x6c,0x6f,0x72,0x30,0x5f,0x70,0x61,0x72,
    0x61,0x6d,0x20,0x3a,0x20,0x76,0x65,0x63,0x34,0x66,0x29,0x20,0x2d,0x3e,0x20,0x6d,
    0x61,0x69,0x6e,0x5f,0x6f,0x75,0x74,0x20,0x7b,0x0a,0x20,0x20,0x70,0x6f,0x73,0x69,
    0x74,0x69,0x6f,0x6e,0x5f,0x31,0x20,0x3d,0x20,0x70,0x6f,0x73,0x69,0x74,0x69,0x6f,
    0x6e,0x5f,0x31,0x5f,0x70,0x61,0x72,0x61,0x6d,0x3b,0x0a,0x20,0x20,0x74,0x65,0x78,
    0x63,0x6f,0x6f,0x72,0x64,0x30,0x20,0x3d,0x20,0x74,0x65,0x78,0x63,0x6f,0x6f,0x72,
    0x64,0x30,0x5f,0x70,0x61,0x72,0x61,0x6d,0x3b,0x0a,0x20,0x20,0x63,0x6f,0x6c,0x6f,
    0x72,0x30,0x20,0x3d,0x20,0x63,0x6f,0x6c,0x6f,0x72,0x30,0x5f,0x70,0x61,0x72,0x61,
    0x6d,0x3b,0x0a,0x20,0x20,0x6d,0x61,0x69,0x6e,0x5f,0x31,0x28,0x29,0x3b,0x0a,0x20,
    0x20,0x72,0x65,0x74,0x75,0x72,0x6e,0x20,0x6d,0x61,0x69,0x6e,0x5f,0x6f,0x75,0x74,
    0x28,0x67,0x6c,0x5f,0x50,0x6f,0x73,0x69,0x74,0x69,0x6f,0x6e,0x2c,0x20,0x75,0x76,
    0x2c,0x20,0x74,0x69,0x6e,0x74,0x29,0x3b,0x0a,0x7d,0x0a,0x00,
};
#endif
/*
    diagnostic(off, derivative_uniformity);

    struct sprite_fs_params {
      /_ @offset(0) _/
      rtFlipV : f32,
    }

    var<private> uv : vec2f;

    @binding(1) @group(0) var<uniform> x_26 : sprite_fs_params;

    var<private> frag_color : vec4f;

    @binding(0) @group(1) var tex : texture_2d<f32>;

    @binding(32) @group(1) var smp : sampler;

    var<private> tint : vec4f;

    fn main_1() {
      let x_16 = uv.x;
      let x_19 = uv.y;
      let x_31 = x_26.rtFlipV;
      let x_48 = textureSample(tex, smp, vec2f(x_16, mix(x_19, (1.0f - x_19), x_31)));
      frag_color = (x_48 * tint);
      return;
    }

    struct main_out {
      @location(0)
      frag_color_1 : vec4f,
    }

    @fragment
    fn main(@location(0) uv_param : vec2f, @location(1) tint_param : vec4f) -> main_out {
      uv = uv_param;
      tint = tint_param;
      main_1();
      return main_out(frag_color);
    }
*/
#if defined(SOKOL_WGPU)
static const uint8_t cna_sprite_fs_source_wgsl[793] = {
    0x64,0x69,0x61,0x67,0x6e,0x6f,0x73,0x74,0x69,0x63,0x28,0x6f,0x66,0x66,0x2c,0x20,
    0x64,0x65,0x72,0x69,0x76,0x61,0x74,0x69,0x76,0x65,0x5f,0x75,0x6e,0x69,0x66,0x6f,
    0x72,0x6d,0x69,0x74,0x79,0x29,0x3b,0x0a,0x0a,0x73,0x74,0x72,0x75,0x63,0x74,0x20,
    0x73,0x70,0x72,0x69,0x74,0x65,0x5f,0x66,0x73,0x5f,0x70,0x61,0x72,0x61,0x6d,0x73,
    0x20,0x7b,0x0a,0x20,0x20,0x2f,0x2a,0x20,0x40,0x6f,0x66,0x66,0x73,0x65,0x74,0x28,
    0x30,0x29,0x20,0x2a,0x2f,0x0a,0x20,0x20,0x72,0x74,0x46,0x6c,0x69,0x70,0x56,0x20,
    0x3a,0x20,0x66,0x33,0x32,0x2c,0x0a,0x7d,0x0a,0x0a,0x76,0x61,0x72,0x3c,0x70,0x72,
    0x69,0x76,0x61,0x74,0x65,0x3e,0x20,0x75,0x76,0x20,0x3a,0x20,0x76,0x65,0x63,0x32,
    0x66,0x3b,0x0a,0x0a,0x40,0x62,0x69,0x6e,0x64,0x69,0x6e,0x67,0x28,0x31,0x29,0x20,
    0x40,0x67,0x72,0x6f,0x75,0x70,0x28,0x30,0x29,0x20,0x76,0x61,0x72,0x3c,0x75,0x6e,
    0x69,0x66,0x6f,0x72,0x6d,0x3e,0x20,0x78,0x5f,0x32,0x36,0x20,0x3a,0x20,0x73,0x70,
    0x72,0x69,0x74,0x65,0x5f,0x66,0x73,0x5f,0x70,0x61,0x72,0x61,0x6d,0x73,0x3b,0x0a,
    0x0a,0x76,0x61,0x72,0x3c,0x70,0x72,0x69,0x76,0x61,0x74,0x65,0x3e,0x20,0x66,0x72,
    0x61,0x67,0x5f,0x63,0x6f,0x6c,0x6f,0x72,0x20,0x3a,0x20,0x76,0x65,0x63,0x34,0x66,
    0x3b,0x0a,0x0a,0x40,0x62,0x69,0x6e,0x64,0x69,0x6e,0x67,0x28,0x30,0x29,0x20,0x40,
    0x67,0x72,0x6f,0x75,0x70,0x28,0x31,0x29,0x20,0x76,0x61,0x72,0x20,0x74,0x65,0x78,
    0x20,0x3a,0x20,0x74,0x65,0x78,0x74,0x75,0x72,0x65,0x5f,0x32,0x64,0x3c,0x66,0x33,
    0x32,0x3e,0x3b,0x0a,0x0a,0x40,0x62,0x69,0x6e,0x64,0x69,0x6e,0x67,0x28,0x33,0x32,
    0x29,0x20,0x40,0x67,0x72,0x6f,0x75,0x70,0x28,0x31,0x29,0x20,0x76,0x61,0x72,0x20,
    0x73,0x6d,0x70,0x20,0x3a,0x20,0x73,0x61,0x6d,0x70,0x6c,0x65,0x72,0x3b,0x0a,0x0a,
    0x76,0x61,0x72,0x3c,0x70,0x72,0x69,0x76,0x61,0x74,0x65,0x3e,0x20,0x74,0x69,0x6e,
    0x74,0x20,0x3a,0x20,0x76,0x65,0x63,0x34,0x66,0x3b,0x0a,0x0a,0x66,0x6e,0x20,0x6d,
    0x61,0x69,0x6e,0x5f,0x31,0x28,0x29,0x20,0x7b,0x0a,0x20,0x20,0x6c,0x65,0x74,0x20,
    0x78,0x5f,0x31,0x36,0x20,0x3d,0x20,0x75,0x76,0x2e,0x78,0x3b,0x0a,0x20,0x20,0x6c,
    0x65,0x74,0x20,0x78,0x5f,0x31,0x39,0x20,0x3d,0x20,0x75,0x76,0x2e,0x79,0x3b,0x0a,
    0x20,0x20,0x6c,0x65,0x74,0x20,0x78,0x5f,0x33,0x31,0x20,0x3d,0x20,0x78,0x5f,0x32,
    0x36,0x2e,0x72,0x74,0x46,0x6c,0x69,0x70,0x56,0x3b,0x0a,0x20,0x20,0x6c,0x65,0x74,
    0x20,0x78,0x5f,0x34,0x38,0x20,0x3d,0x20,0x74,0x65,0x78,0x74,0x75,0x72,0x65,0x53,
    0x61,0x6d,0x70,0x6c,0x65,0x28,0x74,0x65,0x78,0x2c,0x20,0x73,0x6d,0x70,0x2c,0x20,
    0x76,0x65,0x63,0x32,0x66,0x28,0x78,0x5f,0x31,0x36,0x2c,0x20,0x6d,0x69,0x78,0x28,
    0x78,0x5f,0x31,0x39,0x2c,0x20,0x28,0x31,0x2e,0x30,0x66,0x20,0x2d,0x20,0x78,0x5f,
    0x31,0x39,0x29,0x2c,0x20,0x78,0x5f,0x33,0x31,0x29,0x29,0x29,0x3b,0x0a,0x20,0x20,
    0x66,0x72,0x61,0x67,0x5f,0x63,0x6f,0x6c,0x6f,0x72,0x20,0x3d,0x20,0x28,0x78,0x5f,
    0x34,0x38,0x20,0x2a,0x20,0x74,0x69,0x6e,0x74,0x29,0x3b,0x0a,0x20,0x20,0x72,0x65,
    0x74,0x75,0x72,0x6e,0x3b,0x0a,0x7d,0x0a,0x0a,0x73,0x74,0x72,0x75,0x63,0x74,0x20,
    0x6d,0x61,0x69,0x6e,0x5f,0x6f,0x75,0x74,0x20,0x7b,0x0a,0x20,0x20,0x40,0x6c,0x6f,
    0x63,0x61,0x74,0x69,0x6f,0x6e,0x28,0x30,0x29,0x0a,0x20,0x20,0x66,0x72,0x61,0x67,
    0x5f,0x63,0x6f,0x6c,0x6f,0x72,0x5f,0x31,0x20,0x3a,0x20,0x76,0x65,0x63,0x34,0x66,
    0x2c,0x0a,0x7d,0x0a,0x0a,0x40,0x66,0x72,0x61,0x67,0x6d,0x65,0x6e,0x74,0x0a,0x66,
    0x6e,0x20,0x6d,0x61,0x69,0x6e,0x28,0x40,0x6c,0x6f,0x63,0x61,0x74,0x69,0x6f,0x6e,
    0x28,0x30,0x29,0x20,0x75,0x76,0x5f,0x70,0x61,0x72,0x61,0x6d,0x20,0x3a,0x20,0x76,
    0x65,0x63,0x32,0x66,0x2c,0x20,0x40,0x6c,0x6f,0x63,0x61,0x74,0x69,0x6f,0x6e,0x28,
    0x31,0x29,0x20,0x74,0x69,0x6e,0x74,0x5f,0x70,0x61,0x72,0x61,0x6d,0x20,0x3a,0x20,
    0x76,0x65,0x63,0x34,0x66,0x29,0x20,0x2d,0x3e,0x20,0x6d,0x61,0x69,0x6e,0x5f,0x6f,
    0x75,0x74,0x20,0x7b,0x0a,0x20,0x20,0x75,0x76,0x20,0x3d,0x20,0x75,0x76,0x5f,0x70,
    0x61,0x72,0x61,0x6d,0x3b,0x0a,0x20,0x20,0x74,0x69,0x6e,0x74,0x20,0x3d,0x20,0x74,
    0x69,0x6e,0x74,0x5f,0x70,0x61,0x72,0x61,0x6d,0x3b,0x0a,0x20,0x20,0x6d,0x61,0x69,
    0x6e,0x5f,0x31,0x28,0x29,0x3b,0x0a,0x20,0x20,0x72,0x65,0x74,0x75,0x72,0x6e,0x20,
    0x6d,0x61,0x69,0x6e,0x5f,0x6f,0x75,0x74,0x28,0x66,0x72,0x61,0x67,0x5f,0x63,0x6f,
    0x6c,0x6f,0x72,0x29,0x3b,0x0a,0x7d,0x0a,0x00,
};
#endif
const sg_shader_desc* cna_sprite_shader_desc(sg_backend renderer) {
    #if defined(SOKOL_GLCORE)
    if (renderer == SG_BACKEND_GLCORE) {
        static sg_shader_desc desc;
        static bool valid;
        if (!valid) {
            valid = true;
            desc.vertex_func.source = (const char*)cna_sprite_vs_source_glsl410;
            desc.vertex_func.entry = "main";
            desc.fragment_func.source = (const char*)cna_sprite_fs_source_glsl410;
            desc.fragment_func.entry = "main";
            desc.attrs[0].base_type = SG_SHADERATTRBASETYPE_FLOAT;
            desc.attrs[0].glsl_name = "position";
            desc.attrs[1].base_type = SG_SHADERATTRBASETYPE_FLOAT;
            desc.attrs[1].glsl_name = "texcoord0";
            desc.attrs[2].base_type = SG_SHADERATTRBASETYPE_FLOAT;
            desc.attrs[2].glsl_name = "color0";
            desc.uniform_blocks[0].stage = SG_SHADERSTAGE_VERTEX;
            desc.uniform_blocks[0].layout = SG_UNIFORMLAYOUT_STD140;
            desc.uniform_blocks[0].size = 64;
            desc.uniform_blocks[0].glsl_uniforms[0].type = SG_UNIFORMTYPE_FLOAT4;
            desc.uniform_blocks[0].glsl_uniforms[0].array_count = 4;
            desc.uniform_blocks[0].glsl_uniforms[0].glsl_name = "sprite_vs_params";
            desc.uniform_blocks[1].stage = SG_SHADERSTAGE_FRAGMENT;
            desc.uniform_blocks[1].layout = SG_UNIFORMLAYOUT_STD140;
            desc.uniform_blocks[1].size = 16;
            desc.uniform_blocks[1].glsl_uniforms[0].type = SG_UNIFORMTYPE_FLOAT4;
            desc.uniform_blocks[1].glsl_uniforms[0].array_count = 1;
            desc.uniform_blocks[1].glsl_uniforms[0].glsl_name = "sprite_fs_params";
            desc.views[0].texture.stage = SG_SHADERSTAGE_FRAGMENT;
            desc.views[0].texture.image_type = SG_IMAGETYPE_2D;
            desc.views[0].texture.sample_type = SG_IMAGESAMPLETYPE_FLOAT;
            desc.views[0].texture.multisampled = false;
            desc.samplers[0].stage = SG_SHADERSTAGE_FRAGMENT;
            desc.samplers[0].sampler_type = SG_SAMPLERTYPE_FILTERING;
            desc.texture_sampler_pairs[0].stage = SG_SHADERSTAGE_FRAGMENT;
            desc.texture_sampler_pairs[0].view_slot = 0;
            desc.texture_sampler_pairs[0].sampler_slot = 0;
            desc.texture_sampler_pairs[0].glsl_name = "tex_smp";
            desc.label = "cna_sprite_shader";
        }
        return &desc;
    }
    #endif /* SOKOL_GLCORE */
    #if defined(SOKOL_GLES3)
    if (renderer == SG_BACKEND_GLES3) {
        static sg_shader_desc desc;
        static bool valid;
        if (!valid) {
            valid = true;
            desc.vertex_func.source = (const char*)cna_sprite_vs_source_glsl300es;
            desc.vertex_func.entry = "main";
            desc.fragment_func.source = (const char*)cna_sprite_fs_source_glsl300es;
            desc.fragment_func.entry = "main";
            desc.attrs[0].base_type = SG_SHADERATTRBASETYPE_FLOAT;
            desc.attrs[0].glsl_name = "position";
            desc.attrs[1].base_type = SG_SHADERATTRBASETYPE_FLOAT;
            desc.attrs[1].glsl_name = "texcoord0";
            desc.attrs[2].base_type = SG_SHADERATTRBASETYPE_FLOAT;
            desc.attrs[2].glsl_name = "color0";
            desc.uniform_blocks[0].stage = SG_SHADERSTAGE_VERTEX;
            desc.uniform_blocks[0].layout = SG_UNIFORMLAYOUT_STD140;
            desc.uniform_blocks[0].size = 64;
            desc.uniform_blocks[0].glsl_uniforms[0].type = SG_UNIFORMTYPE_FLOAT4;
            desc.uniform_blocks[0].glsl_uniforms[0].array_count = 4;
            desc.uniform_blocks[0].glsl_uniforms[0].glsl_name = "sprite_vs_params";
            desc.uniform_blocks[1].stage = SG_SHADERSTAGE_FRAGMENT;
            desc.uniform_blocks[1].layout = SG_UNIFORMLAYOUT_STD140;
            desc.uniform_blocks[1].size = 16;
            desc.uniform_blocks[1].glsl_uniforms[0].type = SG_UNIFORMTYPE_FLOAT4;
            desc.uniform_blocks[1].glsl_uniforms[0].array_count = 1;
            desc.uniform_blocks[1].glsl_uniforms[0].glsl_name = "sprite_fs_params";
            desc.views[0].texture.stage = SG_SHADERSTAGE_FRAGMENT;
            desc.views[0].texture.image_type = SG_IMAGETYPE_2D;
            desc.views[0].texture.sample_type = SG_IMAGESAMPLETYPE_FLOAT;
            desc.views[0].texture.multisampled = false;
            desc.samplers[0].stage = SG_SHADERSTAGE_FRAGMENT;
            desc.samplers[0].sampler_type = SG_SAMPLERTYPE_FILTERING;
            desc.texture_sampler_pairs[0].stage = SG_SHADERSTAGE_FRAGMENT;
            desc.texture_sampler_pairs[0].view_slot = 0;
            desc.texture_sampler_pairs[0].sampler_slot = 0;
            desc.texture_sampler_pairs[0].glsl_name = "tex_smp";
            desc.label = "cna_sprite_shader";
        }
        return &desc;
    }
    #endif /* SOKOL_GLES3 */
    #if defined(SOKOL_D3D11)
    if (renderer == SG_BACKEND_D3D11) {
        static sg_shader_desc desc;
        static bool valid;
        if (!valid) {
            valid = true;
            desc.vertex_func.source = (const char*)cna_sprite_vs_source_hlsl5;
            desc.vertex_func.d3d11_target = "vs_5_0";
            desc.vertex_func.entry = "main";
            desc.fragment_func.source = (const char*)cna_sprite_fs_source_hlsl5;
            desc.fragment_func.d3d11_target = "ps_5_0";
            desc.fragment_func.entry = "main";
            desc.attrs[0].base_type = SG_SHADERATTRBASETYPE_FLOAT;
            desc.attrs[0].hlsl_sem_name = "TEXCOORD";
            desc.attrs[0].hlsl_sem_index = 0;
            desc.attrs[1].base_type = SG_SHADERATTRBASETYPE_FLOAT;
            desc.attrs[1].hlsl_sem_name = "TEXCOORD";
            desc.attrs[1].hlsl_sem_index = 1;
            desc.attrs[2].base_type = SG_SHADERATTRBASETYPE_FLOAT;
            desc.attrs[2].hlsl_sem_name = "TEXCOORD";
            desc.attrs[2].hlsl_sem_index = 2;
            desc.uniform_blocks[0].stage = SG_SHADERSTAGE_VERTEX;
            desc.uniform_blocks[0].layout = SG_UNIFORMLAYOUT_STD140;
            desc.uniform_blocks[0].size = 64;
            desc.uniform_blocks[0].hlsl_register_b_n = 0;
            desc.uniform_blocks[1].stage = SG_SHADERSTAGE_FRAGMENT;
            desc.uniform_blocks[1].layout = SG_UNIFORMLAYOUT_STD140;
            desc.uniform_blocks[1].size = 16;
            desc.uniform_blocks[1].hlsl_register_b_n = 1;
            desc.views[0].texture.stage = SG_SHADERSTAGE_FRAGMENT;
            desc.views[0].texture.image_type = SG_IMAGETYPE_2D;
            desc.views[0].texture.sample_type = SG_IMAGESAMPLETYPE_FLOAT;
            desc.views[0].texture.multisampled = false;
            desc.views[0].texture.hlsl_register_t_n = 0;
            desc.samplers[0].stage = SG_SHADERSTAGE_FRAGMENT;
            desc.samplers[0].sampler_type = SG_SAMPLERTYPE_FILTERING;
            desc.samplers[0].hlsl_register_s_n = 0;
            desc.texture_sampler_pairs[0].stage = SG_SHADERSTAGE_FRAGMENT;
            desc.texture_sampler_pairs[0].view_slot = 0;
            desc.texture_sampler_pairs[0].sampler_slot = 0;
            desc.label = "cna_sprite_shader";
        }
        return &desc;
    }
    #endif /* SOKOL_D3D11 */
    #if defined(SOKOL_METAL)
    if (renderer == SG_BACKEND_METAL_MACOS) {
        static sg_shader_desc desc;
        static bool valid;
        if (!valid) {
            valid = true;
            desc.vertex_func.source = (const char*)cna_sprite_vs_source_metal_macos;
            desc.vertex_func.entry = "main0";
            desc.fragment_func.source = (const char*)cna_sprite_fs_source_metal_macos;
            desc.fragment_func.entry = "main0";
            desc.attrs[0].base_type = SG_SHADERATTRBASETYPE_FLOAT;
            desc.attrs[1].base_type = SG_SHADERATTRBASETYPE_FLOAT;
            desc.attrs[2].base_type = SG_SHADERATTRBASETYPE_FLOAT;
            desc.uniform_blocks[0].stage = SG_SHADERSTAGE_VERTEX;
            desc.uniform_blocks[0].layout = SG_UNIFORMLAYOUT_STD140;
            desc.uniform_blocks[0].size = 64;
            desc.uniform_blocks[0].msl_buffer_n = 0;
            desc.uniform_blocks[1].stage = SG_SHADERSTAGE_FRAGMENT;
            desc.uniform_blocks[1].layout = SG_UNIFORMLAYOUT_STD140;
            desc.uniform_blocks[1].size = 16;
            desc.uniform_blocks[1].msl_buffer_n = 1;
            desc.views[0].texture.stage = SG_SHADERSTAGE_FRAGMENT;
            desc.views[0].texture.image_type = SG_IMAGETYPE_2D;
            desc.views[0].texture.sample_type = SG_IMAGESAMPLETYPE_FLOAT;
            desc.views[0].texture.multisampled = false;
            desc.views[0].texture.msl_texture_n = 0;
            desc.samplers[0].stage = SG_SHADERSTAGE_FRAGMENT;
            desc.samplers[0].sampler_type = SG_SAMPLERTYPE_FILTERING;
            desc.samplers[0].msl_sampler_n = 0;
            desc.texture_sampler_pairs[0].stage = SG_SHADERSTAGE_FRAGMENT;
            desc.texture_sampler_pairs[0].view_slot = 0;
            desc.texture_sampler_pairs[0].sampler_slot = 0;
            desc.label = "cna_sprite_shader";
        }
        return &desc;
    }
    #endif /* SOKOL_METAL */
    #if defined(SOKOL_WGPU)
    if (renderer == SG_BACKEND_WGPU) {
        static sg_shader_desc desc;
        static bool valid;
        if (!valid) {
            valid = true;
            desc.vertex_func.source = (const char*)cna_sprite_vs_source_wgsl;
            desc.vertex_func.entry = "main";
            desc.fragment_func.source = (const char*)cna_sprite_fs_source_wgsl;
            desc.fragment_func.entry = "main";
            desc.attrs[0].base_type = SG_SHADERATTRBASETYPE_FLOAT;
            desc.attrs[1].base_type = SG_SHADERATTRBASETYPE_FLOAT;
            desc.attrs[2].base_type = SG_SHADERATTRBASETYPE_FLOAT;
            desc.uniform_blocks[0].stage = SG_SHADERSTAGE_VERTEX;
            desc.uniform_blocks[0].layout = SG_UNIFORMLAYOUT_STD140;
            desc.uniform_blocks[0].size = 64;
            desc.uniform_blocks[0].wgsl_group0_binding_n = 0;
            desc.uniform_blocks[1].stage = SG_SHADERSTAGE_FRAGMENT;
            desc.uniform_blocks[1].layout = SG_UNIFORMLAYOUT_STD140;
            desc.uniform_blocks[1].size = 16;
            desc.uniform_blocks[1].wgsl_group0_binding_n = 1;
            desc.views[0].texture.stage = SG_SHADERSTAGE_FRAGMENT;
            desc.views[0].texture.image_type = SG_IMAGETYPE_2D;
            desc.views[0].texture.sample_type = SG_IMAGESAMPLETYPE_FLOAT;
            desc.views[0].texture.multisampled = false;
            desc.views[0].texture.wgsl_group1_binding_n = 0;
            desc.samplers[0].stage = SG_SHADERSTAGE_FRAGMENT;
            desc.samplers[0].sampler_type = SG_SAMPLERTYPE_FILTERING;
            desc.samplers[0].wgsl_group1_binding_n = 32;
            desc.texture_sampler_pairs[0].stage = SG_SHADERSTAGE_FRAGMENT;
            desc.texture_sampler_pairs[0].view_slot = 0;
            desc.texture_sampler_pairs[0].sampler_slot = 0;
            desc.label = "cna_sprite_shader";
        }
        return &desc;
    }
    #endif /* SOKOL_WGPU */
    return 0;
}
#endif // SOKOL_SHDC_IMPL
/*
    #version:1# (machine generated, don't edit!)

    Generated by sokol-shdc (https://github.com/floooh/sokol-tools)

    Overview:
    =========
    Shader program: 'colored3d':
        Get shader desc: cna_colored3d_shader_desc(sg_query_backend());
        Vertex Shader: colored3d_vs
        Fragment Shader: colored3d_fs
        Attributes:
            ATTR_cna_colored3d_position => 0
            ATTR_cna_colored3d_color0 => 1
    Bindings:
        Uniform block 'colored3d_vs_params':
            C struct: cna_colored3d_vs_params_t
            Bind slot: UB_cna_colored3d_vs_params => 0
*/
#if !defined(SOKOL_GFX_INCLUDED)
#error "Please include sokol_gfx.h before colored3d.h"
#endif
#if !defined(SOKOL_SHDC_ALIGN)
#if defined(_MSC_VER)
#define SOKOL_SHDC_ALIGN(a) __declspec(align(a))
#else
#define SOKOL_SHDC_ALIGN(a) __attribute__((aligned(a)))
#endif
#endif
const sg_shader_desc* cna_colored3d_shader_desc(sg_backend renderer);
#define ATTR_cna_colored3d_position (0)
#define ATTR_cna_colored3d_color0 (1)
#define UB_cna_colored3d_vs_params (0)
#pragma pack(push,1)
SOKOL_SHDC_ALIGN(16) typedef struct cna_colored3d_vs_params_t {
    float mvp[16];
    float diffuse[4];
    float flags[4];
} cna_colored3d_vs_params_t;
#pragma pack(pop)
#if defined(SOKOL_SHDC_IMPL)
/*
    #version 410

    uniform vec4 colored3d_vs_params[6];
    layout(location = 0) in vec3 position;
    layout(location = 0) out vec4 tint;
    layout(location = 1) in vec4 color0;

    void main()
    {
        gl_Position = mat4(colored3d_vs_params[0], colored3d_vs_params[1], colored3d_vs_params[2], colored3d_vs_params[3]) * vec4(position, 1.0);
        tint = mix(vec4(1.0), color0, vec4(colored3d_vs_params[5].x)) * colored3d_vs_params[4];
    }

*/
#if defined(SOKOL_GLCORE)
static const uint8_t cna_colored3d_vs_source_glsl410[416] = {
    0x23,0x76,0x65,0x72,0x73,0x69,0x6f,0x6e,0x20,0x34,0x31,0x30,0x0a,0x0a,0x75,0x6e,
    0x69,0x66,0x6f,0x72,0x6d,0x20,0x76,0x65,0x63,0x34,0x20,0x63,0x6f,0x6c,0x6f,0x72,
    0x65,0x64,0x33,0x64,0x5f,0x76,0x73,0x5f,0x70,0x61,0x72,0x61,0x6d,0x73,0x5b,0x36,
    0x5d,0x3b,0x0a,0x6c,0x61,0x79,0x6f,0x75,0x74,0x28,0x6c,0x6f,0x63,0x61,0x74,0x69,
    0x6f,0x6e,0x20,0x3d,0x20,0x30,0x29,0x20,0x69,0x6e,0x20,0x76,0x65,0x63,0x33,0x20,
    0x70,0x6f,0x73,0x69,0x74,0x69,0x6f,0x6e,0x3b,0x0a,0x6c,0x61,0x79,0x6f,0x75,0x74,
    0x28,0x6c,0x6f,0x63,0x61,0x74,0x69,0x6f,0x6e,0x20,0x3d,0x20,0x30,0x29,0x20,0x6f,
    0x75,0x74,0x20,0x76,0x65,0x63,0x34,0x20,0x74,0x69,0x6e,0x74,0x3b,0x0a,0x6c,0x61,
    0x79,0x6f,0x75,0x74,0x28,0x6c,0x6f,0x63,0x61,0x74,0x69,0x6f,0x6e,0x20,0x3d,0x20,
    0x31,0x29,0x20,0x69,0x6e,0x20,0x76,0x65,0x63,0x34,0x20,0x63,0x6f,0x6c,0x6f,0x72,
    0x30,0x3b,0x0a,0x0a,0x76,0x6f,0x69,0x64,0x20,0x6d,0x61,0x69,0x6e,0x28,0x29,0x0a,
    0x7b,0x0a,0x20,0x20,0x20,0x20,0x67,0x6c,0x5f,0x50,0x6f,0x73,0x69,0x74,0x69,0x6f,
    0x6e,0x20,0x3d,0x20,0x6d,0x61,0x74,0x34,0x28,0x63,0x6f,0x6c,0x6f,0x72,0x65,0x64,
    0x33,0x64,0x5f,0x76,0x73,0x5f,0x70,0x61,0x72,0x61,0x6d,0x73,0x5b,0x30,0x5d,0x2c,
    0x20,0x63,0x6f,0x6c,0x6f,0x72,0x65,0x64,0x33,0x64,0x5f,0x76,0x73,0x5f,0x70,0x61,
    0x72,0x61,0x6d,0x73,0x5b,0x31,0x5d,0x2c,0x20,0x63,0x6f,0x6c,0x6f,0x72,0x65,0x64,
    0x33,0x64,0x5f,0x76,0x73,0x5f,0x70,0x61,0x72,0x61,0x6d,0x73,0x5b,0x32,0x5d,0x2c,
    0x20,0x63,0x6f,0x6c,0x6f,0x72,0x65,0x64,0x33,0x64,0x5f,0x76,0x73,0x5f,0x70,0x61,
    0x72,0x61,0x6d,0x73,0x5b,0x33,0x5d,0x29,0x20,0x2a,0x20,0x76,0x65,0x63,0x34,0x28,
    0x70,0x6f,0x73,0x69,0x74,0x69,0x6f,0x6e,0x2c,0x20,0x31,0x2e,0x30,0x29,0x3b,0x0a,
    0x20,0x20,0x20,0x20,0x74,0x69,0x6e,0x74,0x20,0x3d,0x20,0x6d,0x69,0x78,0x28,0x76,
    0x65,0x63,0x34,0x28,0x31,0x2e,0x30,0x29,0x2c,0x20,0x63,0x6f,0x6c,0x6f,0x72,0x30,
    0x2c,0x20,0x76,0x65,0x63,0x34,0x28,0x63,0x6f,0x6c,0x6f,0x72,0x65,0x64,0x33,0x64,
    0x5f,0x76,0x73,0x5f,0x70,0x61,0x72,0x61,0x6d,0x73,0x5b,0x35,0x5d,0x2e,0x78,0x29,
    0x29,0x20,0x2a,0x20,0x63,0x6f,0x6c,0x6f,0x72,0x65,0x64,0x33,0x64,0x5f,0x76,0x73,
    0x5f,0x70,0x61,0x72,0x61,0x6d,0x73,0x5b,0x34,0x5d,0x3b,0x0a,0x7d,0x0a,0x0a,0x00,

};
#endif
/*
    #version 410

    layout(location = 0) out vec4 frag_color;
    layout(location = 0) in vec4 tint;

    void main()
    {
        frag_color = tint;
    }

*/
#if defined(SOKOL_GLCORE)
static const uint8_t cna_colored3d_fs_source_glsl410[133] = {
    0x23,0x76,0x65,0x72,0x73,0x69,0x6f,0x6e,0x20,0x34,0x31,0x30,0x0a,0x0a,0x6c,0x61,
    0x79,0x6f,0x75,0x74,0x28,0x6c,0x6f,0x63,0x61,0x74,0x69,0x6f,0x6e,0x20,0x3d,0x20,
    0x30,0x29,0x20,0x6f,0x75,0x74,0x20,0x76,0x65,0x63,0x34,0x20,0x66,0x72,0x61,0x67,
    0x5f,0x63,0x6f,0x6c,0x6f,0x72,0x3b,0x0a,0x6c,0x61,0x79,0x6f,0x75,0x74,0x28,0x6c,
    0x6f,0x63,0x61,0x74,0x69,0x6f,0x6e,0x20,0x3d,0x20,0x30,0x29,0x20,0x69,0x6e,0x20,
    0x76,0x65,0x63,0x34,0x20,0x74,0x69,0x6e,0x74,0x3b,0x0a,0x0a,0x76,0x6f,0x69,0x64,
    0x20,0x6d,0x61,0x69,0x6e,0x28,0x29,0x0a,0x7b,0x0a,0x20,0x20,0x20,0x20,0x66,0x72,
    0x61,0x67,0x5f,0x63,0x6f,0x6c,0x6f,0x72,0x20,0x3d,0x20,0x74,0x69,0x6e,0x74,0x3b,
    0x0a,0x7d,0x0a,0x0a,0x00,
};
#endif
/*
    #version 300 es

    uniform vec4 colored3d_vs_params[6];
    layout(location = 0) in vec3 position;
    out vec4 tint;
    layout(location = 1) in vec4 color0;

    void main()
    {
        gl_Position = mat4(colored3d_vs_params[0], colored3d_vs_params[1], colored3d_vs_params[2], colored3d_vs_params[3]) * vec4(position, 1.0);
        tint = mix(vec4(1.0), color0, vec4(colored3d_vs_params[5].x)) * colored3d_vs_params[4];
    }

*/
#if defined(SOKOL_GLES3)
static const uint8_t cna_colored3d_vs_source_glsl300es[398] = {
    0x23,0x76,0x65,0x72,0x73,0x69,0x6f,0x6e,0x20,0x33,0x30,0x30,0x20,0x65,0x73,0x0a,
    0x0a,0x75,0x6e,0x69,0x66,0x6f,0x72,0x6d,0x20,0x76,0x65,0x63,0x34,0x20,0x63,0x6f,
    0x6c,0x6f,0x72,0x65,0x64,0x33,0x64,0x5f,0x76,0x73,0x5f,0x70,0x61,0x72,0x61,0x6d,
    0x73,0x5b,0x36,0x5d,0x3b,0x0a,0x6c,0x61,0x79,0x6f,0x75,0x74,0x28,0x6c,0x6f,0x63,
    0x61,0x74,0x69,0x6f,0x6e,0x20,0x3d,0x20,0x30,0x29,0x20,0x69,0x6e,0x20,0x76,0x65,
    0x63,0x33,0x20,0x70,0x6f,0x73,0x69,0x74,0x69,0x6f,0x6e,0x3b,0x0a,0x6f,0x75,0x74,
    0x20,0x76,0x65,0x63,0x34,0x20,0x74,0x69,0x6e,0x74,0x3b,0x0a,0x6c,0x61,0x79,0x6f,
    0x75,0x74,0x28,0x6c,0x6f,0x63,0x61,0x74,0x69,0x6f,0x6e,0x20,0x3d,0x20,0x31,0x29,
    0x20,0x69,0x6e,0x20,0x76,0x65,0x63,0x34,0x20,0x63,0x6f,0x6c,0x6f,0x72,0x30,0x3b,
    0x0a,0x0a,0x76,0x6f,0x69,0x64,0x20,0x6d,0x61,0x69,0x6e,0x28,0x29,0x0a,0x7b,0x0a,
    0x20,0x20,0x20,0x20,0x67,0x6c,0x5f,0x50,0x6f,0x73,0x69,0x74,0x69,0x6f,0x6e,0x20,
    0x3d,0x20,0x6d,0x61,0x74,0x34,0x28,0x63,0x6f,0x6c,0x6f,0x72,0x65,0x64,0x33,0x64,
    0x5f,0x76,0x73,0x5f,0x70,0x61,0x72,0x61,0x6d,0x73,0x5b,0x30,0x5d,0x2c,0x20,0x63,
    0x6f,0x6c,0x6f,0x72,0x65,0x64,0x33,0x64,0x5f,0x76,0x73,0x5f,0x70,0x61,0x72,0x61,
    0x6d,0x73,0x5b,0x31,0x5d,0x2c,0x20,0x63,0x6f,0x6c,0x6f,0x72,0x65,0x64,0x33,0x64,
    0x5f,0x76,0x73,0x5f,0x70,0x61,0x72,0x61,0x6d,0x73,0x5b,0x32,0x5d,0x2c,0x20,0x63,
    0x6f,0x6c,0x6f,0x72,0x65,0x64,0x33,0x64,0x5f,0x76,0x73,0x5f,0x70,0x61,0x72,0x61,
    0x6d,0x73,0x5b,0x33,0x5d,0x29,0x20,0x2a,0x20,0x76,0x65,0x63,0x34,0x28,0x70,0x6f,
    0x73,0x69,0x74,0x69,0x6f,0x6e,0x2c,0x20,0x31,0x2e,0x30,0x29,0x3b,0x0a,0x20,0x20,
    0x20,0x20,0x74,0x69,0x6e,0x74,0x20,0x3d,0x20,0x6d,0x69,0x78,0x28,0x76,0x65,0x63,
    0x34,0x28,0x31,0x2e,0x30,0x29,0x2c,0x20,0x63,0x6f,0x6c,0x6f,0x72,0x30,0x2c,0x20,
    0x76,0x65,0x63,0x34,0x28,0x63,0x6f,0x6c,0x6f,0x72,0x65,0x64,0x33,0x64,0x5f,0x76,
    0x73,0x5f,0x70,0x61,0x72,0x61,0x6d,0x73,0x5b,0x35,0x5d,0x2e,0x78,0x29,0x29,0x20,
    0x2a,0x20,0x63,0x6f,0x6c,0x6f,0x72,0x65,0x64,0x33,0x64,0x5f,0x76,0x73,0x5f,0x70,
    0x61,0x72,0x61,0x6d,0x73,0x5b,0x34,0x5d,0x3b,0x0a,0x7d,0x0a,0x0a,0x00,
};
#endif
/*
    #version 300 es
    precision mediump float;
    precision highp int;

    layout(location = 0) out highp vec4 frag_color;
    in highp vec4 tint;

    void main()
    {
        frag_color = tint;
    }

*/
#if defined(SOKOL_GLES3)
static const uint8_t cna_colored3d_fs_source_glsl300es[173] = {
    0x23,0x76,0x65,0x72,0x73,0x69,0x6f,0x6e,0x20,0x33,0x30,0x30,0x20,0x65,0x73,0x0a,
    0x70,0x72,0x65,0x63,0x69,0x73,0x69,0x6f,0x6e,0x20,0x6d,0x65,0x64,0x69,0x75,0x6d,
    0x70,0x20,0x66,0x6c,0x6f,0x61,0x74,0x3b,0x0a,0x70,0x72,0x65,0x63,0x69,0x73,0x69,
    0x6f,0x6e,0x20,0x68,0x69,0x67,0x68,0x70,0x20,0x69,0x6e,0x74,0x3b,0x0a,0x0a,0x6c,
    0x61,0x79,0x6f,0x75,0x74,0x28,0x6c,0x6f,0x63,0x61,0x74,0x69,0x6f,0x6e,0x20,0x3d,
    0x20,0x30,0x29,0x20,0x6f,0x75,0x74,0x20,0x68,0x69,0x67,0x68,0x70,0x20,0x76,0x65,
    0x63,0x34,0x20,0x66,0x72,0x61,0x67,0x5f,0x63,0x6f,0x6c,0x6f,0x72,0x3b,0x0a,0x69,
    0x6e,0x20,0x68,0x69,0x67,0x68,0x70,0x20,0x76,0x65,0x63,0x34,0x20,0x74,0x69,0x6e,
    0x74,0x3b,0x0a,0x0a,0x76,0x6f,0x69,0x64,0x20,0x6d,0x61,0x69,0x6e,0x28,0x29,0x0a,
    0x7b,0x0a,0x20,0x20,0x20,0x20,0x66,0x72,0x61,0x67,0x5f,0x63,0x6f,0x6c,0x6f,0x72,
    0x20,0x3d,0x20,0x74,0x69,0x6e,0x74,0x3b,0x0a,0x7d,0x0a,0x0a,0x00,
};
#endif
/*
    cbuffer colored3d_vs_params : register(b0)
    {
        row_major float4x4 _19_mvp : packoffset(c0);
        float4 _19_diffuse : packoffset(c4);
        float4 _19_flags : packoffset(c5);
    };


    static float4 gl_Position;
    static float3 position;
    static float4 tint;
    static float4 color0;

    struct SPIRV_Cross_Input
    {
        float3 position : TEXCOORD0;
        float4 color0 : TEXCOORD1;
    };

    struct SPIRV_Cross_Output
    {
        float4 tint : TEXCOORD0;
        float4 gl_Position : SV_Position;
    };

    void vert_main()
    {
        gl_Position = mul(float4(position, 1.0f), _19_mvp);
        tint = lerp(1.0f.xxxx, color0, _19_flags.x.xxxx) * _19_diffuse;
    }

    SPIRV_Cross_Output main(SPIRV_Cross_Input stage_input)
    {
        position = stage_input.position;
        color0 = stage_input.color0;
        vert_main();
        SPIRV_Cross_Output stage_output;
        stage_output.gl_Position = gl_Position;
        stage_output.tint = tint;
        return stage_output;
    }
*/
#if defined(SOKOL_D3D11)
static const uint8_t cna_colored3d_vs_source_hlsl5[896] = {
    0x63,0x62,0x75,0x66,0x66,0x65,0x72,0x20,0x63,0x6f,0x6c,0x6f,0x72,0x65,0x64,0x33,
    0x64,0x5f,0x76,0x73,0x5f,0x70,0x61,0x72,0x61,0x6d,0x73,0x20,0x3a,0x20,0x72,0x65,
    0x67,0x69,0x73,0x74,0x65,0x72,0x28,0x62,0x30,0x29,0x0a,0x7b,0x0a,0x20,0x20,0x20,
    0x20,0x72,0x6f,0x77,0x5f,0x6d,0x61,0x6a,0x6f,0x72,0x20,0x66,0x6c,0x6f,0x61,0x74,
    0x34,0x78,0x34,0x20,0x5f,0x31,0x39,0x5f,0x6d,0x76,0x70,0x20,0x3a,0x20,0x70,0x61,
    0x63,0x6b,0x6f,0x66,0x66,0x73,0x65,0x74,0x28,0x63,0x30,0x29,0x3b,0x0a,0x20,0x20,
    0x20,0x20,0x66,0x6c,0x6f,0x61,0x74,0x34,0x20,0x5f,0x31,0x39,0x5f,0x64,0x69,0x66,
    0x66,0x75,0x73,0x65,0x20,0x3a,0x20,0x70,0x61,0x63,0x6b,0x6f,0x66,0x66,0x73,0x65,
    0x74,0x28,0x63,0x34,0x29,0x3b,0x0a,0x20,0x20,0x20,0x20,0x66,0x6c,0x6f,0x61,0x74,
    0x34,0x20,0x5f,0x31,0x39,0x5f,0x66,0x6c,0x61,0x67,0x73,0x20,0x3a,0x20,0x70,0x61,
    0x63,0x6b,0x6f,0x66,0x66,0x73,0x65,0x74,0x28,0x63,0x35,0x29,0x3b,0x0a,0x7d,0x3b,
    0x0a,0x0a,0x0a,0x73,0x74,0x61,0x74,0x69,0x63,0x20,0x66,0x6c,0x6f,0x61,0x74,0x34,
    0x20,0x67,0x6c,0x5f,0x50,0x6f,0x73,0x69,0x74,0x69,0x6f,0x6e,0x3b,0x0a,0x73,0x74,
    0x61,0x74,0x69,0x63,0x20,0x66,0x6c,0x6f,0x61,0x74,0x33,0x20,0x70,0x6f,0x73,0x69,
    0x74,0x69,0x6f,0x6e,0x3b,0x0a,0x73,0x74,0x61,0x74,0x69,0x63,0x20,0x66,0x6c,0x6f,
    0x61,0x74,0x34,0x20,0x74,0x69,0x6e,0x74,0x3b,0x0a,0x73,0x74,0x61,0x74,0x69,0x63,
    0x20,0x66,0x6c,0x6f,0x61,0x74,0x34,0x20,0x63,0x6f,0x6c,0x6f,0x72,0x30,0x3b,0x0a,
    0x0a,0x73,0x74,0x72,0x75,0x63,0x74,0x20,0x53,0x50,0x49,0x52,0x56,0x5f,0x43,0x72,
    0x6f,0x73,0x73,0x5f,0x49,0x6e,0x70,0x75,0x74,0x0a,0x7b,0x0a,0x20,0x20,0x20,0x20,
    0x66,0x6c,0x6f,0x61,0x74,0x33,0x20,0x70,0x6f,0x73,0x69,0x74,0x69,0x6f,0x6e,0x20,
    0x3a,0x20,0x54,0x45,0x58,0x43,0x4f,0x4f,0x52,0x44,0x30,0x3b,0x0a,0x20,0x20,0x20,
    0x20,0x66,0x6c,0x6f,0x61,0x74,0x34,0x20,0x63,0x6f,0x6c,0x6f,0x72,0x30,0x20,0x3a,
    0x20,0x54,0x45,0x58,0x43,0x4f,0x4f,0x52,0x44,0x31,0x3b,0x0a,0x7d,0x3b,0x0a,0x0a,
    0x73,0x74,0x72,0x75,0x63,0x74,0x20,0x53,0x50,0x49,0x52,0x56,0x5f,0x43,0x72,0x6f,
    0x73,0x73,0x5f,0x4f,0x75,0x74,0x70,0x75,0x74,0x0a,0x7b,0x0a,0x20,0x20,0x20,0x20,
    0x66,0x6c,0x6f,0x61,0x74,0x34,0x20,0x74,0x69,0x6e,0x74,0x20,0x3a,0x20,0x54,0x45,
    0x58,0x43,0x4f,0x4f,0x52,0x44,0x30,0x3b,0x0a,0x20,0x20,0x20,0x20,0x66,0x6c,0x6f,
    0x61,0x74,0x34,0x20,0x67,0x6c,0x5f,0x50,0x6f,0x73,0x69,0x74,0x69,0x6f,0x6e,0x20,
    0x3a,0x20,0x53,0x56,0x5f,0x50,0x6f,0x73,0x69,0x74,0x69,0x6f,0x6e,0x3b,0x0a,0x7d,
    0x3b,0x0a,0x0a,0x76,0x6f,0x69,0x64,0x20,0x76,0x65,0x72,0x74,0x5f,0x6d,0x61,0x69,
    0x6e,0x28,0x29,0x0a,0x7b,0x0a,0x20,0x20,0x20,0x20,0x67,0x6c,0x5f,0x50,0x6f,0x73,
    0x69,0x74,0x69,0x6f,0x6e,0x20,0x3d,0x20,0x6d,0x75,0x6c,0x28,0x66,0x6c,0x6f,0x61,
    0x74,0x34,0x28,0x70,0x6f,0x73,0x69,0x74,0x69,0x6f,0x6e,0x2c,0x20,0x31,0x2e,0x30,
    0x66,0x29,0x2c,0x20,0x5f,0x31,0x39,0x5f,0x6d,0x76,0x70,0x29,0x3b,0x0a,0x20,0x20,
    0x20,0x20,0x74,0x69,0x6e,0x74,0x20,0x3d,0x20,0x6c,0x65,0x72,0x70,0x28,0x31,0x2e,
    0x30,0x66,0x2e,0x78,0x78,0x78,0x78,0x2c,0x20,0x63,0x6f,0x6c,0x6f,0x72,0x30,0x2c,
    0x20,0x5f,0x31,0x39,0x5f,0x66,0x6c,0x61,0x67,0x73,0x2e,0x78,0x2e,0x78,0x78,0x78,
    0x78,0x29,0x20,0x2a,0x20,0x5f,0x31,0x39,0x5f,0x64,0x69,0x66,0x66,0x75,0x73,0x65,
    0x3b,0x0a,0x7d,0x0a,0x0a,0x53,0x50,0x49,0x52,0x56,0x5f,0x43,0x72,0x6f,0x73,0x73,
    0x5f,0x4f,0x75,0x74,0x70,0x75,0x74,0x20,0x6d,0x61,0x69,0x6e,0x28,0x53,0x50,0x49,
    0x52,0x56,0x5f,0x43,0x72,0x6f,0x73,0x73,0x5f,0x49,0x6e,0x70,0x75,0x74,0x20,0x73,
    0x74,0x61,0x67,0x65,0x5f,0x69,0x6e,0x70,0x75,0x74,0x29,0x0a,0x7b,0x0a,0x20,0x20,
    0x20,0x20,0x70,0x6f,0x73,0x69,0x74,0x69,0x6f,0x6e,0x20,0x3d,0x20,0x73,0x74,0x61,
    0x67,0x65,0x5f,0x69,0x6e,0x70,0x75,0x74,0x2e,0x70,0x6f,0x73,0x69,0x74,0x69,0x6f,
    0x6e,0x3b,0x0a,0x20,0x20,0x20,0x20,0x63,0x6f,0x6c,0x6f,0x72,0x30,0x20,0x3d,0x20,
    0x73,0x74,0x61,0x67,0x65,0x5f,0x69,0x6e,0x70,0x75,0x74,0x2e,0x63,0x6f,0x6c,0x6f,
    0x72,0x30,0x3b,0x0a,0x20,0x20,0x20,0x20,0x76,0x65,0x72,0x74,0x5f,0x6d,0x61,0x69,
    0x6e,0x28,0x29,0x3b,0x0a,0x20,0x20,0x20,0x20,0x53,0x50,0x49,0x52,0x56,0x5f,0x43,
    0x72,0x6f,0x73,0x73,0x5f,0x4f,0x75,0x74,0x70,0x75,0x74,0x20,0x73,0x74,0x61,0x67,
    0x65,0x5f,0x6f,0x75,0x74,0x70,0x75,0x74,0x3b,0x0a,0x20,0x20,0x20,0x20,0x73,0x74,
    0x61,0x67,0x65,0x5f,0x6f,0x75,0x74,0x70,0x75,0x74,0x2e,0x67,0x6c,0x5f,0x50,0x6f,
    0x73,0x69,0x74,0x69,0x6f,0x6e,0x20,0x3d,0x20,0x67,0x6c,0x5f,0x50,0x6f,0x73,0x69,
    0x74,0x69,0x6f,0x6e,0x3b,0x0a,0x20,0x20,0x20,0x20,0x73,0x74,0x61,0x67,0x65,0x5f,
    0x6f,0x75,0x74,0x70,0x75,0x74,0x2e,0x74,0x69,0x6e,0x74,0x20,0x3d,0x20,0x74,0x69,
    0x6e,0x74,0x3b,0x0a,0x20,0x20,0x20,0x20,0x72,0x65,0x74,0x75,0x72,0x6e,0x20,0x73,
    0x74,0x61,0x67,0x65,0x5f,0x6f,0x75,0x74,0x70,0x75,0x74,0x3b,0x0a,0x7d,0x0a,0x00,

};
#endif
/*
    static float4 frag_color;
    static float4 tint;

    struct SPIRV_Cross_Input
    {
        float4 tint : TEXCOORD0;
    };

    struct SPIRV_Cross_Output
    {
        float4 frag_color : SV_Target0;
    };

    void frag_main()
    {
        frag_color = tint;
    }

    SPIRV_Cross_Output main(SPIRV_Cross_Input stage_input)
    {
        tint = stage_input.tint;
        frag_main();
        SPIRV_Cross_Output stage_output;
        stage_output.frag_color = frag_color;
        return stage_output;
    }
*/
#if defined(SOKOL_D3D11)
static const uint8_t cna_colored3d_fs_source_hlsl5[430] = {
    0x73,0x74,0x61,0x74,0x69,0x63,0x20,0x66,0x6c,0x6f,0x61,0x74,0x34,0x20,0x66,0x72,
    0x61,0x67,0x5f,0x63,0x6f,0x6c,0x6f,0x72,0x3b,0x0a,0x73,0x74,0x61,0x74,0x69,0x63,
    0x20,0x66,0x6c,0x6f,0x61,0x74,0x34,0x20,0x74,0x69,0x6e,0x74,0x3b,0x0a,0x0a,0x73,
    0x74,0x72,0x75,0x63,0x74,0x20,0x53,0x50,0x49,0x52,0x56,0x5f,0x43,0x72,0x6f,0x73,
    0x73,0x5f,0x49,0x6e,0x70,0x75,0x74,0x0a,0x7b,0x0a,0x20,0x20,0x20,0x20,0x66,0x6c,
    0x6f,0x61,0x74,0x34,0x20,0x74,0x69,0x6e,0x74,0x20,0x3a,0x20,0x54,0x45,0x58,0x43,
    0x4f,0x4f,0x52,0x44,0x30,0x3b,0x0a,0x7d,0x3b,0x0a,0x0a,0x73,0x74,0x72,0x75,0x63,
    0x74,0x20,0x53,0x50,0x49,0x52,0x56,0x5f,0x43,0x72,0x6f,0x73,0x73,0x5f,0x4f,0x75,
    0x74,0x70,0x75,0x74,0x0a,0x7b,0x0a,0x20,0x20,0x20,0x20,0x66,0x6c,0x6f,0x61,0x74,
    0x34,0x20,0x66,0x72,0x61,0x67,0x5f,0x63,0x6f,0x6c,0x6f,0x72,0x20,0x3a,0x20,0x53,
    0x56,0x5f,0x54,0x61,0x72,0x67,0x65,0x74,0x30,0x3b,0x0a,0x7d,0x3b,0x0a,0x0a,0x76,
    0x6f,0x69,0x64,0x20,0x66,0x72,0x61,0x67,0x5f,0x6d,0x61,0x69,0x6e,0x28,0x29,0x0a,
    0x7b,0x0a,0x20,0x20,0x20,0x20,0x66,0x72,0x61,0x67,0x5f,0x63,0x6f,0x6c,0x6f,0x72,
    0x20,0x3d,0x20,0x74,0x69,0x6e,0x74,0x3b,0x0a,0x7d,0x0a,0x0a,0x53,0x50,0x49,0x52,
    0x56,0x5f,0x43,0x72,0x6f,0x73,0x73,0x5f,0x4f,0x75,0x74,0x70,0x75,0x74,0x20,0x6d,
    0x61,0x69,0x6e,0x28,0x53,0x50,0x49,0x52,0x56,0x5f,0x43,0x72,0x6f,0x73,0x73,0x5f,
    0x49,0x6e,0x70,0x75,0x74,0x20,0x73,0x74,0x61,0x67,0x65,0x5f,0x69,0x6e,0x70,0x75,
    0x74,0x29,0x0a,0x7b,0x0a,0x20,0x20,0x20,0x20,0x74,0x69,0x6e,0x74,0x20,0x3d,0x20,
    0x73,0x74,0x61,0x67,0x65,0x5f,0x69,0x6e,0x70,0x75,0x74,0x2e,0x74,0x69,0x6e,0x74,
    0x3b,0x0a,0x20,0x20,0x20,0x20,0x66,0x72,0x61,0x67,0x5f,0x6d,0x61,0x69,0x6e,0x28,
    0x29,0x3b,0x0a,0x20,0x20,0x20,0x20,0x53,0x50,0x49,0x52,0x56,0x5f,0x43,0x72,0x6f,
    0x73,0x73,0x5f,0x4f,0x75,0x74,0x70,0x75,0x74,0x20,0x73,0x74,0x61,0x67,0x65,0x5f,
    0x6f,0x75,0x74,0x70,0x75,0x74,0x3b,0x0a,0x20,0x20,0x20,0x20,0x73,0x74,0x61,0x67,
    0x65,0x5f,0x6f,0x75,0x74,0x70,0x75,0x74,0x2e,0x66,0x72,0x61,0x67,0x5f,0x63,0x6f,
    0x6c,0x6f,0x72,0x20,0x3d,0x20,0x66,0x72,0x61,0x67,0x5f,0x63,0x6f,0x6c,0x6f,0x72,
    0x3b,0x0a,0x20,0x20,0x20,0x20,0x72,0x65,0x74,0x75,0x72,0x6e,0x20,0x73,0x74,0x61,
    0x67,0x65,0x5f,0x6f,0x75,0x74,0x70,0x75,0x74,0x3b,0x0a,0x7d,0x0a,0x00,
};
#endif
/*
    #include <metal_stdlib>
    #include <simd/simd.h>

    using namespace metal;

    struct colored3d_vs_params
    {
        float4x4 mvp;
        float4 diffuse;
        float4 flags;
    };

    struct main0_out
    {
        float4 tint [[user(locn0)]];
        float4 gl_Position [[position]];
    };

    struct main0_in
    {
        float3 position [[attribute(0)]];
        float4 color0 [[attribute(1)]];
    };

    vertex main0_out main0(main0_in in [[stage_in]], constant colored3d_vs_params& _19 [[buffer(0)]])
    {
        main0_out out = {};
        out.gl_Position = _19.mvp * float4(in.position, 1.0);
        out.tint = mix(float4(1.0), in.color0, float4(_19.flags.x)) * _19.diffuse;
        return out;
    }

*/
#if defined(SOKOL_METAL)
static const uint8_t cna_colored3d_vs_source_metal_macos[631] = {
    0x23,0x69,0x6e,0x63,0x6c,0x75,0x64,0x65,0x20,0x3c,0x6d,0x65,0x74,0x61,0x6c,0x5f,
    0x73,0x74,0x64,0x6c,0x69,0x62,0x3e,0x0a,0x23,0x69,0x6e,0x63,0x6c,0x75,0x64,0x65,
    0x20,0x3c,0x73,0x69,0x6d,0x64,0x2f,0x73,0x69,0x6d,0x64,0x2e,0x68,0x3e,0x0a,0x0a,
    0x75,0x73,0x69,0x6e,0x67,0x20,0x6e,0x61,0x6d,0x65,0x73,0x70,0x61,0x63,0x65,0x20,
    0x6d,0x65,0x74,0x61,0x6c,0x3b,0x0a,0x0a,0x73,0x74,0x72,0x75,0x63,0x74,0x20,0x63,
    0x6f,0x6c,0x6f,0x72,0x65,0x64,0x33,0x64,0x5f,0x76,0x73,0x5f,0x70,0x61,0x72,0x61,
    0x6d,0x73,0x0a,0x7b,0x0a,0x20,0x20,0x20,0x20,0x66,0x6c,0x6f,0x61,0x74,0x34,0x78,
    0x34,0x20,0x6d,0x76,0x70,0x3b,0x0a,0x20,0x20,0x20,0x20,0x66,0x6c,0x6f,0x61,0x74,
    0x34,0x20,0x64,0x69,0x66,0x66,0x75,0x73,0x65,0x3b,0x0a,0x20,0x20,0x20,0x20,0x66,
    0x6c,0x6f,0x61,0x74,0x34,0x20,0x66,0x6c,0x61,0x67,0x73,0x3b,0x0a,0x7d,0x3b,0x0a,
    0x0a,0x73,0x74,0x72,0x75,0x63,0x74,0x20,0x6d,0x61,0x69,0x6e,0x30,0x5f,0x6f,0x75,
    0x74,0x0a,0x7b,0x0a,0x20,0x20,0x20,0x20,0x66,0x6c,0x6f,0x61,0x74,0x34,0x20,0x74,
    0x69,0x6e,0x74,0x20,0x5b,0x5b,0x75,0x73,0x65,0x72,0x28,0x6c,0x6f,0x63,0x6e,0x30,
    0x29,0x5d,0x5d,0x3b,0x0a,0x20,0x20,0x20,0x20,0x66,0x6c,0x6f,0x61,0x74,0x34,0x20,
    0x67,0x6c,0x5f,0x50,0x6f,0x73,0x69,0x74,0x69,0x6f,0x6e,0x20,0x5b,0x5b,0x70,0x6f,
    0x73,0x69,0x74,0x69,0x6f,0x6e,0x5d,0x5d,0x3b,0x0a,0x7d,0x3b,0x0a,0x0a,0x73,0x74,
    0x72,0x75,0x63,0x74,0x20,0x6d,0x61,0x69,0x6e,0x30,0x5f,0x69,0x6e,0x0a,0x7b,0x0a,
    0x20,0x20,0x20,0x20,0x66,0x6c,0x6f,0x61,0x74,0x33,0x20,0x70,0x6f,0x73,0x69,0x74,
    0x69,0x6f,0x6e,0x20,0x5b,0x5b,0x61,0x74,0x74,0x72,0x69,0x62,0x75,0x74,0x65,0x28,
    0x30,0x29,0x5d,0x5d,0x3b,0x0a,0x20,0x20,0x20,0x20,0x66,0x6c,0x6f,0x61,0x74,0x34,
    0x20,0x63,0x6f,0x6c,0x6f,0x72,0x30,0x20,0x5b,0x5b,0x61,0x74,0x74,0x72,0x69,0x62,
    0x75,0x74,0x65,0x28,0x31,0x29,0x5d,0x5d,0x3b,0x0a,0x7d,0x3b,0x0a,0x0a,0x76,0x65,
    0x72,0x74,0x65,0x78,0x20,0x6d,0x61,0x69,0x6e,0x30,0x5f,0x6f,0x75,0x74,0x20,0x6d,
    0x61,0x69,0x6e,0x30,0x28,0x6d,0x61,0x69,0x6e,0x30,0x5f,0x69,0x6e,0x20,0x69,0x6e,
    0x20,0x5b,0x5b,0x73,0x74,0x61,0x67,0x65,0x5f,0x69,0x6e,0x5d,0x5d,0x2c,0x20,0x63,
    0x6f,0x6e,0x73,0x74,0x61,0x6e,0x74,0x20,0x63,0x6f,0x6c,0x6f,0x72,0x65,0x64,0x33,
    0x64,0x5f,0x76,0x73,0x5f,0x70,0x61,0x72,0x61,0x6d,0x73,0x26,0x20,0x5f,0x31,0x39,
    0x20,0x5b,0x5b,0x62,0x75,0x66,0x66,0x65,0x72,0x28,0x30,0x29,0x5d,0x5d,0x29,0x0a,
    0x7b,0x0a,0x20,0x20,0x20,0x20,0x6d,0x61,0x69,0x6e,0x30,0x5f,0x6f,0x75,0x74,0x20,
    0x6f,0x75,0x74,0x20,0x3d,0x20,0x7b,0x7d,0x3b,0x0a,0x20,0x20,0x20,0x20,0x6f,0x75,
    0x74,0x2e,0x67,0x6c,0x5f,0x50,0x6f,0x73,0x69,0x74,0x69,0x6f,0x6e,0x20,0x3d,0x20,
    0x5f,0x31,0x39,0x2e,0x6d,0x76,0x70,0x20,0x2a,0x20,0x66,0x6c,0x6f,0x61,0x74,0x34,
    0x28,0x69,0x6e,0x2e,0x70,0x6f,0x73,0x69,0x74,0x69,0x6f,0x6e,0x2c,0x20,0x31,0x2e,
    0x30,0x29,0x3b,0x0a,0x20,0x20,0x20,0x20,0x6f,0x75,0x74,0x2e,0x74,0x69,0x6e,0x74,
    0x20,0x3d,0x20,0x6d,0x69,0x78,0x28,0x66,0x6c,0x6f,0x61,0x74,0x34,0x28,0x31,0x2e,
    0x30,0x29,0x2c,0x20,0x69,0x6e,0x2e,0x63,0x6f,0x6c,0x6f,0x72,0x30,0x2c,0x20,0x66,
    0x6c,0x6f,0x61,0x74,0x34,0x28,0x5f,0x31,0x39,0x2e,0x66,0x6c,0x61,0x67,0x73,0x2e,
    0x78,0x29,0x29,0x20,0x2a,0x20,0x5f,0x31,0x39,0x2e,0x64,0x69,0x66,0x66,0x75,0x73,
    0x65,0x3b,0x0a,0x20,0x20,0x20,0x20,0x72,0x65,0x74,0x75,0x72,0x6e,0x20,0x6f,0x75,
    0x74,0x3b,0x0a,0x7d,0x0a,0x0a,0x00,
};
#endif
/*
    #include <metal_stdlib>
    #include <simd/simd.h>

    using namespace metal;

    struct main0_out
    {
        float4 frag_color [[color(0)]];
    };

    struct main0_in
    {
        float4 tint [[user(locn0)]];
    };

    fragment main0_out main0(main0_in in [[stage_in]])
    {
        main0_out out = {};
        out.frag_color = in.tint;
        return out;
    }

*/
#if defined(SOKOL_METAL)
static const uint8_t cna_colored3d_fs_source_metal_macos[313] = {
    0x23,0x69,0x6e,0x63,0x6c,0x75,0x64,0x65,0x20,0x3c,0x6d,0x65,0x74,0x61,0x6c,0x5f,
    0x73,0x74,0x64,0x6c,0x69,0x62,0x3e,0x0a,0x23,0x69,0x6e,0x63,0x6c,0x75,0x64,0x65,
    0x20,0x3c,0x73,0x69,0x6d,0x64,0x2f,0x73,0x69,0x6d,0x64,0x2e,0x68,0x3e,0x0a,0x0a,
    0x75,0x73,0x69,0x6e,0x67,0x20,0x6e,0x61,0x6d,0x65,0x73,0x70,0x61,0x63,0x65,0x20,
    0x6d,0x65,0x74,0x61,0x6c,0x3b,0x0a,0x0a,0x73,0x74,0x72,0x75,0x63,0x74,0x20,0x6d,
    0x61,0x69,0x6e,0x30,0x5f,0x6f,0x75,0x74,0x0a,0x7b,0x0a,0x20,0x20,0x20,0x20,0x66,
    0x6c,0x6f,0x61,0x74,0x34,0x20,0x66,0x72,0x61,0x67,0x5f,0x63,0x6f,0x6c,0x6f,0x72,
    0x20,0x5b,0x5b,0x63,0x6f,0x6c,0x6f,0x72,0x28,0x30,0x29,0x5d,0x5d,0x3b,0x0a,0x7d,
    0x3b,0x0a,0x0a,0x73,0x74,0x72,0x75,0x63,0x74,0x20,0x6d,0x61,0x69,0x6e,0x30,0x5f,
    0x69,0x6e,0x0a,0x7b,0x0a,0x20,0x20,0x20,0x20,0x66,0x6c,0x6f,0x61,0x74,0x34,0x20,
    0x74,0x69,0x6e,0x74,0x20,0x5b,0x5b,0x75,0x73,0x65,0x72,0x28,0x6c,0x6f,0x63,0x6e,
    0x30,0x29,0x5d,0x5d,0x3b,0x0a,0x7d,0x3b,0x0a,0x0a,0x66,0x72,0x61,0x67,0x6d,0x65,
    0x6e,0x74,0x20,0x6d,0x61,0x69,0x6e,0x30,0x5f,0x6f,0x75,0x74,0x20,0x6d,0x61,0x69,
    0x6e,0x30,0x28,0x6d,0x61,0x69,0x6e,0x30,0x5f,0x69,0x6e,0x20,0x69,0x6e,0x20,0x5b,
    0x5b,0x73,0x74,0x61,0x67,0x65,0x5f,0x69,0x6e,0x5d,0x5d,0x29,0x0a,0x7b,0x0a,0x20,
    0x20,0x20,0x20,0x6d,0x61,0x69,0x6e,0x30,0x5f,0x6f,0x75,0x74,0x20,0x6f,0x75,0x74,
    0x20,0x3d,0x20,0x7b,0x7d,0x3b,0x0a,0x20,0x20,0x20,0x20,0x6f,0x75,0x74,0x2e,0x66,
    0x72,0x61,0x67,0x5f,0x63,0x6f,0x6c,0x6f,0x72,0x20,0x3d,0x20,0x69,0x6e,0x2e,0x74,
    0x69,0x6e,0x74,0x3b,0x0a,0x20,0x20,0x20,0x20,0x72,0x65,0x74,0x75,0x72,0x6e,0x20,
    0x6f,0x75,0x74,0x3b,0x0a,0x7d,0x0a,0x0a,0x00,
};
#endif
/*
    diagnostic(off, derivative_uniformity);

    struct colored3d_vs_params {
      /_ @offset(0) _/
      mvp : mat4x4f,
      /_ @offset(64) _/
      diffuse : vec4f,
      /_ @offset(80) _/
      flags : vec4f,
    }

    @binding(0) @group(0) var<uniform> x_19 : colored3d_vs_params;

    var<private> position_1 : vec3f;

    var<private> tint : vec4f;

    var<private> color0 : vec4f;

    var<private> gl_Position : vec4f;

    fn main_1() {
      gl_Position = (x_19.mvp * vec4f(position_1.x, position_1.y, position_1.z, 1.0f));
      tint = (mix(vec4f(1.0f), color0, vec4f(x_19.flags.x)) * x_19.diffuse);
      return;
    }

    struct main_out {
      @builtin(position)
      gl_Position : vec4f,
      @location(0)
      tint_1 : vec4f,
    }

    @vertex
    fn main(@location(0) position_1_param : vec3f, @location(1) color0_param : vec4f) -> main_out {
      position_1 = position_1_param;
      color0 = color0_param;
      main_1();
      return main_out(gl_Position, tint);
    }
*/
#if defined(SOKOL_WGPU)
static const uint8_t cna_colored3d_vs_source_wgsl[873] = {
    0x64,0x69,0x61,0x67,0x6e,0x6f,0x73,0x74,0x69,0x63,0x28,0x6f,0x66,0x66,0x2c,0x20,
    0x64,0x65,0x72,0x69,0x76,0x61,0x74,0x69,0x76,0x65,0x5f,0x75,0x6e,0x69,0x66,0x6f,
    0x72,0x6d,0x69,0x74,0x79,0x29,0x3b,0x0a,0x0a,0x73,0x74,0x72,0x75,0x63,0x74,0x20,
    0x63,0x6f,0x6c,0x6f,0x72,0x65,0x64,0x33,0x64,0x5f,0x76,0x73,0x5f,0x70,0x61,0x72,
    0x61,0x6d,0x73,0x20,0x7b,0x0a,0x20,0x20,0x2f,0x2a,0x20,0x40,0x6f,0x66,0x66,0x73,
    0x65,0x74,0x28,0x30,0x29,0x20,0x2a,0x2f,0x0a,0x20,0x20,0x6d,0x76,0x70,0x20,0x3a,
    0x20,0x6d,0x61,0x74,0x34,0x78,0x34,0x66,0x2c,0x0a,0x20,0x20,0x2f,0x2a,0x20,0x40,
    0x6f,0x66,0x66,0x73,0x65,0x74,0x28,0x36,0x34,0x29,0x20,0x2a,0x2f,0x0a,0x20,0x20,
    0x64,0x69,0x66,0x66,0x75,0x73,0x65,0x20,0x3a,0x20,0x76,0x65,0x63,0x34,0x66,0x2c,
    0x0a,0x20,0x20,0x2f,0x2a,0x20,0x40,0x6f,0x66,0x66,0x73,0x65,0x74,0x28,0x38,0x30,
    0x29,0x20,0x2a,0x2f,0x0a,0x20,0x20,0x66,0x6c,0x61,0x67,0x73,0x20,0x3a,0x20,0x76,
    0x65,0x63,0x34,0x66,0x2c,0x0a,0x7d,0x0a,0x0a,0x40,0x62,0x69,0x6e,0x64,0x69,0x6e,
    0x67,0x28,0x30,0x29,0x20,0x40,0x67,0x72,0x6f,0x75,0x70,0x28,0x30,0x29,0x20,0x76,
    0x61,0x72,0x3c,0x75,0x6e,0x69,0x66,0x6f,0x72,0x6d,0x3e,0x20,0x78,0x5f,0x31,0x39,
    0x20,0x3a,0x20,0x63,0x6f,0x6c,0x6f,0x72,0x65,0x64,0x33,0x64,0x5f,0x76,0x73,0x5f,
    0x70,0x61,0x72,0x61,0x6d,0x73,0x3b,0x0a,0x0a,0x76,0x61,0x72,0x3c,0x70,0x72,0x69,
    0x76,0x61,0x74,0x65,0x3e,0x20,0x70,0x6f,0x73,0x69,0x74,0x69,0x6f,0x6e,0x5f,0x31,
    0x20,0x3a,0x20,0x76,0x65,0x63,0x33,0x66,0x3b,0x0a,0x0a,0x76,0x61,0x72,0x3c,0x70,
    0x72,0x69,0x76,0x61,0x74,0x65,0x3e,0x20,0x74,0x69,0x6e,0x74,0x20,0x3a,0x20,0x76,
    0x65,0x63,0x34,0x66,0x3b,0x0a,0x0a,0x76,0x61,0x72,0x3c,0x70,0x72,0x69,0x76,0x61,
    0x74,0x65,0x3e,0x20,0x63,0x6f,0x6c,0x6f,0x72,0x30,0x20,0x3a,0x20,0x76,0x65,0x63,
    0x34,0x66,0x3b,0x0a,0x0a,0x76,0x61,0x72,0x3c,0x70,0x72,0x69,0x76,0x61,0x74,0x65,
    0x3e,0x20,0x67,0x6c,0x5f,0x50,0x6f,0x73,0x69,0x74,0x69,0x6f,0x6e,0x20,0x3a,0x20,
    0x76,0x65,0x63,0x34,0x66,0x3b,0x0a,0x0a,0x66,0x6e,0x20,0x6d,0x61,0x69,0x6e,0x5f,
    0x31,0x28,0x29,0x20,0x7b,0x0a,0x20,0x20,0x67,0x6c,0x5f,0x50,0x6f,0x73,0x69,0x74,
    0x69,0x6f,0x6e,0x20,0x3d,0x20,0x28,0x78,0x5f,0x31,0x39,0x2e,0x6d,0x76,0x70,0x20,
    0x2a,0x20,0x76,0x65,0x63,0x34,0x66,0x28,0x70,0x6f,0x73,0x69,0x74,0x69,0x6f,0x6e,
    0x5f,0x31,0x2e,0x78,0x2c,0x20,0x70,0x6f,0x73,0x69,0x74,0x69,0x6f,0x6e,0x5f,0x31,
    0x2e,0x79,0x2c,0x20,0x70,0x6f,0x73,0x69,0x74,0x69,0x6f,0x6e,0x5f,0x31,0x2e,0x7a,
    0x2c,0x20,0x31,0x2e,0x30,0x66,0x29,0x29,0x3b,0x0a,0x20,0x20,0x74,0x69,0x6e,0x74,
    0x20,0x3d,0x20,0x28,0x6d,0x69,0x78,0x28,0x76,0x65,0x63,0x34,0x66,0x28,0x31,0x2e,
    0x30,0x66,0x29,0x2c,0x20,0x63,0x6f,0x6c,0x6f,0x72,0x30,0x2c,0x20,0x76,0x65,0x63,
    0x34,0x66,0x28,0x78,0x5f,0x31,0x39,0x2e,0x66,0x6c,0x61,0x67,0x73,0x2e,0x78,0x29,
    0x29,0x20,0x2a,0x20,0x78,0x5f,0x31,0x39,0x2e,0x64,0x69,0x66,0x66,0x75,0x73,0x65,
    0x29,0x3b,0x0a,0x20,0x20,0x72,0x65,0x74,0x75,0x72,0x6e,0x3b,0x0a,0x7d,0x0a,0x0a,
    0x73,0x74,0x72,0x75,0x63,0x74,0x20,0x6d,0x61,0x69,0x6e,0x5f,0x6f,0x75,0x74,0x20,
    0x7b,0x0a,0x20,0x20,0x40,0x62,0x75,0x69,0x6c,0x74,0x69,0x6e,0x28,0x70,0x6f,0x73,
    0x69,0x74,0x69,0x6f,0x6e,0x29,0x0a,0x20,0x20,0x67,0x6c,0x5f,0x50,0x6f,0x73,0x69,
    0x74,0x69,0x6f,0x6e,0x20,0x3a,0x20,0x76,0x65,0x63,0x34,0x66,0x2c,0x0a,0x20,0x20,
    0x40,0x6c,0x6f,0x63,0x61,0x74,0x69,0x6f,0x6e,0x28,0x30,0x29,0x0a,0x20,0x20,0x74,
    0x69,0x6e,0x74,0x5f,0x31,0x20,0x3a,0x20,0x76,0x65,0x63,0x34,0x66,0x2c,0x0a,0x7d,
    0x0a,0x0a,0x40,0x76,0x65,0x72,0x74,0x65,0x78,0x0a,0x66,0x6e,0x20,0x6d,0x61,0x69,
    0x6e,0x28,0x40,0x6c,0x6f,0x63,0x61,0x74,0x69,0x6f,0x6e,0x28,0x30,0x29,0x20,0x70,
    0x6f,0x73,0x69,0x74,0x69,0x6f,0x6e,0x5f,0x31,0x5f,0x70,0x61,0x72,0x61,0x6d,0x20,
    0x3a,0x20,0x76,0x65,0x63,0x33,0x66,0x2c,0x20,0x40,0x6c,0x6f,0x63,0x61,0x74,0x69,
    0x6f,0x6e,0x28,0x31,0x29,0x20,0x63,0x6f,0x6c,0x6f,0x72,0x30,0x5f,0x70,0x61,0x72,
    0x61,0x6d,0x20,0x3a,0x20,0x76,0x65,0x63,0x34,0x66,0x29,0x20,0x2d,0x3e,0x20,0x6d,
    0x61,0x69,0x6e,0x5f,0x6f,0x75,0x74,0x20,0x7b,0x0a,0x20,0x20,0x70,0x6f,0x73,0x69,
    0x74,0x69,0x6f,0x6e,0x5f,0x31,0x20,0x3d,0x20,0x70,0x6f,0x73,0x69,0x74,0x69,0x6f,
    0x6e,0x5f,0x31,0x5f,0x70,0x61,0x72,0x61,0x6d,0x3b,0x0a,0x20,0x20,0x63,0x6f,0x6c,
    0x6f,0x72,0x30,0x20,0x3d,0x20,0x63,0x6f,0x6c,0x6f,0x72,0x30,0x5f,0x70,0x61,0x72,
    0x61,0x6d,0x3b,0x0a,0x20,0x20,0x6d,0x61,0x69,0x6e,0x5f,0x31,0x28,0x29,0x3b,0x0a,
    0x20,0x20,0x72,0x65,0x74,0x75,0x72,0x6e,0x20,0x6d,0x61,0x69,0x6e,0x5f,0x6f,0x75,
    0x74,0x28,0x67,0x6c,0x5f,0x50,0x6f,0x73,0x69,0x74,0x69,0x6f,0x6e,0x2c,0x20,0x74,
    0x69,0x6e,0x74,0x29,0x3b,0x0a,0x7d,0x0a,0x00,
};
#endif
/*
    diagnostic(off, derivative_uniformity);

    var<private> frag_color : vec4f;

    var<private> tint : vec4f;

    fn main_1() {
      frag_color = tint;
      return;
    }

    struct main_out {
      @location(0)
      frag_color_1 : vec4f,
    }

    @fragment
    fn main(@location(0) tint_param : vec4f) -> main_out {
      tint = tint_param;
      main_1();
      return main_out(frag_color);
    }
*/
#if defined(SOKOL_WGPU)
static const uint8_t cna_colored3d_fs_source_wgsl[343] = {
    0x64,0x69,0x61,0x67,0x6e,0x6f,0x73,0x74,0x69,0x63,0x28,0x6f,0x66,0x66,0x2c,0x20,
    0x64,0x65,0x72,0x69,0x76,0x61,0x74,0x69,0x76,0x65,0x5f,0x75,0x6e,0x69,0x66,0x6f,
    0x72,0x6d,0x69,0x74,0x79,0x29,0x3b,0x0a,0x0a,0x76,0x61,0x72,0x3c,0x70,0x72,0x69,
    0x76,0x61,0x74,0x65,0x3e,0x20,0x66,0x72,0x61,0x67,0x5f,0x63,0x6f,0x6c,0x6f,0x72,
    0x20,0x3a,0x20,0x76,0x65,0x63,0x34,0x66,0x3b,0x0a,0x0a,0x76,0x61,0x72,0x3c,0x70,
    0x72,0x69,0x76,0x61,0x74,0x65,0x3e,0x20,0x74,0x69,0x6e,0x74,0x20,0x3a,0x20,0x76,
    0x65,0x63,0x34,0x66,0x3b,0x0a,0x0a,0x66,0x6e,0x20,0x6d,0x61,0x69,0x6e,0x5f,0x31,
    0x28,0x29,0x20,0x7b,0x0a,0x20,0x20,0x66,0x72,0x61,0x67,0x5f,0x63,0x6f,0x6c,0x6f,
    0x72,0x20,0x3d,0x20,0x74,0x69,0x6e,0x74,0x3b,0x0a,0x20,0x20,0x72,0x65,0x74,0x75,
    0x72,0x6e,0x3b,0x0a,0x7d,0x0a,0x0a,0x73,0x74,0x72,0x75,0x63,0x74,0x20,0x6d,0x61,
    0x69,0x6e,0x5f,0x6f,0x75,0x74,0x20,0x7b,0x0a,0x20,0x20,0x40,0x6c,0x6f,0x63,0x61,
    0x74,0x69,0x6f,0x6e,0x28,0x30,0x29,0x0a,0x20,0x20,0x66,0x72,0x61,0x67,0x5f,0x63,
    0x6f,0x6c,0x6f,0x72,0x5f,0x31,0x20,0x3a,0x20,0x76,0x65,0x63,0x34,0x66,0x2c,0x0a,
    0x7d,0x0a,0x0a,0x40,0x66,0x72,0x61,0x67,0x6d,0x65,0x6e,0x74,0x0a,0x66,0x6e,0x20,
    0x6d,0x61,0x69,0x6e,0x28,0x40,0x6c,0x6f,0x63,0x61,0x74,0x69,0x6f,0x6e,0x28,0x30,
    0x29,0x20,0x74,0x69,0x6e,0x74,0x5f,0x70,0x61,0x72,0x61,0x6d,0x20,0x3a,0x20,0x76,
    0x65,0x63,0x34,0x66,0x29,0x20,0x2d,0x3e,0x20,0x6d,0x61,0x69,0x6e,0x5f,0x6f,0x75,
    0x74,0x20,0x7b,0x0a,0x20,0x20,0x74,0x69,0x6e,0x74,0x20,0x3d,0x20,0x74,0x69,0x6e,
    0x74,0x5f,0x70,0x61,0x72,0x61,0x6d,0x3b,0x0a,0x20,0x20,0x6d,0x61,0x69,0x6e,0x5f,
    0x31,0x28,0x29,0x3b,0x0a,0x20,0x20,0x72,0x65,0x74,0x75,0x72,0x6e,0x20,0x6d,0x61,
    0x69,0x6e,0x5f,0x6f,0x75,0x74,0x28,0x66,0x72,0x61,0x67,0x5f,0x63,0x6f,0x6c,0x6f,
    0x72,0x29,0x3b,0x0a,0x7d,0x0a,0x00,
};
#endif
const sg_shader_desc* cna_colored3d_shader_desc(sg_backend renderer) {
    #if defined(SOKOL_GLCORE)
    if (renderer == SG_BACKEND_GLCORE) {
        static sg_shader_desc desc;
        static bool valid;
        if (!valid) {
            valid = true;
            desc.vertex_func.source = (const char*)cna_colored3d_vs_source_glsl410;
            desc.vertex_func.entry = "main";
            desc.fragment_func.source = (const char*)cna_colored3d_fs_source_glsl410;
            desc.fragment_func.entry = "main";
            desc.attrs[0].base_type = SG_SHADERATTRBASETYPE_FLOAT;
            desc.attrs[0].glsl_name = "position";
            desc.attrs[1].base_type = SG_SHADERATTRBASETYPE_FLOAT;
            desc.attrs[1].glsl_name = "color0";
            desc.uniform_blocks[0].stage = SG_SHADERSTAGE_VERTEX;
            desc.uniform_blocks[0].layout = SG_UNIFORMLAYOUT_STD140;
            desc.uniform_blocks[0].size = 96;
            desc.uniform_blocks[0].glsl_uniforms[0].type = SG_UNIFORMTYPE_FLOAT4;
            desc.uniform_blocks[0].glsl_uniforms[0].array_count = 6;
            desc.uniform_blocks[0].glsl_uniforms[0].glsl_name = "colored3d_vs_params";
            desc.label = "cna_colored3d_shader";
        }
        return &desc;
    }
    #endif /* SOKOL_GLCORE */
    #if defined(SOKOL_GLES3)
    if (renderer == SG_BACKEND_GLES3) {
        static sg_shader_desc desc;
        static bool valid;
        if (!valid) {
            valid = true;
            desc.vertex_func.source = (const char*)cna_colored3d_vs_source_glsl300es;
            desc.vertex_func.entry = "main";
            desc.fragment_func.source = (const char*)cna_colored3d_fs_source_glsl300es;
            desc.fragment_func.entry = "main";
            desc.attrs[0].base_type = SG_SHADERATTRBASETYPE_FLOAT;
            desc.attrs[0].glsl_name = "position";
            desc.attrs[1].base_type = SG_SHADERATTRBASETYPE_FLOAT;
            desc.attrs[1].glsl_name = "color0";
            desc.uniform_blocks[0].stage = SG_SHADERSTAGE_VERTEX;
            desc.uniform_blocks[0].layout = SG_UNIFORMLAYOUT_STD140;
            desc.uniform_blocks[0].size = 96;
            desc.uniform_blocks[0].glsl_uniforms[0].type = SG_UNIFORMTYPE_FLOAT4;
            desc.uniform_blocks[0].glsl_uniforms[0].array_count = 6;
            desc.uniform_blocks[0].glsl_uniforms[0].glsl_name = "colored3d_vs_params";
            desc.label = "cna_colored3d_shader";
        }
        return &desc;
    }
    #endif /* SOKOL_GLES3 */
    #if defined(SOKOL_D3D11)
    if (renderer == SG_BACKEND_D3D11) {
        static sg_shader_desc desc;
        static bool valid;
        if (!valid) {
            valid = true;
            desc.vertex_func.source = (const char*)cna_colored3d_vs_source_hlsl5;
            desc.vertex_func.d3d11_target = "vs_5_0";
            desc.vertex_func.entry = "main";
            desc.fragment_func.source = (const char*)cna_colored3d_fs_source_hlsl5;
            desc.fragment_func.d3d11_target = "ps_5_0";
            desc.fragment_func.entry = "main";
            desc.attrs[0].base_type = SG_SHADERATTRBASETYPE_FLOAT;
            desc.attrs[0].hlsl_sem_name = "TEXCOORD";
            desc.attrs[0].hlsl_sem_index = 0;
            desc.attrs[1].base_type = SG_SHADERATTRBASETYPE_FLOAT;
            desc.attrs[1].hlsl_sem_name = "TEXCOORD";
            desc.attrs[1].hlsl_sem_index = 1;
            desc.uniform_blocks[0].stage = SG_SHADERSTAGE_VERTEX;
            desc.uniform_blocks[0].layout = SG_UNIFORMLAYOUT_STD140;
            desc.uniform_blocks[0].size = 96;
            desc.uniform_blocks[0].hlsl_register_b_n = 0;
            desc.label = "cna_colored3d_shader";
        }
        return &desc;
    }
    #endif /* SOKOL_D3D11 */
    #if defined(SOKOL_METAL)
    if (renderer == SG_BACKEND_METAL_MACOS) {
        static sg_shader_desc desc;
        static bool valid;
        if (!valid) {
            valid = true;
            desc.vertex_func.source = (const char*)cna_colored3d_vs_source_metal_macos;
            desc.vertex_func.entry = "main0";
            desc.fragment_func.source = (const char*)cna_colored3d_fs_source_metal_macos;
            desc.fragment_func.entry = "main0";
            desc.attrs[0].base_type = SG_SHADERATTRBASETYPE_FLOAT;
            desc.attrs[1].base_type = SG_SHADERATTRBASETYPE_FLOAT;
            desc.uniform_blocks[0].stage = SG_SHADERSTAGE_VERTEX;
            desc.uniform_blocks[0].layout = SG_UNIFORMLAYOUT_STD140;
            desc.uniform_blocks[0].size = 96;
            desc.uniform_blocks[0].msl_buffer_n = 0;
            desc.label = "cna_colored3d_shader";
        }
        return &desc;
    }
    #endif /* SOKOL_METAL */
    #if defined(SOKOL_WGPU)
    if (renderer == SG_BACKEND_WGPU) {
        static sg_shader_desc desc;
        static bool valid;
        if (!valid) {
            valid = true;
            desc.vertex_func.source = (const char*)cna_colored3d_vs_source_wgsl;
            desc.vertex_func.entry = "main";
            desc.fragment_func.source = (const char*)cna_colored3d_fs_source_wgsl;
            desc.fragment_func.entry = "main";
            desc.attrs[0].base_type = SG_SHADERATTRBASETYPE_FLOAT;
            desc.attrs[1].base_type = SG_SHADERATTRBASETYPE_FLOAT;
            desc.uniform_blocks[0].stage = SG_SHADERSTAGE_VERTEX;
            desc.uniform_blocks[0].layout = SG_UNIFORMLAYOUT_STD140;
            desc.uniform_blocks[0].size = 96;
            desc.uniform_blocks[0].wgsl_group0_binding_n = 0;
            desc.label = "cna_colored3d_shader";
        }
        return &desc;
    }
    #endif /* SOKOL_WGPU */
    return 0;
}
#endif // SOKOL_SHDC_IMPL
/*
    #version:1# (machine generated, don't edit!)

    Generated by sokol-shdc (https://github.com/floooh/sokol-tools)

    Overview:
    =========
    Shader program: 'textured3d':
        Get shader desc: cna_textured3d_shader_desc(sg_query_backend());
        Vertex Shader: textured3d_vs
        Fragment Shader: textured3d_fs
        Attributes:
            ATTR_cna_textured3d_position => 0
            ATTR_cna_textured3d_texcoord0 => 1
            ATTR_cna_textured3d_color0 => 2
    Bindings:
        Uniform block 'textured3d_vs_params':
            C struct: cna_textured3d_vs_params_t
            Bind slot: UB_cna_textured3d_vs_params => 0
        Uniform block 'textured3d_fs_params':
            C struct: cna_textured3d_fs_params_t
            Bind slot: UB_cna_textured3d_fs_params => 1
        Texture 'tex':
            Image type: SG_IMAGETYPE_2D
            Sample type: SG_IMAGESAMPLETYPE_FLOAT
            Multisampled: false
            Bind slot: VIEW_cna_tex => 0
        Sampler 'smp':
            Type: SG_SAMPLERTYPE_FILTERING
            Bind slot: SMP_cna_smp => 0
*/
#if !defined(SOKOL_GFX_INCLUDED)
#error "Please include sokol_gfx.h before textured3d.h"
#endif
#if !defined(SOKOL_SHDC_ALIGN)
#if defined(_MSC_VER)
#define SOKOL_SHDC_ALIGN(a) __declspec(align(a))
#else
#define SOKOL_SHDC_ALIGN(a) __attribute__((aligned(a)))
#endif
#endif
const sg_shader_desc* cna_textured3d_shader_desc(sg_backend renderer);
#define ATTR_cna_textured3d_position (0)
#define ATTR_cna_textured3d_texcoord0 (1)
#define ATTR_cna_textured3d_color0 (2)
#define UB_cna_textured3d_vs_params (0)
#define UB_cna_textured3d_fs_params (1)
#define VIEW_cna_tex (0)
#define SMP_cna_smp (0)
#pragma pack(push,1)
SOKOL_SHDC_ALIGN(16) typedef struct cna_textured3d_vs_params_t {
    float mvp[16];
    float diffuse[4];
    float flags[4];
    float alphaTest[4];
    float fogVector[4];
} cna_textured3d_vs_params_t;
#pragma pack(pop)
#pragma pack(push,1)
SOKOL_SHDC_ALIGN(16) typedef struct cna_textured3d_fs_params_t {
    float fogColor[4];
    float rtFlipV[4];
} cna_textured3d_fs_params_t;
#pragma pack(pop)
#if defined(SOKOL_SHDC_IMPL)
/*
    #version 410

    uniform vec4 textured3d_vs_params[8];
    layout(location = 0) in vec3 position;
    layout(location = 0) out vec2 uv;
    layout(location = 1) in vec2 texcoord0;
    layout(location = 1) out vec4 tint;
    layout(location = 2) in vec4 color0;
    layout(location = 2) out vec4 alphaTestOut;
    layout(location = 3) out float fogFactor;

    void main()
    {
        vec4 _31 = vec4(position, 1.0);
        gl_Position = mat4(textured3d_vs_params[0], textured3d_vs_params[1], textured3d_vs_params[2], textured3d_vs_params[3]) * _31;
        uv = texcoord0;
        tint = mix(vec4(1.0), color0, vec4(textured3d_vs_params[5].x)) * textured3d_vs_params[4];
        alphaTestOut = textured3d_vs_params[6];
        fogFactor = 1.0 - clamp(dot(_31, textured3d_vs_params[7]), 0.0, 1.0);
    }

*/
#if defined(SOKOL_GLCORE)
static const uint8_t cna_textured3d_vs_source_glsl410[741] = {
    0x23,0x76,0x65,0x72,0x73,0x69,0x6f,0x6e,0x20,0x34,0x31,0x30,0x0a,0x0a,0x75,0x6e,
    0x69,0x66,0x6f,0x72,0x6d,0x20,0x76,0x65,0x63,0x34,0x20,0x74,0x65,0x78,0x74,0x75,
    0x72,0x65,0x64,0x33,0x64,0x5f,0x76,0x73,0x5f,0x70,0x61,0x72,0x61,0x6d,0x73,0x5b,
    0x38,0x5d,0x3b,0x0a,0x6c,0x61,0x79,0x6f,0x75,0x74,0x28,0x6c,0x6f,0x63,0x61,0x74,
    0x69,0x6f,0x6e,0x20,0x3d,0x20,0x30,0x29,0x20,0x69,0x6e,0x20,0x76,0x65,0x63,0x33,
    0x20,0x70,0x6f,0x73,0x69,0x74,0x69,0x6f,0x6e,0x3b,0x0a,0x6c,0x61,0x79,0x6f,0x75,
    0x74,0x28,0x6c,0x6f,0x63,0x61,0x74,0x69,0x6f,0x6e,0x20,0x3d,0x20,0x30,0x29,0x20,
    0x6f,0x75,0x74,0x20,0x76,0x65,0x63,0x32,0x20,0x75,0x76,0x3b,0x0a,0x6c,0x61,0x79,
    0x6f,0x75,0x74,0x28,0x6c,0x6f,0x63,0x61,0x74,0x69,0x6f,0x6e,0x20,0x3d,0x20,0x31,
    0x29,0x20,0x69,0x6e,0x20,0x76,0x65,0x63,0x32,0x20,0x74,0x65,0x78,0x63,0x6f,0x6f,
    0x72,0x64,0x30,0x3b,0x0a,0x6c,0x61,0x79,0x6f,0x75,0x74,0x28,0x6c,0x6f,0x63,0x61,
    0x74,0x69,0x6f,0x6e,0x20,0x3d,0x20,0x31,0x29,0x20,0x6f,0x75,0x74,0x20,0x76,0x65,
    0x63,0x34,0x20,0x74,0x69,0x6e,0x74,0x3b,0x0a,0x6c,0x61,0x79,0x6f,0x75,0x74,0x28,
    0x6c,0x6f,0x63,0x61,0x74,0x69,0x6f,0x6e,0x20,0x3d,0x20,0x32,0x29,0x20,0x69,0x6e,
    0x20,0x76,0x65,0x63,0x34,0x20,0x63,0x6f,0x6c,0x6f,0x72,0x30,0x3b,0x0a,0x6c,0x61,
    0x79,0x6f,0x75,0x74,0x28,0x6c,0x6f,0x63,0x61,0x74,0x69,0x6f,0x6e,0x20,0x3d,0x20,
    0x32,0x29,0x20,0x6f,0x75,0x74,0x20,0x76,0x65,0x63,0x34,0x20,0x61,0x6c,0x70,0x68,
    0x61,0x54,0x65,0x73,0x74,0x4f,0x75,0x74,0x3b,0x0a,0x6c,0x61,0x79,0x6f,0x75,0x74,
    0x28,0x6c,0x6f,0x63,0x61,0x74,0x69,0x6f,0x6e,0x20,0x3d,0x20,0x33,0x29,0x20,0x6f,
    0x75,0x74,0x20,0x66,0x6c,0x6f,0x61,0x74,0x20,0x66,0x6f,0x67,0x46,0x61,0x63,0x74,
    0x6f,0x72,0x3b,0x0a,0x0a,0x76,0x6f,0x69,0x64,0x20,0x6d,0x61,0x69,0x6e,0x28,0x29,
    0x0a,0x7b,0x0a,0x20,0x20,0x20,0x20,0x76,0x65,0x63,0x34,0x20,0x5f,0x33,0x31,0x20,
    0x3d,0x20,0x76,0x65,0x63,0x34,0x28,0x70,0x6f,0x73,0x69,0x74,0x69,0x6f,0x6e,0x2c,
    0x20,0x31,0x2e,0x30,0x29,0x3b,0x0a,0x20,0x20,0x20,0x20,0x67,0x6c,0x5f,0x50,0x6f,
    0x73,0x69,0x74,0x69,0x6f,0x6e,0x20,0x3d,0x20,0x6d,0x61,0x74,0x34,0x28,0x74,0x65,
    0x78,0x74,0x75,0x72,0x65,0x64,0x33,0x64,0x5f,0x76,0x73,0x5f,0x70,0x61,0x72,0x61,
    0x6d,0x73,0x5b,0x30,0x5d,0x2c,0x20,0x74,0x65,0x78,0x74,0x75,0x72,0x65,0x64,0x33,
    0x64,0x5f,0x76,0x73,0x5f,0x70,0x61,0x72,0x61,0x6d,0x73,0x5b,0x31,0x5d,0x2c,0x20,
    0x74,0x65,0x78,0x74,0x75,0x72,0x65,0x64,0x33,0x64,0x5f,0x76,0x73,0x5f,0x70,0x61,
    0x72,0x61,0x6d,0x73,0x5b,0x32,0x5d,0x2c,0x20,0x74,0x65,0x78,0x74,0x75,0x72,0x65,
    0x64,0x33,0x64,0x5f,0x76,0x73,0x5f,0x70,0x61,0x72,0x61,0x6d,0x73,0x5b,0x33,0x5d,
    0x29,0x20,0x2a,0x20,0x5f,0x33,0x31,0x3b,0x0a,0x20,0x20,0x20,0x20,0x75,0x76,0x20,
    0x3d,0x20,0x74,0x65,0x78,0x63,0x6f,0x6f,0x72,0x64,0x30,0x3b,0x0a,0x20,0x20,0x20,
    0x20,0x74,0x69,0x6e,0x74,0x20,0x3d,0x20,0x6d,0x69,0x78,0x28,0x76,0x65,0x63,0x34,
    0x28,0x31,0x2e,0x30,0x29,0x2c,0x20,0x63,0x6f,0x6c,0x6f,0x72,0x30,0x2c,0x20,0x76,
    0x65,0x63,0x34,0x28,0x74,0x65,0x78,0x74,0x75,0x72,0x65,0x64,0x33,0x64,0x5f,0x76,
    0x73,0x5f,0x70,0x61,0x72,0x61,0x6d,0x73,0x5b,0x35,0x5d,0x2e,0x78,0x29,0x29,0x20,
    0x2a,0x20,0x74,0x65,0x78,0x74,0x75,0x72,0x65,0x64,0x33,0x64,0x5f,0x76,0x73,0x5f,
    0x70,0x61,0x72,0x61,0x6d,0x73,0x5b,0x34,0x5d,0x3b,0x0a,0x20,0x20,0x20,0x20,0x61,
    0x6c,0x70,0x68,0x61,0x54,0x65,0x73,0x74,0x4f,0x75,0x74,0x20,0x3d,0x20,0x74,0x65,
    0x78,0x74,0x75,0x72,0x65,0x64,0x33,0x64,0x5f,0x76,0x73,0x5f,0x70,0x61,0x72,0x61,
    0x6d,0x73,0x5b,0x36,0x5d,0x3b,0x0a,0x20,0x20,0x20,0x20,0x66,0x6f,0x67,0x46,0x61,
    0x63,0x74,0x6f,0x72,0x20,0x3d,0x20,0x31,0x2e,0x30,0x20,0x2d,0x20,0x63,0x6c,0x61,
    0x6d,0x70,0x28,0x64,0x6f,0x74,0x28,0x5f,0x33,0x31,0x2c,0x20,0x74,0x65,0x78,0x74,
    0x75,0x72,0x65,0x64,0x33,0x64,0x5f,0x76,0x73,0x5f,0x70,0x61,0x72,0x61,0x6d,0x73,
    0x5b,0x37,0x5d,0x29,0x2c,0x20,0x30,0x2e,0x30,0x2c,0x20,0x31,0x2e,0x30,0x29,0x3b,
    0x0a,0x7d,0x0a,0x0a,0x00,
};
#endif
/*
    #version 410

    uniform vec4 textured3d_fs_params[2];
    uniform sampler2D tex_smp;

    layout(location = 0) in vec2 uv;
    layout(location = 1) in vec4 tint;
    layout(location = 2) in vec4 alphaTestOut;
    layout(location = 3) in float fogFactor;
    layout(location = 0) out vec4 frag_color;

    void main()
    {
        vec4 c = texture(tex_smp, vec2(uv.x, mix(uv.y, 1.0 - uv.y, textured3d_fs_params[1].x))) * tint;
        float _61;
        if (alphaTestOut.y > 0.0)
        {
            float _74;
            if (abs(c.w - alphaTestOut.x) < alphaTestOut.y)
            {
                _74 = alphaTestOut.z;
            }
            else
            {
                _74 = alphaTestOut.w;
            }
            _61 = _74;
        }
        else
        {
            float _90;
            if (c.w < alphaTestOut.x)
            {
                _90 = alphaTestOut.z;
            }
            else
            {
                _90 = alphaTestOut.w;
            }
            _61 = _90;
        }
        if (_61 < 0.0)
        {
            discard;
        }
        vec4 _111 = c;
        vec3 _116 = mix(textured3d_fs_params[0].xyz, _111.xyz, vec3(fogFactor));
        vec4 _129 = _111;
        _129.x = _116.x;
        _129.y = _116.y;
        _129.z = _116.z;
        c = _129;
        frag_color = _129;
    }

*/
#if defined(SOKOL_GLCORE)
static const uint8_t cna_textured3d_fs_source_glsl410[1145] = {
    0x23,0x76,0x65,0x72,0x73,0x69,0x6f,0x6e,0x20,0x34,0x31,0x30,0x0a,0x0a,0x75,0x6e,
    0x69,0x66,0x6f,0x72,0x6d,0x20,0x76,0x65,0x63,0x34,0x20,0x74,0x65,0x78,0x74,0x75,
    0x72,0x65,0x64,0x33,0x64,0x5f,0x66,0x73,0x5f,0x70,0x61,0x72,0x61,0x6d,0x73,0x5b,
    0x32,0x5d,0x3b,0x0a,0x75,0x6e,0x69,0x66,0x6f,0x72,0x6d,0x20,0x73,0x61,0x6d,0x70,
    0x6c,0x65,0x72,0x32,0x44,0x20,0x74,0x65,0x78,0x5f,0x73,0x6d,0x70,0x3b,0x0a,0x0a,
    0x6c,0x61,0x79,0x6f,0x75,0x74,0x28,0x6c,0x6f,0x63,0x61,0x74,0x69,0x6f,0x6e,0x20,
    0x3d,0x20,0x30,0x29,0x20,0x69,0x6e,0x20,0x76,0x65,0x63,0x32,0x20,0x75,0x76,0x3b,
    0x0a,0x6c,0x61,0x79,0x6f,0x75,0x74,0x28,0x6c,0x6f,0x63,0x61,0x74,0x69,0x6f,0x6e,
    0x20,0x3d,0x20,0x31,0x29,0x20,0x69,0x6e,0x20,0x76,0x65,0x63,0x34,0x20,0x74,0x69,
    0x6e,0x74,0x3b,0x0a,0x6c,0x61,0x79,0x6f,0x75,0x74,0x28,0x6c,0x6f,0x63,0x61,0x74,
    0x69,0x6f,0x6e,0x20,0x3d,0x20,0x32,0x29,0x20,0x69,0x6e,0x20,0x76,0x65,0x63,0x34,
    0x20,0x61,0x6c,0x70,0x68,0x61,0x54,0x65,0x73,0x74,0x4f,0x75,0x74,0x3b,0x0a,0x6c,
    0x61,0x79,0x6f,0x75,0x74,0x28,0x6c,0x6f,0x63,0x61,0x74,0x69,0x6f,0x6e,0x20,0x3d,
    0x20,0x33,0x29,0x20,0x69,0x6e,0x20,0x66,0x6c,0x6f,0x61,0x74,0x20,0x66,0x6f,0x67,
    0x46,0x61,0x63,0x74,0x6f,0x72,0x3b,0x0a,0x6c,0x61,0x79,0x6f,0x75,0x74,0x28,0x6c,
    0x6f,0x63,0x61,0x74,0x69,0x6f,0x6e,0x20,0x3d,0x20,0x30,0x29,0x20,0x6f,0x75,0x74,
    0x20,0x76,0x65,0x63,0x34,0x20,0x66,0x72,0x61,0x67,0x5f,0x63,0x6f,0x6c,0x6f,0x72,
    0x3b,0x0a,0x0a,0x76,0x6f,0x69,0x64,0x20,0x6d,0x61,0x69,0x6e,0x28,0x29,0x0a,0x7b,
    0x0a,0x20,0x20,0x20,0x20,0x76,0x65,0x63,0x34,0x20,0x63,0x20,0x3d,0x20,0x74,0x65,
    0x78,0x74,0x75,0x72,0x65,0x28,0x74,0x65,0x78,0x5f,0x73,0x6d,0x70,0x2c,0x20,0x76,
    0x65,0x63,0x32,0x28,0x75,0x76,0x2e,0x78,0x2c,0x20,0x6d,0x69,0x78,0x28,0x75,0x76,
    0x2e,0x79,0x2c,0x20,0x31,0x2e,0x30,0x20,0x2d,0x20,0x75,0x76,0x2e,0x79,0x2c,0x20,
    0x74,0x65,0x78,0x74,0x75,0x72,0x65,0x64,0x33,0x64,0x5f,0x66,0x73,0x5f,0x70,0x61,
    0x72,0x61,0x6d,0x73,0x5b,0x31,0x5d,0x2e,0x78,0x29,0x29,0x29,0x20,0x2a,0x20,0x74,
    0x69,0x6e,0x74,0x3b,0x0a,0x20,0x20,0x20,0x20,0x66,0x6c,0x6f,0x61,0x74,0x20,0x5f,
    0x36,0x31,0x3b,0x0a,0x20,0x20,0x20,0x20,0x69,0x66,0x20,0x28,0x61,0x6c,0x70,0x68,
    0x61,0x54,0x65,0x73,0x74,0x4f,0x75,0x74,0x2e,0x79,0x20,0x3e,0x20,0x30,0x2e,0x30,
    0x29,0x0a,0x20,0x20,0x20,0x20,0x7b,0x0a,0x20,0x20,0x20,0x20,0x20,0x20,0x20,0x20,
    0x66,0x6c,0x6f,0x61,0x74,0x20,0x5f,0x37,0x34,0x3b,0x0a,0x20,0x20,0x20,0x20,0x20,
    0x20,0x20,0x20,0x69,0x66,0x20,0x28,0x61,0x62,0x73,0x28,0x63,0x2e,0x77,0x20,0x2d,
    0x20,0x61,0x6c,0x70,0x68,0x61,0x54,0x65,0x73,0x74,0x4f,0x75,0x74,0x2e,0x78,0x29,
    0x20,0x3c,0x20,0x61,0x6c,0x70,0x68,0x61,0x54,0x65,0x73,0x74,0x4f,0x75,0x74,0x2e,
    0x79,0x29,0x0a,0x20,0x20,0x20,0x20,0x20,0x20,0x20,0x20,0x7b,0x0a,0x20,0x20,0x20,
    0x20,0x20,0x20,0x20,0x20,0x20,0x20,0x20,0x20,0x5f,0x37,0x34,0x20,0x3d,0x20,0x61,
    0x6c,0x70,0x68,0x61,0x54,0x65,0x73,0x74,0x4f,0x75,0x74,0x2e,0x7a,0x3b,0x0a,0x20,
    0x20,0x20,0x20,0x20,0x20,0x20,0x20,0x7d,0x0a,0x20,0x20,0x20,0x20,0x20,0x20,0x20,
    0x20,0x65,0x6c,0x73,0x65,0x0a,0x20,0x20,0x20,0x20,0x20,0x20,0x20,0x20,0x7b,0x0a,
    0x20,0x20,0x20,0x20,0x20,0x20,0x20,0x20,0x20,0x20,0x20,0x20,0x5f,0x37,0x34,0x20,
    0x3d,0x20,0x61,0x6c,0x70,0x68,0x61,0x54,0x65,0x73,0x74,0x4f,0x75,0x74,0x2e,0x77,
    0x3b,0x0a,0x20,0x20,0x20,0x20,0x20,0x20,0x20,0x20,0x7d,0x0a,0x20,0x20,0x20,0x20,
    0x20,0x20,0x20,0x20,0x5f,0x36,0x31,0x20,0x3d,0x20,0x5f,0x37,0x34,0x3b,0x0a,0x20,
    0x20,0x20,0x20,0x7d,0x0a,0x20,0x20,0x20,0x20,0x65,0x6c,0x73,0x65,0x0a,0x20,0x20,
    0x20,0x20,0x7b,0x0a,0x20,0x20,0x20,0x20,0x20,0x20,0x20,0x20,0x66,0x6c,0x6f,0x61,
    0x74,0x20,0x5f,0x39,0x30,0x3b,0x0a,0x20,0x20,0x20,0x20,0x20,0x20,0x20,0x20,0x69,
    0x66,0x20,0x28,0x63,0x2e,0x77,0x20,0x3c,0x20,0x61,0x6c,0x70,0x68,0x61,0x54,0x65,
    0x73,0x74,0x4f,0x75,0x74,0x2e,0x78,0x29,0x0a,0x20,0x20,0x20,0x20,0x20,0x20,0x20,
    0x20,0x7b,0x0a,0x20,0x20,0x20,0x20,0x20,0x20,0x20,0x20,0x20,0x20,0x20,0x20,0x5f,
    0x39,0x30,0x20,0x3d,0x20,0x61,0x6c,0x70,0x68,0x61,0x54,0x65,0x73,0x74,0x4f,0x75,
    0x74,0x2e,0x7a,0x3b,0x0a,0x20,0x20,0x20,0x20,0x20,0x20,0x20,0x20,0x7d,0x0a,0x20,
    0x20,0x20,0x20,0x20,0x20,0x20,0x20,0x65,0x6c,0x73,0x65,0x0a,0x20,0x20,0x20,0x20,
    0x20,0x20,0x20,0x20,0x7b,0x0a,0x20,0x20,0x20,0x20,0x20,0x20,0x20,0x20,0x20,0x20,
    0x20,0x20,0x5f,0x39,0x30,0x20,0x3d,0x20,0x61,0x6c,0x70,0x68,0x61,0x54,0x65,0x73,
    0x74,0x4f,0x75,0x74,0x2e,0x77,0x3b,0x0a,0x20,0x20,0x20,0x20,0x20,0x20,0x20,0x20,
    0x7d,0x0a,0x20,0x20,0x20,0x20,0x20,0x20,0x20,0x20,0x5f,0x36,0x31,0x20,0x3d,0x20,
    0x5f,0x39,0x30,0x3b,0x0a,0x20,0x20,0x20,0x20,0x7d,0x0a,0x20,0x20,0x20,0x20,0x69,
    0x66,0x20,0x28,0x5f,0x36,0x31,0x20,0x3c,0x20,0x30,0x2e,0x30,0x29,0x0a,0x20,0x20,
    0x20,0x20,0x7b,0x0a,0x20,0x20,0x20,0x20,0x20,0x20,0x20,0x20,0x64,0x69,0x73,0x63,
    0x61,0x72,0x64,0x3b,0x0a,0x20,0x20,0x20,0x20,0x7d,0x0a,0x20,0x20,0x20,0x20,0x76,
    0x65,0x63,0x34,0x20,0x5f,0x31,0x31,0x31,0x20,0x3d,0x20,0x63,0x3b,0x0a,0x20,0x20,
    0x20,0x20,0x76,0x65,0x63,0x33,0x20,0x5f,0x31,0x31,0x36,0x20,0x3d,0x20,0x6d,0x69,
    0x78,0x28,0x74,0x65,0x78,0x74,0x75,0x72,0x65,0x64,0x33,0x64,0x5f,0x66,0x73,0x5f,
    0x70,0x61,0x72,0x61,0x6d,0x73,0x5b,0x30,0x5d,0x2e,0x78,0x79,0x7a,0x2c,0x20,0x5f,
    0x31,0x31,0x31,0x2e,0x78,0x79,0x7a,0x2c,0x20,0x76,0x65,0x63,0x33,0x28,0x66,0x6f,
    0x67,0x46,0x61,0x63,0x74,0x6f,0x72,0x29,0x29,0x3b,0x0a,0x20,0x20,0x20,0x20,0x76,
    0x65,0x63,0x34,0x20,0x5f,0x31,0x32,0x39,0x20,0x3d,0x20,0x5f,0x31,0x31,0x31,0x3b,
    0x0a,0x20,0x20,0x20,0x20,0x5f,0x31,0x32,0x39,0x2e,0x78,0x20,0x3d,0x20,0x5f,0x31,
    0x31,0x36,0x2e,0x78,0x3b,0x0a,0x20,0x20,0x20,0x20,0x5f,0x31,0x32,0x39,0x2e,0x79,
    0x20,0x3d,0x20,0x5f,0x31,0x31,0x36,0x2e,0x79,0x3b,0x0a,0x20,0x20,0x20,0x20,0x5f,
    0x31,0x32,0x39,0x2e,0x7a,0x20,0x3d,0x20,0x5f,0x31,0x31,0x36,0x2e,0x7a,0x3b,0x0a,
    0x20,0x20,0x20,0x20,0x63,0x20,0x3d,0x20,0x5f,0x31,0x32,0x39,0x3b,0x0a,0x20,0x20,
    0x20,0x20,0x66,0x72,0x61,0x67,0x5f,0x63,0x6f,0x6c,0x6f,0x72,0x20,0x3d,0x20,0x5f,
    0x31,0x32,0x39,0x3b,0x0a,0x7d,0x0a,0x0a,0x00,
};
#endif
/*
    #version 300 es

    uniform vec4 textured3d_vs_params[8];
    layout(location = 0) in vec3 position;
    out vec2 uv;
    layout(location = 1) in vec2 texcoord0;
    out vec4 tint;
    layout(location = 2) in vec4 color0;
    out vec4 alphaTestOut;
    out float fogFactor;

    void main()
    {
        vec4 _31 = vec4(position, 1.0);
        gl_Position = mat4(textured3d_vs_params[0], textured3d_vs_params[1], textured3d_vs_params[2], textured3d_vs_params[3]) * _31;
        uv = texcoord0;
        tint = mix(vec4(1.0), color0, vec4(textured3d_vs_params[5].x)) * textured3d_vs_params[4];
        alphaTestOut = textured3d_vs_params[6];
        fogFactor = 1.0 - clamp(dot(_31, textured3d_vs_params[7]), 0.0, 1.0);
    }

*/
#if defined(SOKOL_GLES3)
static const uint8_t cna_textured3d_vs_source_glsl300es[660] = {
    0x23,0x76,0x65,0x72,0x73,0x69,0x6f,0x6e,0x20,0x33,0x30,0x30,0x20,0x65,0x73,0x0a,
    0x0a,0x75,0x6e,0x69,0x66,0x6f,0x72,0x6d,0x20,0x76,0x65,0x63,0x34,0x20,0x74,0x65,
    0x78,0x74,0x75,0x72,0x65,0x64,0x33,0x64,0x5f,0x76,0x73,0x5f,0x70,0x61,0x72,0x61,
    0x6d,0x73,0x5b,0x38,0x5d,0x3b,0x0a,0x6c,0x61,0x79,0x6f,0x75,0x74,0x28,0x6c,0x6f,
    0x63,0x61,0x74,0x69,0x6f,0x6e,0x20,0x3d,0x20,0x30,0x29,0x20,0x69,0x6e,0x20,0x76,
    0x65,0x63,0x33,0x20,0x70,0x6f,0x73,0x69,0x74,0x69,0x6f,0x6e,0x3b,0x0a,0x6f,0x75,
    0x74,0x20,0x76,0x65,0x63,0x32,0x20,0x75,0x76,0x3b,0x0a,0x6c,0x61,0x79,0x6f,0x75,
    0x74,0x28,0x6c,0x6f,0x63,0x61,0x74,0x69,0x6f,0x6e,0x20,0x3d,0x20,0x31,0x29,0x20,
    0x69,0x6e,0x20,0x76,0x65,0x63,0x32,0x20,0x74,0x65,0x78,0x63,0x6f,0x6f,0x72,0x64,
    0x30,0x3b,0x0a,0x6f,0x75,0x74,0x20,0x76,0x65,0x63,0x34,0x20,0x74,0x69,0x6e,0x74,
    0x3b,0x0a,0x6c,0x61,0x79,0x6f,0x75,0x74,0x28,0x6c,0x6f,0x63,0x61,0x74,0x69,0x6f,
    0x6e,0x20,0x3d,0x20,0x32,0x29,0x20,0x69,0x6e,0x20,0x76,0x65,0x63,0x34,0x20,0x63,
    0x6f,0x6c,0x6f,0x72,0x30,0x3b,0x0a,0x6f,0x75,0x74,0x20,0x76,0x65,0x63,0x34,0x20,
    0x61,0x6c,0x70,0x68,0x61,0x54,0x65,0x73,0x74,0x4f,0x75,0x74,0x3b,0x0a,0x6f,0x75,
    0x74,0x20,0x66,0x6c,0x6f,0x61,0x74,0x20,0x66,0x6f,0x67,0x46,0x61,0x63,0x74,0x6f,
    0x72,0x3b,0x0a,0x0a,0x76,0x6f,0x69,0x64,0x20,0x6d,0x61,0x69,0x6e,0x28,0x29,0x0a,
    0x7b,0x0a,0x20,0x20,0x20,0x20,0x76,0x65,0x63,0x34,0x20,0x5f,0x33,0x31,0x20,0x3d,
    0x20,0x76,0x65,0x63,0x34,0x28,0x70,0x6f,0x73,0x69,0x74,0x69,0x6f,0x6e,0x2c,0x20,
    0x31,0x2e,0x30,0x29,0x3b,0x0a,0x20,0x20,0x20,0x20,0x67,0x6c,0x5f,0x50,0x6f,0x73,
    0x69,0x74,0x69,0x6f,0x6e,0x20,0x3d,0x20,0x6d,0x61,0x74,0x34,0x28,0x74,0x65,0x78,
    0x74,0x75,0x72,0x65,0x64,0x33,0x64,0x5f,0x76,0x73,0x5f,0x70,0x61,0x72,0x61,0x6d,
    0x73,0x5b,0x30,0x5d,0x2c,0x20,0x74,0x65,0x78,0x74,0x75,0x72,0x65,0x64,0x33,0x64,
    0x5f,0x76,0x73,0x5f,0x70,0x61,0x72,0x61,0x6d,0x73,0x5b,0x31,0x5d,0x2c,0x20,0x74,
    0x65,0x78,0x74,0x75,0x72,0x65,0x64,0x33,0x64,0x5f,0x76,0x73,0x5f,0x70,0x61,0x72,
    0x61,0x6d,0x73,0x5b,0x32,0x5d,0x2c,0x20,0x74,0x65,0x78,0x74,0x75,0x72,0x65,0x64,
    0x33,0x64,0x5f,0x76,0x73,0x5f,0x70,0x61,0x72,0x61,0x6d,0x73,0x5b,0x33,0x5d,0x29,
    0x20,0x2a,0x20,0x5f,0x33,0x31,0x3b,0x0a,0x20,0x20,0x20,0x20,0x75,0x76,0x20,0x3d,
    0x20,0x74,0x65,0x78,0x63,0x6f,0x6f,0x72,0x64,0x30,0x3b,0x0a,0x20,0x20,0x20,0x20,
    0x74,0x69,0x6e,0x74,0x20,0x3d,0x20,0x6d,0x69,0x78,0x28,0x76,0x65,0x63,0x34,0x28,
    0x31,0x2e,0x30,0x29,0x2c,0x20,0x63,0x6f,0x6c,0x6f,0x72,0x30,0x2c,0x20,0x76,0x65,
    0x63,0x34,0x28,0x74,0x65,0x78,0x74,0x75,0x72,0x65,0x64,0x33,0x64,0x5f,0x76,0x73,
    0x5f,0x70,0x61,0x72,0x61,0x6d,0x73,0x5b,0x35,0x5d,0x2e,0x78,0x29,0x29,0x20,0x2a,
    0x20,0x74,0x65,0x78,0x74,0x75,0x72,0x65,0x64,0x33,0x64,0x5f,0x76,0x73,0x5f,0x70,
    0x61,0x72,0x61,0x6d,0x73,0x5b,0x34,0x5d,0x3b,0x0a,0x20,0x20,0x20,0x20,0x61,0x6c,
    0x70,0x68,0x61,0x54,0x65,0x73,0x74,0x4f,0x75,0x74,0x20,0x3d,0x20,0x74,0x65,0x78,
    0x74,0x75,0x72,0x65,0x64,0x33,0x64,0x5f,0x76,0x73,0x5f,0x70,0x61,0x72,0x61,0x6d,
    0x73,0x5b,0x36,0x5d,0x3b,0x0a,0x20,0x20,0x20,0x20,0x66,0x6f,0x67,0x46,0x61,0x63,
    0x74,0x6f,0x72,0x20,0x3d,0x20,0x31,0x2e,0x30,0x20,0x2d,0x20,0x63,0x6c,0x61,0x6d,
    0x70,0x28,0x64,0x6f,0x74,0x28,0x5f,0x33,0x31,0x2c,0x20,0x74,0x65,0x78,0x74,0x75,
    0x72,0x65,0x64,0x33,0x64,0x5f,0x76,0x73,0x5f,0x70,0x61,0x72,0x61,0x6d,0x73,0x5b,
    0x37,0x5d,0x29,0x2c,0x20,0x30,0x2e,0x30,0x2c,0x20,0x31,0x2e,0x30,0x29,0x3b,0x0a,
    0x7d,0x0a,0x0a,0x00,
};
#endif
/*
    #version 300 es
    precision mediump float;
    precision highp int;

    uniform highp vec4 textured3d_fs_params[2];
    uniform highp sampler2D tex_smp;

    in highp vec2 uv;
    in highp vec4 tint;
    in highp vec4 alphaTestOut;
    in highp float fogFactor;
    layout(location = 0) out highp vec4 frag_color;

    void main()
    {
        highp vec4 c = texture(tex_smp, vec2(uv.x, mix(uv.y, 1.0 - uv.y, textured3d_fs_params[1].x))) * tint;
        highp float _61;
        if (alphaTestOut.y > 0.0)
        {
            highp float _74;
            if (abs(c.w - alphaTestOut.x) < alphaTestOut.y)
            {
                _74 = alphaTestOut.z;
            }
            else
            {
                _74 = alphaTestOut.w;
            }
            _61 = _74;
        }
        else
        {
            highp float _90;
            if (c.w < alphaTestOut.x)
            {
                _90 = alphaTestOut.z;
            }
            else
            {
                _90 = alphaTestOut.w;
            }
            _61 = _90;
        }
        if (_61 < 0.0)
        {
            discard;
        }
        highp vec4 _111 = c;
        highp vec3 _116 = mix(textured3d_fs_params[0].xyz, _111.xyz, vec3(fogFactor));
        highp vec4 _129 = _111;
        _129.x = _116.x;
        _129.y = _116.y;
        _129.z = _116.z;
        c = _129;
        frag_color = _129;
    }

*/
#if defined(SOKOL_GLES3)
static const uint8_t cna_textured3d_fs_source_glsl300es[1194] = {
    0x23,0x76,0x65,0x72,0x73,0x69,0x6f,0x6e,0x20,0x33,0x30,0x30,0x20,0x65,0x73,0x0a,
    0x70,0x72,0x65,0x63,0x69,0x73,0x69,0x6f,0x6e,0x20,0x6d,0x65,0x64,0x69,0x75,0x6d,
    0x70,0x20,0x66,0x6c,0x6f,0x61,0x74,0x3b,0x0a,0x70,0x72,0x65,0x63,0x69,0x73,0x69,
    0x6f,0x6e,0x20,0x68,0x69,0x67,0x68,0x70,0x20,0x69,0x6e,0x74,0x3b,0x0a,0x0a,0x75,
    0x6e,0x69,0x66,0x6f,0x72,0x6d,0x20,0x68,0x69,0x67,0x68,0x70,0x20,0x76,0x65,0x63,
    0x34,0x20,0x74,0x65,0x78,0x74,0x75,0x72,0x65,0x64,0x33,0x64,0x5f,0x66,0x73,0x5f,
    0x70,0x61,0x72,0x61,0x6d,0x73,0x5b,0x32,0x5d,0x3b,0x0a,0x75,0x6e,0x69,0x66,0x6f,
    0x72,0x6d,0x20,0x68,0x69,0x67,0x68,0x70,0x20,0x73,0x61,0x6d,0x70,0x6c,0x65,0x72,
    0x32,0x44,0x20,0x74,0x65,0x78,0x5f,0x73,0x6d,0x70,0x3b,0x0a,0x0a,0x69,0x6e,0x20,
    0x68,0x69,0x67,0x68,0x70,0x20,0x76,0x65,0x63,0x32,0x20,0x75,0x76,0x3b,0x0a,0x69,
    0x6e,0x20,0x68,0x69,0x67,0x68,0x70,0x20,0x76,0x65,0x63,0x34,0x20,0x74,0x69,0x6e,
    0x74,0x3b,0x0a,0x69,0x6e,0x20,0x68,0x69,0x67,0x68,0x70,0x20,0x76,0x65,0x63,0x34,
    0x20,0x61,0x6c,0x70,0x68,0x61,0x54,0x65,0x73,0x74,0x4f,0x75,0x74,0x3b,0x0a,0x69,
    0x6e,0x20,0x68,0x69,0x67,0x68,0x70,0x20,0x66,0x6c,0x6f,0x61,0x74,0x20,0x66,0x6f,
    0x67,0x46,0x61,0x63,0x74,0x6f,0x72,0x3b,0x0a,0x6c,0x61,0x79,0x6f,0x75,0x74,0x28,
    0x6c,0x6f,0x63,0x61,0x74,0x69,0x6f,0x6e,0x20,0x3d,0x20,0x30,0x29,0x20,0x6f,0x75,
    0x74,0x20,0x68,0x69,0x67,0x68,0x70,0x20,0x76,0x65,0x63,0x34,0x20,0x66,0x72,0x61,
    0x67,0x5f,0x63,0x6f,0x6c,0x6f,0x72,0x3b,0x0a,0x0a,0x76,0x6f,0x69,0x64,0x20,0x6d,
    0x61,0x69,0x6e,0x28,0x29,0x0a,0x7b,0x0a,0x20,0x20,0x20,0x20,0x68,0x69,0x67,0x68,
    0x70,0x20,0x76,0x65,0x63,0x34,0x20,0x63,0x20,0x3d,0x20,0x74,0x65,0x78,0x74,0x75,
    0x72,0x65,0x28,0x74,0x65,0x78,0x5f,0x73,0x6d,0x70,0x2c,0x20,0x76,0x65,0x63,0x32,
    0x28,0x75,0x76,0x2e,0x78,0x2c,0x20,0x6d,0x69,0x78,0x28,0x75,0x76,0x2e,0x79,0x2c,
    0x20,0x31,0x2e,0x30,0x20,0x2d,0x20,0x75,0x76,0x2e,0x79,0x2c,0x20,0x74,0x65,0x78,
    0x74,0x75,0x72,0x65,0x64,0x33,0x64,0x5f,0x66,0x73,0x5f,0x70,0x61,0x72,0x61,0x6d,
    0x73,0x5b,0x31,0x5d,0x2e,0x78,0x29,0x29,0x29,0x20,0x2a,0x20,0x74,0x69,0x6e,0x74,
    0x3b,0x0a,0x20,0x20,0x20,0x20,0x68,0x69,0x67,0x68,0x70,0x20,0x66,0x6c,0x6f,0x61,
    0x74,0x20,0x5f,0x36,0x31,0x3b,0x0a,0x20,0x20,0x20,0x20,0x69,0x66,0x20,0x28,0x61,
    0x6c,0x70,0x68,0x61,0x54,0x65,0x73,0x74,0x4f,0x75,0x74,0x2e,0x79,0x20,0x3e,0x20,
    0x30,0x2e,0x30,0x29,0x0a,0x20,0x20,0x20,0x20,0x7b,0x0a,0x20,0x20,0x20,0x20,0x20,
    0x20,0x20,0x20,0x68,0x69,0x67,0x68,0x70,0x20,0x66,0x6c,0x6f,0x61,0x74,0x20,0x5f,
    0x37,0x34,0x3b,0x0a,0x20,0x20,0x20,0x20,0x20,0x20,0x20,0x20,0x69,0x66,0x20,0x28,
    0x61,0x62,0x73,0x28,0x63,0x2e,0x77,0x20,0x2d,0x20,0x61,0x6c,0x70,0x68,0x61,0x54,
    0x65,0x73,0x74,0x4f,0x75,0x74,0x2e,0x78,0x29,0x20,0x3c,0x20,0x61,0x6c,0x70,0x68,
    0x61,0x54,0x65,0x73,0x74,0x4f,0x75,0x74,0x2e,0x79,0x29,0x0a,0x20,0x20,0x20,0x20,
    0x20,0x20,0x20,0x20,0x7b,0x0a,0x20,0x20,0x20,0x20,0x20,0x20,0x20,0x20,0x20,0x20,
    0x20,0x20,0x5f,0x37,0x34,0x20,0x3d,0x20,0x61,0x6c,0x70,0x68,0x61,0x54,0x65,0x73,
    0x74,0x4f,0x75,0x74,0x2e,0x7a,0x3b,0x0a,0x20,0x20,0x20,0x20,0x20,0x20,0x20,0x20,
    0x7d,0x0a,0x20,0x20,0x20,0x20,0x20,0x20,0x20,0x20,0x65,0x6c,0x73,0x65,0x0a,0x20,
    0x20,0x20,0x20,0x20,0x20,0x20,0x20,0x7b,0x0a,0x20,0x20,0x20,0x20,0x20,0x20,0x20,
    0x20,0x20,0x20,0x20,0x20,0x5f,0x37,0x34,0x20,0x3d,0x20,0x61,0x6c,0x70,0x68,0x61,
    0x54,0x65,0x73,0x74,0x4f,0x75,0x74,0x2e,0x77,0x3b,0x0a,0x20,0x20,0x20,0x20,0x20,
    0x20,0x20,0x20,0x7d,0x0a,0x20,0x20,0x20,0x20,0x20,0x20,0x20,0x20,0x5f,0x36,0x31,
    0x20,0x3d,0x20,0x5f,0x37,0x34,0x3b,0x0a,0x20,0x20,0x20,0x20,0x7d,0x0a,0x20,0x20,
    0x20,0x20,0x65,0x6c,0x73,0x65,0x0a,0x20,0x20,0x20,0x20,0x7b,0x0a,0x20,0x20,0x20,
    0x20,0x20,0x20,0x20,0x20,0x68,0x69,0x67,0x68,0x70,0x20,0x66,0x6c,0x6f,0x61,0x74,
    0x20,0x5f,0x39,0x30,0x3b,0x0a,0x20,0x20,0x20,0x20,0x20,0x20,0x20,0x20,0x69,0x66,
    0x20,0x28,0x63,0x2e,0x77,0x20,0x3c,0x20,0x61,0x6c,0x70,0x68,0x61,0x54,0x65,0x73,
    0x74,0x4f,0x75,0x74,0x2e,0x78,0x29,0x0a,0x20,0x20,0x20,0x20,0x20,0x20,0x20,0x20,
    0x7b,0x0a,0x20,0x20,0x20,0x20,0x20,0x20,0x20,0x20,0x20,0x20,0x20,0x20,0x5f,0x39,
    0x30,0x20,0x3d,0x20,0x61,0x6c,0x70,0x68,0x61,0x54,0x65,0x73,0x74,0x4f,0x75,0x74,
    0x2e,0x7a,0x3b,0x0a,0x20,0x20,0x20,0x20,0x20,0x20,0x20,0x20,0x7d,0x0a,0x20,0x20,
    0x20,0x20,0x20,0x20,0x20,0x20,0x65,0x6c,0x73,0x65,0x0a,0x20,0x20,0x20,0x20,0x20,
    0x20,0x20,0x20,0x7b,0x0a,0x20,0x20,0x20,0x20,0x20,0x20,0x20,0x20,0x20,0x20,0x20,
    0x20,0x5f,0x39,0x30,0x20,0x3d,0x20,0x61,0x6c,0x70,0x68,0x61,0x54,0x65,0x73,0x74,
    0x4f,0x75,0x74,0x2e,0x77,0x3b,0x0a,0x20,0x20,0x20,0x20,0x20,0x20,0x20,0x20,0x7d,
    0x0a,0x20,0x20,0x20,0x20,0x20,0x20,0x20,0x20,0x5f,0x36,0x31,0x20,0x3d,0x20,0x5f,
    0x39,0x30,0x3b,0x0a,0x20,0x20,0x20,0x20,0x7d,0x0a,0x20,0x20,0x20,0x20,0x69,0x66,
    0x20,0x28,0x5f,0x36,0x31,0x20,0x3c,0x20,0x30,0x2e,0x30,0x29,0x0a,0x20,0x20,0x20,
    0x20,0x7b,0x0a,0x20,0x20,0x20,0x20,0x20,0x20,0x20,0x20,0x64,0x69,0x73,0x63,0x61,
    0x72,0x64,0x3b,0x0a,0x20,0x20,0x20,0x20,0x7d,0x0a,0x20,0x20,0x20,0x20,0x68,0x69,
    0x67,0x68,0x70,0x20,0x76,0x65,0x63,0x34,0x20,0x5f,0x31,0x31,0x31,0x20,0x3d,0x20,
    0x63,0x3b,0x0a,0x20,0x20,0x20,0x20,0x68,0x69,0x67,0x68,0x70,0x20,0x76,0x65,0x63,
    0x33,0x20,0x5f,0x31,0x31,0x36,0x20,0x3d,0x20,0x6d,0x69,0x78,0x28,0x74,0x65,0x78,
    0x74,0x75,0x72,0x65,0x64,0x33,0x64,0x5f,0x66,0x73,0x5f,0x70,0x61,0x72,0x61,0x6d,
    0x73,0x5b,0x30,0x5d,0x2e,0x78,0x79,0x7a,0x2c,0x20,0x5f,0x31,0x31,0x31,0x2e,0x78,
    0x79,0x7a,0x2c,0x20,0x76,0x65,0x63,0x33,0x28,0x66,0x6f,0x67,0x46,0x61,0x63,0x74,
    0x6f,0x72,0x29,0x29,0x3b,0x0a,0x20,0x20,0x20,0x20,0x68,0x69,0x67,0x68,0x70,0x20,
    0x76,0x65,0x63,0x34,0x20,0x5f,0x31,0x32,0x39,0x20,0x3d,0x20,0x5f,0x31,0x31,0x31,
    0x3b,0x0a,0x20,0x20,0x20,0x20,0x5f,0x31,0x32,0x39,0x2e,0x78,0x20,0x3d,0x20,0x5f,
    0x31,0x31,0x36,0x2e,0x78,0x3b,0x0a,0x20,0x20,0x20,0x20,0x5f,0x31,0x32,0x39,0x2e,
    0x79,0x20,0x3d,0x20,0x5f,0x31,0x31,0x36,0x2e,0x79,0x3b,0x0a,0x20,0x20,0x20,0x20,
    0x5f,0x31,0x32,0x39,0x2e,0x7a,0x20,0x3d,0x20,0x5f,0x31,0x31,0x36,0x2e,0x7a,0x3b,
    0x0a,0x20,0x20,0x20,0x20,0x63,0x20,0x3d,0x20,0x5f,0x31,0x32,0x39,0x3b,0x0a,0x20,
    0x20,0x20,0x20,0x66,0x72,0x61,0x67,0x5f,0x63,0x6f,0x6c,0x6f,0x72,0x20,0x3d,0x20,
    0x5f,0x31,0x32,0x39,0x3b,0x0a,0x7d,0x0a,0x0a,0x00,
};
#endif
/*
    cbuffer textured3d_vs_params : register(b0)
    {
        row_major float4x4 _19_mvp : packoffset(c0);
        float4 _19_diffuse : packoffset(c4);
        float4 _19_flags : packoffset(c5);
        float4 _19_alphaTest : packoffset(c6);
        float4 _19_fogVector : packoffset(c7);
    };


    static float4 gl_Position;
    static float3 position;
    static float2 uv;
    static float2 texcoord0;
    static float4 tint;
    static float4 color0;
    static float4 alphaTestOut;
    static float fogFactor;

    struct SPIRV_Cross_Input
    {
        float3 position : TEXCOORD0;
        float2 texcoord0 : TEXCOORD1;
        float4 color0 : TEXCOORD2;
    };

    struct SPIRV_Cross_Output
    {
        float2 uv : TEXCOORD0;
        float4 tint : TEXCOORD1;
        float4 alphaTestOut : TEXCOORD2;
        float fogFactor : TEXCOORD3;
        float4 gl_Position : SV_Position;
    };

    void vert_main()
    {
        float4 _31 = float4(position, 1.0f);
        gl_Position = mul(_31, _19_mvp);
        uv = texcoord0;
        tint = lerp(1.0f.xxxx, color0, _19_flags.x.xxxx) * _19_diffuse;
        alphaTestOut = _19_alphaTest;
        fogFactor = 1.0f - clamp(dot(_31, _19_fogVector), 0.0f, 1.0f);
    }

    SPIRV_Cross_Output main(SPIRV_Cross_Input stage_input)
    {
        position = stage_input.position;
        texcoord0 = stage_input.texcoord0;
        color0 = stage_input.color0;
        vert_main();
        SPIRV_Cross_Output stage_output;
        stage_output.gl_Position = gl_Position;
        stage_output.uv = uv;
        stage_output.tint = tint;
        stage_output.alphaTestOut = alphaTestOut;
        stage_output.fogFactor = fogFactor;
        return stage_output;
    }
*/
#if defined(SOKOL_D3D11)
static const uint8_t cna_textured3d_vs_source_hlsl5[1503] = {
    0x63,0x62,0x75,0x66,0x66,0x65,0x72,0x20,0x74,0x65,0x78,0x74,0x75,0x72,0x65,0x64,
    0x33,0x64,0x5f,0x76,0x73,0x5f,0x70,0x61,0x72,0x61,0x6d,0x73,0x20,0x3a,0x20,0x72,
    0x65,0x67,0x69,0x73,0x74,0x65,0x72,0x28,0x62,0x30,0x29,0x0a,0x7b,0x0a,0x20,0x20,
    0x20,0x20,0x72,0x6f,0x77,0x5f,0x6d,0x61,0x6a,0x6f,0x72,0x20,0x66,0x6c,0x6f,0x61,
    0x74,0x34,0x78,0x34,0x20,0x5f,0x31,0x39,0x5f,0x6d,0x76,0x70,0x20,0x3a,0x20,0x70,
    0x61,0x63,0x6b,0x6f,0x66,0x66,0x73,0x65,0x74,0x28,0x63,0x30,0x29,0x3b,0x0a,0x20,
    0x20,0x20,0x20,0x66,0x6c,0x6f,0x61,0x74,0x34,0x20,0x5f,0x31,0x39,0x5f,0x64,0x69,
    0x66,0x66,0x75,0x73,0x65,0x20,0x3a,0x20,0x70,0x61,0x63,0x6b,0x6f,0x66,0x66,0x73,
    0x65,0x74,0x28,0x63,0x34,0x29,0x3b,0x0a,0x20,0x20,0x20,0x20,0x66,0x6c,0x6f,0x61,
    0x74,0x34,0x20,0x5f,0x31,0x39,0x5f,0x66,0x6c,0x61,0x67,0x73,0x20,0x3a,0x20,0x70,
    0x61,0x63,0x6b,0x6f,0x66,0x66,0x73,0x65,0x74,0x28,0x63,0x35,0x29,0x3b,0x0a,0x20,
    0x20,0x20,0x20,0x66,0x6c,0x6f,0x61,0x74,0x34,0x20,0x5f,0x31,0x39,0x5f,0x61,0x6c,
    0x70,0x68,0x61,0x54,0x65,0x73,0x74,0x20,0x3a,0x20,0x70,0x61,0x63,0x6b,0x6f,0x66,
    0x66,0x73,0x65,0x74,0x28,0x63,0x36,0x29,0x3b,0x0a,0x20,0x20,0x20,0x20,0x66,0x6c,
    0x6f,0x61,0x74,0x34,0x20,0x5f,0x31,0x39,0x5f,0x66,0x6f,0x67,0x56,0x65,0x63,0x74,
    0x6f,0x72,0x20,0x3a,0x20,0x70,0x61,0x63,0x6b,0x6f,0x66,0x66,0x73,0x65,0x74,0x28,
    0x63,0x37,0x29,0x3b,0x0a,0x7d,0x3b,0x0a,0x0a,0x0a,0x73,0x74,0x61,0x74,0x69,0x63,
    0x20,0x66,0x6c,0x6f,0x61,0x74,0x34,0x20,0x67,0x6c,0x5f,0x50,0x6f,0x73,0x69,0x74,
    0x69,0x6f,0x6e,0x3b,0x0a,0x73,0x74,0x61,0x74,0x69,0x63,0x20,0x66,0x6c,0x6f,0x61,
    0x74,0x33,0x20,0x70,0x6f,0x73,0x69,0x74,0x69,0x6f,0x6e,0x3b,0x0a,0x73,0x74,0x61,
    0x74,0x69,0x63,0x20,0x66,0x6c,0x6f,0x61,0x74,0x32,0x20,0x75,0x76,0x3b,0x0a,0x73,
    0x74,0x61,0x74,0x69,0x63,0x20,0x66,0x6c,0x6f,0x61,0x74,0x32,0x20,0x74,0x65,0x78,
    0x63,0x6f,0x6f,0x72,0x64,0x30,0x3b,0x0a,0x73,0x74,0x61,0x74,0x69,0x63,0x20,0x66,
    0x6c,0x6f,0x61,0x74,0x34,0x20,0x74,0x69,0x6e,0x74,0x3b,0x0a,0x73,0x74,0x61,0x74,
    0x69,0x63,0x20,0x66,0x6c,0x6f,0x61,0x74,0x34,0x20,0x63,0x6f,0x6c,0x6f,0x72,0x30,
    0x3b,0x0a,0x73,0x74,0x61,0x74,0x69,0x63,0x20,0x66,0x6c,0x6f,0x61,0x74,0x34,0x20,
    0x61,0x6c,0x70,0x68,0x61,0x54,0x65,0x73,0x74,0x4f,0x75,0x74,0x3b,0x0a,0x73,0x74,
    0x61,0x74,0x69,0x63,0x20,0x66,0x6c,0x6f,0x61,0x74,0x20,0x66,0x6f,0x67,0x46,0x61,
    0x63,0x74,0x6f,0x72,0x3b,0x0a,0x0a,0x73,0x74,0x72,0x75,0x63,0x74,0x20,0x53,0x50,
    0x49,0x52,0x56,0x5f,0x43,0x72,0x6f,0x73,0x73,0x5f,0x49,0x6e,0x70,0x75,0x74,0x0a,
    0x7b,0x0a,0x20,0x20,0x20,0x20,0x66,0x6c,0x6f,0x61,0x74,0x33,0x20,0x70,0x6f,0x73,
    0x69,0x74,0x69,0x6f,0x6e,0x20,0x3a,0x20,0x54,0x45,0x58,0x43,0x4f,0x4f,0x52,0x44,
    0x30,0x3b,0x0a,0x20,0x20,0x20,0x20,0x66,0x6c,0x6f,0x61,0x74,0x32,0x20,0x74,0x65,
    0x78,0x63,0x6f,0x6f,0x72,0x64,0x30,0x20,0x3a,0x20,0x54,0x45,0x58,0x43,0x4f,0x4f,
    0x52,0x44,0x31,0x3b,0x0a,0x20,0x20,0x20,0x20,0x66,0x6c,0x6f,0x61,0x74,0x34,0x20,
    0x63,0x6f,0x6c,0x6f,0x72,0x30,0x20,0x3a,0x20,0x54,0x45,0x58,0x43,0x4f,0x4f,0x52,
    0x44,0x32,0x3b,0x0a,0x7d,0x3b,0x0a,0x0a,0x73,0x74,0x72,0x75,0x63,0x74,0x20,0x53,
    0x50,0x49,0x52,0x56,0x5f,0x43,0x72,0x6f,0x73,0x73,0x5f,0x4f,0x75,0x74,0x70,0x75,
    0x74,0x0a,0x7b,0x0a,0x20,0x20,0x20,0x20,0x66,0x6c,0x6f,0x61,0x74,0x32,0x20,0x75,
    0x76,0x20,0x3a,0x20,0x54,0x45,0x58,0x43,0x4f,0x4f,0x52,0x44,0x30,0x3b,0x0a,0x20,
    0x20,0x20,0x20,0x66,0x6c,0x6f,0x61,0x74,0x34,0x20,0x74,0x69,0x6e,0x74,0x20,0x3a,
    0x20,0x54,0x45,0x58,0x43,0x4f,0x4f,0x52,0x44,0x31,0x3b,0x0a,0x20,0x20,0x20,0x20,
    0x66,0x6c,0x6f,0x61,0x74,0x34,0x20,0x61,0x6c,0x70,0x68,0x61,0x54,0x65,0x73,0x74,
    0x4f,0x75,0x74,0x20,0x3a,0x20,0x54,0x45,0x58,0x43,0x4f,0x4f,0x52,0x44,0x32,0x3b,
    0x0a,0x20,0x20,0x20,0x20,0x66,0x6c,0x6f,0x61,0x74,0x20,0x66,0x6f,0x67,0x46,0x61,
    0x63,0x74,0x6f,0x72,0x20,0x3a,0x20,0x54,0x45,0x58,0x43,0x4f,0x4f,0x52,0x44,0x33,
    0x3b,0x0a,0x20,0x20,0x20,0x20,0x66,0x6c,0x6f,0x61,0x74,0x34,0x20,0x67,0x6c,0x5f,
    0x50,0x6f,0x73,0x69,0x74,0x69,0x6f,0x6e,0x20,0x3a,0x20,0x53,0x56,0x5f,0x50,0x6f,
    0x73,0x69,0x74,0x69,0x6f,0x6e,0x3b,0x0a,0x7d,0x3b,0x0a,0x0a,0x76,0x6f,0x69,0x64,
    0x20,0x76,0x65,0x72,0x74,0x5f,0x6d,0x61,0x69,0x6e,0x28,0x29,0x0a,0x7b,0x0a,0x20,
    0x20,0x20,0x20,0x66,0x6c,0x6f,0x61,0x74,0x34,0x20,0x5f,0x33,0x31,0x20,0x3d,0x20,
    0x66,0x6c,0x6f,0x61,0x74,0x34,0x28,0x70,0x6f,0x73,0x69,0x74,0x69,0x6f,0x6e,0x2c,
    0x20,0x31,0x2e,0x30,0x66,0x29,0x3b,0x0a,0x20,0x20,0x20,0x20,0x67,0x6c,0x5f,0x50,
    0x6f,0x73,0x69,0x74,0x69,0x6f,0x6e,0x20,0x3d,0x20,0x6d,0x75,0x6c,0x28,0x5f,0x33,
    0x31,0x2c,0x20,0x5f,0x31,0x39,0x5f,0x6d,0x76,0x70,0x29,0x3b,0x0a,0x20,0x20,0x20,
    0x20,0x75,0x76,0x20,0x3d,0x20,0x74,0x65,0x78,0x63,0x6f,0x6f,0x72,0x64,0x30,0x3b,
    0x0a,0x20,0x20,0x20,0x20,0x74,0x69,0x6e,0x74,0x20,0x3d,0x20,0x6c,0x65,0x72,0x70,
    0x28,0x31,0x2e,0x30,0x66,0x2e,0x78,0x78,0x78,0x78,0x2c,0x20,0x63,0x6f,0x6c,0x6f,
    0x72,0x30,0x2c,0x20,0x5f,0x31,0x39,0x5f,0x66,0x6c,0x61,0x67,0x73,0x2e,0x78,0x2e,
    0x78,0x78,0x78,0x78,0x29,0x20,0x2a,0x20,0x5f,0x31,0x39,0x5f,0x64,0x69,0x66,0x66,
    0x75,0x73,0x65,0x3b,0x0a,0x20,0x20,0x20,0x20,0x61,0x6c,0x70,0x68,0x61,0x54,0x65,
    0x73,0x74,0x4f,0x75,0x74,0x20,0x3d,0x20,0x5f,0x31,0x39,0x5f,0x61,0x6c,0x70,0x68,
    0x61,0x54,0x65,0x73,0x74,0x3b,0x0a,0x20,0x20,0x20,0x20,0x66,0x6f,0x67,0x46,0x61,
    0x63,0x74,0x6f,0x72,0x20,0x3d,0x20,0x31,0x2e,0x30,0x66,0x20,0x2d,0x20,0x63,0x6c,
    0x61,0x6d,0x70,0x28,0x64,0x6f,0x74,0x28,0x5f,0x33,0x31,0x2c,0x20,0x5f,0x31,0x39,
    0x5f,0x66,0x6f,0x67,0x56,0x65,0x63,0x74,0x6f,0x72,0x29,0x2c,0x20,0x30,0x2e,0x30,
    0x66,0x2c,0x20,0x31,0x2e,0x30,0x66,0x29,0x3b,0x0a,0x7d,0x0a,0x0a,0x53,0x50,0x49,
    0x52,0x56,0x5f,0x43,0x72,0x6f,0x73,0x73,0x5f,0x4f,0x75,0x74,0x70,0x75,0x74,0x20,
    0x6d,0x61,0x69,0x6e,0x28,0x53,0x50,0x49,0x52,0x56,0x5f,0x43,0x72,0x6f,0x73,0x73,
    0x5f,0x49,0x6e,0x70,0x75,0x74,0x20,0x73,0x74,0x61,0x67,0x65,0x5f,0x69,0x6e,0x70,
    0x75,0x74,0x29,0x0a,0x7b,0x0a,0x20,0x20,0x20,0x20,0x70,0x6f,0x73,0x69,0x74,0x69,
    0x6f,0x6e,0x20,0x3d,0x20,0x73,0x74,0x61,0x67,0x65,0x5f,0x69,0x6e,0x70,0x75,0x74,
    0x2e,0x70,0x6f,0x73,0x69,0x74,0x69,0x6f,0x6e,0x3b,0x0a,0x20,0x20,0x20,0x20,0x74,
    0x65,0x78,0x63,0x6f,0x6f,0x72,0x64,0x30,0x20,0x3d,0x20,0x73,0x74,0x61,0x67,0x65,
    0x5f,0x69,0x6e,0x70,0x75,0x74,0x2e,0x74,0x65,0x78,0x63,0x6f,0x6f,0x72,0x64,0x30,
    0x3b,0x0a,0x20,0x20,0x20,0x20,0x63,0x6f,0x6c,0x6f,0x72,0x30,0x20,0x3d,0x20,0x73,
    0x74,0x61,0x67,0x65,0x5f,0x69,0x6e,0x70,0x75,0x74,0x2e,0x63,0x6f,0x6c,0x6f,0x72,
    0x30,0x3b,0x0a,0x20,0x20,0x20,0x20,0x76,0x65,0x72,0x74,0x5f,0x6d,0x61,0x69,0x6e,
    0x28,0x29,0x3b,0x0a,0x20,0x20,0x20,0x20,0x53,0x50,0x49,0x52,0x56,0x5f,0x43,0x72,
    0x6f,0x73,0x73,0x5f,0x4f,0x75,0x74,0x70,0x75,0x74,0x20,0x73,0x74,0x61,0x67,0x65,
    0x5f,0x6f,0x75,0x74,0x70,0x75,0x74,0x3b,0x0a,0x20,0x20,0x20,0x20,0x73,0x74,0x61,
    0x67,0x65,0x5f,0x6f,0x75,0x74,0x70,0x75,0x74,0x2e,0x67,0x6c,0x5f,0x50,0x6f,0x73,
    0x69,0x74,0x69,0x6f,0x6e,0x20,0x3d,0x20,0x67,0x6c,0x5f,0x50,0x6f,0x73,0x69,0x74,
    0x69,0x6f,0x6e,0x3b,0x0a,0x20,0x20,0x20,0x20,0x73,0x74,0x61,0x67,0x65,0x5f,0x6f,
    0x75,0x74,0x70,0x75,0x74,0x2e,0x75,0x76,0x20,0x3d,0x20,0x75,0x76,0x3b,0x0a,0x20,
    0x20,0x20,0x20,0x73,0x74,0x61,0x67,0x65,0x5f,0x6f,0x75,0x74,0x70,0x75,0x74,0x2e,
    0x74,0x69,0x6e,0x74,0x20,0x3d,0x20,0x74,0x69,0x6e,0x74,0x3b,0x0a,0x20,0x20,0x20,
    0x20,0x73,0x74,0x61,0x67,0x65,0x5f,0x6f,0x75,0x74,0x70,0x75,0x74,0x2e,0x61,0x6c,
    0x70,0x68,0x61,0x54,0x65,0x73,0x74,0x4f,0x75,0x74,0x20,0x3d,0x20,0x61,0x6c,0x70,
    0x68,0x61,0x54,0x65,0x73,0x74,0x4f,0x75,0x74,0x3b,0x0a,0x20,0x20,0x20,0x20,0x73,
    0x74,0x61,0x67,0x65,0x5f,0x6f,0x75,0x74,0x70,0x75,0x74,0x2e,0x66,0x6f,0x67,0x46,
    0x61,0x63,0x74,0x6f,0x72,0x20,0x3d,0x20,0x66,0x6f,0x67,0x46,0x61,0x63,0x74,0x6f,
    0x72,0x3b,0x0a,0x20,0x20,0x20,0x20,0x72,0x65,0x74,0x75,0x72,0x6e,0x20,0x73,0x74,
    0x61,0x67,0x65,0x5f,0x6f,0x75,0x74,0x70,0x75,0x74,0x3b,0x0a,0x7d,0x0a,0x00,
};
#endif
/*
    cbuffer textured3d_fs_params : register(b1)
    {
        float4 _27_fogColor : packoffset(c0);
        float4 _27_rtFlipV : packoffset(c1);
    };

    Texture2D<float4> tex : register(t0);
    SamplerState smp : register(s0);

    static float2 uv;
    static float4 tint;
    static float4 alphaTestOut;
    static float fogFactor;
    static float4 frag_color;

    struct SPIRV_Cross_Input
    {
        float2 uv : TEXCOORD0;
        float4 tint : TEXCOORD1;
        float4 alphaTestOut : TEXCOORD2;
        float fogFactor : TEXCOORD3;
    };

    struct SPIRV_Cross_Output
    {
        float4 frag_color : SV_Target0;
    };

    void frag_main()
    {
        float4 c = tex.Sample(smp, float2(uv.x, lerp(uv.y, 1.0f - uv.y, _27_rtFlipV.x))) * tint;
        float _61;
        if (alphaTestOut.y > 0.0f)
        {
            float _74;
            if (abs(c.w - alphaTestOut.x) < alphaTestOut.y)
            {
                _74 = alphaTestOut.z;
            }
            else
            {
                _74 = alphaTestOut.w;
            }
            _61 = _74;
        }
        else
        {
            float _90;
            if (c.w < alphaTestOut.x)
            {
                _90 = alphaTestOut.z;
            }
            else
            {
                _90 = alphaTestOut.w;
            }
            _61 = _90;
        }
        if (_61 < 0.0f)
        {
            discard;
        }
        float4 _111 = c;
        float3 _116 = lerp(_27_fogColor.xyz, _111.xyz, fogFactor.xxx);
        float4 _129 = _111;
        _129.x = _116.x;
        _129.y = _116.y;
        _129.z = _116.z;
        c = _129;
        frag_color = _129;
    }

    SPIRV_Cross_Output main(SPIRV_Cross_Input stage_input)
    {
        uv = stage_input.uv;
        tint = stage_input.tint;
        alphaTestOut = stage_input.alphaTestOut;
        fogFactor = stage_input.fogFactor;
        frag_main();
        SPIRV_Cross_Output stage_output;
        stage_output.frag_color = frag_color;
        return stage_output;
    }
*/
#if defined(SOKOL_D3D11)
static const uint8_t cna_textured3d_fs_source_hlsl5[1729] = {
    0x63,0x62,0x75,0x66,0x66,0x65,0x72,0x20,0x74,0x65,0x78,0x74,0x75,0x72,0x65,0x64,
    0x33,0x64,0x5f,0x66,0x73,0x5f,0x70,0x61,0x72,0x61,0x6d,0x73,0x20,0x3a,0x20,0x72,
    0x65,0x67,0x69,0x73,0x74,0x65,0x72,0x28,0x62,0x31,0x29,0x0a,0x7b,0x0a,0x20,0x20,
    0x20,0x20,0x66,0x6c,0x6f,0x61,0x74,0x34,0x20,0x5f,0x32,0x37,0x5f,0x66,0x6f,0x67,
    0x43,0x6f,0x6c,0x6f,0x72,0x20,0x3a,0x20,0x70,0x61,0x63,0x6b,0x6f,0x66,0x66,0x73,
    0x65,0x74,0x28,0x63,0x30,0x29,0x3b,0x0a,0x20,0x20,0x20,0x20,0x66,0x6c,0x6f,0x61,
    0x74,0x34,0x20,0x5f,0x32,0x37,0x5f,0x72,0x74,0x46,0x6c,0x69,0x70,0x56,0x20,0x3a,
    0x20,0x70,0x61,0x63,0x6b,0x6f,0x66,0x66,0x73,0x65,0x74,0x28,0x63,0x31,0x29,0x3b,
    0x0a,0x7d,0x3b,0x0a,0x0a,0x54,0x65,0x78,0x74,0x75,0x72,0x65,0x32,0x44,0x3c,0x66,
    0x6c,0x6f,0x61,0x74,0x34,0x3e,0x20,0x74,0x65,0x78,0x20,0x3a,0x20,0x72,0x65,0x67,
    0x69,0x73,0x74,0x65,0x72,0x28,0x74,0x30,0x29,0x3b,0x0a,0x53,0x61,0x6d,0x70,0x6c,
    0x65,0x72,0x53,0x74,0x61,0x74,0x65,0x20,0x73,0x6d,0x70,0x20,0x3a,0x20,0x72,0x65,
    0x67,0x69,0x73,0x74,0x65,0x72,0x28,0x73,0x30,0x29,0x3b,0x0a,0x0a,0x73,0x74,0x61,
    0x74,0x69,0x63,0x20,0x66,0x6c,0x6f,0x61,0x74,0x32,0x20,0x75,0x76,0x3b,0x0a,0x73,
    0x74,0x61,0x74,0x69,0x63,0x20,0x66,0x6c,0x6f,0x61,0x74,0x34,0x20,0x74,0x69,0x6e,
    0x74,0x3b,0x0a,0x73,0x74,0x61,0x74,0x69,0x63,0x20,0x66,0x6c,0x6f,0x61,0x74,0x34,
    0x20,0x61,0x6c,0x70,0x68,0x61,0x54,0x65,0x73,0x74,0x4f,0x75,0x74,0x3b,0x0a,0x73,
    0x74,0x61,0x74,0x69,0x63,0x20,0x66,0x6c,0x6f,0x61,0x74,0x20,0x66,0x6f,0x67,0x46,
    0x61,0x63,0x74,0x6f,0x72,0x3b,0x0a,0x73,0x74,0x61,0x74,0x69,0x63,0x20,0x66,0x6c,
    0x6f,0x61,0x74,0x34,0x20,0x66,0x72,0x61,0x67,0x5f,0x63,0x6f,0x6c,0x6f,0x72,0x3b,
    0x0a,0x0a,0x73,0x74,0x72,0x75,0x63,0x74,0x20,0x53,0x50,0x49,0x52,0x56,0x5f,0x43,
    0x72,0x6f,0x73,0x73,0x5f,0x49,0x6e,0x70,0x75,0x74,0x0a,0x7b,0x0a,0x20,0x20,0x20,
    0x20,0x66,0x6c,0x6f,0x61,0x74,0x32,0x20,0x75,0x76,0x20,0x3a,0x20,0x54,0x45,0x58,
    0x43,0x4f,0x4f,0x52,0x44,0x30,0x3b,0x0a,0x20,0x20,0x20,0x20,0x66,0x6c,0x6f,0x61,
    0x74,0x34,0x20,0x74,0x69,0x6e,0x74,0x20,0x3a,0x20,0x54,0x45,0x58,0x43,0x4f,0x4f,
    0x52,0x44,0x31,0x3b,0x0a,0x20,0x20,0x20,0x20,0x66,0x6c,0x6f,0x61,0x74,0x34,0x20,
    0x61,0x6c,0x70,0x68,0x61,0x54,0x65,0x73,0x74,0x4f,0x75,0x74,0x20,0x3a,0x20,0x54,
    0x45,0x58,0x43,0x4f,0x4f,0x52,0x44,0x32,0x3b,0x0a,0x20,0x20,0x20,0x20,0x66,0x6c,
    0x6f,0x61,0x74,0x20,0x66,0x6f,0x67,0x46,0x61,0x63,0x74,0x6f,0x72,0x20,0x3a,0x20,
    0x54,0x45,0x58,0x43,0x4f,0x4f,0x52,0x44,0x33,0x3b,0x0a,0x7d,0x3b,0x0a,0x0a,0x73,
    0x74,0x72,0x75,0x63,0x74,0x20,0x53,0x50,0x49,0x52,0x56,0x5f,0x43,0x72,0x6f,0x73,
    0x73,0x5f,0x4f,0x75,0x74,0x70,0x75,0x74,0x0a,0x7b,0x0a,0x20,0x20,0x20,0x20,0x66,
    0x6c,0x6f,0x61,0x74,0x34,0x20,0x66,0x72,0x61,0x67,0x5f,0x63,0x6f,0x6c,0x6f,0x72,
    0x20,0x3a,0x20,0x53,0x56,0x5f,0x54,0x61,0x72,0x67,0x65,0x74,0x30,0x3b,0x0a,0x7d,
    0x3b,0x0a,0x0a,0x76,0x6f,0x69,0x64,0x20,0x66,0x72,0x61,0x67,0x5f,0x6d,0x61,0x69,
    0x6e,0x28,0x29,0x0a,0x7b,0x0a,0x20,0x20,0x20,0x20,0x66,0x6c,0x6f,0x61,0x74,0x34,
    0x20,0x63,0x20,0x3d,0x20,0x74,0x65,0x78,0x2e,0x53,0x61,0x6d,0x70,0x6c,0x65,0x28,
    0x73,0x6d,0x70,0x2c,0x20,0x66,0x6c,0x6f,0x61,0x74,0x32,0x28,0x75,0x76,0x2e,0x78,
    0x2c,0x20,0x6c,0x65,0x72,0x70,0x28,0x75,0x76,0x2e,0x79,0x2c,0x20,0x31,0x2e,0x30,
    0x66,0x20,0x2d,0x20,0x75,0x76,0x2e,0x79,0x2c,0x20,0x5f,0x32,0x37,0x5f,0x72,0x74,
    0x46,0x6c,0x69,0x70,0x56,0x2e,0x78,0x29,0x29,0x29,0x20,0x2a,0x20,0x74,0x69,0x6e,
    0x74,0x3b,0x0a,0x20,0x20,0x20,0x20,0x66,0x6c,0x6f,0x61,0x74,0x20,0x5f,0x36,0x31,
    0x3b,0x0a,0x20,0x20,0x20,0x20,0x69,0x66,0x20,0x28,0x61,0x6c,0x70,0x68,0x61,0x54,
    0x65,0x73,0x74,0x4f,0x75,0x74,0x2e,0x79,0x20,0x3e,0x20,0x30,0x2e,0x30,0x66,0x29,
    0x0a,0x20,0x20,0x20,0x20,0x7b,0x0a,0x20,0x20,0x20,0x20,0x20,0x20,0x20,0x20,0x66,
    0x6c,0x6f,0x61,0x74,0x20,0x5f,0x37,0x34,0x3b,0x0a,0x20,0x20,0x20,0x20,0x20,0x20,
    0x20,0x20,0x69,0x66,0x20,0x28,0x61,0x62,0x73,0x28,0x63,0x2e,0x77,0x20,0x2d,0x20,
    0x61,0x6c,0x70,0x68,0x61,0x54,0x65,0x73,0x74,0x4f,0x75,0x74,0x2e,0x78,0x29,0x20,
    0x3c,0x20,0x61,0x6c,0x70,0x68,0x61,0x54,0x65,0x73,0x74,0x4f,0x75,0x74,0x2e,0x79,
    0x29,0x0a,0x20,0x20,0x20,0x20,0x20,0x20,0x20,0x20,0x7b,0x0a,0x20,0x20,0x20,0x20,
    0x20,0x20,0x20,0x20,0x20,0x20,0x20,0x20,0x5f,0x37,0x34,0x20,0x3d,0x20,0x61,0x6c,
    0x70,0x68,0x61,0x54,0x65,0x73,0x74,0x4f,0x75,0x74,0x2e,0x7a,0x3b,0x0a,0x20,0x20,
    0x20,0x20,0x20,0x20,0x20,0x20,0x7d,0x0a,0x20,0x20,0x20,0x20,0x20,0x20,0x20,0x20,
    0x65,0x6c,0x73,0x65,0x0a,0x20,0x20,0x20,0x20,0x20,0x20,0x20,0x20,0x7b,0x0a,0x20,
    0x20,0x20,0x20,0x20,0x20,0x20,0x20,0x20,0x20,0x20,0x20,0x5f,0x37,0x34,0x20,0x3d,
    0x20,0x61,0x6c,0x70,0x68,0x61,0x54,0x65,0x73,0x74,0x4f,0x75,0x74,0x2e,0x77,0x3b,
    0x0a,0x20,0x20,0x20,0x20,0x20,0x20,0x20,0x20,0x7d,0x0a,0x20,0x20,0x20,0x20,0x20,
    0x20,0x20,0x20,0x5f,0x36,0x31,0x20,0x3d,0x20,0x5f,0x37,0x34,0x3b,0x0a,0x20,0x20,
    0x20,0x20,0x7d,0x0a,0x20,0x20,0x20,0x20,0x65,0x6c,0x73,0x65,0x0a,0x20,0x20,0x20,
    0x20,0x7b,0x0a,0x20,0x20,0x20,0x20,0x20,0x20,0x20,0x20,0x66,0x6c,0x6f,0x61,0x74,
    0x20,0x5f,0x39,0x30,0x3b,0x0a,0x20,0x20,0x20,0x20,0x20,0x20,0x20,0x20,0x69,0x66,
    0x20,0x28,0x63,0x2e,0x77,0x20,0x3c,0x20,0x61,0x6c,0x70,0x68,0x61,0x54,0x65,0x73,
    0x74,0x4f,0x75,0x74,0x2e,0x78,0x29,0x0a,0x20,0x20,0x20,0x20,0x20,0x20,0x20,0x20,
    0x7b,0x0a,0x20,0x20,0x20,0x20,0x20,0x20,0x20,0x20,0x20,0x20,0x20,0x20,0x5f,0x39,
    0x30,0x20,0x3d,0x20,0x61,0x6c,0x70,0x68,0x61,0x54,0x65,0x73,0x74,0x4f,0x75,0x74,
    0x2e,0x7a,0x3b,0x0a,0x20,0x20,0x20,0x20,0x20,0x20,0x20,0x20,0x7d,0x0a,0x20,0x20,
    0x20,0x20,0x20,0x20,0x20,0x20,0x65,0x6c,0x73,0x65,0x0a,0x20,0x20,0x20,0x20,0x20,
    0x20,0x20,0x20,0x7b,0x0a,0x20,0x20,0x20,0x20,0x20,0x20,0x20,0x20,0x20,0x20,0x20,
    0x20,0x5f,0x39,0x30,0x20,0x3d,0x20,0x61,0x6c,0x70,0x68,0x61,0x54,0x65,0x73,0x74,
    0x4f,0x75,0x74,0x2e,0x77,0x3b,0x0a,0x20,0x20,0x20,0x20,0x20,0x20,0x20,0x20,0x7d,
    0x0a,0x20,0x20,0x20,0x20,0x20,0x20,0x20,0x20,0x5f,0x36,0x31,0x20,0x3d,0x20,0x5f,
    0x39,0x30,0x3b,0x0a,0x20,0x20,0x20,0x20,0x7d,0x0a,0x20,0x20,0x20,0x20,0x69,0x66,
    0x20,0x28,0x5f,0x36,0x31,0x20,0x3c,0x20,0x30,0x2e,0x30,0x66,0x29,0x0a,0x20,0x20,
    0x20,0x20,0x7b,0x0a,0x20,0x20,0x20,0x20,0x20,0x20,0x20,0x20,0x64,0x69,0x73,0x63,
    0x61,0x72,0x64,0x3b,0x0a,0x20,0x20,0x20,0x20,0x7d,0x0a,0x20,0x20,0x20,0x20,0x66,
    0x6c,0x6f,0x61,0x74,0x34,0x20,0x5f,0x31,0x31,0x31,0x20,0x3d,0x20,0x63,0x3b,0x0a,
    0x20,0x20,0x20,0x20,0x66,0x6c,0x6f,0x61,0x74,0x33,0x20,0x5f,0x31,0x31,0x36,0x20,
    0x3d,0x20,0x6c,0x65,0x72,0x70,0x28,0x5f,0x32,0x37,0x5f,0x66,0x6f,0x67,0x43,0x6f,
    0x6c,0x6f,0x72,0x2e,0x78,0x79,0x7a,0x2c,0x20,0x5f,0x31,0x31,0x31,0x2e,0x78,0x79,
    0x7a,0x2c,0x20,0x66,0x6f,0x67,0x46,0x61,0x63,0x74,0x6f,0x72,0x2e,0x78,0x78,0x78,
    0x29,0x3b,0x0a,0x20,0x20,0x20,0x20,0x66,0x6c,0x6f,0x61,0x74,0x34,0x20,0x5f,0x31,
    0x32,0x39,0x20,0x3d,0x20,0x5f,0x31,0x31,0x31,0x3b,0x0a,0x20,0x20,0x20,0x20,0x5f,
    0x31,0x32,0x39,0x2e,0x78,0x20,0x3d,0x20,0x5f,0x31,0x31,0x36,0x2e,0x78,0x3b,0x0a,
    0x20,0x20,0x20,0x20,0x5f,0x31,0x32,0x39,0x2e,0x79,0x20,0x3d,0x20,0x5f,0x31,0x31,
    0x36,0x2e,0x79,0x3b,0x0a,0x20,0x20,0x20,0x20,0x5f,0x31,0x32,0x39,0x2e,0x7a,0x20,
    0x3d,0x20,0x5f,0x31,0x31,0x36,0x2e,0x7a,0x3b,0x0a,0x20,0x20,0x20,0x20,0x63,0x20,
    0x3d,0x20,0x5f,0x31,0x32,0x39,0x3b,0x0a,0x20,0x20,0x20,0x20,0x66,0x72,0x61,0x67,
    0x5f,0x63,0x6f,0x6c,0x6f,0x72,0x20,0x3d,0x20,0x5f,0x31,0x32,0x39,0x3b,0x0a,0x7d,
    0x0a,0x0a,0x53,0x50,0x49,0x52,0x56,0x5f,0x43,0x72,0x6f,0x73,0x73,0x5f,0x4f,0x75,
    0x74,0x70,0x75,0x74,0x20,0x6d,0x61,0x69,0x6e,0x28,0x53,0x50,0x49,0x52,0x56,0x5f,
    0x43,0x72,0x6f,0x73,0x73,0x5f,0x49,0x6e,0x70,0x75,0x74,0x20,0x73,0x74,0x61,0x67,
    0x65,0x5f,0x69,0x6e,0x70,0x75,0x74,0x29,0x0a,0x7b,0x0a,0x20,0x20,0x20,0x20,0x75,
    0x76,0x20,0x3d,0x20,0x73,0x74,0x61,0x67,0x65,0x5f,0x69,0x6e,0x70,0x75,0x74,0x2e,
    0x75,0x76,0x3b,0x0a,0x20,0x20,0x20,0x20,0x74,0x69,0x6e,0x74,0x20,0x3d,0x20,0x73,
    0x74,0x61,0x67,0x65,0x5f,0x69,0x6e,0x70,0x75,0x74,0x2e,0x74,0x69,0x6e,0x74,0x3b,
    0x0a,0x20,0x20,0x20,0x20,0x61,0x6c,0x70,0x68,0x61,0x54,0x65,0x73,0x74,0x4f,0x75,
    0x74,0x20,0x3d,0x20,0x73,0x74,0x61,0x67,0x65,0x5f,0x69,0x6e,0x70,0x75,0x74,0x2e,
    0x61,0x6c,0x70,0x68,0x61,0x54,0x65,0x73,0x74,0x4f,0x75,0x74,0x3b,0x0a,0x20,0x20,
    0x20,0x20,0x66,0x6f,0x67,0x46,0x61,0x63,0x74,0x6f,0x72,0x20,0x3d,0x20,0x73,0x74,
    0x61,0x67,0x65,0x5f,0x69,0x6e,0x70,0x75,0x74,0x2e,0x66,0x6f,0x67,0x46,0x61,0x63,
    0x74,0x6f,0x72,0x3b,0x0a,0x20,0x20,0x20,0x20,0x66,0x72,0x61,0x67,0x5f,0x6d,0x61,
    0x69,0x6e,0x28,0x29,0x3b,0x0a,0x20,0x20,0x20,0x20,0x53,0x50,0x49,0x52,0x56,0x5f,
    0x43,0x72,0x6f,0x73,0x73,0x5f,0x4f,0x75,0x74,0x70,0x75,0x74,0x20,0x73,0x74,0x61,
    0x67,0x65,0x5f,0x6f,0x75,0x74,0x70,0x75,0x74,0x3b,0x0a,0x20,0x20,0x20,0x20,0x73,
    0x74,0x61,0x67,0x65,0x5f,0x6f,0x75,0x74,0x70,0x75,0x74,0x2e,0x66,0x72,0x61,0x67,
    0x5f,0x63,0x6f,0x6c,0x6f,0x72,0x20,0x3d,0x20,0x66,0x72,0x61,0x67,0x5f,0x63,0x6f,
    0x6c,0x6f,0x72,0x3b,0x0a,0x20,0x20,0x20,0x20,0x72,0x65,0x74,0x75,0x72,0x6e,0x20,
    0x73,0x74,0x61,0x67,0x65,0x5f,0x6f,0x75,0x74,0x70,0x75,0x74,0x3b,0x0a,0x7d,0x0a,
    0x00,
};
#endif
/*
    #include <metal_stdlib>
    #include <simd/simd.h>

    using namespace metal;

    struct textured3d_vs_params
    {
        float4x4 mvp;
        float4 diffuse;
        float4 flags;
        float4 alphaTest;
        float4 fogVector;
    };

    struct main0_out
    {
        float2 uv [[user(locn0)]];
        float4 tint [[user(locn1)]];
        float4 alphaTestOut [[user(locn2)]];
        float fogFactor [[user(locn3)]];
        float4 gl_Position [[position]];
    };

    struct main0_in
    {
        float3 position [[attribute(0)]];
        float2 texcoord0 [[attribute(1)]];
        float4 color0 [[attribute(2)]];
    };

    vertex main0_out main0(main0_in in [[stage_in]], constant textured3d_vs_params& _19 [[buffer(0)]])
    {
        main0_out out = {};
        float4 _31 = float4(in.position, 1.0);
        out.gl_Position = _19.mvp * _31;
        out.uv = in.texcoord0;
        out.tint = mix(float4(1.0), in.color0, float4(_19.flags.x)) * _19.diffuse;
        out.alphaTestOut = _19.alphaTest;
        out.fogFactor = 1.0 - fast::clamp(dot(_31, _19.fogVector), 0.0, 1.0);
        return out;
    }

*/
#if defined(SOKOL_METAL)
static const uint8_t cna_textured3d_vs_source_metal_macos[986] = {
    0x23,0x69,0x6e,0x63,0x6c,0x75,0x64,0x65,0x20,0x3c,0x6d,0x65,0x74,0x61,0x6c,0x5f,
    0x73,0x74,0x64,0x6c,0x69,0x62,0x3e,0x0a,0x23,0x69,0x6e,0x63,0x6c,0x75,0x64,0x65,
    0x20,0x3c,0x73,0x69,0x6d,0x64,0x2f,0x73,0x69,0x6d,0x64,0x2e,0x68,0x3e,0x0a,0x0a,
    0x75,0x73,0x69,0x6e,0x67,0x20,0x6e,0x61,0x6d,0x65,0x73,0x70,0x61,0x63,0x65,0x20,
    0x6d,0x65,0x74,0x61,0x6c,0x3b,0x0a,0x0a,0x73,0x74,0x72,0x75,0x63,0x74,0x20,0x74,
    0x65,0x78,0x74,0x75,0x72,0x65,0x64,0x33,0x64,0x5f,0x76,0x73,0x5f,0x70,0x61,0x72,
    0x61,0x6d,0x73,0x0a,0x7b,0x0a,0x20,0x20,0x20,0x20,0x66,0x6c,0x6f,0x61,0x74,0x34,
    0x78,0x34,0x20,0x6d,0x76,0x70,0x3b,0x0a,0x20,0x20,0x20,0x20,0x66,0x6c,0x6f,0x61,
    0x74,0x34,0x20,0x64,0x69,0x66,0x66,0x75,0x73,0x65,0x3b,0x0a,0x20,0x20,0x20,0x20,
    0x66,0x6c,0x6f,0x61,0x74,0x34,0x20,0x66,0x6c,0x61,0x67,0x73,0x3b,0x0a,0x20,0x20,
    0x20,0x20,0x66,0x6c,0x6f,0x61,0x74,0x34,0x20,0x61,0x6c,0x70,0x68,0x61,0x54,0x65,
    0x73,0x74,0x3b,0x0a,0x20,0x20,0x20,0x20,0x66,0x6c,0x6f,0x61,0x74,0x34,0x20,0x66,
    0x6f,0x67,0x56,0x65,0x63,0x74,0x6f,0x72,0x3b,0x0a,0x7d,0x3b,0x0a,0x0a,0x73,0x74,
    0x72,0x75,0x63,0x74,0x20,0x6d,0x61,0x69,0x6e,0x30,0x5f,0x6f,0x75,0x74,0x0a,0x7b,
    0x0a,0x20,0x20,0x20,0x20,0x66,0x6c,0x6f,0x61,0x74,0x32,0x20,0x75,0x76,0x20,0x5b,
    0x5b,0x75,0x73,0x65,0x72,0x28,0x6c,0x6f,0x63,0x6e,0x30,0x29,0x5d,0x5d,0x3b,0x0a,
    0x20,0x20,0x20,0x20,0x66,0x6c,0x6f,0x61,0x74,0x34,0x20,0x74,0x69,0x6e,0x74,0x20,
    0x5b,0x5b,0x75,0x73,0x65,0x72,0x28,0x6c,0x6f,0x63,0x6e,0x31,0x29,0x5d,0x5d,0x3b,
    0x0a,0x20,0x20,0x20,0x20,0x66,0x6c,0x6f,0x61,0x74,0x34,0x20,0x61,0x6c,0x70,0x68,
    0x61,0x54,0x65,0x73,0x74,0x4f,0x75,0x74,0x20,0x5b,0x5b,0x75,0x73,0x65,0x72,0x28,
    0x6c,0x6f,0x63,0x6e,0x32,0x29,0x5d,0x5d,0x3b,0x0a,0x20,0x20,0x20,0x20,0x66,0x6c,
    0x6f,0x61,0x74,0x20,0x66,0x6f,0x67,0x46,0x61,0x63,0x74,0x6f,0x72,0x20,0x5b,0x5b,
    0x75,0x73,0x65,0x72,0x28,0x6c,0x6f,0x63,0x6e,0x33,0x29,0x5d,0x5d,0x3b,0x0a,0x20,
    0x20,0x20,0x20,0x66,0x6c,0x6f,0x61,0x74,0x34,0x20,0x67,0x6c,0x5f,0x50,0x6f,0x73,
    0x69,0x74,0x69,0x6f,0x6e,0x20,0x5b,0x5b,0x70,0x6f,0x73,0x69,0x74,0x69,0x6f,0x6e,
    0x5d,0x5d,0x3b,0x0a,0x7d,0x3b,0x0a,0x0a,0x73,0x74,0x72,0x75,0x63,0x74,0x20,0x6d,
    0x61,0x69,0x6e,0x30,0x5f,0x69,0x6e,0x0a,0x7b,0x0a,0x20,0x20,0x20,0x20,0x66,0x6c,
    0x6f,0x61,0x74,0x33,0x20,0x70,0x6f,0x73,0x69,0x74,0x69,0x6f,0x6e,0x20,0x5b,0x5b,
    0x61,0x74,0x74,0x72,0x69,0x62,0x75,0x74,0x65,0x28,0x30,0x29,0x5d,0x5d,0x3b,0x0a,
    0x20,0x20,0x20,0x20,0x66,0x6c,0x6f,0x61,0x74,0x32,0x20,0x74,0x65,0x78,0x63,0x6f,
    0x6f,0x72,0x64,0x30,0x20,0x5b,0x5b,0x61,0x74,0x74,0x72,0x69,0x62,0x75,0x74,0x65,
    0x28,0x31,0x29,0x5d,0x5d,0x3b,0x0a,0x20,0x20,0x20,0x20,0x66,0x6c,0x6f,0x61,0x74,
    0x34,0x20,0x63,0x6f,0x6c,0x6f,0x72,0x30,0x20,0x5b,0x5b,0x61,0x74,0x74,0x72,0x69,
    0x62,0x75,0x74,0x65,0x28,0x32,0x29,0x5d,0x5d,0x3b,0x0a,0x7d,0x3b,0x0a,0x0a,0x76,
    0x65,0x72,0x74,0x65,0x78,0x20,0x6d,0x61,0x69,0x6e,0x30,0x5f,0x6f,0x75,0x74,0x20,
    0x6d,0x61,0x69,0x6e,0x30,0x28,0x6d,0x61,0x69,0x6e,0x30,0x5f,0x69,0x6e,0x20,0x69,
    0x6e,0x20,0x5b,0x5b,0x73,0x74,0x61,0x67,0x65,0x5f,0x69,0x6e,0x5d,0x5d,0x2c,0x20,
    0x63,0x6f,0x6e,0x73,0x74,0x61,0x6e,0x74,0x20,0x74,0x65,0x78,0x74,0x75,0x72,0x65,
    0x64,0x33,0x64,0x5f,0x76,0x73,0x5f,0x70,0x61,0x72,0x61,0x6d,0x73,0x26,0x20,0x5f,
    0x31,0x39,0x20,0x5b,0x5b,0x62,0x75,0x66,0x66,0x65,0x72,0x28,0x30,0x29,0x5d,0x5d,
    0x29,0x0a,0x7b,0x0a,0x20,0x20,0x20,0x20,0x6d,0x61,0x69,0x6e,0x30,0x5f,0x6f,0x75,
    0x74,0x20,0x6f,0x75,0x74,0x20,0x3d,0x20,0x7b,0x7d,0x3b,0x0a,0x20,0x20,0x20,0x20,
    0x66,0x6c,0x6f,0x61,0x74,0x34,0x20,0x5f,0x33,0x31,0x20,0x3d,0x20,0x66,0x6c,0x6f,
    0x61,0x74,0x34,0x28,0x69,0x6e,0x2e,0x70,0x6f,0x73,0x69,0x74,0x69,0x6f,0x6e,0x2c,
    0x20,0x31,0x2e,0x30,0x29,0x3b,0x0a,0x20,0x20,0x20,0x20,0x6f,0x75,0x74,0x2e,0x67,
    0x6c,0x5f,0x50,0x6f,0x73,0x69,0x74,0x69,0x6f,0x6e,0x20,0x3d,0x20,0x5f,0x31,0x39,
    0x2e,0x6d,0x76,0x70,0x20,0x2a,0x20,0x5f,0x33,0x31,0x3b,0x0a,0x20,0x20,0x20,0x20,
    0x6f,0x75,0x74,0x2e,0x75,0x76,0x20,0x3d,0x20,0x69,0x6e,0x2e,0x74,0x65,0x78,0x63,
    0x6f,0x6f,0x72,0x64,0x30,0x3b,0x0a,0x20,0x20,0x20,0x20,0x6f,0x75,0x74,0x2e,0x74,
    0x69,0x6e,0x74,0x20,0x3d,0x20,0x6d,0x69,0x78,0x28,0x66,0x6c,0x6f,0x61,0x74,0x34,
    0x28,0x31,0x2e,0x30,0x29,0x2c,0x20,0x69,0x6e,0x2e,0x63,0x6f,0x6c,0x6f,0x72,0x30,
    0x2c,0x20,0x66,0x6c,0x6f,0x61,0x74,0x34,0x28,0x5f,0x31,0x39,0x2e,0x66,0x6c,0x61,
    0x67,0x73,0x2e,0x78,0x29,0x29,0x20,0x2a,0x20,0x5f,0x31,0x39,0x2e,0x64,0x69,0x66,
    0x66,0x75,0x73,0x65,0x3b,0x0a,0x20,0x20,0x20,0x20,0x6f,0x75,0x74,0x2e,0x61,0x6c,
    0x70,0x68,0x61,0x54,0x65,0x73,0x74,0x4f,0x75,0x74,0x20,0x3d,0x20,0x5f,0x31,0x39,
    0x2e,0x61,0x6c,0x70,0x68,0x61,0x54,0x65,0x73,0x74,0x3b,0x0a,0x20,0x20,0x20,0x20,
    0x6f,0x75,0x74,0x2e,0x66,0x6f,0x67,0x46,0x61,0x63,0x74,0x6f,0x72,0x20,0x3d,0x20,
    0x31,0x2e,0x30,0x20,0x2d,0x20,0x66,0x61,0x73,0x74,0x3a,0x3a,0x63,0x6c,0x61,0x6d,
    0x70,0x28,0x64,0x6f,0x74,0x28,0x5f,0x33,0x31,0x2c,0x20,0x5f,0x31,0x39,0x2e,0x66,
    0x6f,0x67,0x56,0x65,0x63,0x74,0x6f,0x72,0x29,0x2c,0x20,0x30,0x2e,0x30,0x2c,0x20,
    0x31,0x2e,0x30,0x29,0x3b,0x0a,0x20,0x20,0x20,0x20,0x72,0x65,0x74,0x75,0x72,0x6e,
    0x20,0x6f,0x75,0x74,0x3b,0x0a,0x7d,0x0a,0x0a,0x00,
};
#endif
/*
    #include <metal_stdlib>
    #include <simd/simd.h>

    using namespace metal;

    struct textured3d_fs_params
    {
        float4 fogColor;
        float4 rtFlipV;
    };

    struct main0_out
    {
        float4 frag_color [[color(0)]];
    };

    struct main0_in
    {
        float2 uv [[user(locn0)]];
        float4 tint [[user(locn1)]];
        float4 alphaTestOut [[user(locn2)]];
        float fogFactor [[user(locn3)]];
    };

    fragment main0_out main0(main0_in in [[stage_in]], constant textured3d_fs_params& _27 [[buffer(1)]], texture2d<float> tex [[texture(0)]], sampler smp [[sampler(0)]])
    {
        main0_out out = {};
        float4 c = tex.sample(smp, float2(in.uv.x, mix(in.uv.y, 1.0 - in.uv.y, _27.rtFlipV.x))) * in.tint;
        float _61;
        if (in.alphaTestOut.y > 0.0)
        {
            float _74;
            if (abs(c.w - in.alphaTestOut.x) < in.alphaTestOut.y)
            {
                _74 = in.alphaTestOut.z;
            }
            else
            {
                _74 = in.alphaTestOut.w;
            }
            _61 = _74;
        }
        else
        {
            float _90;
            if (c.w < in.alphaTestOut.x)
            {
                _90 = in.alphaTestOut.z;
            }
            else
            {
                _90 = in.alphaTestOut.w;
            }
            _61 = _90;
        }
        if (_61 < 0.0)
        {
            discard_fragment();
        }
        float4 _111 = c;
        float3 _116 = mix(_27.fogColor.xyz, _111.xyz, float3(in.fogFactor));
        float4 _129 = _111;
        _129.x = _116.x;
        _129.y = _116.y;
        _129.z = _116.z;
        c = _129;
        out.frag_color = _129;
        return out;
    }

*/
#if defined(SOKOL_METAL)
static const uint8_t cna_textured3d_fs_source_metal_macos[1476] = {
    0x23,0x69,0x6e,0x63,0x6c,0x75,0x64,0x65,0x20,0x3c,0x6d,0x65,0x74,0x61,0x6c,0x5f,
    0x73,0x74,0x64,0x6c,0x69,0x62,0x3e,0x0a,0x23,0x69,0x6e,0x63,0x6c,0x75,0x64,0x65,
    0x20,0x3c,0x73,0x69,0x6d,0x64,0x2f,0x73,0x69,0x6d,0x64,0x2e,0x68,0x3e,0x0a,0x0a,
    0x75,0x73,0x69,0x6e,0x67,0x20,0x6e,0x61,0x6d,0x65,0x73,0x70,0x61,0x63,0x65,0x20,
    0x6d,0x65,0x74,0x61,0x6c,0x3b,0x0a,0x0a,0x73,0x74,0x72,0x75,0x63,0x74,0x20,0x74,
    0x65,0x78,0x74,0x75,0x72,0x65,0x64,0x33,0x64,0x5f,0x66,0x73,0x5f,0x70,0x61,0x72,
    0x61,0x6d,0x73,0x0a,0x7b,0x0a,0x20,0x20,0x20,0x20,0x66,0x6c,0x6f,0x61,0x74,0x34,
    0x20,0x66,0x6f,0x67,0x43,0x6f,0x6c,0x6f,0x72,0x3b,0x0a,0x20,0x20,0x20,0x20,0x66,
    0x6c,0x6f,0x61,0x74,0x34,0x20,0x72,0x74,0x46,0x6c,0x69,0x70,0x56,0x3b,0x0a,0x7d,
    0x3b,0x0a,0x0a,0x73,0x74,0x72,0x75,0x63,0x74,0x20,0x6d,0x61,0x69,0x6e,0x30,0x5f,
    0x6f,0x75,0x74,0x0a,0x7b,0x0a,0x20,0x20,0x20,0x20,0x66,0x6c,0x6f,0x61,0x74,0x34,
    0x20,0x66,0x72,0x61,0x67,0x5f,0x63,0x6f,0x6c,0x6f,0x72,0x20,0x5b,0x5b,0x63,0x6f,
    0x6c,0x6f,0x72,0x28,0x30,0x29,0x5d,0x5d,0x3b,0x0a,0x7d,0x3b,0x0a,0x0a,0x73,0x74,
    0x72,0x75,0x63,0x74,0x20,0x6d,0x61,0x69,0x6e,0x30,0x5f,0x69,0x6e,0x0a,0x7b,0x0a,
    0x20,0x20,0x20,0x20,0x66,0x6c,0x6f,0x61,0x74,0x32,0x20,0x75,0x76,0x20,0x5b,0x5b,
    0x75,0x73,0x65,0x72,0x28,0x6c,0x6f,0x63,0x6e,0x30,0x29,0x5d,0x5d,0x3b,0x0a,0x20,
    0x20,0x20,0x20,0x66,0x6c,0x6f,0x61,0x74,0x34,0x20,0x74,0x69,0x6e,0x74,0x20,0x5b,
    0x5b,0x75,0x73,0x65,0x72,0x28,0x6c,0x6f,0x63,0x6e,0x31,0x29,0x5d,0x5d,0x3b,0x0a,
    0x20,0x20,0x20,0x20,0x66,0x6c,0x6f,0x61,0x74,0x34,0x20,0x61,0x6c,0x70,0x68,0x61,
    0x54,0x65,0x73,0x74,0x4f,0x75,0x74,0x20,0x5b,0x5b,0x75,0x73,0x65,0x72,0x28,0x6c,
    0x6f,0x63,0x6e,0x32,0x29,0x5d,0x5d,0x3b,0x0a,0x20,0x20,0x20,0x20,0x66,0x6c,0x6f,
    0x61,0x74,0x20,0x66,0x6f,0x67,0x46,0x61,0x63,0x74,0x6f,0x72,0x20,0x5b,0x5b,0x75,
    0x73,0x65,0x72,0x28,0x6c,0x6f,0x63,0x6e,0x33,0x29,0x5d,0x5d,0x3b,0x0a,0x7d,0x3b,
    0x0a,0x0a,0x66,0x72,0x61,0x67,0x6d,0x65,0x6e,0x74,0x20,0x6d,0x61,0x69,0x6e,0x30,
    0x5f,0x6f,0x75,0x74,0x20,0x6d,0x61,0x69,0x6e,0x30,0x28,0x6d,0x61,0x69,0x6e,0x30,
    0x5f,0x69,0x6e,0x20,0x69,0x6e,0x20,0x5b,0x5b,0x73,0x74,0x61,0x67,0x65,0x5f,0x69,
    0x6e,0x5d,0x5d,0x2c,0x20,0x63,0x6f,0x6e,0x73,0x74,0x61,0x6e,0x74,0x20,0x74,0x65,
    0x78,0x74,0x75,0x72,0x65,0x64,0x33,0x64,0x5f,0x66,0x73,0x5f,0x70,0x61,0x72,0x61,
    0x6d,0x73,0x26,0x20,0x5f,0x32,0x37,0x20,0x5b,0x5b,0x62,0x75,0x66,0x66,0x65,0x72,
    0x28,0x31,0x29,0x5d,0x5d,0x2c,0x20,0x74,0x65,0x78,0x74,0x75,0x72,0x65,0x32,0x64,
    0x3c,0x66,0x6c,0x6f,0x61,0x74,0x3e,0x20,0x74,0x65,0x78,0x20,0x5b,0x5b,0x74,0x65,
    0x78,0x74,0x75,0x72,0x65,0x28,0x30,0x29,0x5d,0x5d,0x2c,0x20,0x73,0x61,0x6d,0x70,
    0x6c,0x65,0x72,0x20,0x73,0x6d,0x70,0x20,0x5b,0x5b,0x73,0x61,0x6d,0x70,0x6c,0x65,
    0x72,0x28,0x30,0x29,0x5d,0x5d,0x29,0x0a,0x7b,0x0a,0x20,0x20,0x20,0x20,0x6d,0x61,
    0x69,0x6e,0x30,0x5f,0x6f,0x75,0x74,0x20,0x6f,0x75,0x74,0x20,0x3d,0x20,0x7b,0x7d,
    0x3b,0x0a,0x20,0x20,0x20,0x20,0x66,0x6c,0x6f,0x61,0x74,0x34,0x20,0x63,0x20,0x3d,
    0x20,0x74,0x65,0x78,0x2e,0x73,0x61,0x6d,0x70,0x6c,0x65,0x28,0x73,0x6d,0x70,0x2c,
    0x20,0x66,0x6c,0x6f,0x61,0x74,0x32,0x28,0x69,0x6e,0x2e,0x75,0x76,0x2e,0x78,0x2c,
    0x20,0x6d,0x69,0x78,0x28,0x69,0x6e,0x2e,0x75,0x76,0x2e,0x79,0x2c,0x20,0x31,0x2e,
    0x30,0x20,0x2d,0x20,0x69,0x6e,0x2e,0x75,0x76,0x2e,0x79,0x2c,0x20,0x5f,0x32,0x37,
    0x2e,0x72,0x74,0x46,0x6c,0x69,0x70,0x56,0x2e,0x78,0x29,0x29,0x29,0x20,0x2a,0x20,
    0x69,0x6e,0x2e,0x74,0x69,0x6e,0x74,0x3b,0x0a,0x20,0x20,0x20,0x20,0x66,0x6c,0x6f,
    0x61,0x74,0x20,0x5f,0x36,0x31,0x3b,0x0a,0x20,0x20,0x20,0x20,0x69,0x66,0x20,0x28,
    0x69,0x6e,0x2e,0x61,0x6c,0x70,0x68,0x61,0x54,0x65,0x73,0x74,0x4f,0x75,0x74,0x2e,
    0x79,0x20,0x3e,0x20,0x30,0x2e,0x30,0x29,0x0a,0x20,0x20,0x20,0x20,0x7b,0x0a,0x20,
    0x20,0x20,0x20,0x20,0x20,0x20,0x20,0x66,0x6c,0x6f,0x61,0x74,0x20,0x5f,0x37,0x34,
    0x3b,0x0a,0x20,0x20,0x20,0x20,0x20,0x20,0x20,0x20,0x69,0x66,0x20,0x28,0x61,0x62,
    0x73,0x28,0x63,0x2e,0x77,0x20,0x2d,0x20,0x69,0x6e,0x2e,0x61,0x6c,0x70,0x68,0x61,
    0x54,0x65,0x73,0x74,0x4f,0x75,0x74,0x2e,0x78,0x29,0x20,0x3c,0x20,0x69,0x6e,0x2e,
    0x61,0x6c,0x70,0x68,0x61,0x54,0x65,0x73,0x74,0x4f,0x75,0x74,0x2e,0x79,0x29,0x0a,
    0x20,0x20,0x20,0x20,0x20,0x20,0x20,0x20,0x7b,0x0a,0x20,0x20,0x20,0x20,0x20,0x20,
    0x20,0x20,0x20,0x20,0x20,0x20,0x5f,0x37,0x34,0x20,0x3d,0x20,0x69,0x6e,0x2e,0x61,
    0x6c,0x70,0x68,0x61,0x54,0x65,0x73,0x74,0x4f,0x75,0x74,0x2e,0x7a,0x3b,0x0a,0x20,
    0x20,0x20,0x20,0x20,0x20,0x20,0x20,0x7d,0x0a,0x20,0x20,0x20,0x20,0x20,0x20,0x20,
    0x20,0x65,0x6c,0x73,0x65,0x0a,0x20,0x20,0x20,0x20,0x20,0x20,0x20,0x20,0x7b,0x0a,
    0x20,0x20,0x20,0x20,0x20,0x20,0x20,0x20,0x20,0x20,0x20,0x20,0x5f,0x37,0x34,0x20,
    0x3d,0x20,0x69,0x6e,0x2e,0x61,0x6c,0x70,0x68,0x61,0x54,0x65,0x73,0x74,0x4f,0x75,
    0x74,0x2e,0x77,0x3b,0x0a,0x20,0x20,0x20,0x20,0x20,0x20,0x20,0x20,0x7d,0x0a,0x20,
    0x20,0x20,0x20,0x20,0x20,0x20,0x20,0x5f,0x36,0x31,0x20,0x3d,0x20,0x5f,0x37,0x34,
    0x3b,0x0a,0x20,0x20,0x20,0x20,0x7d,0x0a,0x20,0x20,0x20,0x20,0x65,0x6c,0x73,0x65,
    0x0a,0x20,0x20,0x20,0x20,0x7b,0x0a,0x20,0x20,0x20,0x20,0x20,0x20,0x20,0x20,0x66,
    0x6c,0x6f,0x61,0x74,0x20,0x5f,0x39,0x30,0x3b,0x0a,0x20,0x20,0x20,0x20,0x20,0x20,
    0x20,0x20,0x69,0x66,0x20,0x28,0x63,0x2e,0x77,0x20,0x3c,0x20,0x69,0x6e,0x2e,0x61,
    0x6c,0x70,0x68,0x61,0x54,0x65,0x73,0x74,0x4f,0x75,0x74,0x2e,0x78,0x29,0x0a,0x20,
    0x20,0x20,0x20,0x20,0x20,0x20,0x20,0x7b,0x0a,0x20,0x20,0x20,0x20,0x20,0x20,0x20,
    0x20,0x20,0x20,0x20,0x20,0x5f,0x39,0x30,0x20,0x3d,0x20,0x69,0x6e,0x2e,0x61,0x6c,
    0x70,0x68,0x61,0x54,0x65,0x73,0x74,0x4f,0x75,0x74,0x2e,0x7a,0x3b,0x0a,0x20,0x20,
    0x20,0x20,0x20,0x20,0x20,0x20,0x7d,0x0a,0x20,0x20,0x20,0x20,0x20,0x20,0x20,0x20,
    0x65,0x6c,0x73,0x65,0x0a,0x20,0x20,0x20,0x20,0x20,0x20,0x20,0x20,0x7b,0x0a,0x20,
    0x20,0x20,0x20,0x20,0x20,0x20,0x20,0x20,0x20,0x20,0x20,0x5f,0x39,0x30,0x20,0x3d,
    0x20,0x69,0x6e,0x2e,0x61,0x6c,0x70,0x68,0x61,0x54,0x65,0x73,0x74,0x4f,0x75,0x74,
    0x2e,0x77,0x3b,0x0a,0x20,0x20,0x20,0x20,0x20,0x20,0x20,0x20,0x7d,0x0a,0x20,0x20,
    0x20,0x20,0x20,0x20,0x20,0x20,0x5f,0x36,0x31,0x20,0x3d,0x20,0x5f,0x39,0x30,0x3b,
    0x0a,0x20,0x20,0x20,0x20,0x7d,0x0a,0x20,0x20,0x20,0x20,0x69,0x66,0x20,0x28,0x5f,
    0x36,0x31,0x20,0x3c,0x20,0x30,0x2e,0x30,0x29,0x0a,0x20,0x20,0x20,0x20,0x7b,0x0a,
    0x20,0x20,0x20,0x20,0x20,0x20,0x20,0x20,0x64,0x69,0x73,0x63,0x61,0x72,0x64,0x5f,
    0x66,0x72,0x61,0x67,0x6d,0x65,0x6e,0x74,0x28,0x29,0x3b,0x0a,0x20,0x20,0x20,0x20,
    0x7d,0x0a,0x20,0x20,0x20,0x20,0x66,0x6c,0x6f,0x61,0x74,0x34,0x20,0x5f,0x31,0x31,
    0x31,0x20,0x3d,0x20,0x63,0x3b,0x0a,0x20,0x20,0x20,0x20,0x66,0x6c,0x6f,0x61,0x74,
    0x33,0x20,0x5f,0x31,0x31,0x36,0x20,0x3d,0x20,0x6d,0x69,0x78,0x28,0x5f,0x32,0x37,
    0x2e,0x66,0x6f,0x67,0x43,0x6f,0x6c,0x6f,0x72,0x2e,0x78,0x79,0x7a,0x2c,0x20,0x5f,
    0x31,0x31,0x31,0x2e,0x78,0x79,0x7a,0x2c,0x20,0x66,0x6c,0x6f,0x61,0x74,0x33,0x28,
    0x69,0x6e,0x2e,0x66,0x6f,0x67,0x46,0x61,0x63,0x74,0x6f,0x72,0x29,0x29,0x3b,0x0a,
    0x20,0x20,0x20,0x20,0x66,0x6c,0x6f,0x61,0x74,0x34,0x20,0x5f,0x31,0x32,0x39,0x20,
    0x3d,0x20,0x5f,0x31,0x31,0x31,0x3b,0x0a,0x20,0x20,0x20,0x20,0x5f,0x31,0x32,0x39,
    0x2e,0x78,0x20,0x3d,0x20,0x5f,0x31,0x31,0x36,0x2e,0x78,0x3b,0x0a,0x20,0x20,0x20,
    0x20,0x5f,0x31,0x32,0x39,0x2e,0x79,0x20,0x3d,0x20,0x5f,0x31,0x31,0x36,0x2e,0x79,
    0x3b,0x0a,0x20,0x20,0x20,0x20,0x5f,0x31,0x32,0x39,0x2e,0x7a,0x20,0x3d,0x20,0x5f,
    0x31,0x31,0x36,0x2e,0x7a,0x3b,0x0a,0x20,0x20,0x20,0x20,0x63,0x20,0x3d,0x20,0x5f,
    0x31,0x32,0x39,0x3b,0x0a,0x20,0x20,0x20,0x20,0x6f,0x75,0x74,0x2e,0x66,0x72,0x61,
    0x67,0x5f,0x63,0x6f,0x6c,0x6f,0x72,0x20,0x3d,0x20,0x5f,0x31,0x32,0x39,0x3b,0x0a,
    0x20,0x20,0x20,0x20,0x72,0x65,0x74,0x75,0x72,0x6e,0x20,0x6f,0x75,0x74,0x3b,0x0a,
    0x7d,0x0a,0x0a,0x00,
};
#endif
/*
    diagnostic(off, derivative_uniformity);

    struct textured3d_vs_params {
      /_ @offset(0) _/
      mvp : mat4x4f,
      /_ @offset(64) _/
      diffuse : vec4f,
      /_ @offset(80) _/
      flags : vec4f,
      /_ @offset(96) _/
      alphaTest : vec4f,
      /_ @offset(112) _/
      fogVector : vec4f,
    }

    @binding(0) @group(0) var<uniform> x_19 : textured3d_vs_params;

    var<private> position_1 : vec3f;

    var<private> uv : vec2f;

    var<private> texcoord0 : vec2f;

    var<private> tint : vec4f;

    var<private> color0 : vec4f;

    var<private> alphaTestOut : vec4f;

    var<private> fogFactor : f32;

    var<private> gl_Position : vec4f;

    fn main_1() {
      let x_31 = vec4f(position_1.x, position_1.y, position_1.z, 1.0f);
      gl_Position = (x_19.mvp * x_31);
      uv = texcoord0;
      tint = (mix(vec4f(1.0f), color0, vec4f(x_19.flags.x)) * x_19.diffuse);
      alphaTestOut = x_19.alphaTest;
      fogFactor = (1.0f - clamp(dot(x_31, x_19.fogVector), 0.0f, 1.0f));
      return;
    }

    struct main_out {
      @builtin(position)
      gl_Position : vec4f,
      @location(0)
      uv_1 : vec2f,
      @location(1)
      tint_1 : vec4f,
      @location(2)
      alphaTestOut_1 : vec4f,
      @location(3)
      fogFactor_1 : f32,
    }

    @vertex
    fn main(@location(0) position_1_param : vec3f, @location(1) texcoord0_param : vec2f, @location(2) color0_param : vec4f) -> main_out {
      position_1 = position_1_param;
      texcoord0 = texcoord0_param;
      color0 = color0_param;
      main_1();
      return main_out(gl_Position, uv, tint, alphaTestOut, fogFactor);
    }
*/
#if defined(SOKOL_WGPU)
static const uint8_t cna_textured3d_vs_source_wgsl[1429] = {
    0x64,0x69,0x61,0x67,0x6e,0x6f,0x73,0x74,0x69,0x63,0x28,0x6f,0x66,0x66,0x2c,0x20,
    0x64,0x65,0x72,0x69,0x76,0x61,0x74,0x69,0x76,0x65,0x5f,0x75,0x6e,0x69,0x66,0x6f,
    0x72,0x6d,0x69,0x74,0x79,0x29,0x3b,0x0a,0x0a,0x73,0x74,0x72,0x75,0x63,0x74,0x20,
    0x74,0x65,0x78,0x74,0x75,0x72,0x65,0x64,0x33,0x64,0x5f,0x76,0x73,0x5f,0x70,0x61,
    0x72,0x61,0x6d,0x73,0x20,0x7b,0x0a,0x20,0x20,0x2f,0x2a,0x20,0x40,0x6f,0x66,0x66,
    0x73,0x65,0x74,0x28,0x30,0x29,0x20,0x2a,0x2f,0x0a,0x20,0x20,0x6d,0x76,0x70,0x20,
    0x3a,0x20,0x6d,0x61,0x74,0x34,0x78,0x34,0x66,0x2c,0x0a,0x20,0x20,0x2f,0x2a,0x20,
    0x40,0x6f,0x66,0x66,0x73,0x65,0x74,0x28,0x36,0x34,0x29,0x20,0x2a,0x2f,0x0a,0x20,
    0x20,0x64,0x69,0x66,0x66,0x75,0x73,0x65,0x20,0x3a,0x20,0x76,0x65,0x63,0x34,0x66,
    0x2c,0x0a,0x20,0x20,0x2f,0x2a,0x20,0x40,0x6f,0x66,0x66,0x73,0x65,0x74,0x28,0x38,
    0x30,0x29,0x20,0x2a,0x2f,0x0a,0x20,0x20,0x66,0x6c,0x61,0x67,0x73,0x20,0x3a,0x20,
    0x76,0x65,0x63,0x34,0x66,0x2c,0x0a,0x20,0x20,0x2f,0x2a,0x20,0x40,0x6f,0x66,0x66,
    0x73,0x65,0x74,0x28,0x39,0x36,0x29,0x20,0x2a,0x2f,0x0a,0x20,0x20,0x61,0x6c,0x70,
    0x68,0x61,0x54,0x65,0x73,0x74,0x20,0x3a,0x20,0x76,0x65,0x63,0x34,0x66,0x2c,0x0a,
    0x20,0x20,0x2f,0x2a,0x20,0x40,0x6f,0x66,0x66,0x73,0x65,0x74,0x28,0x31,0x31,0x32,
    0x29,0x20,0x2a,0x2f,0x0a,0x20,0x20,0x66,0x6f,0x67,0x56,0x65,0x63,0x74,0x6f,0x72,
    0x20,0x3a,0x20,0x76,0x65,0x63,0x34,0x66,0x2c,0x0a,0x7d,0x0a,0x0a,0x40,0x62,0x69,
    0x6e,0x64,0x69,0x6e,0x67,0x28,0x30,0x29,0x20,0x40,0x67,0x72,0x6f,0x75,0x70,0x28,
    0x30,0x29,0x20,0x76,0x61,0x72,0x3c,0x75,0x6e,0x69,0x66,0x6f,0x72,0x6d,0x3e,0x20,
    0x78,0x5f,0x31,0x39,0x20,0x3a,0x20,0x74,0x65,0x78,0x74,0x75,0x72,0x65,0x64,0x33,
    0x64,0x5f,0x76,0x73,0x5f,0x70,0x61,0x72,0x61,0x6d,0x73,0x3b,0x0a,0x0a,0x76,0x61,
    0x72,0x3c,0x70,0x72,0x69,0x76,0x61,0x74,0x65,0x3e,0x20,0x70,0x6f,0x73,0x69,0x74,
    0x69,0x6f,0x6e,0x5f,0x31,0x20,0x3a,0x20,0x76,0x65,0x63,0x33,0x66,0x3b,0x0a,0x0a,
    0x76,0x61,0x72,0x3c,0x70,0x72,0x69,0x76,0x61,0x74,0x65,0x3e,0x20,0x75,0x76,0x20,
    0x3a,0x20,0x76,0x65,0x63,0x32,0x66,0x3b,0x0a,0x0a,0x76,0x61,0x72,0x3c,0x70,0x72,
    0x69,0x76,0x61,0x74,0x65,0x3e,0x20,0x74,0x65,0x78,0x63,0x6f,0x6f,0x72,0x64,0x30,
    0x20,0x3a,0x20,0x76,0x65,0x63,0x32,0x66,0x3b,0x0a,0x0a,0x76,0x61,0x72,0x3c,0x70,
    0x72,0x69,0x76,0x61,0x74,0x65,0x3e,0x20,0x74,0x69,0x6e,0x74,0x20,0x3a,0x20,0x76,
    0x65,0x63,0x34,0x66,0x3b,0x0a,0x0a,0x76,0x61,0x72,0x3c,0x70,0x72,0x69,0x76,0x61,
    0x74,0x65,0x3e,0x20,0x63,0x6f,0x6c,0x6f,0x72,0x30,0x20,0x3a,0x20,0x76,0x65,0x63,
    0x34,0x66,0x3b,0x0a,0x0a,0x76,0x61,0x72,0x3c,0x70,0x72,0x69,0x76,0x61,0x74,0x65,
    0x3e,0x20,0x61,0x6c,0x70,0x68,0x61,0x54,0x65,0x73,0x74,0x4f,0x75,0x74,0x20,0x3a,
    0x20,0x76,0x65,0x63,0x34,0x66,0x3b,0x0a,0x0a,0x76,0x61,0x72,0x3c,0x70,0x72,0x69,
    0x76,0x61,0x74,0x65,0x3e,0x20,0x66,0x6f,0x67,0x46,0x61,0x63,0x74,0x6f,0x72,0x20,
    0x3a,0x20,0x66,0x33,0x32,0x3b,0x0a,0x0a,0x76,0x61,0x72,0x3c,0x70,0x72,0x69,0x76,
    0x61,0x74,0x65,0x3e,0x20,0x67,0x6c,0x5f,0x50,0x6f,0x73,0x69,0x74,0x69,0x6f,0x6e,
    0x20,0x3a,0x20,0x76,0x65,0x63,0x34,0x66,0x3b,0x0a,0x0a,0x66,0x6e,0x20,0x6d,0x61,
    0x69,0x6e,0x5f,0x31,0x28,0x29,0x20,0x7b,0x0a,0x20,0x20,0x6c,0x65,0x74,0x20,0x78,
    0x5f,0x33,0x31,0x20,0x3d,0x20,0x76,0x65,0x63,0x34,0x66,0x28,0x70,0x6f,0x73,0x69,
    0x74,0x69,0x6f,0x6e,0x5f,0x31,0x2e,0x78,0x2c,0x20,0x70,0x6f,0x73,0x69,0x74,0x69,
    0x6f,0x6e,0x5f,0x31,0x2e,0x79,0x2c,0x20,0x70,0x6f,0x73,0x69,0x74,0x69,0x6f,0x6e,
    0x5f,0x31,0x2e,0x7a,0x2c,0x20,0x31,0x2e,0x30,0x66,0x29,0x3b,0x0a,0x20,0x20,0x67,
    0x6c,0x5f,0x50,0x6f,0x73,0x69,0x74,0x69,0x6f,0x6e,0x20,0x3d,0x20,0x28,0x78,0x5f,
    0x31,0x39,0x2e,0x6d,0x76,0x70,0x20,0x2a,0x20,0x78,0x5f,0x33,0x31,0x29,0x3b,0x0a,
    0x20,0x20,0x75,0x76,0x20,0x3d,0x20,0x74,0x65,0x78,0x63,0x6f,0x6f,0x72,0x64,0x30,
    0x3b,0x0a,0x20,0x20,0x74,0x69,0x6e,0x74,0x20,0x3d,0x20,0x28,0x6d,0x69,0x78,0x28,
    0x76,0x65,0x63,0x34,0x66,0x28,0x31,0x2e,0x30,0x66,0x29,0x2c,0x20,0x63,0x6f,0x6c,
    0x6f,0x72,0x30,0x2c,0x20,0x76,0x65,0x63,0x34,0x66,0x28,0x78,0x5f,0x31,0x39,0x2e,
    0x66,0x6c,0x61,0x67,0x73,0x2e,0x78,0x29,0x29,0x20,0x2a,0x20,0x78,0x5f,0x31,0x39,
    0x2e,0x64,0x69,0x66,0x66,0x75,0x73,0x65,0x29,0x3b,0x0a,0x20,0x20,0x61,0x6c,0x70,
    0x68,0x61,0x54,0x65,0x73,0x74,0x4f,0x75,0x74,0x20,0x3d,0x20,0x78,0x5f,0x31,0x39,
    0x2e,0x61,0x6c,0x70,0x68,0x61,0x54,0x65,0x73,0x74,0x3b,0x0a,0x20,0x20,0x66,0x6f,
    0x67,0x46,0x61,0x63,0x74,0x6f,0x72,0x20,0x3d,0x20,0x28,0x31,0x2e,0x30,0x66,0x20,
    0x2d,0x20,0x63,0x6c,0x61,0x6d,0x70,0x28,0x64,0x6f,0x74,0x28,0x78,0x5f,0x33,0x31,
    0x2c,0x20,0x78,0x5f,0x31,0x39,0x2e,0x66,0x6f,0x67,0x56,0x65,0x63,0x74,0x6f,0x72,
    0x29,0x2c,0x20,0x30,0x2e,0x30,0x66,0x2c,0x20,0x31,0x2e,0x30,0x66,0x29,0x29,0x3b,
    0x0a,0x20,0x20,0x72,0x65,0x74,0x75,0x72,0x6e,0x3b,0x0a,0x7d,0x0a,0x0a,0x73,0x74,
    0x72,0x75,0x63,0x74,0x20,0x6d,0x61,0x69,0x6e,0x5f,0x6f,0x75,0x74,0x20,0x7b,0x0a,
    0x20,0x20,0x40,0x62,0x75,0x69,0x6c,0x74,0x69,0x6e,0x28,0x70,0x6f,0x73,0x69,0x74,
    0x69,0x6f,0x6e,0x29,0x0a,0x20,0x20,0x67,0x6c,0x5f,0x50,0x6f,0x73,0x69,0x74,0x69,
    0x6f,0x6e,0x20,0x3a,0x20,0x76,0x65,0x63,0x34,0x66,0x2c,0x0a,0x20,0x20,0x40,0x6c,
    0x6f,0x63,0x61,0x74,0x69,0x6f,0x6e,0x28,0x30,0x29,0x0a,0x20,0x20,0x75,0x76,0x5f,
    0x31,0x20,0x3a,0x20,0x76,0x65,0x63,0x32,0x66,0x2c,0x0a,0x20,0x20,0x40,0x6c,0x6f,
    0x63,0x61,0x74,0x69,0x6f,0x6e,0x28,0x31,0x29,0x0a,0x20,0x20,0x74,0x69,0x6e,0x74,
    0x5f,0x31,0x20,0x3a,0x20,0x76,0x65,0x63,0x34,0x66,0x2c,0x0a,0x20,0x20,0x40,0x6c,
    0x6f,0x63,0x61,0x74,0x69,0x6f,0x6e,0x28,0x32,0x29,0x0a,0x20,0x20,0x61,0x6c,0x70,
    0x68,0x61,0x54,0x65,0x73,0x74,0x4f,0x75,0x74,0x5f,0x31,0x20,0x3a,0x20,0x76,0x65,
    0x63,0x34,0x66,0x2c,0x0a,0x20,0x20,0x40,0x6c,0x6f,0x63,0x61,0x74,0x69,0x6f,0x6e,
    0x28,0x33,0x29,0x0a,0x20,0x20,0x66,0x6f,0x67,0x46,0x61,0x63,0x74,0x6f,0x72,0x5f,
    0x31,0x20,0x3a,0x20,0x66,0x33,0x32,0x2c,0x0a,0x7d,0x0a,0x0a,0x40,0x76,0x65,0x72,
    0x74,0x65,0x78,0x0a,0x66,0x6e,0x20,0x6d,0x61,0x69,0x6e,0x28,0x40,0x6c,0x6f,0x63,
    0x61,0x74,0x69,0x6f,0x6e,0x28,0x30,0x29,0x20,0x70,0x6f,0x73,0x69,0x74,0x69,0x6f,
    0x6e,0x5f,0x31,0x5f,0x70,0x61,0x72,0x61,0x6d,0x20,0x3a,0x20,0x76,0x65,0x63,0x33,
    0x66,0x2c,0x20,0x40,0x6c,0x6f,0x63,0x61,0x74,0x69,0x6f,0x6e,0x28,0x31,0x29,0x20,
    0x74,0x65,0x78,0x63,0x6f,0x6f,0x72,0x64,0x30,0x5f,0x70,0x61,0x72,0x61,0x6d,0x20,
    0x3a,0x20,0x76,0x65,0x63,0x32,0x66,0x2c,0x20,0x40,0x6c,0x6f,0x63,0x61,0x74,0x69,
    0x6f,0x6e,0x28,0x32,0x29,0x20,0x63,0x6f,0x6c,0x6f,0x72,0x30,0x5f,0x70,0x61,0x72,
    0x61,0x6d,0x20,0x3a,0x20,0x76,0x65,0x63,0x34,0x66,0x29,0x20,0x2d,0x3e,0x20,0x6d,
    0x61,0x69,0x6e,0x5f,0x6f,0x75,0x74,0x20,0x7b,0x0a,0x20,0x20,0x70,0x6f,0x73,0x69,
    0x74,0x69,0x6f,0x6e,0x5f,0x31,0x20,0x3d,0x20,0x70,0x6f,0x73,0x69,0x74,0x69,0x6f,
    0x6e,0x5f,0x31,0x5f,0x70,0x61,0x72,0x61,0x6d,0x3b,0x0a,0x20,0x20,0x74,0x65,0x78,
    0x63,0x6f,0x6f,0x72,0x64,0x30,0x20,0x3d,0x20,0x74,0x65,0x78,0x63,0x6f,0x6f,0x72,
    0x64,0x30,0x5f,0x70,0x61,0x72,0x61,0x6d,0x3b,0x0a,0x20,0x20,0x63,0x6f,0x6c,0x6f,
    0x72,0x30,0x20,0x3d,0x20,0x63,0x6f,0x6c,0x6f,0x72,0x30,0x5f,0x70,0x61,0x72,0x61,
    0x6d,0x3b,0x0a,0x20,0x20,0x6d,0x61,0x69,0x6e,0x5f,0x31,0x28,0x29,0x3b,0x0a,0x20,
    0x20,0x72,0x65,0x74,0x75,0x72,0x6e,0x20,0x6d,0x61,0x69,0x6e,0x5f,0x6f,0x75,0x74,
    0x28,0x67,0x6c,0x5f,0x50,0x6f,0x73,0x69,0x74,0x69,0x6f,0x6e,0x2c,0x20,0x75,0x76,
    0x2c,0x20,0x74,0x69,0x6e,0x74,0x2c,0x20,0x61,0x6c,0x70,0x68,0x61,0x54,0x65,0x73,
    0x74,0x4f,0x75,0x74,0x2c,0x20,0x66,0x6f,0x67,0x46,0x61,0x63,0x74,0x6f,0x72,0x29,
    0x3b,0x0a,0x7d,0x0a,0x00,
};
#endif
/*
    diagnostic(off, derivative_uniformity);

    struct textured3d_fs_params {
      /_ @offset(0) _/
      fogColor : vec4f,
      /_ @offset(16) _/
      rtFlipV : vec4f,
    }

    var<private> uv : vec2f;

    @binding(1) @group(0) var<uniform> x_27 : textured3d_fs_params;

    @binding(0) @group(1) var tex : texture_2d<f32>;

    @binding(32) @group(1) var smp : sampler;

    var<private> tint : vec4f;

    var<private> alphaTestOut : vec4f;

    var<private> fogFactor : f32;

    var<private> frag_color : vec4f;

    fn main_1() {
      var c : vec4f;
      var x_61 : f32;
      var x_74 : f32;
      var x_90 : f32;
      var x_57 : f32;
      let x_16 = uv.x;
      let x_19 = uv.y;
      let x_32 = x_27.rtFlipV.x;
      let x_48 = textureSample(tex, smp, vec2f(x_16, mix(x_19, (1.0f - x_19), x_32)));
      c = (x_48 * tint);
      x_57 = alphaTestOut.y;
      if ((x_57 > 0.0f)) {
        if ((abs((c.w - alphaTestOut.x)) < x_57)) {
          x_74 = alphaTestOut.z;
        } else {
          x_74 = alphaTestOut.w;
        }
        x_61 = x_74;
      } else {
        if ((c.w < alphaTestOut.x)) {
          x_90 = alphaTestOut.z;
        } else {
          x_90 = alphaTestOut.w;
        }
        x_61 = x_90;
      }
      if ((x_61 < 0.0f)) {
        discard;
      }
      let x_111 = c;
      let x_116 = mix(x_27.fogColor.xyz, c.xyz, vec3f(fogFactor));
      var x_129_1 = x_111;
      x_129_1.x = x_116.x;
      let x_129 = x_129_1;
      var x_131_1 = x_129;
      x_131_1.y = x_116.y;
      let x_131 = x_131_1;
      var x_133_1 = x_131;
      x_133_1.z = x_116.z;
      let x_133 = x_133_1;
      c = x_133_1;
      frag_color = x_133;
      return;
    }

    struct main_out {
      @location(0)
      frag_color_1 : vec4f,
    }

    @fragment
    fn main(@location(0) uv_param : vec2f, @location(1) tint_param : vec4f, @location(2) alphaTestOut_param : vec4f, @location(3) fogFactor_param : f32) -> main_out {
      uv = uv_param;
      tint = tint_param;
      alphaTestOut = alphaTestOut_param;
      fogFactor = fogFactor_param;
      main_1();
      return main_out(frag_color);
    }
*/
#if defined(SOKOL_WGPU)
static const uint8_t cna_textured3d_fs_source_wgsl[1834] = {
    0x64,0x69,0x61,0x67,0x6e,0x6f,0x73,0x74,0x69,0x63,0x28,0x6f,0x66,0x66,0x2c,0x20,
    0x64,0x65,0x72,0x69,0x76,0x61,0x74,0x69,0x76,0x65,0x5f,0x75,0x6e,0x69,0x66,0x6f,
    0x72,0x6d,0x69,0x74,0x79,0x29,0x3b,0x0a,0x0a,0x73,0x74,0x72,0x75,0x63,0x74,0x20,
    0x74,0x65,0x78,0x74,0x75,0x72,0x65,0x64,0x33,0x64,0x5f,0x66,0x73,0x5f,0x70,0x61,
    0x72,0x61,0x6d,0x73,0x20,0x7b,0x0a,0x20,0x20,0x2f,0x2a,0x20,0x40,0x6f,0x66,0x66,
    0x73,0x65,0x74,0x28,0x30,0x29,0x20,0x2a,0x2f,0x0a,0x20,0x20,0x66,0x6f,0x67,0x43,
    0x6f,0x6c,0x6f,0x72,0x20,0x3a,0x20,0x76,0x65,0x63,0x34,0x66,0x2c,0x0a,0x20,0x20,
    0x2f,0x2a,0x20,0x40,0x6f,0x66,0x66,0x73,0x65,0x74,0x28,0x31,0x36,0x29,0x20,0x2a,
    0x2f,0x0a,0x20,0x20,0x72,0x74,0x46,0x6c,0x69,0x70,0x56,0x20,0x3a,0x20,0x76,0x65,
    0x63,0x34,0x66,0x2c,0x0a,0x7d,0x0a,0x0a,0x76,0x61,0x72,0x3c,0x70,0x72,0x69,0x76,
    0x61,0x74,0x65,0x3e,0x20,0x75,0x76,0x20,0x3a,0x20,0x76,0x65,0x63,0x32,0x66,0x3b,
    0x0a,0x0a,0x40,0x62,0x69,0x6e,0x64,0x69,0x6e,0x67,0x28,0x31,0x29,0x20,0x40,0x67,
    0x72,0x6f,0x75,0x70,0x28,0x30,0x29,0x20,0x76,0x61,0x72,0x3c,0x75,0x6e,0x69,0x66,
    0x6f,0x72,0x6d,0x3e,0x20,0x78,0x5f,0x32,0x37,0x20,0x3a,0x20,0x74,0x65,0x78,0x74,
    0x75,0x72,0x65,0x64,0x33,0x64,0x5f,0x66,0x73,0x5f,0x70,0x61,0x72,0x61,0x6d,0x73,
    0x3b,0x0a,0x0a,0x40,0x62,0x69,0x6e,0x64,0x69,0x6e,0x67,0x28,0x30,0x29,0x20,0x40,
    0x67,0x72,0x6f,0x75,0x70,0x28,0x31,0x29,0x20,0x76,0x61,0x72,0x20,0x74,0x65,0x78,
    0x20,0x3a,0x20,0x74,0x65,0x78,0x74,0x75,0x72,0x65,0x5f,0x32,0x64,0x3c,0x66,0x33,
    0x32,0x3e,0x3b,0x0a,0x0a,0x40,0x62,0x69,0x6e,0x64,0x69,0x6e,0x67,0x28,0x33,0x32,
    0x29,0x20,0x40,0x67,0x72,0x6f,0x75,0x70,0x28,0x31,0x29,0x20,0x76,0x61,0x72,0x20,
    0x73,0x6d,0x70,0x20,0x3a,0x20,0x73,0x61,0x6d,0x70,0x6c,0x65,0x72,0x3b,0x0a,0x0a,
    0x76,0x61,0x72,0x3c,0x70,0x72,0x69,0x76,0x61,0x74,0x65,0x3e,0x20,0x74,0x69,0x6e,
    0x74,0x20,0x3a,0x20,0x76,0x65,0x63,0x34,0x66,0x3b,0x0a,0x0a,0x76,0x61,0x72,0x3c,
    0x70,0x72,0x69,0x76,0x61,0x74,0x65,0x3e,0x20,0x61,0x6c,0x70,0x68,0x61,0x54,0x65,
    0x73,0x74,0x4f,0x75,0x74,0x20,0x3a,0x20,0x76,0x65,0x63,0x34,0x66,0x3b,0x0a,0x0a,
    0x76,0x61,0x72,0x3c,0x70,0x72,0x69,0x76,0x61,0x74,0x65,0x3e,0x20,0x66,0x6f,0x67,
    0x46,0x61,0x63,0x74,0x6f,0x72,0x20,0x3a,0x20,0x66,0x33,0x32,0x3b,0x0a,0x0a,0x76,
    0x61,0x72,0x3c,0x70,0x72,0x69,0x76,0x61,0x74,0x65,0x3e,0x20,0x66,0x72,0x61,0x67,
    0x5f,0x63,0x6f,0x6c,0x6f,0x72,0x20,0x3a,0x20,0x76,0x65,0x63,0x34,0x66,0x3b,0x0a,
    0x0a,0x66,0x6e,0x20,0x6d,0x61,0x69,0x6e,0x5f,0x31,0x28,0x29,0x20,0x7b,0x0a,0x20,
    0x20,0x76,0x61,0x72,0x20,0x63,0x20,0x3a,0x20,0x76,0x65,0x63,0x34,0x66,0x3b,0x0a,
    0x20,0x20,0x76,0x61,0x72,0x20,0x78,0x5f,0x36,0x31,0x20,0x3a,0x20,0x66,0x33,0x32,
    0x3b,0x0a,0x20,0x20,0x76,0x61,0x72,0x20,0x78,0x5f,0x37,0x34,0x20,0x3a,0x20,0x66,
    0x33,0x32,0x3b,0x0a,0x20,0x20,0x76,0x61,0x72,0x20,0x78,0x5f,0x39,0x30,0x20,0x3a,
    0x20,0x66,0x33,0x32,0x3b,0x0a,0x20,0x20,0x76,0x61,0x72,0x20,0x78,0x5f,0x35,0x37,
    0x20,0x3a,0x20,0x66,0x33,0x32,0x3b,0x0a,0x20,0x20,0x6c,0x65,0x74,0x20,0x78,0x5f,
    0x31,0x36,0x20,0x3d,0x20,0x75,0x76,0x2e,0x78,0x3b,0x0a,0x20,0x20,0x6c,0x65,0x74,
    0x20,0x78,0x5f,0x31,0x39,0x20,0x3d,0x20,0x75,0x76,0x2e,0x79,0x3b,0x0a,0x20,0x20,
    0x6c,0x65,0x74,0x20,0x78,0x5f,0x33,0x32,0x20,0x3d,0x20,0x78,0x5f,0x32,0x37,0x2e,
    0x72,0x74,0x46,0x6c,0x69,0x70,0x56,0x2e,0x78,0x3b,0x0a,0x20,0x20,0x6c,0x65,0x74,
    0x20,0x78,0x5f,0x34,0x38,0x20,0x3d,0x20,0x74,0x65,0x78,0x74,0x75,0x72,0x65,0x53,
    0x61,0x6d,0x70,0x6c,0x65,0x28,0x74,0x65,0x78,0x2c,0x20,0x73,0x6d,0x70,0x2c,0x20,
    0x76,0x65,0x63,0x32,0x66,0x28,0x78,0x5f,0x31,0x36,0x2c,0x20,0x6d,0x69,0x78,0x28,
    0x78,0x5f,0x31,0x39,0x2c,0x20,0x28,0x31,0x2e,0x30,0x66,0x20,0x2d,0x20,0x78,0x5f,
    0x31,0x39,0x29,0x2c,0x20,0x78,0x5f,0x33,0x32,0x29,0x29,0x29,0x3b,0x0a,0x20,0x20,
    0x63,0x20,0x3d,0x20,0x28,0x78,0x5f,0x34,0x38,0x20,0x2a,0x20,0x74,0x69,0x6e,0x74,
    0x29,0x3b,0x0a,0x20,0x20,0x78,0x5f,0x35,0x37,0x20,0x3d,0x20,0x61,0x6c,0x70,0x68,
    0x61,0x54,0x65,0x73,0x74,0x4f,0x75,0x74,0x2e,0x79,0x3b,0x0a,0x20,0x20,0x69,0x66,
    0x20,0x28,0x28,0x78,0x5f,0x35,0x37,0x20,0x3e,0x20,0x30,0x2e,0x30,0x66,0x29,0x29,
    0x20,0x7b,0x0a,0x20,0x20,0x20,0x20,0x69,0x66,0x20,0x28,0x28,0x61,0x62,0x73,0x28,
    0x28,0x63,0x2e,0x77,0x20,0x2d,0x20,0x61,0x6c,0x70,0x68,0x61,0x54,0x65,0x73,0x74,
    0x4f,0x75,0x74,0x2e,0x78,0x29,0x29,0x20,0x3c,0x20,0x78,0x5f,0x35,0x37,0x29,0x29,
    0x20,0x7b,0x0a,0x20,0x20,0x20,0x20,0x20,0x20,0x78,0x5f,0x37,0x34,0x20,0x3d,0x20,
    0x61,0x6c,0x70,0x68,0x61,0x54,0x65,0x73,0x74,0x4f,0x75,0x74,0x2e,0x7a,0x3b,0x0a,
    0x20,0x20,0x20,0x20,0x7d,0x20,0x65,0x6c,0x73,0x65,0x20,0x7b,0x0a,0x20,0x20,0x20,
    0x20,0x20,0x20,0x78,0x5f,0x37,0x34,0x20,0x3d,0x20,0x61,0x6c,0x70,0x68,0x61,0x54,
    0x65,0x73,0x74,0x4f,0x75,0x74,0x2e,0x77,0x3b,0x0a,0x20,0x20,0x20,0x20,0x7d,0x0a,
    0x20,0x20,0x20,0x20,0x78,0x5f,0x36,0x31,0x20,0x3d,0x20,0x78,0x5f,0x37,0x34,0x3b,
    0x0a,0x20,0x20,0x7d,0x20,0x65,0x6c,0x73,0x65,0x20,0x7b,0x0a,0x20,0x20,0x20,0x20,
    0x69,0x66,0x20,0x28,0x28,0x63,0x2e,0x77,0x20,0x3c,0x20,0x61,0x6c,0x70,0x68,0x61,
    0x54,0x65,0x73,0x74,0x4f,0x75,0x74,0x2e,0x78,0x29,0x29,0x20,0x7b,0x0a,0x20,0x20,
    0x20,0x20,0x20,0x20,0x78,0x5f,0x39,0x30,0x20,0x3d,0x20,0x61,0x6c,0x70,0x68,0x61,
    0x54,0x65,0x73,0x74,0x4f,0x75,0x74,0x2e,0x7a,0x3b,0x0a,0x20,0x20,0x20,0x20,0x7d,
    0x20,0x65,0x6c,0x73,0x65,0x20,0x7b,0x0a,0x20,0x20,0x20,0x20,0x20,0x20,0x78,0x5f,
    0x39,0x30,0x20,0x3d,0x20,0x61,0x6c,0x70,0x68,0x61,0x54,0x65,0x73,0x74,0x4f,0x75,
    0x74,0x2e,0x77,0x3b,0x0a,0x20,0x20,0x20,0x20,0x7d,0x0a,0x20,0x20,0x20,0x20,0x78,
    0x5f,0x36,0x31,0x20,0x3d,0x20,0x78,0x5f,0x39,0x30,0x3b,0x0a,0x20,0x20,0x7d,0x0a,
    0x20,0x20,0x69,0x66,0x20,0x28,0x28,0x78,0x5f,0x36,0x31,0x20,0x3c,0x20,0x30,0x2e,
    0x30,0x66,0x29,0x29,0x20,0x7b,0x0a,0x20,0x20,0x20,0x20,0x64,0x69,0x73,0x63,0x61,
    0x72,0x64,0x3b,0x0a,0x20,0x20,0x7d,0x0a,0x20,0x20,0x6c,0x65,0x74,0x20,0x78,0x5f,
    0x31,0x31,0x31,0x20,0x3d,0x20,0x63,0x3b,0x0a,0x20,0x20,0x6c,0x65,0x74,0x20,0x78,
    0x5f,0x31,0x31,0x36,0x20,0x3d,0x20,0x6d,0x69,0x78,0x28,0x78,0x5f,0x32,0x37,0x2e,
    0x66,0x6f,0x67,0x43,0x6f,0x6c,0x6f,0x72,0x2e,0x78,0x79,0x7a,0x2c,0x20,0x63,0x2e,
    0x78,0x79,0x7a,0x2c,0x20,0x76,0x65,0x63,0x33,0x66,0x28,0x66,0x6f,0x67,0x46,0x61,
    0x63,0x74,0x6f,0x72,0x29,0x29,0x3b,0x0a,0x20,0x20,0x76,0x61,0x72,0x20,0x78,0x5f,
    0x31,0x32,0x39,0x5f,0x31,0x20,0x3d,0x20,0x78,0x5f,0x31,0x31,0x31,0x3b,0x0a,0x20,
    0x20,0x78,0x5f,0x31,0x32,0x39,0x5f,0x31,0x2e,0x78,0x20,0x3d,0x20,0x78,0x5f,0x31,
    0x31,0x36,0x2e,0x78,0x3b,0x0a,0x20,0x20,0x6c,0x65,0x74,0x20,0x78,0x5f,0x31,0x32,
    0x39,0x20,0x3d,0x20,0x78,0x5f,0x31,0x32,0x39,0x5f,0x31,0x3b,0x0a,0x20,0x20,0x76,
    0x61,0x72,0x20,0x78,0x5f,0x31,0x33,0x31,0x5f,0x31,0x20,0x3d,0x20,0x78,0x5f,0x31,
    0x32,0x39,0x3b,0x0a,0x20,0x20,0x78,0x5f,0x31,0x33,0x31,0x5f,0x31,0x2e,0x79,0x20,
    0x3d,0x20,0x78,0x5f,0x31,0x31,0x36,0x2e,0x79,0x3b,0x0a,0x20,0x20,0x6c,0x65,0x74,
    0x20,0x78,0x5f,0x31,0x33,0x31,0x20,0x3d,0x20,0x78,0x5f,0x31,0x33,0x31,0x5f,0x31,
    0x3b,0x0a,0x20,0x20,0x76,0x61,0x72,0x20,0x78,0x5f,0x31,0x33,0x33,0x5f,0x31,0x20,
    0x3d,0x20,0x78,0x5f,0x31,0x33,0x31,0x3b,0x0a,0x20,0x20,0x78,0x5f,0x31,0x33,0x33,
    0x5f,0x31,0x2e,0x7a,0x20,0x3d,0x20,0x78,0x5f,0x31,0x31,0x36,0x2e,0x7a,0x3b,0x0a,
    0x20,0x20,0x6c,0x65,0x74,0x20,0x78,0x5f,0x31,0x33,0x33,0x20,0x3d,0x20,0x78,0x5f,
    0x31,0x33,0x33,0x5f,0x31,0x3b,0x0a,0x20,0x20,0x63,0x20,0x3d,0x20,0x78,0x5f,0x31,
    0x33,0x33,0x5f,0x31,0x3b,0x0a,0x20,0x20,0x66,0x72,0x61,0x67,0x5f,0x63,0x6f,0x6c,
    0x6f,0x72,0x20,0x3d,0x20,0x78,0x5f,0x31,0x33,0x33,0x3b,0x0a,0x20,0x20,0x72,0x65,
    0x74,0x75,0x72,0x6e,0x3b,0x0a,0x7d,0x0a,0x0a,0x73,0x74,0x72,0x75,0x63,0x74,0x20,
    0x6d,0x61,0x69,0x6e,0x5f,0x6f,0x75,0x74,0x20,0x7b,0x0a,0x20,0x20,0x40,0x6c,0x6f,
    0x63,0x61,0x74,0x69,0x6f,0x6e,0x28,0x30,0x29,0x0a,0x20,0x20,0x66,0x72,0x61,0x67,
    0x5f,0x63,0x6f,0x6c,0x6f,0x72,0x5f,0x31,0x20,0x3a,0x20,0x76,0x65,0x63,0x34,0x66,
    0x2c,0x0a,0x7d,0x0a,0x0a,0x40,0x66,0x72,0x61,0x67,0x6d,0x65,0x6e,0x74,0x0a,0x66,
    0x6e,0x20,0x6d,0x61,0x69,0x6e,0x28,0x40,0x6c,0x6f,0x63,0x61,0x74,0x69,0x6f,0x6e,
    0x28,0x30,0x29,0x20,0x75,0x76,0x5f,0x70,0x61,0x72,0x61,0x6d,0x20,0x3a,0x20,0x76,
    0x65,0x63,0x32,0x66,0x2c,0x20,0x40,0x6c,0x6f,0x63,0x61,0x74,0x69,0x6f,0x6e,0x28,
    0x31,0x29,0x20,0x74,0x69,0x6e,0x74,0x5f,0x70,0x61,0x72,0x61,0x6d,0x20,0x3a,0x20,
    0x76,0x65,0x63,0x34,0x66,0x2c,0x20,0x40,0x6c,0x6f,0x63,0x61,0x74,0x69,0x6f,0x6e,
    0x28,0x32,0x29,0x20,0x61,0x6c,0x70,0x68,0x61,0x54,0x65,0x73,0x74,0x4f,0x75,0x74,
    0x5f,0x70,0x61,0x72,0x61,0x6d,0x20,0x3a,0x20,0x76,0x65,0x63,0x34,0x66,0x2c,0x20,
    0x40,0x6c,0x6f,0x63,0x61,0x74,0x69,0x6f,0x6e,0x28,0x33,0x29,0x20,0x66,0x6f,0x67,
    0x46,0x61,0x63,0x74,0x6f,0x72,0x5f,0x70,0x61,0x72,0x61,0x6d,0x20,0x3a,0x20,0x66,
    0x33,0x32,0x29,0x20,0x2d,0x3e,0x20,0x6d,0x61,0x69,0x6e,0x5f,0x6f,0x75,0x74,0x20,
    0x7b,0x0a,0x20,0x20,0x75,0x76,0x20,0x3d,0x20,0x75,0x76,0x5f,0x70,0x61,0x72,0x61,
    0x6d,0x3b,0x0a,0x20,0x20,0x74,0x69,0x6e,0x74,0x20,0x3d,0x20,0x74,0x69,0x6e,0x74,
    0x5f,0x70,0x61,0x72,0x61,0x6d,0x3b,0x0a,0x20,0x20,0x61,0x6c,0x70,0x68,0x61,0x54,
    0x65,0x73,0x74,0x4f,0x75,0x74,0x20,0x3d,0x20,0x61,0x6c,0x70,0x68,0x61,0x54,0x65,
    0x73,0x74,0x4f,0x75,0x74,0x5f,0x70,0x61,0x72,0x61,0x6d,0x3b,0x0a,0x20,0x20,0x66,
    0x6f,0x67,0x46,0x61,0x63,0x74,0x6f,0x72,0x20,0x3d,0x20,0x66,0x6f,0x67,0x46,0x61,
    0x63,0x74,0x6f,0x72,0x5f,0x70,0x61,0x72,0x61,0x6d,0x3b,0x0a,0x20,0x20,0x6d,0x61,
    0x69,0x6e,0x5f,0x31,0x28,0x29,0x3b,0x0a,0x20,0x20,0x72,0x65,0x74,0x75,0x72,0x6e,
    0x20,0x6d,0x61,0x69,0x6e,0x5f,0x6f,0x75,0x74,0x28,0x66,0x72,0x61,0x67,0x5f,0x63,
    0x6f,0x6c,0x6f,0x72,0x29,0x3b,0x0a,0x7d,0x0a,0x00,
};
#endif
const sg_shader_desc* cna_textured3d_shader_desc(sg_backend renderer) {
    #if defined(SOKOL_GLCORE)
    if (renderer == SG_BACKEND_GLCORE) {
        static sg_shader_desc desc;
        static bool valid;
        if (!valid) {
            valid = true;
            desc.vertex_func.source = (const char*)cna_textured3d_vs_source_glsl410;
            desc.vertex_func.entry = "main";
            desc.fragment_func.source = (const char*)cna_textured3d_fs_source_glsl410;
            desc.fragment_func.entry = "main";
            desc.attrs[0].base_type = SG_SHADERATTRBASETYPE_FLOAT;
            desc.attrs[0].glsl_name = "position";
            desc.attrs[1].base_type = SG_SHADERATTRBASETYPE_FLOAT;
            desc.attrs[1].glsl_name = "texcoord0";
            desc.attrs[2].base_type = SG_SHADERATTRBASETYPE_FLOAT;
            desc.attrs[2].glsl_name = "color0";
            desc.uniform_blocks[0].stage = SG_SHADERSTAGE_VERTEX;
            desc.uniform_blocks[0].layout = SG_UNIFORMLAYOUT_STD140;
            desc.uniform_blocks[0].size = 128;
            desc.uniform_blocks[0].glsl_uniforms[0].type = SG_UNIFORMTYPE_FLOAT4;
            desc.uniform_blocks[0].glsl_uniforms[0].array_count = 8;
            desc.uniform_blocks[0].glsl_uniforms[0].glsl_name = "textured3d_vs_params";
            desc.uniform_blocks[1].stage = SG_SHADERSTAGE_FRAGMENT;
            desc.uniform_blocks[1].layout = SG_UNIFORMLAYOUT_STD140;
            desc.uniform_blocks[1].size = 32;
            desc.uniform_blocks[1].glsl_uniforms[0].type = SG_UNIFORMTYPE_FLOAT4;
            desc.uniform_blocks[1].glsl_uniforms[0].array_count = 2;
            desc.uniform_blocks[1].glsl_uniforms[0].glsl_name = "textured3d_fs_params";
            desc.views[0].texture.stage = SG_SHADERSTAGE_FRAGMENT;
            desc.views[0].texture.image_type = SG_IMAGETYPE_2D;
            desc.views[0].texture.sample_type = SG_IMAGESAMPLETYPE_FLOAT;
            desc.views[0].texture.multisampled = false;
            desc.samplers[0].stage = SG_SHADERSTAGE_FRAGMENT;
            desc.samplers[0].sampler_type = SG_SAMPLERTYPE_FILTERING;
            desc.texture_sampler_pairs[0].stage = SG_SHADERSTAGE_FRAGMENT;
            desc.texture_sampler_pairs[0].view_slot = 0;
            desc.texture_sampler_pairs[0].sampler_slot = 0;
            desc.texture_sampler_pairs[0].glsl_name = "tex_smp";
            desc.label = "cna_textured3d_shader";
        }
        return &desc;
    }
    #endif /* SOKOL_GLCORE */
    #if defined(SOKOL_GLES3)
    if (renderer == SG_BACKEND_GLES3) {
        static sg_shader_desc desc;
        static bool valid;
        if (!valid) {
            valid = true;
            desc.vertex_func.source = (const char*)cna_textured3d_vs_source_glsl300es;
            desc.vertex_func.entry = "main";
            desc.fragment_func.source = (const char*)cna_textured3d_fs_source_glsl300es;
            desc.fragment_func.entry = "main";
            desc.attrs[0].base_type = SG_SHADERATTRBASETYPE_FLOAT;
            desc.attrs[0].glsl_name = "position";
            desc.attrs[1].base_type = SG_SHADERATTRBASETYPE_FLOAT;
            desc.attrs[1].glsl_name = "texcoord0";
            desc.attrs[2].base_type = SG_SHADERATTRBASETYPE_FLOAT;
            desc.attrs[2].glsl_name = "color0";
            desc.uniform_blocks[0].stage = SG_SHADERSTAGE_VERTEX;
            desc.uniform_blocks[0].layout = SG_UNIFORMLAYOUT_STD140;
            desc.uniform_blocks[0].size = 128;
            desc.uniform_blocks[0].glsl_uniforms[0].type = SG_UNIFORMTYPE_FLOAT4;
            desc.uniform_blocks[0].glsl_uniforms[0].array_count = 8;
            desc.uniform_blocks[0].glsl_uniforms[0].glsl_name = "textured3d_vs_params";
            desc.uniform_blocks[1].stage = SG_SHADERSTAGE_FRAGMENT;
            desc.uniform_blocks[1].layout = SG_UNIFORMLAYOUT_STD140;
            desc.uniform_blocks[1].size = 32;
            desc.uniform_blocks[1].glsl_uniforms[0].type = SG_UNIFORMTYPE_FLOAT4;
            desc.uniform_blocks[1].glsl_uniforms[0].array_count = 2;
            desc.uniform_blocks[1].glsl_uniforms[0].glsl_name = "textured3d_fs_params";
            desc.views[0].texture.stage = SG_SHADERSTAGE_FRAGMENT;
            desc.views[0].texture.image_type = SG_IMAGETYPE_2D;
            desc.views[0].texture.sample_type = SG_IMAGESAMPLETYPE_FLOAT;
            desc.views[0].texture.multisampled = false;
            desc.samplers[0].stage = SG_SHADERSTAGE_FRAGMENT;
            desc.samplers[0].sampler_type = SG_SAMPLERTYPE_FILTERING;
            desc.texture_sampler_pairs[0].stage = SG_SHADERSTAGE_FRAGMENT;
            desc.texture_sampler_pairs[0].view_slot = 0;
            desc.texture_sampler_pairs[0].sampler_slot = 0;
            desc.texture_sampler_pairs[0].glsl_name = "tex_smp";
            desc.label = "cna_textured3d_shader";
        }
        return &desc;
    }
    #endif /* SOKOL_GLES3 */
    #if defined(SOKOL_D3D11)
    if (renderer == SG_BACKEND_D3D11) {
        static sg_shader_desc desc;
        static bool valid;
        if (!valid) {
            valid = true;
            desc.vertex_func.source = (const char*)cna_textured3d_vs_source_hlsl5;
            desc.vertex_func.d3d11_target = "vs_5_0";
            desc.vertex_func.entry = "main";
            desc.fragment_func.source = (const char*)cna_textured3d_fs_source_hlsl5;
            desc.fragment_func.d3d11_target = "ps_5_0";
            desc.fragment_func.entry = "main";
            desc.attrs[0].base_type = SG_SHADERATTRBASETYPE_FLOAT;
            desc.attrs[0].hlsl_sem_name = "TEXCOORD";
            desc.attrs[0].hlsl_sem_index = 0;
            desc.attrs[1].base_type = SG_SHADERATTRBASETYPE_FLOAT;
            desc.attrs[1].hlsl_sem_name = "TEXCOORD";
            desc.attrs[1].hlsl_sem_index = 1;
            desc.attrs[2].base_type = SG_SHADERATTRBASETYPE_FLOAT;
            desc.attrs[2].hlsl_sem_name = "TEXCOORD";
            desc.attrs[2].hlsl_sem_index = 2;
            desc.uniform_blocks[0].stage = SG_SHADERSTAGE_VERTEX;
            desc.uniform_blocks[0].layout = SG_UNIFORMLAYOUT_STD140;
            desc.uniform_blocks[0].size = 128;
            desc.uniform_blocks[0].hlsl_register_b_n = 0;
            desc.uniform_blocks[1].stage = SG_SHADERSTAGE_FRAGMENT;
            desc.uniform_blocks[1].layout = SG_UNIFORMLAYOUT_STD140;
            desc.uniform_blocks[1].size = 32;
            desc.uniform_blocks[1].hlsl_register_b_n = 1;
            desc.views[0].texture.stage = SG_SHADERSTAGE_FRAGMENT;
            desc.views[0].texture.image_type = SG_IMAGETYPE_2D;
            desc.views[0].texture.sample_type = SG_IMAGESAMPLETYPE_FLOAT;
            desc.views[0].texture.multisampled = false;
            desc.views[0].texture.hlsl_register_t_n = 0;
            desc.samplers[0].stage = SG_SHADERSTAGE_FRAGMENT;
            desc.samplers[0].sampler_type = SG_SAMPLERTYPE_FILTERING;
            desc.samplers[0].hlsl_register_s_n = 0;
            desc.texture_sampler_pairs[0].stage = SG_SHADERSTAGE_FRAGMENT;
            desc.texture_sampler_pairs[0].view_slot = 0;
            desc.texture_sampler_pairs[0].sampler_slot = 0;
            desc.label = "cna_textured3d_shader";
        }
        return &desc;
    }
    #endif /* SOKOL_D3D11 */
    #if defined(SOKOL_METAL)
    if (renderer == SG_BACKEND_METAL_MACOS) {
        static sg_shader_desc desc;
        static bool valid;
        if (!valid) {
            valid = true;
            desc.vertex_func.source = (const char*)cna_textured3d_vs_source_metal_macos;
            desc.vertex_func.entry = "main0";
            desc.fragment_func.source = (const char*)cna_textured3d_fs_source_metal_macos;
            desc.fragment_func.entry = "main0";
            desc.attrs[0].base_type = SG_SHADERATTRBASETYPE_FLOAT;
            desc.attrs[1].base_type = SG_SHADERATTRBASETYPE_FLOAT;
            desc.attrs[2].base_type = SG_SHADERATTRBASETYPE_FLOAT;
            desc.uniform_blocks[0].stage = SG_SHADERSTAGE_VERTEX;
            desc.uniform_blocks[0].layout = SG_UNIFORMLAYOUT_STD140;
            desc.uniform_blocks[0].size = 128;
            desc.uniform_blocks[0].msl_buffer_n = 0;
            desc.uniform_blocks[1].stage = SG_SHADERSTAGE_FRAGMENT;
            desc.uniform_blocks[1].layout = SG_UNIFORMLAYOUT_STD140;
            desc.uniform_blocks[1].size = 32;
            desc.uniform_blocks[1].msl_buffer_n = 1;
            desc.views[0].texture.stage = SG_SHADERSTAGE_FRAGMENT;
            desc.views[0].texture.image_type = SG_IMAGETYPE_2D;
            desc.views[0].texture.sample_type = SG_IMAGESAMPLETYPE_FLOAT;
            desc.views[0].texture.multisampled = false;
            desc.views[0].texture.msl_texture_n = 0;
            desc.samplers[0].stage = SG_SHADERSTAGE_FRAGMENT;
            desc.samplers[0].sampler_type = SG_SAMPLERTYPE_FILTERING;
            desc.samplers[0].msl_sampler_n = 0;
            desc.texture_sampler_pairs[0].stage = SG_SHADERSTAGE_FRAGMENT;
            desc.texture_sampler_pairs[0].view_slot = 0;
            desc.texture_sampler_pairs[0].sampler_slot = 0;
            desc.label = "cna_textured3d_shader";
        }
        return &desc;
    }
    #endif /* SOKOL_METAL */
    #if defined(SOKOL_WGPU)
    if (renderer == SG_BACKEND_WGPU) {
        static sg_shader_desc desc;
        static bool valid;
        if (!valid) {
            valid = true;
            desc.vertex_func.source = (const char*)cna_textured3d_vs_source_wgsl;
            desc.vertex_func.entry = "main";
            desc.fragment_func.source = (const char*)cna_textured3d_fs_source_wgsl;
            desc.fragment_func.entry = "main";
            desc.attrs[0].base_type = SG_SHADERATTRBASETYPE_FLOAT;
            desc.attrs[1].base_type = SG_SHADERATTRBASETYPE_FLOAT;
            desc.attrs[2].base_type = SG_SHADERATTRBASETYPE_FLOAT;
            desc.uniform_blocks[0].stage = SG_SHADERSTAGE_VERTEX;
            desc.uniform_blocks[0].layout = SG_UNIFORMLAYOUT_STD140;
            desc.uniform_blocks[0].size = 128;
            desc.uniform_blocks[0].wgsl_group0_binding_n = 0;
            desc.uniform_blocks[1].stage = SG_SHADERSTAGE_FRAGMENT;
            desc.uniform_blocks[1].layout = SG_UNIFORMLAYOUT_STD140;
            desc.uniform_blocks[1].size = 32;
            desc.uniform_blocks[1].wgsl_group0_binding_n = 1;
            desc.views[0].texture.stage = SG_SHADERSTAGE_FRAGMENT;
            desc.views[0].texture.image_type = SG_IMAGETYPE_2D;
            desc.views[0].texture.sample_type = SG_IMAGESAMPLETYPE_FLOAT;
            desc.views[0].texture.multisampled = false;
            desc.views[0].texture.wgsl_group1_binding_n = 0;
            desc.samplers[0].stage = SG_SHADERSTAGE_FRAGMENT;
            desc.samplers[0].sampler_type = SG_SAMPLERTYPE_FILTERING;
            desc.samplers[0].wgsl_group1_binding_n = 32;
            desc.texture_sampler_pairs[0].stage = SG_SHADERSTAGE_FRAGMENT;
            desc.texture_sampler_pairs[0].view_slot = 0;
            desc.texture_sampler_pairs[0].sampler_slot = 0;
            desc.label = "cna_textured3d_shader";
        }
        return &desc;
    }
    #endif /* SOKOL_WGPU */
    return 0;
}
#endif // SOKOL_SHDC_IMPL
/*
    #version:1# (machine generated, don't edit!)

    Generated by sokol-shdc (https://github.com/floooh/sokol-tools)

    Overview:
    =========
    Shader program: 'lit3d':
        Get shader desc: cna_lit3d_shader_desc(sg_query_backend());
        Vertex Shader: lit3d_vs
        Fragment Shader: lit3d_fs
        Attributes:
            ATTR_cna_lit3d_position => 0
            ATTR_cna_lit3d_normal => 1
            ATTR_cna_lit3d_texcoord0 => 2
            ATTR_cna_lit3d_color0 => 3
    Bindings:
        Uniform block 'lit3d_vs_params':
            C struct: cna_lit3d_vs_params_t
            Bind slot: UB_cna_lit3d_vs_params => 0
        Uniform block 'lit3d_fs_params':
            C struct: cna_lit3d_fs_params_t
            Bind slot: UB_cna_lit3d_fs_params => 1
        Texture 'tex':
            Image type: SG_IMAGETYPE_2D
            Sample type: SG_IMAGESAMPLETYPE_FLOAT
            Multisampled: false
            Bind slot: VIEW_cna_tex => 0
        Sampler 'smp':
            Type: SG_SAMPLERTYPE_FILTERING
            Bind slot: SMP_cna_smp => 0
*/
#if !defined(SOKOL_GFX_INCLUDED)
#error "Please include sokol_gfx.h before lit3d.h"
#endif
#if !defined(SOKOL_SHDC_ALIGN)
#if defined(_MSC_VER)
#define SOKOL_SHDC_ALIGN(a) __declspec(align(a))
#else
#define SOKOL_SHDC_ALIGN(a) __attribute__((aligned(a)))
#endif
#endif
const sg_shader_desc* cna_lit3d_shader_desc(sg_backend renderer);
#define ATTR_cna_lit3d_position (0)
#define ATTR_cna_lit3d_normal (1)
#define ATTR_cna_lit3d_texcoord0 (2)
#define ATTR_cna_lit3d_color0 (3)
#define UB_cna_lit3d_vs_params (0)
#define UB_cna_lit3d_fs_params (1)
#define VIEW_cna_tex (0)
#define SMP_cna_smp (0)
#pragma pack(push,1)
SOKOL_SHDC_ALIGN(16) typedef struct cna_lit3d_vs_params_t {
    float mvp[16];
    float world[16];
    float normalMatrix[16];
    float flags[4];
    float alphaTest[4];
    float fogVector[4];
} cna_lit3d_vs_params_t;
#pragma pack(pop)
#pragma pack(push,1)
SOKOL_SHDC_ALIGN(16) typedef struct cna_lit3d_fs_params_t {
    float diffuse[4];
    float ambient[4];
    float light0Dir[4];
    float light0Diffuse[4];
    float light0Specular[4];
    float light1Dir[4];
    float light1Diffuse[4];
    float light1Specular[4];
    float light2Dir[4];
    float light2Diffuse[4];
    float light2Specular[4];
    float specularColorAndPower[4];
    float eyePosition[4];
    float emissiveColor[4];
    float fogColor[4];
    float rtFlipV[4];
} cna_lit3d_fs_params_t;
#pragma pack(pop)
#if defined(SOKOL_SHDC_IMPL)
/*
    #version 410

    uniform vec4 lit3d_vs_params[15];
    layout(location = 0) in vec3 position;
    layout(location = 1) out vec3 worldPos;
    layout(location = 0) out vec3 worldNormal;
    layout(location = 1) in vec3 normal;
    layout(location = 2) out vec2 uv;
    layout(location = 2) in vec2 texcoord0;
    layout(location = 3) out vec4 tint;
    layout(location = 3) in vec4 color0;
    layout(location = 4) out float fogFactor;
    layout(location = 5) out vec4 alphaTestOut;

    void main()
    {
        vec4 _31 = vec4(position, 1.0);
        gl_Position = mat4(lit3d_vs_params[0], lit3d_vs_params[1], lit3d_vs_params[2], lit3d_vs_params[3]) * _31;
        worldPos = (mat4(lit3d_vs_params[4], lit3d_vs_params[5], lit3d_vs_params[6], lit3d_vs_params[7]) * _31).xyz;
        mat4 _50 = mat4(lit3d_vs_params[8], lit3d_vs_params[9], lit3d_vs_params[10], lit3d_vs_params[11]);
        worldNormal = mat3(_50[0].xyz, _50[1].xyz, _50[2].xyz) * normal;
        uv = texcoord0;
        tint = mix(vec4(1.0), color0, vec4(lit3d_vs_params[12].x));
        fogFactor = 1.0 - clamp(dot(_31, lit3d_vs_params[14]), 0.0, 1.0);
        alphaTestOut = lit3d_vs_params[13];
    }

*/
#if defined(SOKOL_GLCORE)
static const uint8_t cna_lit3d_vs_source_glsl410[1084] = {
    0x23,0x76,0x65,0x72,0x73,0x69,0x6f,0x6e,0x20,0x34,0x31,0x30,0x0a,0x0a,0x75,0x6e,
    0x69,0x66,0x6f,0x72,0x6d,0x20,0x76,0x65,0x63,0x34,0x20,0x6c,0x69,0x74,0x33,0x64,
    0x5f,0x76,0x73,0x5f,0x70,0x61,0x72,0x61,0x6d,0x73,0x5b,0x31,0x35,0x5d,0x3b,0x0a,
    0x6c,0x61,0x79,0x6f,0x75,0x74,0x28,0x6c,0x6f,0x63,0x61,0x74,0x69,0x6f,0x6e,0x20,
    0x3d,0x20,0x30,0x29,0x20,0x69,0x6e,0x20,0x76,0x65,0x63,0x33,0x20,0x70,0x6f,0x73,
    0x69,0x74,0x69,0x6f,0x6e,0x3b,0x0a,0x6c,0x61,0x79,0x6f,0x75,0x74,0x28,0x6c,0x6f,
    0x63,0x61,0x74,0x69,0x6f,0x6e,0x20,0x3d,0x20,0x31,0x29,0x20,0x6f,0x75,0x74,0x20,
    0x76,0x65,0x63,0x33,0x20,0x77,0x6f,0x72,0x6c,0x64,0x50,0x6f,0x73,0x3b,0x0a,0x6c,
    0x61,0x79,0x6f,0x75,0x74,0x28,0x6c,0x6f,0x63,0x61,0x74,0x69,0x6f,0x6e,0x20,0x3d,
    0x20,0x30,0x29,0x20,0x6f,0x75,0x74,0x20,0x76,0x65,0x63,0x33,0x20,0x77,0x6f,0x72,
    0x6c,0x64,0x4e,0x6f,0x72,0x6d,0x61,0x6c,0x3b,0x0a,0x6c,0x61,0x79,0x6f,0x75,0x74,
    0x28,0x6c,0x6f,0x63,0x61,0x74,0x69,0x6f,0x6e,0x20,0x3d,0x20,0x31,0x29,0x20,0x69,
    0x6e,0x20,0x76,0x65,0x63,0x33,0x20,0x6e,0x6f,0x72,0x6d,0x61,0x6c,0x3b,0x0a,0x6c,
    0x61,0x79,0x6f,0x75,0x74,0x28,0x6c,0x6f,0x63,0x61,0x74,0x69,0x6f,0x6e,0x20,0x3d,
    0x20,0x32,0x29,0x20,0x6f,0x75,0x74,0x20,0x76,0x65,0x63,0x32,0x20,0x75,0x76,0x3b,
    0x0a,0x6c,0x61,0x79,0x6f,0x75,0x74,0x28,0x6c,0x6f,0x63,0x61,0x74,0x69,0x6f,0x6e,
    0x20,0x3d,0x20,0x32,0x29,0x20,0x69,0x6e,0x20,0x76,0x65,0x63,0x32,0x20,0x74,0x65,
    0x78,0x63,0x6f,0x6f,0x72,0x64,0x30,0x3b,0x0a,0x6c,0x61,0x79,0x6f,0x75,0x74,0x28,
    0x6c,0x6f,0x63,0x61,0x74,0x69,0x6f,0x6e,0x20,0x3d,0x20,0x33,0x29,0x20,0x6f,0x75,
    0x74,0x20,0x76,0x65,0x63,0x34,0x20,0x74,0x69,0x6e,0x74,0x3b,0x0a,0x6c,0x61,0x79,
    0x6f,0x75,0x74,0x28,0x6c,0x6f,0x63,0x61,0x74,0x69,0x6f,0x6e,0x20,0x3d,0x20,0x33,
    0x29,0x20,0x69,0x6e,0x20,0x76,0x65,0x63,0x34,0x20,0x63,0x6f,0x6c,0x6f,0x72,0x30,
    0x3b,0x0a,0x6c,0x61,0x79,0x6f,0x75,0x74,0x28,0x6c,0x6f,0x63,0x61,0x74,0x69,0x6f,
    0x6e,0x20,0x3d,0x20,0x34,0x29,0x20,0x6f,0x75,0x74,0x20,0x66,0x6c,0x6f,0x61,0x74,
    0x20,0x66,0x6f,0x67,0x46,0x61,0x63,0x74,0x6f,0x72,0x3b,0x0a,0x6c,0x61,0x79,0x6f,
    0x75,0x74,0x28,0x6c,0x6f,0x63,0x61,0x74,0x69,0x6f,0x6e,0x20,0x3d,0x20,0x35,0x29,
    0x20,0x6f,0x75,0x74,0x20,0x76,0x65,0x63,0x34,0x20,0x61,0x6c,0x70,0x68,0x61,0x54,
    0x65,0x73,0x74,0x4f,0x75,0x74,0x3b,0x0a,0x0a,0x76,0x6f,0x69,0x64,0x20,0x6d,0x61,
    0x69,0x6e,0x28,0x29,0x0a,0x7b,0x0a,0x20,0x20,0x20,0x20,0x76,0x65,0x63,0x34,0x20,
    0x5f,0x33,0x31,0x20,0x3d,0x20,0x76,0x65,0x63,0x34,0x28,0x70,0x6f,0x73,0x69,0x74,
    0x69,0x6f,0x6e,0x2c,0x20,0x31,0x2e,0x30,0x29,0x3b,0x0a,0x20,0x20,0x20,0x20,0x67,
    0x6c,0x5f,0x50,0x6f,0x73,0x69,0x74,0x69,0x6f,0x6e,0x20,0x3d,0x20,0x6d,0x61,0x74,
    0x34,0x28,0x6c,0x69,0x74,0x33,0x64,0x5f,0x76,0x73,0x5f,0x70,0x61,0x72,0x61,0x6d,
    0x73,0x5b,0x30,0x5d,0x2c,0x20,0x6c,0x69,0x74,0x33,0x64,0x5f,0x76,0x73,0x5f,0x70,
    0x61,0x72,0x61,0x6d,0x73,0x5b,0x31,0x5d,0x2c,0x20,0x6c,0x69,0x74,0x33,0x64,0x5f,
    0x76,0x73,0x5f,0x70,0x61,0x72,0x61,0x6d,0x73,0x5b,0x32,0x5d,0x2c,0x20,0x6c,0x69,
    0x74,0x33,0x64,0x5f,0x76,0x73,0x5f,0x70,0x61,0x72,0x61,0x6d,0x73,0x5b,0x33,0x5d,
    0x29,0x20,0x2a,0x20,0x5f,0x33,0x31,0x3b,0x0a,0x20,0x20,0x20,0x20,0x77,0x6f,0x72,
    0x6c,0x64,0x50,0x6f,0x73,0x20,0x3d,0x20,0x28,0x6d,0x61,0x74,0x34,0x28,0x6c,0x69,
    0x74,0x33,0x64,0x5f,0x76,0x73,0x5f,0x70,0x61,0x72,0x61,0x6d,0x73,0x5b,0x34,0x5d,
    0x2c,0x20,0x6c,0x69,0x74,0x33,0x64,0x5f,0x76,0x73,0x5f,0x70,0x61,0x72,0x61,0x6d,
    0x73,0x5b,0x35,0x5d,0x2c,0x20,0x6c,0x69,0x74,0x33,0x64,0x5f,0x76,0x73,0x5f,0x70,
    0x61,0x72,0x61,0x6d,0x73,0x5b,0x36,0x5d,0x2c,0x20,0x6c,0x69,0x74,0x33,0x64,0x5f,
    0x76,0x73,0x5f,0x70,0x61,0x72,0x61,0x6d,0x73,0x5b,0x37,0x5d,0x29,0x20,0x2a,0x20,
    0x5f,0x33,0x31,0x29,0x2e,0x78,0x79,0x7a,0x3b,0x0a,0x20,0x20,0x20,0x20,0x6d,0x61,
    0x74,0x34,0x20,0x5f,0x35,0x30,0x20,0x3d,0x20,0x6d,0x61,0x74,0x34,0x28,0x6c,0x69,
    0x74,0x33,0x64,0x5f,0x76,0x73,0x5f,0x70,0x61,0x72,0x61,0x6d,0x73,0x5b,0x38,0x5d,
    0x2c,0x20,0x6c,0x69,0x74,0x33,0x64,0x5f,0x76,0x73,0x5f,0x70,0x61,0x72,0x61,0x6d,
    0x73,0x5b,0x39,0x5d,0x2c,0x20,0x6c,0x69,0x74,0x33,0x64,0x5f,0x76,0x73,0x5f,0x70,
    0x61,0x72,0x61,0x6d,0x73,0x5b,0x31,0x30,0x5d,0x2c,0x20,0x6c,0x69,0x74,0x33,0x64,
    0x5f,0x76,0x73,0x5f,0x70,0x61,0x72,0x61,0x6d,0x73,0x5b,0x31,0x31,0x5d,0x29,0x3b,
    0x0a,0x20,0x20,0x20,0x20,0x77,0x6f,0x72,0x6c,0x64,0x4e,0x6f,0x72,0x6d,0x61,0x6c,
    0x20,0x3d,0x20,0x6d,0x61,0x74,0x33,0x28,0x5f,0x35,0x30,0x5b,0x30,0x5d,0x2e,0x78,
    0x79,0x7a,0x2c,0x20,0x5f,0x35,0x30,0x5b,0x31,0x5d,0x2e,0x78,0x79,0x7a,0x2c,0x20,
    0x5f,0x35,0x30,0x5b,0x32,0x5d,0x2e,0x78,0x79,0x7a,0x29,0x20,0x2a,0x20,0x6e,0x6f,
    0x72,0x6d,0x61,0x6c,0x3b,0x0a,0x20,0x20,0x20,0x20,0x75,0x76,0x20,0x3d,0x20,0x74,
    0x65,0x78,0x63,0x6f,0x6f,0x72,0x64,0x30,0x3b,0x0a,0x20,0x20,0x20,0x20,0x74,0x69,
    0x6e,0x74,0x20,0x3d,0x20,0x6d,0x69,0x78,0x28,0x76,0x65,0x63,0x34,0x28,0x31,0x2e,
    0x30,0x29,0x2c,0x20,0x63,0x6f,0x6c,0x6f,0x72,0x30,0x2c,0x20,0x76,0x65,0x63,0x34,
    0x28,0x6c,0x69,0x74,0x33,0x64,0x5f,0x76,0x73,0x5f,0x70,0x61,0x72,0x61,0x6d,0x73,
    0x5b,0x31,0x32,0x5d,0x2e,0x78,0x29,0x29,0x3b,0x0a,0x20,0x20,0x20,0x20,0x66,0x6f,
    0x67,0x46,0x61,0x63,0x74,0x6f,0x72,0x20,0x3d,0x20,0x31,0x2e,0x30,0x20,0x2d,0x20,
    0x63,0x6c,0x61,0x6d,0x70,0x28,0x64,0x6f,0x74,0x28,0x5f,0x33,0x31,0x2c,0x20,0x6c,
    0x69,0x74,0x33,0x64,0x5f,0x76,0x73,0x5f,0x70,0x61,0x72,0x61,0x6d,0x73,0x5b,0x31,
    0x34,0x5d,0x29,0x2c,0x20,0x30,0x2e,0x30,0x2c,0x20,0x31,0x2e,0x30,0x29,0x3b,0x0a,
    0x20,0x20,0x20,0x20,0x61,0x6c,0x70,0x68,0x61,0x54,0x65,0x73,0x74,0x4f,0x75,0x74,
    0x20,0x3d,0x20,0x6c,0x69,0x74,0x33,0x64,0x5f,0x76,0x73,0x5f,0x70,0x61,0x72,0x61,
    0x6d,0x73,0x5b,0x31,0x33,0x5d,0x3b,0x0a,0x7d,0x0a,0x0a,0x00,
};
#endif
/*
    #version 410

    uniform vec4 lit3d_fs_params[16];
    uniform sampler2D tex_smp;

    layout(location = 0) in vec3 worldNormal;
    layout(location = 1) in vec3 worldPos;
    layout(location = 3) in vec4 tint;
    layout(location = 2) in vec2 uv;
    layout(location = 5) in vec4 alphaTestOut;
    layout(location = 4) in float fogFactor;
    layout(location = 0) out vec4 frag_color;

    void main()
    {
        vec3 _13 = normalize(worldNormal);
        vec3 _28 = normalize(lit3d_fs_params[12].xyz - worldPos);
        float _37 = dot(_13, -lit3d_fs_params[2].xyz);
        float _52 = dot(_13, -lit3d_fs_params[5].xyz);
        float _66 = dot(_13, -lit3d_fs_params[8].xyz);
        vec4 _243 = texture(tex_smp, vec2(uv.x, mix(uv.y, 1.0 - uv.y, lit3d_fs_params[15].x))) * vec4((((((lit3d_fs_params[1].xyz + (lit3d_fs_params[3].xyz * max(_37, 0.0))) + (lit3d_fs_params[6].xyz * max(_52, 0.0))) + (lit3d_fs_params[9].xyz * max(_66, 0.0))) * lit3d_fs_params[0].xyz) * tint.xyz) + lit3d_fs_params[13].xyz, lit3d_fs_params[0].w * tint.w);
        vec3 _250 = _243.xyz + (((((lit3d_fs_params[4].xyz * pow(max(dot(normalize(_28 - lit3d_fs_params[2].xyz), _13), 0.0) * step(0.0, _37), lit3d_fs_params[11].w)) + (lit3d_fs_params[7].xyz * pow(max(dot(normalize(_28 - lit3d_fs_params[5].xyz), _13), 0.0) * step(0.0, _52), lit3d_fs_params[11].w))) + (lit3d_fs_params[10].xyz * pow(max(dot(normalize(_28 - lit3d_fs_params[8].xyz), _13), 0.0) * step(0.0, _66), lit3d_fs_params[11].w))) * lit3d_fs_params[11].xyz) * _243.w);
        vec4 _327 = _243;
        _327.x = _250.x;
        _327.y = _250.y;
        _327.z = _250.z;
        vec4 c = _327;
        float _264;
        if (alphaTestOut.y > 0.0)
        {
            float _276;
            if (abs(c.w - alphaTestOut.x) < alphaTestOut.y)
            {
                _276 = alphaTestOut.z;
            }
            else
            {
                _276 = alphaTestOut.w;
            }
            _264 = _276;
        }
        else
        {
            float _291;
            if (c.w < alphaTestOut.x)
            {
                _291 = alphaTestOut.z;
            }
            else
            {
                _291 = alphaTestOut.w;
            }
            _264 = _291;
        }
        if (_264 < 0.0)
        {
            discard;
        }
        vec4 _310 = c;
        vec3 _315 = mix(lit3d_fs_params[14].xyz, _310.xyz, vec3(fogFactor));
        vec4 _335 = _310;
        _335.x = _315.x;
        _335.y = _315.y;
        _335.z = _315.z;
        c = _335;
        frag_color = _335;
    }

*/
#if defined(SOKOL_GLCORE)
static const uint8_t cna_lit3d_fs_source_glsl410[2315] = {
    0x23,0x76,0x65,0x72,0x73,0x69,0x6f,0x6e,0x20,0x34,0x31,0x30,0x0a,0x0a,0x75,0x6e,
    0x69,0x66,0x6f,0x72,0x6d,0x20,0x76,0x65,0x63,0x34,0x20,0x6c,0x69,0x74,0x33,0x64,
    0x5f,0x66,0x73,0x5f,0x70,0x61,0x72,0x61,0x6d,0x73,0x5b,0x31,0x36,0x5d,0x3b,0x0a,
    0x75,0x6e,0x69,0x66,0x6f,0x72,0x6d,0x20,0x73,0x61,0x6d,0x70,0x6c,0x65,0x72,0x32,
    0x44,0x20,0x74,0x65,0x78,0x5f,0x73,0x6d,0x70,0x3b,0x0a,0x0a,0x6c,0x61,0x79,0x6f,
    0x75,0x74,0x28,0x6c,0x6f,0x63,0x61,0x74,0x69,0x6f,0x6e,0x20,0x3d,0x20,0x30,0x29,
    0x20,0x69,0x6e,0x20,0x76,0x65,0x63,0x33,0x20,0x77,0x6f,0x72,0x6c,0x64,0x4e,0x6f,
    0x72,0x6d,0x61,0x6c,0x3b,0x0a,0x6c,0x61,0x79,0x6f,0x75,0x74,0x28,0x6c,0x6f,0x63,
    0x61,0x74,0x69,0x6f,0x6e,0x20,0x3d,0x20,0x31,0x29,0x20,0x69,0x6e,0x20,0x76,0x65,
    0x63,0x33,0x20,0x77,0x6f,0x72,0x6c,0x64,0x50,0x6f,0x73,0x3b,0x0a,0x6c,0x61,0x79,
    0x6f,0x75,0x74,0x28,0x6c,0x6f,0x63,0x61,0x74,0x69,0x6f,0x6e,0x20,0x3d,0x20,0x33,
    0x29,0x20,0x69,0x6e,0x20,0x76,0x65,0x63,0x34,0x20,0x74,0x69,0x6e,0x74,0x3b,0x0a,
    0x6c,0x61,0x79,0x6f,0x75,0x74,0x28,0x6c,0x6f,0x63,0x61,0x74,0x69,0x6f,0x6e,0x20,
    0x3d,0x20,0x32,0x29,0x20,0x69,0x6e,0x20,0x76,0x65,0x63,0x32,0x20,0x75,0x76,0x3b,
    0x0a,0x6c,0x61,0x79,0x6f,0x75,0x74,0x28,0x6c,0x6f,0x63,0x61,0x74,0x69,0x6f,0x6e,
    0x20,0x3d,0x20,0x35,0x29,0x20,0x69,0x6e,0x20,0x76,0x65,0x63,0x34,0x20,0x61,0x6c,
    0x70,0x68,0x61,0x54,0x65,0x73,0x74,0x4f,0x75,0x74,0x3b,0x0a,0x6c,0x61,0x79,0x6f,
    0x75,0x74,0x28,0x6c,0x6f,0x63,0x61,0x74,0x69,0x6f,0x6e,0x20,0x3d,0x20,0x34,0x29,
    0x20,0x69,0x6e,0x20,0x66,0x6c,0x6f,0x61,0x74,0x20,0x66,0x6f,0x67,0x46,0x61,0x63,
    0x74,0x6f,0x72,0x3b,0x0a,0x6c,0x61,0x79,0x6f,0x75,0x74,0x28,0x6c,0x6f,0x63,0x61,
    0x74,0x69,0x6f,0x6e,0x20,0x3d,0x20,0x30,0x29,0x20,0x6f,0x75,0x74,0x20,0x76,0x65,
    0x63,0x34,0x20,0x66,0x72,0x61,0x67,0x5f,0x63,0x6f,0x6c,0x6f,0x72,0x3b,0x0a,0x0a,
    0x76,0x6f,0x69,0x64,0x20,0x6d,0x61,0x69,0x6e,0x28,0x29,0x0a,0x7b,0x0a,0x20,0x20,
    0x20,0x20,0x76,0x65,0x63,0x33,0x20,0x5f,0x31,0x33,0x20,0x3d,0x20,0x6e,0x6f,0x72,
    0x6d,0x61,0x6c,0x69,0x7a,0x65,0x28,0x77,0x6f,0x72,0x6c,0x64,0x4e,0x6f,0x72,0x6d,
    0x61,0x6c,0x29,0x3b,0x0a,0x20,0x20,0x20,0x20,0x76,0x65,0x63,0x33,0x20,0x5f,0x32,
    0x38,0x20,0x3d,0x20,0x6e,0x6f,0x72,0x6d,0x61,0x6c,0x69,0x7a,0x65,0x28,0x6c,0x69,
    0x74,0x33,0x64,0x5f,0x66,0x73,0x5f,0x70,0x61,0x72,0x61,0x6d,0x73,0x5b,0x31,0x32,
    0x5d,0x2e,0x78,0x79,0x7a,0x20,0x2d,0x20,0x77,0x6f,0x72,0x6c,0x64,0x50,0x6f,0x73,
    0x29,0x3b,0x0a,0x20,0x20,0x20,0x20,0x66,0x6c,0x6f,0x61,0x74,0x20,0x5f,0x33,0x37,
    0x20,0x3d,0x20,0x64,0x6f,0x74,0x28,0x5f,0x31,0x33,0x2c,0x20,0x2d,0x6c,0x69,0x74,
    0x33,0x64,0x5f,0x66,0x73,0x5f,0x70,0x61,0x72,0x61,0x6d,0x73,0x5b,0x32,0x5d,0x2e,
    0x78,0x79,0x7a,0x29,0x3b,0x0a,0x20,0x20,0x20,0x20,0x66,0x6c,0x6f,0x61,0x74,0x20,
    0x5f,0x35,0x32,0x20,0x3d,0x20,0x64,0x6f,0x74,0x28,0x5f,0x31,0x33,0x2c,0x20,0x2d,
    0x6c,0x69,0x74,0x33,0x64,0x5f,0x66,0x73,0x5f,0x70,0x61,0x72,0x61,0x6d,0x73,0x5b,
    0x35,0x5d,0x2e,0x78,0x79,0x7a,0x29,0x3b,0x0a,0x20,0x20,0x20,0x20,0x66,0x6c,0x6f,
    0x61,0x74,0x20,0x5f,0x36,0x36,0x20,0x3d,0x20,0x64,0x6f,0x74,0x28,0x5f,0x31,0x33,
    0x2c,0x20,0x2d,0x6c,0x69,0x74,0x33,0x64,0x5f,0x66,0x73,0x5f,0x70,0x61,0x72,0x61,
    0x6d,0x73,0x5b,0x38,0x5d,0x2e,0x78,0x79,0x7a,0x29,0x3b,0x0a,0x20,0x20,0x20,0x20,
    0x76,0x65,0x63,0x34,0x20,0x5f,0x32,0x34,0x33,0x20,0x3d,0x20,0x74,0x65,0x78,0x74,
    0x75,0x72,0x65,0x28,0x74,0x65,0x78,0x5f,0x73,0x6d,0x70,0x2c,0x20,0x76,0x65,0x63,
    0x32,0x28,0x75,0x76,0x2e,0x78,0x2c,0x20,0x6d,0x69,0x78,0x28,0x75,0x76,0x2e,0x79,
    0x2c,0x20,0x31,0x2e,0x30,0x20,0x2d,0x20,0x75,0x76,0x2e,0x79,0x2c,0x20,0x6c,0x69,
    0x74,0x33,0x64,0x5f,0x66,0x73,0x5f,0x70,0x61,0x72,0x61,0x6d,0x73,0x5b,0x31,0x35,
    0x5d,0x2e,0x78,0x29,0x29,0x29,0x20,0x2a,0x20,0x76,0x65,0x63,0x34,0x28,0x28,0x28,
    0x28,0x28,0x28,0x6c,0x69,0x74,0x33,0x64,0x5f,0x66,0x73,0x5f,0x70,0x61,0x72,0x61,
    0x6d,0x73,0x5b,0x31,0x5d,0x2e,0x78,0x79,0x7a,0x20,0x2b,0x20,0x28,0x6c,0x69,0x74,
    0x33,0x64,0x5f,0x66,0x73,0x5f,0x70,0x61,0x72,0x61,0x6d,0x73,0x5b,0x33,0x5d,0x2e,
    0x78,0x79,0x7a,0x20,0x2a,0x20,0x6d,0x61,0x78,0x28,0x5f,0x33,0x37,0x2c,0x20,0x30,
    0x2e,0x30,0x29,0x29,0x29,0x20,0x2b,0x20,0x28,0x6c,0x69,0x74,0x33,0x64,0x5f,0x66,
    0x73,0x5f,0x70,0x61,0x72,0x61,0x6d,0x73,0x5b,0x36,0x5d,0x2e,0x78,0x79,0x7a,0x20,
    0x2a,0x20,0x6d,0x61,0x78,0x28,0x5f,0x35,0x32,0x2c,0x20,0x30,0x2e,0x30,0x29,0x29,
    0x29,0x20,0x2b,0x20,0x28,0x6c,0x69,0x74,0x33,0x64,0x5f,0x66,0x73,0x5f,0x70,0x61,
    0x72,0x61,0x6d,0x73,0x5b,0x39,0x5d,0x2e,0x78,0x79,0x7a,0x20,0x2a,0x20,0x6d,0x61,
    0x78,0x28,0x5f,0x36,0x36,0x2c,0x20,0x30,0x2e,0x30,0x29,0x29,0x29,0x20,0x2a,0x20,
    0x6c,0x69,0x74,0x33,0x64,0x5f,0x66,0x73,0x5f,0x70,0x61,0x72,0x61,0x6d,0x73,0x5b,
    0x30,0x5d,0x2e,0x78,0x79,0x7a,0x29,0x20,0x2a,0x20,0x74,0x69,0x6e,0x74,0x2e,0x78,
    0x79,0x7a,0x29,0x20,0x2b,0x20,0x6c,0x69,0x74,0x33,0x64,0x5f,0x66,0x73,0x5f,0x70,
    0x61,0x72,0x61,0x6d,0x73,0x5b,0x31,0x33,0x5d,0x2e,0x78,0x79,0x7a,0x2c,0x20,0x6c,
    0x69,0x74,0x33,0x64,0x5f,0x66,0x73,0x5f,0x70,0x61,0x72,0x61,0x6d,0x73,0x5b,0x30,
    0x5d,0x2e,0x77,0x20,0x2a,0x20,0x74,0x69,0x6e,0x74,0x2e,0x77,0x29,0x3b,0x0a,0x20,
    0x20,0x20,0x20,0x76,0x65,0x63,0x33,0x20,0x5f,0x32,0x35,0x30,0x20,0x3d,0x20,0x5f,
    0x32,0x34,0x33,0x2e,0x78,0x79,0x7a,0x20,0x2b,0x20,0x28,0x28,0x28,0x28,0x28,0x6c,
    0x69,0x74,0x33,0x64,0x5f,0x66,0x73,0x5f,0x70,0x61,0x72,0x61,0x6d,0x73,0x5b,0x34,
    0x5d,0x2e,0x78,0x79,0x7a,0x20,0x2a,0x20,0x70,0x6f,0x77,0x28,0x6d,0x61,0x78,0x28,
    0x64,0x6f,0x74,0x28,0x6e,0x6f,0x72,0x6d,0x61,0x6c,0x69,0x7a,0x65,0x28,0x5f,0x32,
    0x38,0x20,0x2d,0x20,0x6c,0x69,0x74,0x33,0x64,0x5f,0x66,0x73,0x5f,0x70,0x61,0x72,
    0x61,0x6d,0x73,0x5b,0x32,0x5d,0x2e,0x78,0x79,0x7a,0x29,0x2c,0x20,0x5f,0x31,0x33,
    0x29,0x2c,0x20,0x30,0x2e,0x30,0x29,0x20,0x2a,0x20,0x73,0x74,0x65,0x70,0x28,0x30,
    0x2e,0x30,0x2c,0x20,0x5f,0x33,0x37,0x29,0x2c,0x20,0x6c,0x69,0x74,0x33,0x64,0x5f,
    0x66,0x73,0x5f,0x70,0x61,0x72,0x61,0x6d,0x73,0x5b,0x31,0x31,0x5d,0x2e,0x77,0x29,
    0x29,0x20,0x2b,0x20,0x28,0x6c,0x69,0x74,0x33,0x64,0x5f,0x66,0x73,0x5f,0x70,0x61,
    0x72,0x61,0x6d,0x73,0x5b,0x37,0x5d,0x2e,0x78,0x79,0x7a,0x20,0x2a,0x20,0x70,0x6f,
    0x77,0x28,0x6d,0x61,0x78,0x28,0x64,0x6f,0x74,0x28,0x6e,0x6f,0x72,0x6d,0x61,0x6c,
    0x69,0x7a,0x65,0x28,0x5f,0x32,0x38,0x20,0x2d,0x20,0x6c,0x69,0x74,0x33,0x64,0x5f,
    0x66,0x73,0x5f,0x70,0x61,0x72,0x61,0x6d,0x73,0x5b,0x35,0x5d,0x2e,0x78,0x79,0x7a,
    0x29,0x2c,0x20,0x5f,0x31,0x33,0x29,0x2c,0x20,0x30,0x2e,0x30,0x29,0x20,0x2a,0x20,
    0x73,0x74,0x65,0x70,0x28,0x30,0x2e,0x30,0x2c,0x20,0x5f,0x35,0x32,0x29,0x2c,0x20,
    0x6c,0x69,0x74,0x33,0x64,0x5f,0x66,0x73,0x5f,0x70,0x61,0x72,0x61,0x6d,0x73,0x5b,
    0x31,0x31,0x5d,0x2e,0x77,0x29,0x29,0x29,0x20,0x2b,0x20,0x28,0x6c,0x69,0x74,0x33,
    0x64,0x5f,0x66,0x73,0x5f,0x70,0x61,0x72,0x61,0x6d,0x73,0x5b,0x31,0x30,0x5d,0x2e,
    0x78,0x79,0x7a,0x20,0x2a,0x20,0x70,0x6f,0x77,0x28,0x6d,0x61,0x78,0x28,0x64,0x6f,
    0x74,0x28,0x6e,0x6f,0x72,0x6d,0x61,0x6c,0x69,0x7a,0x65,0x28,0x5f,0x32,0x38,0x20,
    0x2d,0x20,0x6c,0x69,0x74,0x33,0x64,0x5f,0x66,0x73,0x5f,0x70,0x61,0x72,0x61,0x6d,
    0x73,0x5b,0x38,0x5d,0x2e,0x78,0x79,0x7a,0x29,0x2c,0x20,0x5f,0x31,0x33,0x29,0x2c,
    0x20,0x30,0x2e,0x30,0x29,0x20,0x2a,0x20,0x73,0x74,0x65,0x70,0x28,0x30,0x2e,0x30,
    0x2c,0x20,0x5f,0x36,0x36,0x29,0x2c,0x20,0x6c,0x69,0x74,0x33,0x64,0x5f,0x66,0x73,
    0x5f,0x70,0x61,0x72,0x61,0x6d,0x73,0x5b,0x31,0x31,0x5d,0x2e,0x77,0x29,0x29,0x29,
    0x20,0x2a,0x20,0x6c,0x69,0x74,0x33,0x64,0x5f,0x66,0x73,0x5f,0x70,0x61,0x72,0x61,
    0x6d,0x73,0x5b,0x31,0x31,0x5d,0x2e,0x78,0x79,0x7a,0x29,0x20,0x2a,0x20,0x5f,0x32,
    0x34,0x33,0x2e,0x77,0x29,0x3b,0x0a,0x20,0x20,0x20,0x20,0x76,0x65,0x63,0x34,0x20,
    0x5f,0x33,0x32,0x37,0x20,0x3d,0x20,0x5f,0x32,0x34,0x33,0x3b,0x0a,0x20,0x20,0x20,
    0x20,0x5f,0x33,0x32,0x37,0x2e,0x78,0x20,0x3d,0x20,0x5f,0x32,0x35,0x30,0x2e,0x78,
    0x3b,0x0a,0x20,0x20,0x20,0x20,0x5f,0x33,0x32,0x37,0x2e,0x79,0x20,0x3d,0x20,0x5f,
    0x32,0x35,0x30,0x2e,0x79,0x3b,0x0a,0x20,0x20,0x20,0x20,0x5f,0x33,0x32,0x37,0x2e,
    0x7a,0x20,0x3d,0x20,0x5f,0x32,0x35,0x30,0x2e,0x7a,0x3b,0x0a,0x20,0x20,0x20,0x20,
    0x76,0x65,0x63,0x34,0x20,0x63,0x20,0x3d,0x20,0x5f,0x33,0x32,0x37,0x3b,0x0a,0x20,
    0x20,0x20,0x20,0x66,0x6c,0x6f,0x61,0x74,0x20,0x5f,0x32,0x36,0x34,0x3b,0x0a,0x20,
    0x20,0x20,0x20,0x69,0x66,0x20,0x28,0x61,0x6c,0x70,0x68,0x61,0x54,0x65,0x73,0x74,
    0x4f,0x75,0x74,0x2e,0x79,0x20,0x3e,0x20,0x30,0x2e,0x30,0x29,0x0a,0x20,0x20,0x20,
    0x20,0x7b,0x0a,0x20,0x20,0x20,0x20,0x20,0x20,0x20,0x20,0x66,0x6c,0x6f,0x61,0x74,
    0x20,0x5f,0x32,0x37,0x36,0x3b,0x0a,0x20,0x20,0x20,0x20,0x20,0x20,0x20,0x20,0x69,
    0x66,0x20,0x28,0x61,0x62,0x73,0x28,0x63,0x2e,0x77,0x20,0x2d,0x20,0x61,0x6c,0x70,
    0x68,0x61,0x54,0x65,0x73,0x74,0x4f,0x75,0x74,0x2e,0x78,0x29,0x20,0x3c,0x20,0x61,
    0x6c,0x70,0x68,0x61,0x54,0x65,0x73,0x74,0x4f,0x75,0x74,0x2e,0x79,0x29,0x0a,0x20,
    0x20,0x20,0x20,0x20,0x20,0x20,0x20,0x7b,0x0a,0x20,0x20,0x20,0x20,0x20,0x20,0x20,
    0x20,0x20,0x20,0x20,0x20,0x5f,0x32,0x37,0x36,0x20,0x3d,0x20,0x61,0x6c,0x70,0x68,
    0x61,0x54,0x65,0x73,0x74,0x4f,0x75,0x74,0x2e,0x7a,0x3b,0x0a,0x20,0x20,0x20,0x20,
    0x20,0x20,0x20,0x20,0x7d,0x0a,0x20,0x20,0x20,0x20,0x20,0x20,0x20,0x20,0x65,0x6c,
    0x73,0x65,0x0a,0x20,0x20,0x20,0x20,0x20,0x20,0x20,0x20,0x7b,0x0a,0x20,0x20,0x20,
    0x20,0x20,0x20,0x20,0x20,0x20,0x20,0x20,0x20,0x5f,0x32,0x37,0x36,0x20,0x3d,0x20,
    0x61,0x6c,0x70,0x68,0x61,0x54,0x65,0x73,0x74,0x4f,0x75,0x74,0x2e,0x77,0x3b,0x0a,
    0x20,0x20,0x20,0x20,0x20,0x20,0x20,0x20,0x7d,0x0a,0x20,0x20,0x20,0x20,0x20,0x20,
    0x20,0x20,0x5f,0x32,0x36,0x34,0x20,0x3d,0x20,0x5f,0x32,0x37,0x36,0x3b,0x0a,0x20,
    0x20,0x20,0x20,0x7d,0x0a,0x20,0x20,0x20,0x20,0x65,0x6c,0x73,0x65,0x0a,0x20,0x20,
    0x20,0x20,0x7b,0x0a,0x20,0x20,0x20,0x20,0x20,0x20,0x20,0x20,0x66,0x6c,0x6f,0x61,
    0x74,0x20,0x5f,0x32,0x39,0x31,0x3b,0x0a,0x20,0x20,0x20,0x20,0x20,0x20,0x20,0x20,
    0x69,0x66,0x20,0x28,0x63,0x2e,0x77,0x20,0x3c,0x20,0x61,0x6c,0x70,0x68,0x61,0x54,
    0x65,0x73,0x74,0x4f,0x75,0x74,0x2e,0x78,0x29,0x0a,0x20,0x20,0x20,0x20,0x20,0x20,
    0x20,0x20,0x7b,0x0a,0x20,0x20,0x20,0x20,0x20,0x20,0x20,0x20,0x20,0x20,0x20,0x20,
    0x5f,0x32,0x39,0x31,0x20,0x3d,0x20,0x61,0x6c,0x70,0x68,0x61,0x54,0x65,0x73,0x74,
    0x4f,0x75,0x74,0x2e,0x7a,0x3b,0x0a,0x20,0x20,0x20,0x20,0x20,0x20,0x20,0x20,0x7d,
    0x0a,0x20,0x20,0x20,0x20,0x20,0x20,0x20,0x20,0x65,0x6c,0x73,0x65,0x0a,0x20,0x20,
    0x20,0x20,0x20,0x20,0x20,0x20,0x7b,0x0a,0x20,0x20,0x20,0x20,0x20,0x20,0x20,0x20,
    0x20,0x20,0x20,0x20,0x5f,0x32,0x39,0x31,0x20,0x3d,0x20,0x61,0x6c,0x70,0x68,0x61,
    0x54,0x65,0x73,0x74,0x4f,0x75,0x74,0x2e,0x77,0x3b,0x0a,0x20,0x20,0x20,0x20,0x20,
    0x20,0x20,0x20,0x7d,0x0a,0x20,0x20,0x20,0x20,0x20,0x20,0x20,0x20,0x5f,0x32,0x36,
    0x34,0x20,0x3d,0x20,0x5f,0x32,0x39,0x31,0x3b,0x0a,0x20,0x20,0x20,0x20,0x7d,0x0a,
    0x20,0x20,0x20,0x20,0x69,0x66,0x20,0x28,0x5f,0x32,0x36,0x34,0x20,0x3c,0x20,0x30,
    0x2e,0x30,0x29,0x0a,0x20,0x20,0x20,0x20,0x7b,0x0a,0x20,0x20,0x20,0x20,0x20,0x20,
    0x20,0x20,0x64,0x69,0x73,0x63,0x61,0x72,0x64,0x3b,0x0a,0x20,0x20,0x20,0x20,0x7d,
    0x0a,0x20,0x20,0x20,0x20,0x76,0x65,0x63,0x34,0x20,0x5f,0x33,0x31,0x30,0x20,0x3d,
    0x20,0x63,0x3b,0x0a,0x20,0x20,0x20,0x20,0x76,0x65,0x63,0x33,0x20,0x5f,0x33,0x31,
    0x35,0x20,0x3d,0x20,0x6d,0x69,0x78,0x28,0x6c,0x69,0x74,0x33,0x64,0x5f,0x66,0x73,
    0x5f,0x70,0x61,0x72,0x61,0x6d,0x73,0x5b,0x31,0x34,0x5d,0x2e,0x78,0x79,0x7a,0x2c,
    0x20,0x5f,0x33,0x31,0x30,0x2e,0x78,0x79,0x7a,0x2c,0x20,0x76,0x65,0x63,0x33,0x28,
    0x66,0x6f,0x67,0x46,0x61,0x63,0x74,0x6f,0x72,0x29,0x29,0x3b,0x0a,0x20,0x20,0x20,
    0x20,0x76,0x65,0x63,0x34,0x20,0x5f,0x33,0x33,0x35,0x20,0x3d,0x20,0x5f,0x33,0x31,
    0x30,0x3b,0x0a,0x20,0x20,0x20,0x20,0x5f,0x33,0x33,0x35,0x2e,0x78,0x20,0x3d,0x20,
    0x5f,0x33,0x31,0x35,0x2e,0x78,0x3b,0x0a,0x20,0x20,0x20,0x20,0x5f,0x33,0x33,0x35,
    0x2e,0x79,0x20,0x3d,0x20,0x5f,0x33,0x31,0x35,0x2e,0x79,0x3b,0x0a,0x20,0x20,0x20,
    0x20,0x5f,0x33,0x33,0x35,0x2e,0x7a,0x20,0x3d,0x20,0x5f,0x33,0x31,0x35,0x2e,0x7a,
    0x3b,0x0a,0x20,0x20,0x20,0x20,0x63,0x20,0x3d,0x20,0x5f,0x33,0x33,0x35,0x3b,0x0a,
    0x20,0x20,0x20,0x20,0x66,0x72,0x61,0x67,0x5f,0x63,0x6f,0x6c,0x6f,0x72,0x20,0x3d,
    0x20,0x5f,0x33,0x33,0x35,0x3b,0x0a,0x7d,0x0a,0x0a,0x00,
};
#endif
/*
    #version 300 es

    uniform vec4 lit3d_vs_params[15];
    layout(location = 0) in vec3 position;
    out vec3 worldPos;
    out vec3 worldNormal;
    layout(location = 1) in vec3 normal;
    out vec2 uv;
    layout(location = 2) in vec2 texcoord0;
    out vec4 tint;
    layout(location = 3) in vec4 color0;
    out float fogFactor;
    out vec4 alphaTestOut;

    void main()
    {
        vec4 _31 = vec4(position, 1.0);
        gl_Position = mat4(lit3d_vs_params[0], lit3d_vs_params[1], lit3d_vs_params[2], lit3d_vs_params[3]) * _31;
        worldPos = (mat4(lit3d_vs_params[4], lit3d_vs_params[5], lit3d_vs_params[6], lit3d_vs_params[7]) * _31).xyz;
        mat4 _50 = mat4(lit3d_vs_params[8], lit3d_vs_params[9], lit3d_vs_params[10], lit3d_vs_params[11]);
        worldNormal = mat3(_50[0].xyz, _50[1].xyz, _50[2].xyz) * normal;
        uv = texcoord0;
        tint = mix(vec4(1.0), color0, vec4(lit3d_vs_params[12].x));
        fogFactor = 1.0 - clamp(dot(_31, lit3d_vs_params[14]), 0.0, 1.0);
        alphaTestOut = lit3d_vs_params[13];
    }

*/
#if defined(SOKOL_GLES3)
static const uint8_t cna_lit3d_vs_source_glsl300es[961] = {
    0x23,0x76,0x65,0x72,0x73,0x69,0x6f,0x6e,0x20,0x33,0x30,0x30,0x20,0x65,0x73,0x0a,
    0x0a,0x75,0x6e,0x69,0x66,0x6f,0x72,0x6d,0x20,0x76,0x65,0x63,0x34,0x20,0x6c,0x69,
    0x74,0x33,0x64,0x5f,0x76,0x73,0x5f,0x70,0x61,0x72,0x61,0x6d,0x73,0x5b,0x31,0x35,
    0x5d,0x3b,0x0a,0x6c,0x61,0x79,0x6f,0x75,0x74,0x28,0x6c,0x6f,0x63,0x61,0x74,0x69,
    0x6f,0x6e,0x20,0x3d,0x20,0x30,0x29,0x20,0x69,0x6e,0x20,0x76,0x65,0x63,0x33,0x20,
    0x70,0x6f,0x73,0x69,0x74,0x69,0x6f,0x6e,0x3b,0x0a,0x6f,0x75,0x74,0x20,0x76,0x65,
    0x63,0x33,0x20,0x77,0x6f,0x72,0x6c,0x64,0x50,0x6f,0x73,0x3b,0x0a,0x6f,0x75,0x74,
    0x20,0x76,0x65,0x63,0x33,0x20,0x77,0x6f,0x72,0x6c,0x64,0x4e,0x6f,0x72,0x6d,0x61,
    0x6c,0x3b,0x0a,0x6c,0x61,0x79,0x6f,0x75,0x74,0x28,0x6c,0x6f,0x63,0x61,0x74,0x69,
    0x6f,0x6e,0x20,0x3d,0x20,0x31,0x29,0x20,0x69,0x6e,0x20,0x76,0x65,0x63,0x33,0x20,
    0x6e,0x6f,0x72,0x6d,0x61,0x6c,0x3b,0x0a,0x6f,0x75,0x74,0x20,0x76,0x65,0x63,0x32,
    0x20,0x75,0x76,0x3b,0x0a,0x6c,0x61,0x79,0x6f,0x75,0x74,0x28,0x6c,0x6f,0x63,0x61,
    0x74,0x69,0x6f,0x6e,0x20,0x3d,0x20,0x32,0x29,0x20,0x69,0x6e,0x20,0x76,0x65,0x63,
    0x32,0x20,0x74,0x65,0x78,0x63,0x6f,0x6f,0x72,0x64,0x30,0x3b,0x0a,0x6f,0x75,0x74,
    0x20,0x76,0x65,0x63,0x34,0x20,0x74,0x69,0x6e,0x74,0x3b,0x0a,0x6c,0x61,0x79,0x6f,
    0x75,0x74,0x28,0x6c,0x6f,0x63,0x61,0x74,0x69,0x6f,0x6e,0x20,0x3d,0x20,0x33,0x29,
    0x20,0x69,0x6e,0x20,0x76,0x65,0x63,0x34,0x20,0x63,0x6f,0x6c,0x6f,0x72,0x30,0x3b,
    0x0a,0x6f,0x75,0x74,0x20,0x66,0x6c,0x6f,0x61,0x74,0x20,0x66,0x6f,0x67,0x46,0x61,
    0x63,0x74,0x6f,0x72,0x3b,0x0a,0x6f,0x75,0x74,0x20,0x76,0x65,0x63,0x34,0x20,0x61,
    0x6c,0x70,0x68,0x61,0x54,0x65,0x73,0x74,0x4f,0x75,0x74,0x3b,0x0a,0x0a,0x76,0x6f,
    0x69,0x64,0x20,0x6d,0x61,0x69,0x6e,0x28,0x29,0x0a,0x7b,0x0a,0x20,0x20,0x20,0x20,
    0x76,0x65,0x63,0x34,0x20,0x5f,0x33,0x31,0x20,0x3d,0x20,0x76,0x65,0x63,0x34,0x28,
    0x70,0x6f,0x73,0x69,0x74,0x69,0x6f,0x6e,0x2c,0x20,0x31,0x2e,0x30,0x29,0x3b,0x0a,
    0x20,0x20,0x20,0x20,0x67,0x6c,0x5f,0x50,0x6f,0x73,0x69,0x74,0x69,0x6f,0x6e,0x20,
    0x3d,0x20,0x6d,0x61,0x74,0x34,0x28,0x6c,0x69,0x74,0x33,0x64,0x5f,0x76,0x73,0x5f,
    0x70,0x61,0x72,0x61,0x6d,0x73,0x5b,0x30,0x5d,0x2c,0x20,0x6c,0x69,0x74,0x33,0x64,
    0x5f,0x76,0x73,0x5f,0x70,0x61,0x72,0x61,0x6d,0x73,0x5b,0x31,0x5d,0x2c,0x20,0x6c,
    0x69,0x74,0x33,0x64,0x5f,0x76,0x73,0x5f,0x70,0x61,0x72,0x61,0x6d,0x73,0x5b,0x32,
    0x5d,0x2c,0x20,0x6c,0x69,0x74,0x33,0x64,0x5f,0x76,0x73,0x5f,0x70,0x61,0x72,0x61,
    0x6d,0x73,0x5b,0x33,0x5d,0x29,0x20,0x2a,0x20,0x5f,0x33,0x31,0x3b,0x0a,0x20,0x20,
    0x20,0x20,0x77,0x6f,0x72,0x6c,0x64,0x50,0x6f,0x73,0x20,0x3d,0x20,0x28,0x6d,0x61,
    0x74,0x34,0x28,0x6c,0x69,0x74,0x33,0x64,0x5f,0x76,0x73,0x5f,0x70,0x61,0x72,0x61,
    0x6d,0x73,0x5b,0x34,0x5d,0x2c,0x20,0x6c,0x69,0x74,0x33,0x64,0x5f,0x76,0x73,0x5f,
    0x70,0x61,0x72,0x61,0x6d,0x73,0x5b,0x35,0x5d,0x2c,0x20,0x6c,0x69,0x74,0x33,0x64,
    0x5f,0x76,0x73,0x5f,0x70,0x61,0x72,0x61,0x6d,0x73,0x5b,0x36,0x5d,0x2c,0x20,0x6c,
    0x69,0x74,0x33,0x64,0x5f,0x76,0x73,0x5f,0x70,0x61,0x72,0x61,0x6d,0x73,0x5b,0x37,
    0x5d,0x29,0x20,0x2a,0x20,0x5f,0x33,0x31,0x29,0x2e,0x78,0x79,0x7a,0x3b,0x0a,0x20,
    0x20,0x20,0x20,0x6d,0x61,0x74,0x34,0x20,0x5f,0x35,0x30,0x20,0x3d,0x20,0x6d,0x61,
    0x74,0x34,0x28,0x6c,0x69,0x74,0x33,0x64,0x5f,0x76,0x73,0x5f,0x70,0x61,0x72,0x61,
    0x6d,0x73,0x5b,0x38,0x5d,0x2c,0x20,0x6c,0x69,0x74,0x33,0x64,0x5f,0x76,0x73,0x5f,
    0x70,0x61,0x72,0x61,0x6d,0x73,0x5b,0x39,0x5d,0x2c,0x20,0x6c,0x69,0x74,0x33,0x64,
    0x5f,0x76,0x73,0x5f,0x70,0x61,0x72,0x61,0x6d,0x73,0x5b,0x31,0x30,0x5d,0x2c,0x20,
    0x6c,0x69,0x74,0x33,0x64,0x5f,0x76,0x73,0x5f,0x70,0x61,0x72,0x61,0x6d,0x73,0x5b,
    0x31,0x31,0x5d,0x29,0x3b,0x0a,0x20,0x20,0x20,0x20,0x77,0x6f,0x72,0x6c,0x64,0x4e,
    0x6f,0x72,0x6d,0x61,0x6c,0x20,0x3d,0x20,0x6d,0x61,0x74,0x33,0x28,0x5f,0x35,0x30,
    0x5b,0x30,0x5d,0x2e,0x78,0x79,0x7a,0x2c,0x20,0x5f,0x35,0x30,0x5b,0x31,0x5d,0x2e,
    0x78,0x79,0x7a,0x2c,0x20,0x5f,0x35,0x30,0x5b,0x32,0x5d,0x2e,0x78,0x79,0x7a,0x29,
    0x20,0x2a,0x20,0x6e,0x6f,0x72,0x6d,0x61,0x6c,0x3b,0x0a,0x20,0x20,0x20,0x20,0x75,
    0x76,0x20,0x3d,0x20,0x74,0x65,0x78,0x63,0x6f,0x6f,0x72,0x64,0x30,0x3b,0x0a,0x20,
    0x20,0x20,0x20,0x74,0x69,0x6e,0x74,0x20,0x3d,0x20,0x6d,0x69,0x78,0x28,0x76,0x65,
    0x63,0x34,0x28,0x31,0x2e,0x30,0x29,0x2c,0x20,0x63,0x6f,0x6c,0x6f,0x72,0x30,0x2c,
    0x20,0x76,0x65,0x63,0x34,0x28,0x6c,0x69,0x74,0x33,0x64,0x5f,0x76,0x73,0x5f,0x70,
    0x61,0x72,0x61,0x6d,0x73,0x5b,0x31,0x32,0x5d,0x2e,0x78,0x29,0x29,0x3b,0x0a,0x20,
    0x20,0x20,0x20,0x66,0x6f,0x67,0x46,0x61,0x63,0x74,0x6f,0x72,0x20,0x3d,0x20,0x31,
    0x2e,0x30,0x20,0x2d,0x20,0x63,0x6c,0x61,0x6d,0x70,0x28,0x64,0x6f,0x74,0x28,0x5f,
    0x33,0x31,0x2c,0x20,0x6c,0x69,0x74,0x33,0x64,0x5f,0x76,0x73,0x5f,0x70,0x61,0x72,
    0x61,0x6d,0x73,0x5b,0x31,0x34,0x5d,0x29,0x2c,0x20,0x30,0x2e,0x30,0x2c,0x20,0x31,
    0x2e,0x30,0x29,0x3b,0x0a,0x20,0x20,0x20,0x20,0x61,0x6c,0x70,0x68,0x61,0x54,0x65,
    0x73,0x74,0x4f,0x75,0x74,0x20,0x3d,0x20,0x6c,0x69,0x74,0x33,0x64,0x5f,0x76,0x73,
    0x5f,0x70,0x61,0x72,0x61,0x6d,0x73,0x5b,0x31,0x33,0x5d,0x3b,0x0a,0x7d,0x0a,0x0a,
    0x00,
};
#endif
/*
    #version 300 es
    precision mediump float;
    precision highp int;

    uniform highp vec4 lit3d_fs_params[16];
    uniform highp sampler2D tex_smp;

    in highp vec3 worldNormal;
    in highp vec3 worldPos;
    in highp vec4 tint;
    in highp vec2 uv;
    in highp vec4 alphaTestOut;
    in highp float fogFactor;
    layout(location = 0) out highp vec4 frag_color;

    void main()
    {
        highp vec3 _13 = normalize(worldNormal);
        highp vec3 _28 = normalize(lit3d_fs_params[12].xyz - worldPos);
        highp float _37 = dot(_13, -lit3d_fs_params[2].xyz);
        highp float _52 = dot(_13, -lit3d_fs_params[5].xyz);
        highp float _66 = dot(_13, -lit3d_fs_params[8].xyz);
        highp vec4 _243 = texture(tex_smp, vec2(uv.x, mix(uv.y, 1.0 - uv.y, lit3d_fs_params[15].x))) * vec4((((((lit3d_fs_params[1].xyz + (lit3d_fs_params[3].xyz * max(_37, 0.0))) + (lit3d_fs_params[6].xyz * max(_52, 0.0))) + (lit3d_fs_params[9].xyz * max(_66, 0.0))) * lit3d_fs_params[0].xyz) * tint.xyz) + lit3d_fs_params[13].xyz, lit3d_fs_params[0].w * tint.w);
        highp vec3 _250 = _243.xyz + (((((lit3d_fs_params[4].xyz * pow(max(dot(normalize(_28 - lit3d_fs_params[2].xyz), _13), 0.0) * step(0.0, _37), lit3d_fs_params[11].w)) + (lit3d_fs_params[7].xyz * pow(max(dot(normalize(_28 - lit3d_fs_params[5].xyz), _13), 0.0) * step(0.0, _52), lit3d_fs_params[11].w))) + (lit3d_fs_params[10].xyz * pow(max(dot(normalize(_28 - lit3d_fs_params[8].xyz), _13), 0.0) * step(0.0, _66), lit3d_fs_params[11].w))) * lit3d_fs_params[11].xyz) * _243.w);
        highp vec4 _327 = _243;
        _327.x = _250.x;
        _327.y = _250.y;
        _327.z = _250.z;
        highp vec4 c = _327;
        highp float _264;
        if (alphaTestOut.y > 0.0)
        {
            highp float _276;
            if (abs(c.w - alphaTestOut.x) < alphaTestOut.y)
            {
                _276 = alphaTestOut.z;
            }
            else
            {
                _276 = alphaTestOut.w;
            }
            _264 = _276;
        }
        else
        {
            highp float _291;
            if (c.w < alphaTestOut.x)
            {
                _291 = alphaTestOut.z;
            }
            else
            {
                _291 = alphaTestOut.w;
            }
            _264 = _291;
        }
        if (_264 < 0.0)
        {
            discard;
        }
        highp vec4 _310 = c;
        highp vec3 _315 = mix(lit3d_fs_params[14].xyz, _310.xyz, vec3(fogFactor));
        highp vec4 _335 = _310;
        _335.x = _315.x;
        _335.y = _315.y;
        _335.z = _315.z;
        c = _335;
        frag_color = _335;
    }

*/
#if defined(SOKOL_GLES3)
static const uint8_t cna_lit3d_fs_source_glsl300es[2382] = {
    0x23,0x76,0x65,0x72,0x73,0x69,0x6f,0x6e,0x20,0x33,0x30,0x30,0x20,0x65,0x73,0x0a,
    0x70,0x72,0x65,0x63,0x69,0x73,0x69,0x6f,0x6e,0x20,0x6d,0x65,0x64,0x69,0x75,0x6d,
    0x70,0x20,0x66,0x6c,0x6f,0x61,0x74,0x3b,0x0a,0x70,0x72,0x65,0x63,0x69,0x73,0x69,
    0x6f,0x6e,0x20,0x68,0x69,0x67,0x68,0x70,0x20,0x69,0x6e,0x74,0x3b,0x0a,0x0a,0x75,
    0x6e,0x69,0x66,0x6f,0x72,0x6d,0x20,0x68,0x69,0x67,0x68,0x70,0x20,0x76,0x65,0x63,
    0x34,0x20,0x6c,0x69,0x74,0x33,0x64,0x5f,0x66,0x73,0x5f,0x70,0x61,0x72,0x61,0x6d,
    0x73,0x5b,0x31,0x36,0x5d,0x3b,0x0a,0x75,0x6e,0x69,0x66,0x6f,0x72,0x6d,0x20,0x68,
    0x69,0x67,0x68,0x70,0x20,0x73,0x61,0x6d,0x70,0x6c,0x65,0x72,0x32,0x44,0x20,0x74,
    0x65,0x78,0x5f,0x73,0x6d,0x70,0x3b,0x0a,0x0a,0x69,0x6e,0x20,0x68,0x69,0x67,0x68,
    0x70,0x20,0x76,0x65,0x63,0x33,0x20,0x77,0x6f,0x72,0x6c,0x64,0x4e,0x6f,0x72,0x6d,
    0x61,0x6c,0x3b,0x0a,0x69,0x6e,0x20,0x68,0x69,0x67,0x68,0x70,0x20,0x76,0x65,0x63,
    0x33,0x20,0x77,0x6f,0x72,0x6c,0x64,0x50,0x6f,0x73,0x3b,0x0a,0x69,0x6e,0x20,0x68,
    0x69,0x67,0x68,0x70,0x20,0x76,0x65,0x63,0x34,0x20,0x74,0x69,0x6e,0x74,0x3b,0x0a,
    0x69,0x6e,0x20,0x68,0x69,0x67,0x68,0x70,0x20,0x76,0x65,0x63,0x32,0x20,0x75,0x76,
    0x3b,0x0a,0x69,0x6e,0x20,0x68,0x69,0x67,0x68,0x70,0x20,0x76,0x65,0x63,0x34,0x20,
    0x61,0x6c,0x70,0x68,0x61,0x54,0x65,0x73,0x74,0x4f,0x75,0x74,0x3b,0x0a,0x69,0x6e,
    0x20,0x68,0x69,0x67,0x68,0x70,0x20,0x66,0x6c,0x6f,0x61,0x74,0x20,0x66,0x6f,0x67,
    0x46,0x61,0x63,0x74,0x6f,0x72,0x3b,0x0a,0x6c,0x61,0x79,0x6f,0x75,0x74,0x28,0x6c,
    0x6f,0x63,0x61,0x74,0x69,0x6f,0x6e,0x20,0x3d,0x20,0x30,0x29,0x20,0x6f,0x75,0x74,
    0x20,0x68,0x69,0x67,0x68,0x70,0x20,0x76,0x65,0x63,0x34,0x20,0x66,0x72,0x61,0x67,
    0x5f,0x63,0x6f,0x6c,0x6f,0x72,0x3b,0x0a,0x0a,0x76,0x6f,0x69,0x64,0x20,0x6d,0x61,
    0x69,0x6e,0x28,0x29,0x0a,0x7b,0x0a,0x20,0x20,0x20,0x20,0x68,0x69,0x67,0x68,0x70,
    0x20,0x76,0x65,0x63,0x33,0x20,0x5f,0x31,0x33,0x20,0x3d,0x20,0x6e,0x6f,0x72,0x6d,
    0x61,0x6c,0x69,0x7a,0x65,0x28,0x77,0x6f,0x72,0x6c,0x64,0x4e,0x6f,0x72,0x6d,0x61,
    0x6c,0x29,0x3b,0x0a,0x20,0x20,0x20,0x20,0x68,0x69,0x67,0x68,0x70,0x20,0x76,0x65,
    0x63,0x33,0x20,0x5f,0x32,0x38,0x20,0x3d,0x20,0x6e,0x6f,0x72,0x6d,0x61,0x6c,0x69,
    0x7a,0x65,0x28,0x6c,0x69,0x74,0x33,0x64,0x5f,0x66,0x73,0x5f,0x70,0x61,0x72,0x61,
    0x6d,0x73,0x5b,0x31,0x32,0x5d,0x2e,0x78,0x79,0x7a,0x20,0x2d,0x20,0x77,0x6f,0x72,
    0x6c,0x64,0x50,0x6f,0x73,0x29,0x3b,0x0a,0x20,0x20,0x20,0x20,0x68,0x69,0x67,0x68,
    0x70,0x20,0x66,0x6c,0x6f,0x61,0x74,0x20,0x5f,0x33,0x37,0x20,0x3d,0x20,0x64,0x6f,
    0x74,0x28,0x5f,0x31,0x33,0x2c,0x20,0x2d,0x6c,0x69,0x74,0x33,0x64,0x5f,0x66,0x73,
    0x5f,0x70,0x61,0x72,0x61,0x6d,0x73,0x5b,0x32,0x5d,0x2e,0x78,0x79,0x7a,0x29,0x3b,
    0x0a,0x20,0x20,0x20,0x20,0x68,0x69,0x67,0x68,0x70,0x20,0x66,0x6c,0x6f,0x61,0x74,
    0x20,0x5f,0x35,0x32,0x20,0x3d,0x20,0x64,0x6f,0x74,0x28,0x5f,0x31,0x33,0x2c,0x20,
    0x2d,0x6c,0x69,0x74,0x33,0x64,0x5f,0x66,0x73,0x5f,0x70,0x61,0x72,0x61,0x6d,0x73,
    0x5b,0x35,0x5d,0x2e,0x78,0x79,0x7a,0x29,0x3b,0x0a,0x20,0x20,0x20,0x20,0x68,0x69,
    0x67,0x68,0x70,0x20,0x66,0x6c,0x6f,0x61,0x74,0x20,0x5f,0x36,0x36,0x20,0x3d,0x20,
    0x64,0x6f,0x74,0x28,0x5f,0x31,0x33,0x2c,0x20,0x2d,0x6c,0x69,0x74,0x33,0x64,0x5f,
    0x66,0x73,0x5f,0x70,0x61,0x72,0x61,0x6d,0x73,0x5b,0x38,0x5d,0x2e,0x78,0x79,0x7a,
    0x29,0x3b,0x0a,0x20,0x20,0x20,0x20,0x68,0x69,0x67,0x68,0x70,0x20,0x76,0x65,0x63,
    0x34,0x20,0x5f,0x32,0x34,0x33,0x20,0x3d,0x20,0x74,0x65,0x78,0x74,0x75,0x72,0x65,
    0x28,0x74,0x65,0x78,0x5f,0x73,0x6d,0x70,0x2c,0x20,0x76,0x65,0x63,0x32,0x28,0x75,
    0x76,0x2e,0x78,0x2c,0x20,0x6d,0x69,0x78,0x28,0x75,0x76,0x2e,0x79,0x2c,0x20,0x31,
    0x2e,0x30,0x20,0x2d,0x20,0x75,0x76,0x2e,0x79,0x2c,0x20,0x6c,0x69,0x74,0x33,0x64,
    0x5f,0x66,0x73,0x5f,0x70,0x61,0x72,0x61,0x6d,0x73,0x5b,0x31,0x35,0x5d,0x2e,0x78,
    0x29,0x29,0x29,0x20,0x2a,0x20,0x76,0x65,0x63,0x34,0x28,0x28,0x28,0x28,0x28,0x28,
    0x6c,0x69,0x74,0x33,0x64,0x5f,0x66,0x73,0x5f,0x70,0x61,0x72,0x61,0x6d,0x73,0x5b,
    0x31,0x5d,0x2e,0x78,0x79,0x7a,0x20,0x2b,0x20,0x28,0x6c,0x69,0x74,0x33,0x64,0x5f,
    0x66,0x73,0x5f,0x70,0x61,0x72,0x61,0x6d,0x73,0x5b,0x33,0x5d,0x2e,0x78,0x79,0x7a,
    0x20,0x2a,0x20,0x6d,0x61,0x78,0x28,0x5f,0x33,0x37,0x2c,0x20,0x30,0x2e,0x30,0x29,
    0x29,0x29,0x20,0x2b,0x20,0x28,0x6c,0x69,0x74,0x33,0x64,0x5f,0x66,0x73,0x5f,0x70,
    0x61,0x72,0x61,0x6d,0x73,0x5b,0x36,0x5d,0x2e,0x78,0x79,0x7a,0x20,0x2a,0x20,0x6d,
    0x61,0x78,0x28,0x5f,0x35,0x32,0x2c,0x20,0x30,0x2e,0x30,0x29,0x29,0x29,0x20,0x2b,
    0x20,0x28,0x6c,0x69,0x74,0x33,0x64,0x5f,0x66,0x73,0x5f,0x70,0x61,0x72,0x61,0x6d,
    0x73,0x5b,0x39,0x5d,0x2e,0x78,0x79,0x7a,0x20,0x2a,0x20,0x6d,0x61,0x78,0x28,0x5f,
    0x36,0x36,0x2c,0x20,0x30,0x2e,0x30,0x29,0x29,0x29,0x20,0x2a,0x20,0x6c,0x69,0x74,
    0x33,0x64,0x5f,0x66,0x73,0x5f,0x70,0x61,0x72,0x61,0x6d,0x73,0x5b,0x30,0x5d,0x2e,
    0x78,0x79,0x7a,0x29,0x20,0x2a,0x20,0x74,0x69,0x6e,0x74,0x2e,0x78,0x79,0x7a,0x29,
    0x20,0x2b,0x20,0x6c,0x69,0x74,0x33,0x64,0x5f,0x66,0x73,0x5f,0x70,0x61,0x72,0x61,
    0x6d,0x73,0x5b,0x31,0x33,0x5d,0x2e,0x78,0x79,0x7a,0x2c,0x20,0x6c,0x69,0x74,0x33,
    0x64,0x5f,0x66,0x73,0x5f,0x70,0x61,0x72,0x61,0x6d,0x73,0x5b,0x30,0x5d,0x2e,0x77,
    0x20,0x2a,0x20,0x74,0x69,0x6e,0x74,0x2e,0x77,0x29,0x3b,0x0a,0x20,0x20,0x20,0x20,
    0x68,0x69,0x67,0x68,0x70,0x20,0x76,0x65,0x63,0x33,0x20,0x5f,0x32,0x35,0x30,0x20,
    0x3d,0x20,0x5f,0x32,0x34,0x33,0x2e,0x78,0x79,0x7a,0x20,0x2b,0x20,0x28,0x28,0x28,
    0x28,0x28,0x6c,0x69,0x74,0x33,0x64,0x5f,0x66,0x73,0x5f,0x70,0x61,0x72,0x61,0x6d,
    0x73,0x5b,0x34,0x5d,0x2e,0x78,0x79,0x7a,0x20,0x2a,0x20,0x70,0x6f,0x77,0x28,0x6d,
    0x61,0x78,0x28,0x64,0x6f,0x74,0x28,0x6e,0x6f,0x72,0x6d,0x61,0x6c,0x69,0x7a,0x65,
    0x28,0x5f,0x32,0x38,0x20,0x2d,0x20,0x6c,0x69,0x74,0x33,0x64,0x5f,0x66,0x73,0x5f,
    0x70,0x61,0x72,0x61,0x6d,0x73,0x5b,0x32,0x5d,0x2e,0x78,0x79,0x7a,0x29,0x2c,0x20,
    0x5f,0x31,0x33,0x29,0x2c,0x20,0x30,0x2e,0x30,0x29,0x20,0x2a,0x20,0x73,0x74,0x65,
    0x70,0x28,0x30,0x2e,0x30,0x2c,0x20,0x5f,0x33,0x37,0x29,0x2c,0x20,0x6c,0x69,0x74,
    0x33,0x64,0x5f,0x66,0x73,0x5f,0x70,0x61,0x72,0x61,0x6d,0x73,0x5b,0x31,0x31,0x5d,
    0x2e,0x77,0x29,0x29,0x20,0x2b,0x20,0x28,0x6c,0x69,0x74,0x33,0x64,0x5f,0x66,0x73,
    0x5f,0x70,0x61,0x72,0x61,0x6d,0x73,0x5b,0x37,0x5d,0x2e,0x78,0x79,0x7a,0x20,0x2a,
    0x20,0x70,0x6f,0x77,0x28,0x6d,0x61,0x78,0x28,0x64,0x6f,0x74,0x28,0x6e,0x6f,0x72,
    0x6d,0x61,0x6c,0x69,0x7a,0x65,0x28,0x5f,0x32,0x38,0x20,0x2d,0x20,0x6c,0x69,0x74,
    0x33,0x64,0x5f,0x66,0x73,0x5f,0x70,0x61,0x72,0x61,0x6d,0x73,0x5b,0x35,0x5d,0x2e,
    0x78,0x79,0x7a,0x29,0x2c,0x20,0x5f,0x31,0x33,0x29,0x2c,0x20,0x30,0x2e,0x30,0x29,
    0x20,0x2a,0x20,0x73,0x74,0x65,0x70,0x28,0x30,0x2e,0x30,0x2c,0x20,0x5f,0x35,0x32,
    0x29,0x2c,0x20,0x6c,0x69,0x74,0x33,0x64,0x5f,0x66,0x73,0x5f,0x70,0x61,0x72,0x61,
    0x6d,0x73,0x5b,0x31,0x31,0x5d,0x2e,0x77,0x29,0x29,0x29,0x20,0x2b,0x20,0x28,0x6c,
    0x69,0x74,0x33,0x64,0x5f,0x66,0x73,0x5f,0x70,0x61,0x72,0x61,0x6d,0x73,0x5b,0x31,
    0x30,0x5d,0x2e,0x78,0x79,0x7a,0x20,0x2a,0x20,0x70,0x6f,0x77,0x28,0x6d,0x61,0x78,
    0x28,0x64,0x6f,0x74,0x28,0x6e,0x6f,0x72,0x6d,0x61,0x6c,0x69,0x7a,0x65,0x28,0x5f,
    0x32,0x38,0x20,0x2d,0x20,0x6c,0x69,0x74,0x33,0x64,0x5f,0x66,0x73,0x5f,0x70,0x61,
    0x72,0x61,0x6d,0x73,0x5b,0x38,0x5d,0x2e,0x78,0x79,0x7a,0x29,0x2c,0x20,0x5f,0x31,
    0x33,0x29,0x2c,0x20,0x30,0x2e,0x30,0x29,0x20,0x2a,0x20,0x73,0x74,0x65,0x70,0x28,
    0x30,0x2e,0x30,0x2c,0x20,0x5f,0x36,0x36,0x29,0x2c,0x20,0x6c,0x69,0x74,0x33,0x64,
    0x5f,0x66,0x73,0x5f,0x70,0x61,0x72,0x61,0x6d,0x73,0x5b,0x31,0x31,0x5d,0x2e,0x77,
    0x29,0x29,0x29,0x20,0x2a,0x20,0x6c,0x69,0x74,0x33,0x64,0x5f,0x66,0x73,0x5f,0x70,
    0x61,0x72,0x61,0x6d,0x73,0x5b,0x31,0x31,0x5d,0x2e,0x78,0x79,0x7a,0x29,0x20,0x2a,
    0x20,0x5f,0x32,0x34,0x33,0x2e,0x77,0x29,0x3b,0x0a,0x20,0x20,0x20,0x20,0x68,0x69,
    0x67,0x68,0x70,0x20,0x76,0x65,0x63,0x34,0x20,0x5f,0x33,0x32,0x37,0x20,0x3d,0x20,
    0x5f,0x32,0x34,0x33,0x3b,0x0a,0x20,0x20,0x20,0x20,0x5f,0x33,0x32,0x37,0x2e,0x78,
    0x20,0x3d,0x20,0x5f,0x32,0x35,0x30,0x2e,0x78,0x3b,0x0a,0x20,0x20,0x20,0x20,0x5f,
    0x33,0x32,0x37,0x2e,0x79,0x20,0x3d,0x20,0x5f,0x32,0x35,0x30,0x2e,0x79,0x3b,0x0a,
    0x20,0x20,0x20,0x20,0x5f,0x33,0x32,0x37,0x2e,0x7a,0x20,0x3d,0x20,0x5f,0x32,0x35,
    0x30,0x2e,0x7a,0x3b,0x0a,0x20,0x20,0x20,0x20,0x68,0x69,0x67,0x68,0x70,0x20,0x76,
    0x65,0x63,0x34,0x20,0x63,0x20,0x3d,0x20,0x5f,0x33,0x32,0x37,0x3b,0x0a,0x20,0x20,
    0x20,0x20,0x68,0x69,0x67,0x68,0x70,0x20,0x66,0x6c,0x6f,0x61,0x74,0x20,0x5f,0x32,
    0x36,0x34,0x3b,0x0a,0x20,0x20,0x20,0x20,0x69,0x66,0x20,0x28,0x61,0x6c,0x70,0x68,
    0x61,0x54,0x65,0x73,0x74,0x4f,0x75,0x74,0x2e,0x79,0x20,0x3e,0x20,0x30,0x2e,0x30,
    0x29,0x0a,0x20,0x20,0x20,0x20,0x7b,0x0a,0x20,0x20,0x20,0x20,0x20,0x20,0x20,0x20,
    0x68,0x69,0x67,0x68,0x70,0x20,0x66,0x6c,0x6f,0x61,0x74,0x20,0x5f,0x32,0x37,0x36,
    0x3b,0x0a,0x20,0x20,0x20,0x20,0x20,0x20,0x20,0x20,0x69,0x66,0x20,0x28,0x61,0x62,
    0x73,0x28,0x63,0x2e,0x77,0x20,0x2d,0x20,0x61,0x6c,0x70,0x68,0x61,0x54,0x65,0x73,
    0x74,0x4f,0x75,0x74,0x2e,0x78,0x29,0x20,0x3c,0x20,0x61,0x6c,0x70,0x68,0x61,0x54,
    0x65,0x73,0x74,0x4f,0x75,0x74,0x2e,0x79,0x29,0x0a,0x20,0x20,0x20,0x20,0x20,0x20,
    0x20,0x20,0x7b,0x0a,0x20,0x20,0x20,0x20,0x20,0x20,0x20,0x20,0x20,0x20,0x20,0x20,
    0x5f,0x32,0x37,0x36,0x20,0x3d,0x20,0x61,0x6c,0x70,0x68,0x61,0x54,0x65,0x73,0x74,
    0x4f,0x75,0x74,0x2e,0x7a,0x3b,0x0a,0x20,0x20,0x20,0x20,0x20,0x20,0x20,0x20,0x7d,
    0x0a,0x20,0x20,0x20,0x20,0x20,0x20,0x20,0x20,0x65,0x6c,0x73,0x65,0x0a,0x20,0x20,
    0x20,0x20,0x20,0x20,0x20,0x20,0x7b,0x0a,0x20,0x20,0x20,0x20,0x20,0x20,0x20,0x20,
    0x20,0x20,0x20,0x20,0x5f,0x32,0x37,0x36,0x20,0x3d,0x20,0x61,0x6c,0x70,0x68,0x61,
    0x54,0x65,0x73,0x74,0x4f,0x75,0x74,0x2e,0x77,0x3b,0x0a,0x20,0x20,0x20,0x20,0x20,
    0x20,0x20,0x20,0x7d,0x0a,0x20,0x20,0x20,0x20,0x20,0x20,0x20,0x20,0x5f,0x32,0x36,
    0x34,0x20,0x3d,0x20,0x5f,0x32,0x37,0x36,0x3b,0x0a,0x20,0x20,0x20,0x20,0x7d,0x0a,
    0x20,0x20,0x20,0x20,0x65,0x6c,0x73,0x65,0x0a,0x20,0x20,0x20,0x20,0x7b,0x0a,0x20,
    0x20,0x20,0x20,0x20,0x20,0x20,0x20,0x68,0x69,0x67,0x68,0x70,0x20,0x66,0x6c,0x6f,
    0x61,0x74,0x20,0x5f,0x32,0x39,0x31,0x3b,0x0a,0x20,0x20,0x20,0x20,0x20,0x20,0x20,
    0x20,0x69,0x66,0x20,0x28,0x63,0x2e,0x77,0x20,0x3c,0x20,0x61,0x6c,0x70,0x68,0x61,
    0x54,0x65,0x73,0x74,0x4f,0x75,0x74,0x2e,0x78,0x29,0x0a,0x20,0x20,0x20,0x20,0x20,
    0x20,0x20,0x20,0x7b,0x0a,0x20,0x20,0x20,0x20,0x20,0x20,0x20,0x20,0x20,0x20,0x20,
    0x20,0x5f,0x32,0x39,0x31,0x20,0x3d,0x20,0x61,0x6c,0x70,0x68,0x61,0x54,0x65,0x73,
    0x74,0x4f,0x75,0x74,0x2e,0x7a,0x3b,0x0a,0x20,0x20,0x20,0x20,0x20,0x20,0x20,0x20,
    0x7d,0x0a,0x20,0x20,0x20,0x20,0x20,0x20,0x20,0x20,0x65,0x6c,0x73,0x65,0x0a,0x20,
    0x20,0x20,0x20,0x20,0x20,0x20,0x20,0x7b,0x0a,0x20,0x20,0x20,0x20,0x20,0x20,0x20,
    0x20,0x20,0x20,0x20,0x20,0x5f,0x32,0x39,0x31,0x20,0x3d,0x20,0x61,0x6c,0x70,0x68,
    0x61,0x54,0x65,0x73,0x74,0x4f,0x75,0x74,0x2e,0x77,0x3b,0x0a,0x20,0x20,0x20,0x20,
    0x20,0x20,0x20,0x20,0x7d,0x0a,0x20,0x20,0x20,0x20,0x20,0x20,0x20,0x20,0x5f,0x32,
    0x36,0x34,0x20,0x3d,0x20,0x5f,0x32,0x39,0x31,0x3b,0x0a,0x20,0x20,0x20,0x20,0x7d,
    0x0a,0x20,0x20,0x20,0x20,0x69,0x66,0x20,0x28,0x5f,0x32,0x36,0x34,0x20,0x3c,0x20,
    0x30,0x2e,0x30,0x29,0x0a,0x20,0x20,0x20,0x20,0x7b,0x0a,0x20,0x20,0x20,0x20,0x20,
    0x20,0x20,0x20,0x64,0x69,0x73,0x63,0x61,0x72,0x64,0x3b,0x0a,0x20,0x20,0x20,0x20,
    0x7d,0x0a,0x20,0x20,0x20,0x20,0x68,0x69,0x67,0x68,0x70,0x20,0x76,0x65,0x63,0x34,
    0x20,0x5f,0x33,0x31,0x30,0x20,0x3d,0x20,0x63,0x3b,0x0a,0x20,0x20,0x20,0x20,0x68,
    0x69,0x67,0x68,0x70,0x20,0x76,0x65,0x63,0x33,0x20,0x5f,0x33,0x31,0x35,0x20,0x3d,
    0x20,0x6d,0x69,0x78,0x28,0x6c,0x69,0x74,0x33,0x64,0x5f,0x66,0x73,0x5f,0x70,0x61,
    0x72,0x61,0x6d,0x73,0x5b,0x31,0x34,0x5d,0x2e,0x78,0x79,0x7a,0x2c,0x20,0x5f,0x33,
    0x31,0x30,0x2e,0x78,0x79,0x7a,0x2c,0x20,0x76,0x65,0x63,0x33,0x28,0x66,0x6f,0x67,
    0x46,0x61,0x63,0x74,0x6f,0x72,0x29,0x29,0x3b,0x0a,0x20,0x20,0x20,0x20,0x68,0x69,
    0x67,0x68,0x70,0x20,0x76,0x65,0x63,0x34,0x20,0x5f,0x33,0x33,0x35,0x20,0x3d,0x20,
    0x5f,0x33,0x31,0x30,0x3b,0x0a,0x20,0x20,0x20,0x20,0x5f,0x33,0x33,0x35,0x2e,0x78,
    0x20,0x3d,0x20,0x5f,0x33,0x31,0x35,0x2e,0x78,0x3b,0x0a,0x20,0x20,0x20,0x20,0x5f,
    0x33,0x33,0x35,0x2e,0x79,0x20,0x3d,0x20,0x5f,0x33,0x31,0x35,0x2e,0x79,0x3b,0x0a,
    0x20,0x20,0x20,0x20,0x5f,0x33,0x33,0x35,0x2e,0x7a,0x20,0x3d,0x20,0x5f,0x33,0x31,
    0x35,0x2e,0x7a,0x3b,0x0a,0x20,0x20,0x20,0x20,0x63,0x20,0x3d,0x20,0x5f,0x33,0x33,
    0x35,0x3b,0x0a,0x20,0x20,0x20,0x20,0x66,0x72,0x61,0x67,0x5f,0x63,0x6f,0x6c,0x6f,
    0x72,0x20,0x3d,0x20,0x5f,0x33,0x33,0x35,0x3b,0x0a,0x7d,0x0a,0x0a,0x00,
};
#endif
/*
    cbuffer lit3d_vs_params : register(b0)
    {
        row_major float4x4 _19_mvp : packoffset(c0);
        row_major float4x4 _19_world : packoffset(c4);
        row_major float4x4 _19_normalMatrix : packoffset(c8);
        float4 _19_flags : packoffset(c12);
        float4 _19_alphaTest : packoffset(c13);
        float4 _19_fogVector : packoffset(c14);
    };


    static float4 gl_Position;
    static float3 position;
    static float3 worldPos;
    static float3 worldNormal;
    static float3 normal;
    static float2 uv;
    static float2 texcoord0;
    static float4 tint;
    static float4 color0;
    static float fogFactor;
    static float4 alphaTestOut;

    struct SPIRV_Cross_Input
    {
        float3 position : TEXCOORD0;
        float3 normal : TEXCOORD1;
        float2 texcoord0 : TEXCOORD2;
        float4 color0 : TEXCOORD3;
    };

    struct SPIRV_Cross_Output
    {
        float3 worldNormal : TEXCOORD0;
        float3 worldPos : TEXCOORD1;
        float2 uv : TEXCOORD2;
        float4 tint : TEXCOORD3;
        float fogFactor : TEXCOORD4;
        float4 alphaTestOut : TEXCOORD5;
        float4 gl_Position : SV_Position;
    };

    void vert_main()
    {
        float4 _31 = float4(position, 1.0f);
        gl_Position = mul(_31, _19_mvp);
        worldPos = mul(_31, _19_world).xyz;
        worldNormal = mul(normal, float3x3(_19_normalMatrix[0].xyz, _19_normalMatrix[1].xyz, _19_normalMatrix[2].xyz));
        uv = texcoord0;
        tint = lerp(1.0f.xxxx, color0, _19_flags.x.xxxx);
        fogFactor = 1.0f - clamp(dot(_31, _19_fogVector), 0.0f, 1.0f);
        alphaTestOut = _19_alphaTest;
    }

    SPIRV_Cross_Output main(SPIRV_Cross_Input stage_input)
    {
        position = stage_input.position;
        normal = stage_input.normal;
        texcoord0 = stage_input.texcoord0;
        color0 = stage_input.color0;
        vert_main();
        SPIRV_Cross_Output stage_output;
        stage_output.gl_Position = gl_Position;
        stage_output.worldPos = worldPos;
        stage_output.worldNormal = worldNormal;
        stage_output.uv = uv;
        stage_output.tint = tint;
        stage_output.fogFactor = fogFactor;
        stage_output.alphaTestOut = alphaTestOut;
        return stage_output;
    }
*/
#if defined(SOKOL_D3D11)
static const uint8_t cna_lit3d_vs_source_hlsl5[1999] = {
    0x63,0x62,0x75,0x66,0x66,0x65,0x72,0x20,0x6c,0x69,0x74,0x33,0x64,0x5f,0x76,0x73,
    0x5f,0x70,0x61,0x72,0x61,0x6d,0x73,0x20,0x3a,0x20,0x72,0x65,0x67,0x69,0x73,0x74,
    0x65,0x72,0x28,0x62,0x30,0x29,0x0a,0x7b,0x0a,0x20,0x20,0x20,0x20,0x72,0x6f,0x77,
    0x5f,0x6d,0x61,0x6a,0x6f,0x72,0x20,0x66,0x6c,0x6f,0x61,0x74,0x34,0x78,0x34,0x20,
    0x5f,0x31,0x39,0x5f,0x6d,0x76,0x70,0x20,0x3a,0x20,0x70,0x61,0x63,0x6b,0x6f,0x66,
    0x66,0x73,0x65,0x74,0x28,0x63,0x30,0x29,0x3b,0x0a,0x20,0x20,0x20,0x20,0x72,0x6f,
    0x77,0x5f,0x6d,0x61,0x6a,0x6f,0x72,0x20,0x66,0x6c,0x6f,0x61,0x74,0x34,0x78,0x34,
    0x20,0x5f,0x31,0x39,0x5f,0x77,0x6f,0x72,0x6c,0x64,0x20,0x3a,0x20,0x70,0x61,0x63,
    0x6b,0x6f,0x66,0x66,0x73,0x65,0x74,0x28,0x63,0x34,0x29,0x3b,0x0a,0x20,0x20,0x20,
    0x20,0x72,0x6f,0x77,0x5f,0x6d,0x61,0x6a,0x6f,0x72,0x20,0x66,0x6c,0x6f,0x61,0x74,
    0x34,0x78,0x34,0x20,0x5f,0x31,0x39,0x5f,0x6e,0x6f,0x72,0x6d,0x61,0x6c,0x4d,0x61,
    0x74,0x72,0x69,0x78,0x20,0x3a,0x20,0x70,0x61,0x63,0x6b,0x6f,0x66,0x66,0x73,0x65,
    0x74,0x28,0x63,0x38,0x29,0x3b,0x0a,0x20,0x20,0x20,0x20,0x66,0x6c,0x6f,0x61,0x74,
    0x34,0x20,0x5f,0x31,0x39,0x5f,0x66,0x6c,0x61,0x67,0x73,0x20,0x3a,0x20,0x70,0x61,
    0x63,0x6b,0x6f,0x66,0x66,0x73,0x65,0x74,0x28,0x63,0x31,0x32,0x29,0x3b,0x0a,0x20,
    0x20,0x20,0x20,0x66,0x6c,0x6f,0x61,0x74,0x34,0x20,0x5f,0x31,0x39,0x5f,0x61,0x6c,
    0x70,0x68,0x61,0x54,0x65,0x73,0x74,0x20,0x3a,0x20,0x70,0x61,0x63,0x6b,0x6f,0x66,
    0x66,0x73,0x65,0x74,0x28,0x63,0x31,0x33,0x29,0x3b,0x0a,0x20,0x20,0x20,0x20,0x66,
    0x6c,0x6f,0x61,0x74,0x34,0x20,0x5f,0x31,0x39,0x5f,0x66,0x6f,0x67,0x56,0x65,0x63,
    0x74,0x6f,0x72,0x20,0x3a,0x20,0x70,0x61,0x63,0x6b,0x6f,0x66,0x66,0x73,0x65,0x74,
    0x28,0x63,0x31,0x34,0x29,0x3b,0x0a,0x7d,0x3b,0x0a,0x0a,0x0a,0x73,0x74,0x61,0x74,
    0x69,0x63,0x20,0x66,0x6c,0x6f,0x61,0x74,0x34,0x20,0x67,0x6c,0x5f,0x50,0x6f,0x73,
    0x69,0x74,0x69,0x6f,0x6e,0x3b,0x0a,0x73,0x74,0x61,0x74,0x69,0x63,0x20,0x66,0x6c,
    0x6f,0x61,0x74,0x33,0x20,0x70,0x6f,0x73,0x69,0x74,0x69,0x6f,0x6e,0x3b,0x0a,0x73,
    0x74,0x61,0x74,0x69,0x63,0x20,0x66,0x6c,0x6f,0x61,0x74,0x33,0x20,0x77,0x6f,0x72,
    0x6c,0x64,0x50,0x6f,0x73,0x3b,0x0a,0x73,0x74,0x61,0x74,0x69,0x63,0x20,0x66,0x6c,
    0x6f,0x61,0x74,0x33,0x20,0x77,0x6f,0x72,0x6c,0x64,0x4e,0x6f,0x72,0x6d,0x61,0x6c,
    0x3b,0x0a,0x73,0x74,0x61,0x74,0x69,0x63,0x20,0x66,0x6c,0x6f,0x61,0x74,0x33,0x20,
    0x6e,0x6f,0x72,0x6d,0x61,0x6c,0x3b,0x0a,0x73,0x74,0x61,0x74,0x69,0x63,0x20,0x66,
    0x6c,0x6f,0x61,0x74,0x32,0x20,0x75,0x76,0x3b,0x0a,0x73,0x74,0x61,0x74,0x69,0x63,
    0x20,0x66,0x6c,0x6f,0x61,0x74,0x32,0x20,0x74,0x65,0x78,0x63,0x6f,0x6f,0x72,0x64,
    0x30,0x3b,0x0a,0x73,0x74,0x61,0x74,0x69,0x63,0x20,0x66,0x6c,0x6f,0x61,0x74,0x34,
    0x20,0x74,0x69,0x6e,0x74,0x3b,0x0a,0x73,0x74,0x61,0x74,0x69,0x63,0x20,0x66,0x6c,
    0x6f,0x61,0x74,0x34,0x20,0x63,0x6f,0x6c,0x6f,0x72,0x30,0x3b,0x0a,0x73,0x74,0x61,
    0x74,0x69,0x63,0x20,0x66,0x6c,0x6f,0x61,0x74,0x20,0x66,0x6f,0x67,0x46,0x61,0x63,
    0x74,0x6f,0x72,0x3b,0x0a,0x73,0x74,0x61,0x74,0x69,0x63,0x20,0x66,0x6c,0x6f,0x61,
    0x74,0x34,0x20,0x61,0x6c,0x70,0x68,0x61,0x54,0x65,0x73,0x74,0x4f,0x75,0x74,0x3b,
    0x0a,0x0a,0x73,0x74,0x72,0x75,0x63,0x74,0x20,0x53,0x50,0x49,0x52,0x56,0x5f,0x43,
    0x72,0x6f,0x73,0x73,0x5f,0x49,0x6e,0x70,0x75,0x74,0x0a,0x7b,0x0a,0x20,0x20,0x20,
    0x20,0x66,0x6c,0x6f,0x61,0x74,0x33,0x20,0x70,0x6f,0x73,0x69,0x74,0x69,0x6f,0x6e,
    0x20,0x3a,0x20,0x54,0x45,0x58,0x43,0x4f,0x4f,0x52,0x44,0x30,0x3b,0x0a,0x20,0x20,
    0x20,0x20,0x66,0x6c,0x6f,0x61,0x74,0x33,0x20,0x6e,0x6f,0x72,0x6d,0x61,0x6c,0x20,
    0x3a,0x20,0x54,0x45,0x58,0x43,0x4f,0x4f,0x52,0x44,0x31,0x3b,0x0a,0x20,0x20,0x20,
    0x20,0x66,0x6c,0x6f,0x61,0x74,0x32,0x20,0x74,0x65,0x78,0x63,0x6f,0x6f,0x72,0x64,
    0x30,0x20,0x3a,0x20,0x54,0x45,0x58,0x43,0x4f,0x4f,0x52,0x44,0x32,0x3b,0x0a,0x20,
    0x20,0x20,0x20,0x66,0x6c,0x6f,0x61,0x74,0x34,0x20,0x63,0x6f,0x6c,0x6f,0x72,0x30,
    0x20,0x3a,0x20,0x54,0x45,0x58,0x43,0x4f,0x4f,0x52,0x44,0x33,0x3b,0x0a,0x7d,0x3b,
    0x0a,0x0a,0x73,0x74,0x72,0x75,0x63,0x74,0x20,0x53,0x50,0x49,0x52,0x56,0x5f,0x43,
    0x72,0x6f,0x73,0x73,0x5f,0x4f,0x75,0x74,0x70,0x75,0x74,0x0a,0x7b,0x0a,0x20,0x20,
    0x20,0x20,0x66,0x6c,0x6f,0x61,0x74,0x33,0x20,0x77,0x6f,0x72,0x6c,0x64,0x4e,0x6f,
    0x72,0x6d,0x61,0x6c,0x20,0x3a,0x20,0x54,0x45,0x58,0x43,0x4f,0x4f,0x52,0x44,0x30,
    0x3b,0x0a,0x20,0x20,0x20,0x20,0x66,0x6c,0x6f,0x61,0x74,0x33,0x20,0x77,0x6f,0x72,
    0x6c,0x64,0x50,0x6f,0x73,0x20,0x3a,0x20,0x54,0x45,0x58,0x43,0x4f,0x4f,0x52,0x44,
    0x31,0x3b,0x0a,0x20,0x20,0x20,0x20,0x66,0x6c,0x6f,0x61,0x74,0x32,0x20,0x75,0x76,
    0x20,0x3a,0x20,0x54,0x45,0x58,0x43,0x4f,0x4f,0x52,0x44,0x32,0x3b,0x0a,0x20,0x20,
    0x20,0x20,0x66,0x6c,0x6f,0x61,0x74,0x34,0x20,0x74,0x69,0x6e,0x74,0x20,0x3a,0x20,
    0x54,0x45,0x58,0x43,0x4f,0x4f,0x52,0x44,0x33,0x3b,0x0a,0x20,0x20,0x20,0x20,0x66,
    0x6c,0x6f,0x61,0x74,0x20,0x66,0x6f,0x67,0x46,0x61,0x63,0x74,0x6f,0x72,0x20,0x3a,
    0x20,0x54,0x45,0x58,0x43,0x4f,0x4f,0x52,0x44,0x34,0x3b,0x0a,0x20,0x20,0x20,0x20,
    0x66,0x6c,0x6f,0x61,0x74,0x34,0x20,0x61,0x6c,0x70,0x68,0x61,0x54,0x65,0x73,0x74,
    0x4f,0x75,0x74,0x20,0x3a,0x20,0x54,0x45,0x58,0x43,0x4f,0x4f,0x52,0x44,0x35,0x3b,
    0x0a,0x20,0x20,0x20,0x20,0x66,0x6c,0x6f,0x61,0x74,0x34,0x20,0x67,0x6c,0x5f,0x50,
    0x6f,0x73,0x69,0x74,0x69,0x6f,0x6e,0x20,0x3a,0x20,0x53,0x56,0x5f,0x50,0x6f,0x73,
    0x69,0x74,0x69,0x6f,0x6e,0x3b,0x0a,0x7d,0x3b,0x0a,0x0a,0x76,0x6f,0x69,0x64,0x20,
    0x76,0x65,0x72,0x74,0x5f,0x6d,0x61,0x69,0x6e,0x28,0x29,0x0a,0x7b,0x0a,0x20,0x20,
    0x20,0x20,0x66,0x6c,0x6f,0x61,0x74,0x34,0x20,0x5f,0x33,0x31,0x20,0x3d,0x20,0x66,
    0x6c,0x6f,0x61,0x74,0x34,0x28,0x70,0x6f,0x73,0x69,0x74,0x69,0x6f,0x6e,0x2c,0x20,
    0x31,0x2e,0x30,0x66,0x29,0x3b,0x0a,0x20,0x20,0x20,0x20,0x67,0x6c,0x5f,0x50,0x6f,
    0x73,0x69,0x74,0x69,0x6f,0x6e,0x20,0x3d,0x20,0x6d,0x75,0x6c,0x28,0x5f,0x33,0x31,
    0x2c,0x20,0x5f,0x31,0x39,0x5f,0x6d,0x76,0x70,0x29,0x3b,0x0a,0x20,0x20,0x20,0x20,
    0x77,0x6f,0x72,0x6c,0x64,0x50,0x6f,0x73,0x20,0x3d,0x20,0x6d,0x75,0x6c,0x28,0x5f,
    0x33,0x31,0x2c,0x20,0x5f,0x31,0x39,0x5f,0x77,0x6f,0x72,0x6c,0x64,0x29,0x2e,0x78,
    0x79,0x7a,0x3b,0x0a,0x20,0x20,0x20,0x20,0x77,0x6f,0x72,0x6c,0x64,0x4e,0x6f,0x72,
    0x6d,0x61,0x6c,0x20,0x3d,0x20,0x6d,0x75,0x6c,0x28,0x6e,0x6f,0x72,0x6d,0x61,0x6c,
    0x2c,0x20,0x66,0x6c,0x6f,0x61,0x74,0x33,0x78,0x33,0x28,0x5f,0x31,0x39,0x5f,0x6e,
    0x6f,0x72,0x6d,0x61,0x6c,0x4d,0x61,0x74,0x72,0x69,0x78,0x5b,0x30,0x5d,0x2e,0x78,
    0x79,0x7a,0x2c,0x20,0x5f,0x31,0x39,0x5f,0x6e,0x6f,0x72,0x6d,0x61,0x6c,0x4d,0x61,
    0x74,0x72,0x69,0x78,0x5b,0x31,0x5d,0x2e,0x78,0x79,0x7a,0x2c,0x20,0x5f,0x31,0x39,
    0x5f,0x6e,0x6f,0x72,0x6d,0x61,0x6c,0x4d,0x61,0x74,0x72,0x69,0x78,0x5b,0x32,0x5d,
    0x2e,0x78,0x79,0x7a,0x29,0x29,0x3b,0x0a,0x20,0x20,0x20,0x20,0x75,0x76,0x20,0x3d,
    0x20,0x74,0x65,0x78,0x63,0x6f,0x6f,0x72,0x64,0x30,0x3b,0x0a,0x20,0x20,0x20,0x20,
    0x74,0x69,0x6e,0x74,0x20,0x3d,0x20,0x6c,0x65,0x72,0x70,0x28,0x31,0x2e,0x30,0x66,
    0x2e,0x78,0x78,0x78,0x78,0x2c,0x20,0x63,0x6f,0x6c,0x6f,0x72,0x30,0x2c,0x20,0x5f,
    0x31,0x39,0x5f,0x66,0x6c,0x61,0x67,0x73,0x2e,0x78,0x2e,0x78,0x78,0x78,0x78,0x29,
    0x3b,0x0a,0x20,0x20,0x20,0x20,0x66,0x6f,0x67,0x46,0x61,0x63,0x74,0x6f,0x72,0x20,
    0x3d,0x20,0x31,0x2e,0x30,0x66,0x20,0x2d,0x20,0x63,0x6c,0x61,0x6d,0x70,0x28,0x64,
    0x6f,0x74,0x28,0x5f,0x33,0x31,0x2c,0x20,0x5f,0x31,0x39,0x5f,0x66,0x6f,0x67,0x56,
    0x65,0x63,0x74,0x6f,0x72,0x29,0x2c,0x20,0x30,0x2e,0x30,0x66,0x2c,0x20,0x31,0x2e,
    0x30,0x66,0x29,0x3b,0x0a,0x20,0x20,0x20,0x20,0x61,0x6c,0x70,0x68,0x61,0x54,0x65,
    0x73,0x74,0x4f,0x75,0x74,0x20,0x3d,0x20,0x5f,0x31,0x39,0x5f,0x61,0x6c,0x70,0x68,
    0x61,0x54,0x65,0x73,0x74,0x3b,0x0a,0x7d,0x0a,0x0a,0x53,0x50,0x49,0x52,0x56,0x5f,
    0x43,0x72,0x6f,0x73,0x73,0x5f,0x4f,0x75,0x74,0x70,0x75,0x74,0x20,0x6d,0x61,0x69,
    0x6e,0x28,0x53,0x50,0x49,0x52,0x56,0x5f,0x43,0x72,0x6f,0x73,0x73,0x5f,0x49,0x6e,
    0x70,0x75,0x74,0x20,0x73,0x74,0x61,0x67,0x65,0x5f,0x69,0x6e,0x70,0x75,0x74,0x29,
    0x0a,0x7b,0x0a,0x20,0x20,0x20,0x20,0x70,0x6f,0x73,0x69,0x74,0x69,0x6f,0x6e,0x20,
    0x3d,0x20,0x73,0x74,0x61,0x67,0x65,0x5f,0x69,0x6e,0x70,0x75,0x74,0x2e,0x70,0x6f,
    0x73,0x69,0x74,0x69,0x6f,0x6e,0x3b,0x0a,0x20,0x20,0x20,0x20,0x6e,0x6f,0x72,0x6d,
    0x61,0x6c,0x20,0x3d,0x20,0x73,0x74,0x61,0x67,0x65,0x5f,0x69,0x6e,0x70,0x75,0x74,
    0x2e,0x6e,0x6f,0x72,0x6d,0x61,0x6c,0x3b,0x0a,0x20,0x20,0x20,0x20,0x74,0x65,0x78,
    0x63,0x6f,0x6f,0x72,0x64,0x30,0x20,0x3d,0x20,0x73,0x74,0x61,0x67,0x65,0x5f,0x69,
    0x6e,0x70,0x75,0x74,0x2e,0x74,0x65,0x78,0x63,0x6f,0x6f,0x72,0x64,0x30,0x3b,0x0a,
    0x20,0x20,0x20,0x20,0x63,0x6f,0x6c,0x6f,0x72,0x30,0x20,0x3d,0x20,0x73,0x74,0x61,
    0x67,0x65,0x5f,0x69,0x6e,0x70,0x75,0x74,0x2e,0x63,0x6f,0x6c,0x6f,0x72,0x30,0x3b,
    0x0a,0x20,0x20,0x20,0x20,0x76,0x65,0x72,0x74,0x5f,0x6d,0x61,0x69,0x6e,0x28,0x29,
    0x3b,0x0a,0x20,0x20,0x20,0x20,0x53,0x50,0x49,0x52,0x56,0x5f,0x43,0x72,0x6f,0x73,
    0x73,0x5f,0x4f,0x75,0x74,0x70,0x75,0x74,0x20,0x73,0x74,0x61,0x67,0x65,0x5f,0x6f,
    0x75,0x74,0x70,0x75,0x74,0x3b,0x0a,0x20,0x20,0x20,0x20,0x73,0x74,0x61,0x67,0x65,
    0x5f,0x6f,0x75,0x74,0x70,0x75,0x74,0x2e,0x67,0x6c,0x5f,0x50,0x6f,0x73,0x69,0x74,
    0x69,0x6f,0x6e,0x20,0x3d,0x20,0x67,0x6c,0x5f,0x50,0x6f,0x73,0x69,0x74,0x69,0x6f,
    0x6e,0x3b,0x0a,0x20,0x20,0x20,0x20,0x73,0x74,0x61,0x67,0x65,0x5f,0x6f,0x75,0x74,
    0x70,0x75,0x74,0x2e,0x77,0x6f,0x72,0x6c,0x64,0x50,0x6f,0x73,0x20,0x3d,0x20,0x77,
    0x6f,0x72,0x6c,0x64,0x50,0x6f,0x73,0x3b,0x0a,0x20,0x20,0x20,0x20,0x73,0x74,0x61,
    0x67,0x65,0x5f,0x6f,0x75,0x74,0x70,0x75,0x74,0x2e,0x77,0x6f,0x72,0x6c,0x64,0x4e,
    0x6f,0x72,0x6d,0x61,0x6c,0x20,0x3d,0x20,0x77,0x6f,0x72,0x6c,0x64,0x4e,0x6f,0x72,
    0x6d,0x61,0x6c,0x3b,0x0a,0x20,0x20,0x20,0x20,0x73,0x74,0x61,0x67,0x65,0x5f,0x6f,
    0x75,0x74,0x70,0x75,0x74,0x2e,0x75,0x76,0x20,0x3d,0x20,0x75,0x76,0x3b,0x0a,0x20,
    0x20,0x20,0x20,0x73,0x74,0x61,0x67,0x65,0x5f,0x6f,0x75,0x74,0x70,0x75,0x74,0x2e,
    0x74,0x69,0x6e,0x74,0x20,0x3d,0x20,0x74,0x69,0x6e,0x74,0x3b,0x0a,0x20,0x20,0x20,
    0x20,0x73,0x74,0x61,0x67,0x65,0x5f,0x6f,0x75,0x74,0x70,0x75,0x74,0x2e,0x66,0x6f,
    0x67,0x46,0x61,0x63,0x74,0x6f,0x72,0x20,0x3d,0x20,0x66,0x6f,0x67,0x46,0x61,0x63,
    0x74,0x6f,0x72,0x3b,0x0a,0x20,0x20,0x20,0x20,0x73,0x74,0x61,0x67,0x65,0x5f,0x6f,
    0x75,0x74,0x70,0x75,0x74,0x2e,0x61,0x6c,0x70,0x68,0x61,0x54,0x65,0x73,0x74,0x4f,
    0x75,0x74,0x20,0x3d,0x20,0x61,0x6c,0x70,0x68,0x61,0x54,0x65,0x73,0x74,0x4f,0x75,
    0x74,0x3b,0x0a,0x20,0x20,0x20,0x20,0x72,0x65,0x74,0x75,0x72,0x6e,0x20,0x73,0x74,
    0x61,0x67,0x65,0x5f,0x6f,0x75,0x74,0x70,0x75,0x74,0x3b,0x0a,0x7d,0x0a,0x00,
};
#endif
/*
    cbuffer lit3d_fs_params : register(b1)
    {
        float4 _18_diffuse : packoffset(c0);
        float4 _18_ambient : packoffset(c1);
        float4 _18_light0Dir : packoffset(c2);
        float4 _18_light0Diffuse : packoffset(c3);
        float4 _18_light0Specular : packoffset(c4);
        float4 _18_light1Dir : packoffset(c5);
        float4 _18_light1Diffuse : packoffset(c6);
        float4 _18_light1Specular : packoffset(c7);
        float4 _18_light2Dir : packoffset(c8);
        float4 _18_light2Diffuse : packoffset(c9);
        float4 _18_light2Specular : packoffset(c10);
        float4 _18_specularColorAndPower : packoffset(c11);
        float4 _18_eyePosition : packoffset(c12);
        float4 _18_emissiveColor : packoffset(c13);
        float4 _18_fogColor : packoffset(c14);
        float4 _18_rtFlipV : packoffset(c15);
    };

    Texture2D<float4> tex : register(t0);
    SamplerState smp : register(s0);

    static float3 worldNormal;
    static float3 worldPos;
    static float4 tint;
    static float2 uv;
    static float4 alphaTestOut;
    static float fogFactor;
    static float4 frag_color;

    struct SPIRV_Cross_Input
    {
        float3 worldNormal : TEXCOORD0;
        float3 worldPos : TEXCOORD1;
        float2 uv : TEXCOORD2;
        float4 tint : TEXCOORD3;
        float fogFactor : TEXCOORD4;
        float4 alphaTestOut : TEXCOORD5;
    };

    struct SPIRV_Cross_Output
    {
        float4 frag_color : SV_Target0;
    };

    void frag_main()
    {
        float3 _13 = normalize(worldNormal);
        float3 _28 = normalize(_18_eyePosition.xyz - worldPos);
        float _37 = dot(_13, -_18_light0Dir.xyz);
        float _52 = dot(_13, -_18_light1Dir.xyz);
        float _66 = dot(_13, -_18_light2Dir.xyz);
        float4 _243 = tex.Sample(smp, float2(uv.x, lerp(uv.y, 1.0f - uv.y, _18_rtFlipV.x))) * float4((((((_18_ambient.xyz + (_18_light0Diffuse.xyz * max(_37, 0.0f))) + (_18_light1Diffuse.xyz * max(_52, 0.0f))) + (_18_light2Diffuse.xyz * max(_66, 0.0f))) * _18_diffuse.xyz) * tint.xyz) + _18_emissiveColor.xyz, _18_diffuse.w * tint.w);
        float3 _250 = _243.xyz + (((((_18_light0Specular.xyz * pow(max(dot(normalize(_28 - _18_light0Dir.xyz), _13), 0.0f) * step(0.0f, _37), _18_specularColorAndPower.w)) + (_18_light1Specular.xyz * pow(max(dot(normalize(_28 - _18_light1Dir.xyz), _13), 0.0f) * step(0.0f, _52), _18_specularColorAndPower.w))) + (_18_light2Specular.xyz * pow(max(dot(normalize(_28 - _18_light2Dir.xyz), _13), 0.0f) * step(0.0f, _66), _18_specularColorAndPower.w))) * _18_specularColorAndPower.xyz) * _243.w);
        float4 _327 = _243;
        _327.x = _250.x;
        _327.y = _250.y;
        _327.z = _250.z;
        float4 c = _327;
        float _264;
        if (alphaTestOut.y > 0.0f)
        {
            float _276;
            if (abs(c.w - alphaTestOut.x) < alphaTestOut.y)
            {
                _276 = alphaTestOut.z;
            }
            else
            {
                _276 = alphaTestOut.w;
            }
            _264 = _276;
        }
        else
        {
            float _291;
            if (c.w < alphaTestOut.x)
            {
                _291 = alphaTestOut.z;
            }
            else
            {
                _291 = alphaTestOut.w;
            }
            _264 = _291;
        }
        if (_264 < 0.0f)
        {
            discard;
        }
        float4 _310 = c;
        float3 _315 = lerp(_18_fogColor.xyz, _310.xyz, fogFactor.xxx);
        float4 _335 = _310;
        _335.x = _315.x;
        _335.y = _315.y;
        _335.z = _315.z;
        c = _335;
        frag_color = _335;
    }

    SPIRV_Cross_Output main(SPIRV_Cross_Input stage_input)
    {
        worldNormal = stage_input.worldNormal;
        worldPos = stage_input.worldPos;
        tint = stage_input.tint;
        uv = stage_input.uv;
        alphaTestOut = stage_input.alphaTestOut;
        fogFactor = stage_input.fogFactor;
        frag_main();
        SPIRV_Cross_Output stage_output;
        stage_output.frag_color = frag_color;
        return stage_output;
    }
*/
#if defined(SOKOL_D3D11)
static const uint8_t cna_lit3d_fs_source_hlsl5[3658] = {
    0x63,0x62,0x75,0x66,0x66,0x65,0x72,0x20,0x6c,0x69,0x74,0x33,0x64,0x5f,0x66,0x73,
    0x5f,0x70,0x61,0x72,0x61,0x6d,0x73,0x20,0x3a,0x20,0x72,0x65,0x67,0x69,0x73,0x74,
    0x65,0x72,0x28,0x62,0x31,0x29,0x0a,0x7b,0x0a,0x20,0x20,0x20,0x20,0x66,0x6c,0x6f,
    0x61,0x74,0x34,0x20,0x5f,0x31,0x38,0x5f,0x64,0x69,0x66,0x66,0x75,0x73,0x65,0x20,
    0x3a,0x20,0x70,0x61,0x63,0x6b,0x6f,0x66,0x66,0x73,0x65,0x74,0x28,0x63,0x30,0x29,
    0x3b,0x0a,0x20,0x20,0x20,0x20,0x66,0x6c,0x6f,0x61,0x74,0x34,0x20,0x5f,0x31,0x38,
    0x5f,0x61,0x6d,0x62,0x69,0x65,0x6e,0x74,0x20,0x3a,0x20,0x70,0x61,0x63,0x6b,0x6f,
    0x66,0x66,0x73,0x65,0x74,0x28,0x63,0x31,0x29,0x3b,0x0a,0x20,0x20,0x20,0x20,0x66,
    0x6c,0x6f,0x61,0x74,0x34,0x20,0x5f,0x31,0x38,0x5f,0x6c,0x69,0x67,0x68,0x74,0x30,
    0x44,0x69,0x72,0x20,0x3a,0x20,0x70,0x61,0x63,0x6b,0x6f,0x66,0x66,0x73,0x65,0x74,
    0x28,0x63,0x32,0x29,0x3b,0x0a,0x20,0x20,0x20,0x20,0x66,0x6c,0x6f,0x61,0x74,0x34,
    0x20,0x5f,0x31,0x38,0x5f,0x6c,0x69,0x67,0x68,0x74,0x30,0x44,0x69,0x66,0x66,0x75,
    0x73,0x65,0x20,0x3a,0x20,0x70,0x61,0x63,0x6b,0x6f,0x66,0x66,0x73,0x65,0x74,0x28,
    0x63,0x33,0x29,0x3b,0x0a,0x20,0x20,0x20,0x20,0x66,0x6c,0x6f,0x61,0x74,0x34,0x20,
    0x5f,0x31,0x38,0x5f,0x6c,0x69,0x67,0x68,0x74,0x30,0x53,0x70,0x65,0x63,0x75,0x6c,
    0x61,0x72,0x20,0x3a,0x20,0x70,0x61,0x63,0x6b,0x6f,0x66,0x66,0x73,0x65,0x74,0x28,
    0x63,0x34,0x29,0x3b,0x0a,0x20,0x20,0x20,0x20,0x66,0x6c,0x6f,0x61,0x74,0x34,0x20,
    0x5f,0x31,0x38,0x5f,0x6c,0x69,0x67,0x68,0x74,0x31,0x44,0x69,0x72,0x20,0x3a,0x20,
    0x70,0x61,0x63,0x6b,0x6f,0x66,0x66,0x73,0x65,0x74,0x28,0x63,0x35,0x29,0x3b,0x0a,
    0x20,0x20,0x20,0x20,0x66,0x6c,0x6f,0x61,0x74,0x34,0x20,0x5f,0x31,0x38,0x5f,0x6c,
    0x69,0x67,0x68,0x74,0x31,0x44,0x69,0x66,0x66,0x75,0x73,0x65,0x20,0x3a,0x20,0x70,
    0x61,0x63,0x6b,0x6f,0x66,0x66,0x73,0x65,0x74,0x28,0x63,0x36,0x29,0x3b,0x0a,0x20,
    0x20,0x20,0x20,0x66,0x6c,0x6f,0x61,0x74,0x34,0x20,0x5f,0x31,0x38,0x5f,0x6c,0x69,
    0x67,0x68,0x74,0x31,0x53,0x70,0x65,0x63,0x75,0x6c,0x61,0x72,0x20,0x3a,0x20,0x70,
    0x61,0x63,0x6b,0x6f,0x66,0x66,0x73,0x65,0x74,0x28,0x63,0x37,0x29,0x3b,0x0a,0x20,
    0x20,0x20,0x20,0x66,0x6c,0x6f,0x61,0x74,0x34,0x20,0x5f,0x31,0x38,0x5f,0x6c,0x69,
    0x67,0x68,0x74,0x32,0x44,0x69,0x72,0x20,0x3a,0x20,0x70,0x61,0x63,0x6b,0x6f,0x66,
    0x66,0x73,0x65,0x74,0x28,0x63,0x38,0x29,0x3b,0x0a,0x20,0x20,0x20,0x20,0x66,0x6c,
    0x6f,0x61,0x74,0x34,0x20,0x5f,0x31,0x38,0x5f,0x6c,0x69,0x67,0x68,0x74,0x32,0x44,
    0x69,0x66,0x66,0x75,0x73,0x65,0x20,0x3a,0x20,0x70,0x61,0x63,0x6b,0x6f,0x66,0x66,
    0x73,0x65,0x74,0x28,0x63,0x39,0x29,0x3b,0x0a,0x20,0x20,0x20,0x20,0x66,0x6c,0x6f,
    0x61,0x74,0x34,0x20,0x5f,0x31,0x38,0x5f,0x6c,0x69,0x67,0x68,0x74,0x32,0x53,0x70,
    0x65,0x63,0x75,0x6c,0x61,0x72,0x20,0x3a,0x20,0x70,0x61,0x63,0x6b,0x6f,0x66,0x66,
    0x73,0x65,0x74,0x28,0x63,0x31,0x30,0x29,0x3b,0x0a,0x20,0x20,0x20,0x20,0x66,0x6c,
    0x6f,0x61,0x74,0x34,0x20,0x5f,0x31,0x38,0x5f,0x73,0x70,0x65,0x63,0x75,0x6c,0x61,
    0x72,0x43,0x6f,0x6c,0x6f,0x72,0x41,0x6e,0x64,0x50,0x6f,0x77,0x65,0x72,0x20,0x3a,
    0x20,0x70,0x61,0x63,0x6b,0x6f,0x66,0x66,0x73,0x65,0x74,0x28,0x63,0x31,0x31,0x29,
    0x3b,0x0a,0x20,0x20,0x20,0x20,0x66,0x6c,0x6f,0x61,0x74,0x34,0x20,0x5f,0x31,0x38,
    0x5f,0x65,0x79,0x65,0x50,0x6f,0x73,0x69,0x74,0x69,0x6f,0x6e,0x20,0x3a,0x20,0x70,
    0x61,0x63,0x6b,0x6f,0x66,0x66,0x73,0x65,0x74,0x28,0x63,0x31,0x32,0x29,0x3b,0x0a,
    0x20,0x20,0x20,0x20,0x66,0x6c,0x6f,0x61,0x74,0x34,0x20,0x5f,0x31,0x38,0x5f,0x65,
    0x6d,0x69,0x73,0x73,0x69,0x76,0x65,0x43,0x6f,0x6c,0x6f,0x72,0x20,0x3a,0x20,0x70,
    0x61,0x63,0x6b,0x6f,0x66,0x66,0x73,0x65,0x74,0x28,0x63,0x31,0x33,0x29,0x3b,0x0a,
    0x20,0x20,0x20,0x20,0x66,0x6c,0x6f,0x61,0x74,0x34,0x20,0x5f,0x31,0x38,0x5f,0x66,
    0x6f,0x67,0x43,0x6f,0x6c,0x6f,0x72,0x20,0x3a,0x20,0x70,0x61,0x63,0x6b,0x6f,0x66,
    0x66,0x73,0x65,0x74,0x28,0x63,0x31,0x34,0x29,0x3b,0x0a,0x20,0x20,0x20,0x20,0x66,
    0x6c,0x6f,0x61,0x74,0x34,0x20,0x5f,0x31,0x38,0x5f,0x72,0x74,0x46,0x6c,0x69,0x70,
    0x56,0x20,0x3a,0x20,0x70,0x61,0x63,0x6b,0x6f,0x66,0x66,0x73,0x65,0x74,0x28,0x63,
    0x31,0x35,0x29,0x3b,0x0a,0x7d,0x3b,0x0a,0x0a,0x54,0x65,0x78,0x74,0x75,0x72,0x65,
    0x32,0x44,0x3c,0x66,0x6c,0x6f,0x61,0x74,0x34,0x3e,0x20,0x74,0x65,0x78,0x20,0x3a,
    0x20,0x72,0x65,0x67,0x69,0x73,0x74,0x65,0x72,0x28,0x74,0x30,0x29,0x3b,0x0a,0x53,
    0x61,0x6d,0x70,0x6c,0x65,0x72,0x53,0x74,0x61,0x74,0x65,0x20,0x73,0x6d,0x70,0x20,
    0x3a,0x20,0x72,0x65,0x67,0x69,0x73,0x74,0x65,0x72,0x28,0x73,0x30,0x29,0x3b,0x0a,
    0x0a,0x73,0x74,0x61,0x74,0x69,0x63,0x20,0x66,0x6c,0x6f,0x61,0x74,0x33,0x20,0x77,
    0x6f,0x72,0x6c,0x64,0x4e,0x6f,0x72,0x6d,0x61,0x6c,0x3b,0x0a,0x73,0x74,0x61,0x74,
    0x69,0x63,0x20,0x66,0x6c,0x6f,0x61,0x74,0x33,0x20,0x77,0x6f,0x72,0x6c,0x64,0x50,
    0x6f,0x73,0x3b,0x0a,0x73,0x74,0x61,0x74,0x69,0x63,0x20,0x66,0x6c,0x6f,0x61,0x74,
    0x34,0x20,0x74,0x69,0x6e,0x74,0x3b,0x0a,0x73,0x74,0x61,0x74,0x69,0x63,0x20,0x66,
    0x6c,0x6f,0x61,0x74,0x32,0x20,0x75,0x76,0x3b,0x0a,0x73,0x74,0x61,0x74,0x69,0x63,
    0x20,0x66,0x6c,0x6f,0x61,0x74,0x34,0x20,0x61,0x6c,0x70,0x68,0x61,0x54,0x65,0x73,
    0x74,0x4f,0x75,0x74,0x3b,0x0a,0x73,0x74,0x61,0x74,0x69,0x63,0x20,0x66,0x6c,0x6f,
    0x61,0x74,0x20,0x66,0x6f,0x67,0x46,0x61,0x63,0x74,0x6f,0x72,0x3b,0x0a,0x73,0x74,
    0x61,0x74,0x69,0x63,0x20,0x66,0x6c,0x6f,0x61,0x74,0x34,0x20,0x66,0x72,0x61,0x67,
    0x5f,0x63,0x6f,0x6c,0x6f,0x72,0x3b,0x0a,0x0a,0x73,0x74,0x72,0x75,0x63,0x74,0x20,
    0x53,0x50,0x49,0x52,0x56,0x5f,0x43,0x72,0x6f,0x73,0x73,0x5f,0x49,0x6e,0x70,0x75,
    0x74,0x0a,0x7b,0x0a,0x20,0x20,0x20,0x20,0x66,0x6c,0x6f,0x61,0x74,0x33,0x20,0x77,
    0x6f,0x72,0x6c,0x64,0x4e,0x6f,0x72,0x6d,0x61,0x6c,0x20,0x3a,0x20,0x54,0x45,0x58,
    0x43,0x4f,0x4f,0x52,0x44,0x30,0x3b,0x0a,0x20,0x20,0x20,0x20,0x66,0x6c,0x6f,0x61,
    0x74,0x33,0x20,0x77,0x6f,0x72,0x6c,0x64,0x50,0x6f,0x73,0x20,0x3a,0x20,0x54,0x45,
    0x58,0x43,0x4f,0x4f,0x52,0x44,0x31,0x3b,0x0a,0x20,0x20,0x20,0x20,0x66,0x6c,0x6f,
    0x61,0x74,0x32,0x20,0x75,0x76,0x20,0x3a,0x20,0x54,0x45,0x58,0x43,0x4f,0x4f,0x52,
    0x44,0x32,0x3b,0x0a,0x20,0x20,0x20,0x20,0x66,0x6c,0x6f,0x61,0x74,0x34,0x20,0x74,
    0x69,0x6e,0x74,0x20,0x3a,0x20,0x54,0x45,0x58,0x43,0x4f,0x4f,0x52,0x44,0x33,0x3b,
    0x0a,0x20,0x20,0x20,0x20,0x66,0x6c,0x6f,0x61,0x74,0x20,0x66,0x6f,0x67,0x46,0x61,
    0x63,0x74,0x6f,0x72,0x20,0x3a,0x20,0x54,0x45,0x58,0x43,0x4f,0x4f,0x52,0x44,0x34,
    0x3b,0x0a,0x20,0x20,0x20,0x20,0x66,0x6c,0x6f,0x61,0x74,0x34,0x20,0x61,0x6c,0x70,
    0x68,0x61,0x54,0x65,0x73,0x74,0x4f,0x75,0x74,0x20,0x3a,0x20,0x54,0x45,0x58,0x43,
    0x4f,0x4f,0x52,0x44,0x35,0x3b,0x0a,0x7d,0x3b,0x0a,0x0a,0x73,0x74,0x72,0x75,0x63,
    0x74,0x20,0x53,0x50,0x49,0x52,0x56,0x5f,0x43,0x72,0x6f,0x73,0x73,0x5f,0x4f,0x75,
    0x74,0x70,0x75,0x74,0x0a,0x7b,0x0a,0x20,0x20,0x20,0x20,0x66,0x6c,0x6f,0x61,0x74,
    0x34,0x20,0x66,0x72,0x61,0x67,0x5f,0x63,0x6f,0x6c,0x6f,0x72,0x20,0x3a,0x20,0x53,
    0x56,0x5f,0x54,0x61,0x72,0x67,0x65,0x74,0x30,0x3b,0x0a,0x7d,0x3b,0x0a,0x0a,0x76,
    0x6f,0x69,0x64,0x20,0x66,0x72,0x61,0x67,0x5f,0x6d,0x61,0x69,0x6e,0x28,0x29,0x0a,
    0x7b,0x0a,0x20,0x20,0x20,0x20,0x66,0x6c,0x6f,0x61,0x74,0x33,0x20,0x5f,0x31,0x33,
    0x20,0x3d,0x20,0x6e,0x6f,0x72,0x6d,0x61,0x6c,0x69,0x7a,0x65,0x28,0x77,0x6f,0x72,
    0x6c,0x64,0x4e,0x6f,0x72,0x6d,0x61,0x6c,0x29,0x3b,0x0a,0x20,0x20,0x20,0x20,0x66,
    0x6c,0x6f,0x61,0x74,0x33,0x20,0x5f,0x32,0x38,0x20,0x3d,0x20,0x6e,0x6f,0x72,0x6d,
    0x61,0x6c,0x69,0x7a,0x65,0x28,0x5f,0x31,0x38,0x5f,0x65,0x79,0x65,0x50,0x6f,0x73,
    0x69,0x74,0x69,0x6f,0x6e,0x2e,0x78,0x79,0x7a,0x20,0x2d,0x20,0x77,0x6f,0x72,0x6c,
    0x64,0x50,0x6f,0x73,0x29,0x3b,0x0a,0x20,0x20,0x20,0x20,0x66,0x6c,0x6f,0x61,0x74,
    0x20,0x5f,0x33,0x37,0x20,0x3d,0x20,0x64,0x6f,0x74,0x28,0x5f,0x31,0x33,0x2c,0x20,
    0x2d,0x5f,0x31,0x38,0x5f,0x6c,0x69,0x67,0x68,0x74,0x30,0x44,0x69,0x72,0x2e,0x78,
    0x79,0x7a,0x29,0x3b,0x0a,0x20,0x20,0x20,0x20,0x66,0x6c,0x6f,0x61,0x74,0x20,0x5f,
    0x35,0x32,0x20,0x3d,0x20,0x64,0x6f,0x74,0x28,0x5f,0x31,0x33,0x2c,0x20,0x2d,0x5f,
    0x31,0x38,0x5f,0x6c,0x69,0x67,0x68,0x74,0x31,0x44,0x69,0x72,0x2e,0x78,0x79,0x7a,
    0x29,0x3b,0x0a,0x20,0x20,0x20,0x20,0x66,0x6c,0x6f,0x61,0x74,0x20,0x5f,0x36,0x36,
    0x20,0x3d,0x20,0x64,0x6f,0x74,0x28,0x5f,0x31,0x33,0x2c,0x20,0x2d,0x5f,0x31,0x38,
    0x5f,0x6c,0x69,0x67,0x68,0x74,0x32,0x44,0x69,0x72,0x2e,0x78,0x79,0x7a,0x29,0x3b,
    0x0a,0x20,0x20,0x20,0x20,0x66,0x6c,0x6f,0x61,0x74,0x34,0x20,0x5f,0x32,0x34,0x33,
    0x20,0x3d,0x20,0x74,0x65,0x78,0x2e,0x53,0x61,0x6d,0x70,0x6c,0x65,0x28,0x73,0x6d,
    0x70,0x2c,0x20,0x66,0x6c,0x6f,0x61,0x74,0x32,0x28,0x75,0x76,0x2e,0x78,0x2c,0x20,
    0x6c,0x65,0x72,0x70,0x28,0x75,0x76,0x2e,0x79,0x2c,0x20,0x31,0x2e,0x30,0x66,0x20,
    0x2d,0x20,0x75,0x76,0x2e,0x79,0x2c,0x20,0x5f,0x31,0x38,0x5f,0x72,0x74,0x46,0x6c,
    0x69,0x70,0x56,0x2e,0x78,0x29,0x29,0x29,0x20,0x2a,0x20,0x66,0x6c,0x6f,0x61,0x74,
    0x34,0x28,0x28,0x28,0x28,0x28,0x28,0x5f,0x31,0x38,0x5f,0x61,0x6d,0x62,0x69,0x65,
    0x6e,0x74,0x2e,0x78,0x79,0x7a,0x20,0x2b,0x20,0x28,0x5f,0x31,0x38,0x5f,0x6c,0x69,
    0x67,0x68,0x74,0x30,0x44,0x69,0x66,0x66,0x75,0x73,0x65,0x2e,0x78,0x79,0x7a,0x20,
    0x2a,0x20,0x6d,0x61,0x78,0x28,0x5f,0x33,0x37,0x2c,0x20,0x30,0x2e,0x30,0x66,0x29,
    0x29,0x29,0x20,0x2b,0x20,0x28,0x5f,0x31,0x38,0x5f,0x6c,0x69,0x67,0x68,0x74,0x31,
    0x44,0x69,0x66,0x66,0x75,0x73,0x65,0x2e,0x78,0x79,0x7a,0x20,0x2a,0x20,0x6d,0x61,
    0x78,0x28,0x5f,0x35,0x32,0x2c,0x20,0x30,0x2e,0x30,0x66,0x29,0x29,0x29,0x20,0x2b,
    0x20,0x28,0x5f,0x31,0x38,0x5f,0x6c,0x69,0x67,0x68,0x74,0x32,0x44,0x69,0x66,0x66,
    0x75,0x73,0x65,0x2e,0x78,0x79,0x7a,0x20,0x2a,0x20,0x6d,0x61,0x78,0x28,0x5f,0x36,
    0x36,0x2c,0x20,0x30,0x2e,0x30,0x66,0x29,0x29,0x29,0x20,0x2a,0x20,0x5f,0x31,0x38,
    0x5f,0x64,0x69,0x66,0x66,0x75,0x73,0x65,0x2e,0x78,0x79,0x7a,0x29,0x20,0x2a,0x20,
    0x74,0x69,0x6e,0x74,0x2e,0x78,0x79,0x7a,0x29,0x20,0x2b,0x20,0x5f,0x31,0x38,0x5f,
    0x65,0x6d,0x69,0x73,0x73,0x69,0x76,0x65,0x43,0x6f,0x6c,0x6f,0x72,0x2e,0x78,0x79,
    0x7a,0x2c,0x20,0x5f,0x31,0x38,0x5f,0x64,0x69,0x66,0x66,0x75,0x73,0x65,0x2e,0x77,
    0x20,0x2a,0x20,0x74,0x69,0x6e,0x74,0x2e,0x77,0x29,0x3b,0x0a,0x20,0x20,0x20,0x20,
    0x66,0x6c,0x6f,0x61,0x74,0x33,0x20,0x5f,0x32,0x35,0x30,0x20,0x3d,0x20,0x5f,0x32,
    0x34,0x33,0x2e,0x78,0x79,0x7a,0x20,0x2b,0x20,0x28,0x28,0x28,0x28,0x28,0x5f,0x31,
    0x38,0x5f,0x6c,0x69,0x67,0x68,0x74,0x30,0x53,0x70,0x65,0x63,0x75,0x6c,0x61,0x72,
    0x2e,0x78,0x79,0x7a,0x20,0x2a,0x20,0x70,0x6f,0x77,0x28,0x6d,0x61,0x78,0x28,0x64,
    0x6f,0x74,0x28,0x6e,0x6f,0x72,0x6d,0x61,0x6c,0x69,0x7a,0x65,0x28,0x5f,0x32,0x38,
    0x20,0x2d,0x20,0x5f,0x31,0x38,0x5f,0x6c,0x69,0x67,0x68,0x74,0x30,0x44,0x69,0x72,
    0x2e,0x78,0x79,0x7a,0x29,0x2c,0x20,0x5f,0x31,0x33,0x29,0x2c,0x20,0x30,0x2e,0x30,
    0x66,0x29,0x20,0x2a,0x20,0x73,0x74,0x65,0x70,0x28,0x30,0x2e,0x30,0x66,0x2c,0x20,
    0x5f,0x33,0x37,0x29,0x2c,0x20,0x5f,0x31,0x38,0x5f,0x73,0x70,0x65,0x63,0x75,0x6c,
    0x61,0x72,0x43,0x6f,0x6c,0x6f,0x72,0x41,0x6e,0x64,0x50,0x6f,0x77,0x65,0x72,0x2e,
    0x77,0x29,0x29,0x20,0x2b,0x20,0x28,0x5f,0x31,0x38,0x5f,0x6c,0x69,0x67,0x68,0x74,
    0x31,0x53,0x70,0x65,0x63,0x75,0x6c,0x61,0x72,0x2e,0x78,0x79,0x7a,0x20,0x2a,0x20,
    0x70,0x6f,0x77,0x28,0x6d,0x61,0x78,0x28,0x64,0x6f,0x74,0x28,0x6e,0x6f,0x72,0x6d,
    0x61,0x6c,0x69,0x7a,0x65,0x28,0x5f,0x32,0x38,0x20,0x2d,0x20,0x5f,0x31,0x38,0x5f,
    0x6c,0x69,0x67,0x68,0x74,0x31,0x44,0x69,0x72,0x2e,0x78,0x79,0x7a,0x29,0x2c,0x20,
    0x5f,0x31,0x33,0x29,0x2c,0x20,0x30,0x2e,0x30,0x66,0x29,0x20,0x2a,0x20,0x73,0x74,
    0x65,0x70,0x28,0x30,0x2e,0x30,0x66,0x2c,0x20,0x5f,0x35,0x32,0x29,0x2c,0x20,0x5f,
    0x31,0x38,0x5f,0x73,0x70,0x65,0x63,0x75,0x6c,0x61,0x72,0x43,0x6f,0x6c,0x6f,0x72,
    0x41,0x6e,0x64,0x50,0x6f,0x77,0x65,0x72,0x2e,0x77,0x29,0x29,0x29,0x20,0x2b,0x20,
    0x28,0x5f,0x31,0x38,0x5f,0x6c,0x69,0x67,0x68,0x74,0x32,0x53,0x70,0x65,0x63,0x75,
    0x6c,0x61,0x72,0x2e,0x78,0x79,0x7a,0x20,0x2a,0x20,0x70,0x6f,0x77,0x28,0x6d,0x61,
    0x78,0x28,0x64,0x6f,0x74,0x28,0x6e,0x6f,0x72,0x6d,0x61,0x6c,0x69,0x7a,0x65,0x28,
    0x5f,0x32,0x38,0x20,0x2d,0x20,0x5f,0x31,0x38,0x5f,0x6c,0x69,0x67,0x68,0x74,0x32,
    0x44,0x69,0x72,0x2e,0x78,0x79,0x7a,0x29,0x2c,0x20,0x5f,0x31,0x33,0x29,0x2c,0x20,
    0x30,0x2e,0x30,0x66,0x29,0x20,0x2a,0x20,0x73,0x74,0x65,0x70,0x28,0x30,0x2e,0x30,
    0x66,0x2c,0x20,0x5f,0x36,0x36,0x29,0x2c,0x20,0x5f,0x31,0x38,0x5f,0x73,0x70,0x65,
    0x63,0x75,0x6c,0x61,0x72,0x43,0x6f,0x6c,0x6f,0x72,0x41,0x6e,0x64,0x50,0x6f,0x77,
    0x65,0x72,0x2e,0x77,0x29,0x29,0x29,0x20,0x2a,0x20,0x5f,0x31,0x38,0x5f,0x73,0x70,
    0x65,0x63,0x75,0x6c,0x61,0x72,0x43,0x6f,0x6c,0x6f,0x72,0x41,0x6e,0x64,0x50,0x6f,
    0x77,0x65,0x72,0x2e,0x78,0x79,0x7a,0x29,0x20,0x2a,0x20,0x5f,0x32,0x34,0x33,0x2e,
    0x77,0x29,0x3b,0x0a,0x20,0x20,0x20,0x20,0x66,0x6c,0x6f,0x61,0x74,0x34,0x20,0x5f,
    0x33,0x32,0x37,0x20,0x3d,0x20,0x5f,0x32,0x34,0x33,0x3b,0x0a,0x20,0x20,0x20,0x20,
    0x5f,0x33,0x32,0x37,0x2e,0x78,0x20,0x3d,0x20,0x5f,0x32,0x35,0x30,0x2e,0x78,0x3b,
    0x0a,0x20,0x20,0x20,0x20,0x5f,0x33,0x32,0x37,0x2e,0x79,0x20,0x3d,0x20,0x5f,0x32,
    0x35,0x30,0x2e,0x79,0x3b,0x0a,0x20,0x20,0x20,0x20,0x5f,0x33,0x32,0x37,0x2e,0x7a,
    0x20,0x3d,0x20,0x5f,0x32,0x35,0x30,0x2e,0x7a,0x3b,0x0a,0x20,0x20,0x20,0x20,0x66,
    0x6c,0x6f,0x61,0x74,0x34,0x20,0x63,0x20,0x3d,0x20,0x5f,0x33,0x32,0x37,0x3b,0x0a,
    0x20,0x20,0x20,0x20,0x66,0x6c,0x6f,0x61,0x74,0x20,0x5f,0x32,0x36,0x34,0x3b,0x0a,
    0x20,0x20,0x20,0x20,0x69,0x66,0x20,0x28,0x61,0x6c,0x70,0x68,0x61,0x54,0x65,0x73,
    0x74,0x4f,0x75,0x74,0x2e,0x79,0x20,0x3e,0x20,0x30,0x2e,0x30,0x66,0x29,0x0a,0x20,
    0x20,0x20,0x20,0x7b,0x0a,0x20,0x20,0x20,0x20,0x20,0x20,0x20,0x20,0x66,0x6c,0x6f,
    0x61,0x74,0x20,0x5f,0x32,0x37,0x36,0x3b,0x0a,0x20,0x20,0x20,0x20,0x20,0x20,0x20,
    0x20,0x69,0x66,0x20,0x28,0x61,0x62,0x73,0x28,0x63,0x2e,0x77,0x20,0x2d,0x20,0x61,
    0x6c,0x70,0x68,0x61,0x54,0x65,0x73,0x74,0x4f,0x75,0x74,0x2e,0x78,0x29,0x20,0x3c,
    0x20,0x61,0x6c,0x70,0x68,0x61,0x54,0x65,0x73,0x74,0x4f,0x75,0x74,0x2e,0x79,0x29,
    0x0a,0x20,0x20,0x20,0x20,0x20,0x20,0x20,0x20,0x7b,0x0a,0x20,0x20,0x20,0x20,0x20,
    0x20,0x20,0x20,0x20,0x20,0x20,0x20,0x5f,0x32,0x37,0x36,0x20,0x3d,0x20,0x61,0x6c,
    0x70,0x68,0x61,0x54,0x65,0x73,0x74,0x4f,0x75,0x74,0x2e,0x7a,0x3b,0x0a,0x20,0x20,
    0x20,0x20,0x20,0x20,0x20,0x20,0x7d,0x0a,0x20,0x20,0x20,0x20,0x20,0x20,0x20,0x20,
    0x65,0x6c,0x73,0x65,0x0a,0x20,0x20,0x20,0x20,0x20,0x20,0x20,0x20,0x7b,0x0a,0x20,
    0x20,0x20,0x20,0x20,0x20,0x20,0x20,0x20,0x20,0x20,0x20,0x5f,0x32,0x37,0x36,0x20,
    0x3d,0x20,0x61,0x6c,0x70,0x68,0x61,0x54,0x65,0x73,0x74,0x4f,0x75,0x74,0x2e,0x77,
    0x3b,0x0a,0x20,0x20,0x20,0x20,0x20,0x20,0x20,0x20,0x7d,0x0a,0x20,0x20,0x20,0x20,
    0x20,0x20,0x20,0x20,0x5f,0x32,0x36,0x34,0x20,0x3d,0x20,0x5f,0x32,0x37,0x36,0x3b,
    0x0a,0x20,0x20,0x20,0x20,0x7d,0x0a,0x20,0x20,0x20,0x20,0x65,0x6c,0x73,0x65,0x0a,
    0x20,0x20,0x20,0x20,0x7b,0x0a,0x20,0x20,0x20,0x20,0x20,0x20,0x20,0x20,0x66,0x6c,
    0x6f,0x61,0x74,0x20,0x5f,0x32,0x39,0x31,0x3b,0x0a,0x20,0x20,0x20,0x20,0x20,0x20,
    0x20,0x20,0x69,0x66,0x20,0x28,0x63,0x2e,0x77,0x20,0x3c,0x20,0x61,0x6c,0x70,0x68,
    0x61,0x54,0x65,0x73,0x74,0x4f,0x75,0x74,0x2e,0x78,0x29,0x0a,0x20,0x20,0x20,0x20,
    0x20,0x20,0x20,0x20,0x7b,0x0a,0x20,0x20,0x20,0x20,0x20,0x20,0x20,0x20,0x20,0x20,
    0x20,0x20,0x5f,0x32,0x39,0x31,0x20,0x3d,0x20,0x61,0x6c,0x70,0x68,0x61,0x54,0x65,
    0x73,0x74,0x4f,0x75,0x74,0x2e,0x7a,0x3b,0x0a,0x20,0x20,0x20,0x20,0x20,0x20,0x20,
    0x20,0x7d,0x0a,0x20,0x20,0x20,0x20,0x20,0x20,0x20,0x20,0x65,0x6c,0x73,0x65,0x0a,
    0x20,0x20,0x20,0x20,0x20,0x20,0x20,0x20,0x7b,0x0a,0x20,0x20,0x20,0x20,0x20,0x20,
    0x20,0x20,0x20,0x20,0x20,0x20,0x5f,0x32,0x39,0x31,0x20,0x3d,0x20,0x61,0x6c,0x70,
    0x68,0x61,0x54,0x65,0x73,0x74,0x4f,0x75,0x74,0x2e,0x77,0x3b,0x0a,0x20,0x20,0x20,
    0x20,0x20,0x20,0x20,0x20,0x7d,0x0a,0x20,0x20,0x20,0x20,0x20,0x20,0x20,0x20,0x5f,
    0x32,0x36,0x34,0x20,0x3d,0x20,0x5f,0x32,0x39,0x31,0x3b,0x0a,0x20,0x20,0x20,0x20,
    0x7d,0x0a,0x20,0x20,0x20,0x20,0x69,0x66,0x20,0x28,0x5f,0x32,0x36,0x34,0x20,0x3c,
    0x20,0x30,0x2e,0x30,0x66,0x29,0x0a,0x20,0x20,0x20,0x20,0x7b,0x0a,0x20,0x20,0x20,
    0x20,0x20,0x20,0x20,0x20,0x64,0x69,0x73,0x63,0x61,0x72,0x64,0x3b,0x0a,0x20,0x20,
    0x20,0x20,0x7d,0x0a,0x20,0x20,0x20,0x20,0x66,0x6c,0x6f,0x61,0x74,0x34,0x20,0x5f,
    0x33,0x31,0x30,0x20,0x3d,0x20,0x63,0x3b,0x0a,0x20,0x20,0x20,0x20,0x66,0x6c,0x6f,
    0x61,0x74,0x33,0x20,0x5f,0x33,0x31,0x35,0x20,0x3d,0x20,0x6c,0x65,0x72,0x70,0x28,
    0x5f,0x31,0x38,0x5f,0x66,0x6f,0x67,0x43,0x6f,0x6c,0x6f,0x72,0x2e,0x78,0x79,0x7a,
    0x2c,0x20,0x5f,0x33,0x31,0x30,0x2e,0x78,0x79,0x7a,0x2c,0x20,0x66,0x6f,0x67,0x46,
    0x61,0x63,0x74,0x6f,0x72,0x2e,0x78,0x78,0x78,0x29,0x3b,0x0a,0x20,0x20,0x20,0x20,
    0x66,0x6c,0x6f,0x61,0x74,0x34,0x20,0x5f,0x33,0x33,0x35,0x20,0x3d,0x20,0x5f,0x33,
    0x31,0x30,0x3b,0x0a,0x20,0x20,0x20,0x20,0x5f,0x33,0x33,0x35,0x2e,0x78,0x20,0x3d,
    0x20,0x5f,0x33,0x31,0x35,0x2e,0x78,0x3b,0x0a,0x20,0x20,0x20,0x20,0x5f,0x33,0x33,
    0x35,0x2e,0x79,0x20,0x3d,0x20,0x5f,0x33,0x31,0x35,0x2e,0x79,0x3b,0x0a,0x20,0x20,
    0x20,0x20,0x5f,0x33,0x33,0x35,0x2e,0x7a,0x20,0x3d,0x20,0x5f,0x33,0x31,0x35,0x2e,
    0x7a,0x3b,0x0a,0x20,0x20,0x20,0x20,0x63,0x20,0x3d,0x20,0x5f,0x33,0x33,0x35,0x3b,
    0x0a,0x20,0x20,0x20,0x20,0x66,0x72,0x61,0x67,0x5f,0x63,0x6f,0x6c,0x6f,0x72,0x20,
    0x3d,0x20,0x5f,0x33,0x33,0x35,0x3b,0x0a,0x7d,0x0a,0x0a,0x53,0x50,0x49,0x52,0x56,
    0x5f,0x43,0x72,0x6f,0x73,0x73,0x5f,0x4f,0x75,0x74,0x70,0x75,0x74,0x20,0x6d,0x61,
    0x69,0x6e,0x28,0x53,0x50,0x49,0x52,0x56,0x5f,0x43,0x72,0x6f,0x73,0x73,0x5f,0x49,
    0x6e,0x70,0x75,0x74,0x20,0x73,0x74,0x61,0x67,0x65,0x5f,0x69,0x6e,0x70,0x75,0x74,
    0x29,0x0a,0x7b,0x0a,0x20,0x20,0x20,0x20,0x77,0x6f,0x72,0x6c,0x64,0x4e,0x6f,0x72,
    0x6d,0x61,0x6c,0x20,0x3d,0x20,0x73,0x74,0x61,0x67,0x65,0x5f,0x69,0x6e,0x70,0x75,
    0x74,0x2e,0x77,0x6f,0x72,0x6c,0x64,0x4e,0x6f,0x72,0x6d,0x61,0x6c,0x3b,0x0a,0x20,
    0x20,0x20,0x20,0x77,0x6f,0x72,0x6c,0x64,0x50,0x6f,0x73,0x20,0x3d,0x20,0x73,0x74,
    0x61,0x67,0x65,0x5f,0x69,0x6e,0x70,0x75,0x74,0x2e,0x77,0x6f,0x72,0x6c,0x64,0x50,
    0x6f,0x73,0x3b,0x0a,0x20,0x20,0x20,0x20,0x74,0x69,0x6e,0x74,0x20,0x3d,0x20,0x73,
    0x74,0x61,0x67,0x65,0x5f,0x69,0x6e,0x70,0x75,0x74,0x2e,0x74,0x69,0x6e,0x74,0x3b,
    0x0a,0x20,0x20,0x20,0x20,0x75,0x76,0x20,0x3d,0x20,0x73,0x74,0x61,0x67,0x65,0x5f,
    0x69,0x6e,0x70,0x75,0x74,0x2e,0x75,0x76,0x3b,0x0a,0x20,0x20,0x20,0x20,0x61,0x6c,
    0x70,0x68,0x61,0x54,0x65,0x73,0x74,0x4f,0x75,0x74,0x20,0x3d,0x20,0x73,0x74,0x61,
    0x67,0x65,0x5f,0x69,0x6e,0x70,0x75,0x74,0x2e,0x61,0x6c,0x70,0x68,0x61,0x54,0x65,
    0x73,0x74,0x4f,0x75,0x74,0x3b,0x0a,0x20,0x20,0x20,0x20,0x66,0x6f,0x67,0x46,0x61,
    0x63,0x74,0x6f,0x72,0x20,0x3d,0x20,0x73,0x74,0x61,0x67,0x65,0x5f,0x69,0x6e,0x70,
    0x75,0x74,0x2e,0x66,0x6f,0x67,0x46,0x61,0x63,0x74,0x6f,0x72,0x3b,0x0a,0x20,0x20,
    0x20,0x20,0x66,0x72,0x61,0x67,0x5f,0x6d,0x61,0x69,0x6e,0x28,0x29,0x3b,0x0a,0x20,
    0x20,0x20,0x20,0x53,0x50,0x49,0x52,0x56,0x5f,0x43,0x72,0x6f,0x73,0x73,0x5f,0x4f,
    0x75,0x74,0x70,0x75,0x74,0x20,0x73,0x74,0x61,0x67,0x65,0x5f,0x6f,0x75,0x74,0x70,
    0x75,0x74,0x3b,0x0a,0x20,0x20,0x20,0x20,0x73,0x74,0x61,0x67,0x65,0x5f,0x6f,0x75,
    0x74,0x70,0x75,0x74,0x2e,0x66,0x72,0x61,0x67,0x5f,0x63,0x6f,0x6c,0x6f,0x72,0x20,
    0x3d,0x20,0x66,0x72,0x61,0x67,0x5f,0x63,0x6f,0x6c,0x6f,0x72,0x3b,0x0a,0x20,0x20,
    0x20,0x20,0x72,0x65,0x74,0x75,0x72,0x6e,0x20,0x73,0x74,0x61,0x67,0x65,0x5f,0x6f,
    0x75,0x74,0x70,0x75,0x74,0x3b,0x0a,0x7d,0x0a,0x00,
};
#endif
/*
    #include <metal_stdlib>
    #include <simd/simd.h>

    using namespace metal;

    struct lit3d_vs_params
    {
        float4x4 mvp;
        float4x4 world;
        float4x4 normalMatrix;
        float4 flags;
        float4 alphaTest;
        float4 fogVector;
    };

    struct main0_out
    {
        float3 worldNormal [[user(locn0)]];
        float3 worldPos [[user(locn1)]];
        float2 uv [[user(locn2)]];
        float4 tint [[user(locn3)]];
        float fogFactor [[user(locn4)]];
        float4 alphaTestOut [[user(locn5)]];
        float4 gl_Position [[position]];
    };

    struct main0_in
    {
        float3 position [[attribute(0)]];
        float3 normal [[attribute(1)]];
        float2 texcoord0 [[attribute(2)]];
        float4 color0 [[attribute(3)]];
    };

    vertex main0_out main0(main0_in in [[stage_in]], constant lit3d_vs_params& _19 [[buffer(0)]])
    {
        main0_out out = {};
        float4 _31 = float4(in.position, 1.0);
        out.gl_Position = _19.mvp * _31;
        out.worldPos = (_19.world * _31).xyz;
        out.worldNormal = float3x3(_19.normalMatrix[0].xyz, _19.normalMatrix[1].xyz, _19.normalMatrix[2].xyz) * in.normal;
        out.uv = in.texcoord0;
        out.tint = mix(float4(1.0), in.color0, float4(_19.flags.x));
        out.fogFactor = 1.0 - fast::clamp(dot(_31, _19.fogVector), 0.0, 1.0);
        out.alphaTestOut = _19.alphaTest;
        return out;
    }

*/
#if defined(SOKOL_METAL)
static const uint8_t cna_lit3d_vs_source_metal_macos[1263] = {
    0x23,0x69,0x6e,0x63,0x6c,0x75,0x64,0x65,0x20,0x3c,0x6d,0x65,0x74,0x61,0x6c,0x5f,
    0x73,0x74,0x64,0x6c,0x69,0x62,0x3e,0x0a,0x23,0x69,0x6e,0x63,0x6c,0x75,0x64,0x65,
    0x20,0x3c,0x73,0x69,0x6d,0x64,0x2f,0x73,0x69,0x6d,0x64,0x2e,0x68,0x3e,0x0a,0x0a,
    0x75,0x73,0x69,0x6e,0x67,0x20,0x6e,0x61,0x6d,0x65,0x73,0x70,0x61,0x63,0x65,0x20,
    0x6d,0x65,0x74,0x61,0x6c,0x3b,0x0a,0x0a,0x73,0x74,0x72,0x75,0x63,0x74,0x20,0x6c,
    0x69,0x74,0x33,0x64,0x5f,0x76,0x73,0x5f,0x70,0x61,0x72,0x61,0x6d,0x73,0x0a,0x7b,
    0x0a,0x20,0x20,0x20,0x20,0x66,0x6c,0x6f,0x61,0x74,0x34,0x78,0x34,0x20,0x6d,0x76,
    0x70,0x3b,0x0a,0x20,0x20,0x20,0x20,0x66,0x6c,0x6f,0x61,0x74,0x34,0x78,0x34,0x20,
    0x77,0x6f,0x72,0x6c,0x64,0x3b,0x0a,0x20,0x20,0x20,0x20,0x66,0x6c,0x6f,0x61,0x74,
    0x34,0x78,0x34,0x20,0x6e,0x6f,0x72,0x6d,0x61,0x6c,0x4d,0x61,0x74,0x72,0x69,0x78,
    0x3b,0x0a,0x20,0x20,0x20,0x20,0x66,0x6c,0x6f,0x61,0x74,0x34,0x20,0x66,0x6c,0x61,
    0x67,0x73,0x3b,0x0a,0x20,0x20,0x20,0x20,0x66,0x6c,0x6f,0x61,0x74,0x34,0x20,0x61,
    0x6c,0x70,0x68,0x61,0x54,0x65,0x73,0x74,0x3b,0x0a,0x20,0x20,0x20,0x20,0x66,0x6c,
    0x6f,0x61,0x74,0x34,0x20,0x66,0x6f,0x67,0x56,0x65,0x63,0x74,0x6f,0x72,0x3b,0x0a,
    0x7d,0x3b,0x0a,0x0a,0x73,0x74,0x72,0x75,0x63,0x74,0x20,0x6d,0x61,0x69,0x6e,0x30,
    0x5f,0x6f,0x75,0x74,0x0a,0x7b,0x0a,0x20,0x20,0x20,0x20,0x66,0x6c,0x6f,0x61,0x74,
    0x33,0x20,0x77,0x6f,0x72,0x6c,0x64,0x4e,0x6f,0x72,0x6d,0x61,0x6c,0x20,0x5b,0x5b,
    0x75,0x73,0x65,0x72,0x28,0x6c,0x6f,0x63,0x6e,0x30,0x29,0x5d,0x5d,0x3b,0x0a,0x20,
    0x20,0x20,0x20,0x66,0x6c,0x6f,0x61,0x74,0x33,0x20,0x77,0x6f,0x72,0x6c,0x64,0x50,
    0x6f,0x73,0x20,0x5b,0x5b,0x75,0x73,0x65,0x72,0x28,0x6c,0x6f,0x63,0x6e,0x31,0x29,
    0x5d,0x5d,0x3b,0x0a,0x20,0x20,0x20,0x20,0x66,0x6c,0x6f,0x61,0x74,0x32,0x20,0x75,
    0x76,0x20,0x5b,0x5b,0x75,0x73,0x65,0x72,0x28,0x6c,0x6f,0x63,0x6e,0x32,0x29,0x5d,
    0x5d,0x3b,0x0a,0x20,0x20,0x20,0x20,0x66,0x6c,0x6f,0x61,0x74,0x34,0x20,0x74,0x69,
    0x6e,0x74,0x20,0x5b,0x5b,0x75,0x73,0x65,0x72,0x28,0x6c,0x6f,0x63,0x6e,0x33,0x29,
    0x5d,0x5d,0x3b,0x0a,0x20,0x20,0x20,0x20,0x66,0x6c,0x6f,0x61,0x74,0x20,0x66,0x6f,
    0x67,0x46,0x61,0x63,0x74,0x6f,0x72,0x20,0x5b,0x5b,0x75,0x73,0x65,0x72,0x28,0x6c,
    0x6f,0x63,0x6e,0x34,0x29,0x5d,0x5d,0x3b,0x0a,0x20,0x20,0x20,0x20,0x66,0x6c,0x6f,
    0x61,0x74,0x34,0x20,0x61,0x6c,0x70,0x68,0x61,0x54,0x65,0x73,0x74,0x4f,0x75,0x74,
    0x20,0x5b,0x5b,0x75,0x73,0x65,0x72,0x28,0x6c,0x6f,0x63,0x6e,0x35,0x29,0x5d,0x5d,
    0x3b,0x0a,0x20,0x20,0x20,0x20,0x66,0x6c,0x6f,0x61,0x74,0x34,0x20,0x67,0x6c,0x5f,
    0x50,0x6f,0x73,0x69,0x74,0x69,0x6f,0x6e,0x20,0x5b,0x5b,0x70,0x6f,0x73,0x69,0x74,
    0x69,0x6f,0x6e,0x5d,0x5d,0x3b,0x0a,0x7d,0x3b,0x0a,0x0a,0x73,0x74,0x72,0x75,0x63,
    0x74,0x20,0x6d,0x61,0x69,0x6e,0x30,0x5f,0x69,0x6e,0x0a,0x7b,0x0a,0x20,0x20,0x20,
    0x20,0x66,0x6c,0x6f,0x61,0x74,0x33,0x20,0x70,0x6f,0x73,0x69,0x74,0x69,0x6f,0x6e,
    0x20,0x5b,0x5b,0x61,0x74,0x74,0x72,0x69,0x62,0x75,0x74,0x65,0x28,0x30,0x29,0x5d,
    0x5d,0x3b,0x0a,0x20,0x20,0x20,0x20,0x66,0x6c,0x6f,0x61,0x74,0x33,0x20,0x6e,0x6f,
    0x72,0x6d,0x61,0x6c,0x20,0x5b,0x5b,0x61,0x74,0x74,0x72,0x69,0x62,0x75,0x74,0x65,
    0x28,0x31,0x29,0x5d,0x5d,0x3b,0x0a,0x20,0x20,0x20,0x20,0x66,0x6c,0x6f,0x61,0x74,
    0x32,0x20,0x74,0x65,0x78,0x63,0x6f,0x6f,0x72,0x64,0x30,0x20,0x5b,0x5b,0x61,0x74,
    0x74,0x72,0x69,0x62,0x75,0x74,0x65,0x28,0x32,0x29,0x5d,0x5d,0x3b,0x0a,0x20,0x20,
    0x20,0x20,0x66,0x6c,0x6f,0x61,0x74,0x34,0x20,0x63,0x6f,0x6c,0x6f,0x72,0x30,0x20,
    0x5b,0x5b,0x61,0x74,0x74,0x72,0x69,0x62,0x75,0x74,0x65,0x28,0x33,0x29,0x5d,0x5d,
    0x3b,0x0a,0x7d,0x3b,0x0a,0x0a,0x76,0x65,0x72,0x74,0x65,0x78,0x20,0x6d,0x61,0x69,
    0x6e,0x30,0x5f,0x6f,0x75,0x74,0x20,0x6d,0x61,0x69,0x6e,0x30,0x28,0x6d,0x61,0x69,
    0x6e,0x30,0x5f,0x69,0x6e,0x20,0x69,0x6e,0x20,0x5b,0x5b,0x73,0x74,0x61,0x67,0x65,
    0x5f,0x69,0x6e,0x5d,0x5d,0x2c,0x20,0x63,0x6f,0x6e,0x73,0x74,0x61,0x6e,0x74,0x20,
    0x6c,0x69,0x74,0x33,0x64,0x5f,0x76,0x73,0x5f,0x70,0x61,0x72,0x61,0x6d,0x73,0x26,
    0x20,0x5f,0x31,0x39,0x20,0x5b,0x5b,0x62,0x75,0x66,0x66,0x65,0x72,0x28,0x30,0x29,
    0x5d,0x5d,0x29,0x0a,0x7b,0x0a,0x20,0x20,0x20,0x20,0x6d,0x61,0x69,0x6e,0x30,0x5f,
    0x6f,0x75,0x74,0x20,0x6f,0x75,0x74,0x20,0x3d,0x20,0x7b,0x7d,0x3b,0x0a,0x20,0x20,
    0x20,0x20,0x66,0x6c,0x6f,0x61,0x74,0x34,0x20,0x5f,0x33,0x31,0x20,0x3d,0x20,0x66,
    0x6c,0x6f,0x61,0x74,0x34,0x28,0x69,0x6e,0x2e,0x70,0x6f,0x73,0x69,0x74,0x69,0x6f,
    0x6e,0x2c,0x20,0x31,0x2e,0x30,0x29,0x3b,0x0a,0x20,0x20,0x20,0x20,0x6f,0x75,0x74,
    0x2e,0x67,0x6c,0x5f,0x50,0x6f,0x73,0x69,0x74,0x69,0x6f,0x6e,0x20,0x3d,0x20,0x5f,
    0x31,0x39,0x2e,0x6d,0x76,0x70,0x20,0x2a,0x20,0x5f,0x33,0x31,0x3b,0x0a,0x20,0x20,
    0x20,0x20,0x6f,0x75,0x74,0x2e,0x77,0x6f,0x72,0x6c,0x64,0x50,0x6f,0x73,0x20,0x3d,
    0x20,0x28,0x5f,0x31,0x39,0x2e,0x77,0x6f,0x72,0x6c,0x64,0x20,0x2a,0x20,0x5f,0x33,
    0x31,0x29,0x2e,0x78,0x79,0x7a,0x3b,0x0a,0x20,0x20,0x20,0x20,0x6f,0x75,0x74,0x2e,
    0x77,0x6f,0x72,0x6c,0x64,0x4e,0x6f,0x72,0x6d,0x61,0x6c,0x20,0x3d,0x20,0x66,0x6c,
    0x6f,0x61,0x74,0x33,0x78,0x33,0x28,0x5f,0x31,0x39,0x2e,0x6e,0x6f,0x72,0x6d,0x61,
    0x6c,0x4d,0x61,0x74,0x72,0x69,0x78,0x5b,0x30,0x5d,0x2e,0x78,0x79,0x7a,0x2c,0x20,
    0x5f,0x31,0x39,0x2e,0x6e,0x6f,0x72,0x6d,0x61,0x6c,0x4d,0x61,0x74,0x72,0x69,0x78,
    0x5b,0x31,0x5d,0x2e,0x78,0x79,0x7a,0x2c,0x20,0x5f,0x31,0x39,0x2e,0x6e,0x6f,0x72,
    0x6d,0x61,0x6c,0x4d,0x61,0x74,0x72,0x69,0x78,0x5b,0x32,0x5d,0x2e,0x78,0x79,0x7a,
    0x29,0x20,0x2a,0x20,0x69,0x6e,0x2e,0x6e,0x6f,0x72,0x6d,0x61,0x6c,0x3b,0x0a,0x20,
    0x20,0x20,0x20,0x6f,0x75,0x74,0x2e,0x75,0x76,0x20,0x3d,0x20,0x69,0x6e,0x2e,0x74,
    0x65,0x78,0x63,0x6f,0x6f,0x72,0x64,0x30,0x3b,0x0a,0x20,0x20,0x20,0x20,0x6f,0x75,
    0x74,0x2e,0x74,0x69,0x6e,0x74,0x20,0x3d,0x20,0x6d,0x69,0x78,0x28,0x66,0x6c,0x6f,
    0x61,0x74,0x34,0x28,0x31,0x2e,0x30,0x29,0x2c,0x20,0x69,0x6e,0x2e,0x63,0x6f,0x6c,
    0x6f,0x72,0x30,0x2c,0x20,0x66,0x6c,0x6f,0x61,0x74,0x34,0x28,0x5f,0x31,0x39,0x2e,
    0x66,0x6c,0x61,0x67,0x73,0x2e,0x78,0x29,0x29,0x3b,0x0a,0x20,0x20,0x20,0x20,0x6f,
    0x75,0x74,0x2e,0x66,0x6f,0x67,0x46,0x61,0x63,0x74,0x6f,0x72,0x20,0x3d,0x20,0x31,
    0x2e,0x30,0x20,0x2d,0x20,0x66,0x61,0x73,0x74,0x3a,0x3a,0x63,0x6c,0x61,0x6d,0x70,
    0x28,0x64,0x6f,0x74,0x28,0x5f,0x33,0x31,0x2c,0x20,0x5f,0x31,0x39,0x2e,0x66,0x6f,
    0x67,0x56,0x65,0x63,0x74,0x6f,0x72,0x29,0x2c,0x20,0x30,0x2e,0x30,0x2c,0x20,0x31,
    0x2e,0x30,0x29,0x3b,0x0a,0x20,0x20,0x20,0x20,0x6f,0x75,0x74,0x2e,0x61,0x6c,0x70,
    0x68,0x61,0x54,0x65,0x73,0x74,0x4f,0x75,0x74,0x20,0x3d,0x20,0x5f,0x31,0x39,0x2e,
    0x61,0x6c,0x70,0x68,0x61,0x54,0x65,0x73,0x74,0x3b,0x0a,0x20,0x20,0x20,0x20,0x72,
    0x65,0x74,0x75,0x72,0x6e,0x20,0x6f,0x75,0x74,0x3b,0x0a,0x7d,0x0a,0x0a,0x00,
};
#endif
/*
    #include <metal_stdlib>
    #include <simd/simd.h>

    using namespace metal;

    struct lit3d_fs_params
    {
        float4 diffuse;
        float4 ambient;
        float4 light0Dir;
        float4 light0Diffuse;
        float4 light0Specular;
        float4 light1Dir;
        float4 light1Diffuse;
        float4 light1Specular;
        float4 light2Dir;
        float4 light2Diffuse;
        float4 light2Specular;
        float4 specularColorAndPower;
        float4 eyePosition;
        float4 emissiveColor;
        float4 fogColor;
        float4 rtFlipV;
    };

    struct main0_out
    {
        float4 frag_color [[color(0)]];
    };

    struct main0_in
    {
        float3 worldNormal [[user(locn0)]];
        float3 worldPos [[user(locn1)]];
        float2 uv [[user(locn2)]];
        float4 tint [[user(locn3)]];
        float fogFactor [[user(locn4)]];
        float4 alphaTestOut [[user(locn5)]];
    };

    fragment main0_out main0(main0_in in [[stage_in]], constant lit3d_fs_params& _18 [[buffer(1)]], texture2d<float> tex [[texture(0)]], sampler smp [[sampler(0)]])
    {
        main0_out out = {};
        float3 _13 = fast::normalize(in.worldNormal);
        float3 _28 = fast::normalize(_18.eyePosition.xyz - in.worldPos);
        float _37 = dot(_13, -_18.light0Dir.xyz);
        float _52 = dot(_13, -_18.light1Dir.xyz);
        float _66 = dot(_13, -_18.light2Dir.xyz);
        float4 _243 = tex.sample(smp, float2(in.uv.x, mix(in.uv.y, 1.0 - in.uv.y, _18.rtFlipV.x))) * float4((((((_18.ambient.xyz + (_18.light0Diffuse.xyz * fast::max(_37, 0.0))) + (_18.light1Diffuse.xyz * fast::max(_52, 0.0))) + (_18.light2Diffuse.xyz * fast::max(_66, 0.0))) * _18.diffuse.xyz) * in.tint.xyz) + _18.emissiveColor.xyz, _18.diffuse.w * in.tint.w);
        float3 _250 = _243.xyz + (((((_18.light0Specular.xyz * powr(fast::max(dot(fast::normalize(_28 - _18.light0Dir.xyz), _13), 0.0) * step(0.0, _37), _18.specularColorAndPower.w)) + (_18.light1Specular.xyz * powr(fast::max(dot(fast::normalize(_28 - _18.light1Dir.xyz), _13), 0.0) * step(0.0, _52), _18.specularColorAndPower.w))) + (_18.light2Specular.xyz * powr(fast::max(dot(fast::normalize(_28 - _18.light2Dir.xyz), _13), 0.0) * step(0.0, _66), _18.specularColorAndPower.w))) * _18.specularColorAndPower.xyz) * _243.w);
        float4 _327 = _243;
        _327.x = _250.x;
        _327.y = _250.y;
        _327.z = _250.z;
        float4 c = _327;
        float _264;
        if (in.alphaTestOut.y > 0.0)
        {
            float _276;
            if (abs(c.w - in.alphaTestOut.x) < in.alphaTestOut.y)
            {
                _276 = in.alphaTestOut.z;
            }
            else
            {
                _276 = in.alphaTestOut.w;
            }
            _264 = _276;
        }
        else
        {
            float _291;
            if (c.w < in.alphaTestOut.x)
            {
                _291 = in.alphaTestOut.z;
            }
            else
            {
                _291 = in.alphaTestOut.w;
            }
            _264 = _291;
        }
        if (_264 < 0.0)
        {
            discard_fragment();
        }
        float4 _310 = c;
        float3 _315 = mix(_18.fogColor.xyz, _310.xyz, float3(in.fogFactor));
        float4 _335 = _310;
        _335.x = _315.x;
        _335.y = _315.y;
        _335.z = _315.z;
        c = _335;
        out.frag_color = _335;
        return out;
    }

*/
#if defined(SOKOL_METAL)
static const uint8_t cna_lit3d_fs_source_metal_macos[3046] = {
    0x23,0x69,0x6e,0x63,0x6c,0x75,0x64,0x65,0x20,0x3c,0x6d,0x65,0x74,0x61,0x6c,0x5f,
    0x73,0x74,0x64,0x6c,0x69,0x62,0x3e,0x0a,0x23,0x69,0x6e,0x63,0x6c,0x75,0x64,0x65,
    0x20,0x3c,0x73,0x69,0x6d,0x64,0x2f,0x73,0x69,0x6d,0x64,0x2e,0x68,0x3e,0x0a,0x0a,
    0x75,0x73,0x69,0x6e,0x67,0x20,0x6e,0x61,0x6d,0x65,0x73,0x70,0x61,0x63,0x65,0x20,
    0x6d,0x65,0x74,0x61,0x6c,0x3b,0x0a,0x0a,0x73,0x74,0x72,0x75,0x63,0x74,0x20,0x6c,
    0x69,0x74,0x33,0x64,0x5f,0x66,0x73,0x5f,0x70,0x61,0x72,0x61,0x6d,0x73,0x0a,0x7b,
    0x0a,0x20,0x20,0x20,0x20,0x66,0x6c,0x6f,0x61,0x74,0x34,0x20,0x64,0x69,0x66,0x66,
    0x75,0x73,0x65,0x3b,0x0a,0x20,0x20,0x20,0x20,0x66,0x6c,0x6f,0x61,0x74,0x34,0x20,
    0x61,0x6d,0x62,0x69,0x65,0x6e,0x74,0x3b,0x0a,0x20,0x20,0x20,0x20,0x66,0x6c,0x6f,
    0x61,0x74,0x34,0x20,0x6c,0x69,0x67,0x68,0x74,0x30,0x44,0x69,0x72,0x3b,0x0a,0x20,
    0x20,0x20,0x20,0x66,0x6c,0x6f,0x61,0x74,0x34,0x20,0x6c,0x69,0x67,0x68,0x74,0x30,
    0x44,0x69,0x66,0x66,0x75,0x73,0x65,0x3b,0x0a,0x20,0x20,0x20,0x20,0x66,0x6c,0x6f,
    0x61,0x74,0x34,0x20,0x6c,0x69,0x67,0x68,0x74,0x30,0x53,0x70,0x65,0x63,0x75,0x6c,
    0x61,0x72,0x3b,0x0a,0x20,0x20,0x20,0x20,0x66,0x6c,0x6f,0x61,0x74,0x34,0x20,0x6c,
    0x69,0x67,0x68,0x74,0x31,0x44,0x69,0x72,0x3b,0x0a,0x20,0x20,0x20,0x20,0x66,0x6c,
    0x6f,0x61,0x74,0x34,0x20,0x6c,0x69,0x67,0x68,0x74,0x31,0x44,0x69,0x66,0x66,0x75,
    0x73,0x65,0x3b,0x0a,0x20,0x20,0x20,0x20,0x66,0x6c,0x6f,0x61,0x74,0x34,0x20,0x6c,
    0x69,0x67,0x68,0x74,0x31,0x53,0x70,0x65,0x63,0x75,0x6c,0x61,0x72,0x3b,0x0a,0x20,
    0x20,0x20,0x20,0x66,0x6c,0x6f,0x61,0x74,0x34,0x20,0x6c,0x69,0x67,0x68,0x74,0x32,
    0x44,0x69,0x72,0x3b,0x0a,0x20,0x20,0x20,0x20,0x66,0x6c,0x6f,0x61,0x74,0x34,0x20,
    0x6c,0x69,0x67,0x68,0x74,0x32,0x44,0x69,0x66,0x66,0x75,0x73,0x65,0x3b,0x0a,0x20,
    0x20,0x20,0x20,0x66,0x6c,0x6f,0x61,0x74,0x34,0x20,0x6c,0x69,0x67,0x68,0x74,0x32,
    0x53,0x70,0x65,0x63,0x75,0x6c,0x61,0x72,0x3b,0x0a,0x20,0x20,0x20,0x20,0x66,0x6c,
    0x6f,0x61,0x74,0x34,0x20,0x73,0x70,0x65,0x63,0x75,0x6c,0x61,0x72,0x43,0x6f,0x6c,
    0x6f,0x72,0x41,0x6e,0x64,0x50,0x6f,0x77,0x65,0x72,0x3b,0x0a,0x20,0x20,0x20,0x20,
    0x66,0x6c,0x6f,0x61,0x74,0x34,0x20,0x65,0x79,0x65,0x50,0x6f,0x73,0x69,0x74,0x69,
    0x6f,0x6e,0x3b,0x0a,0x20,0x20,0x20,0x20,0x66,0x6c,0x6f,0x61,0x74,0x34,0x20,0x65,
    0x6d,0x69,0x73,0x73,0x69,0x76,0x65,0x43,0x6f,0x6c,0x6f,0x72,0x3b,0x0a,0x20,0x20,
    0x20,0x20,0x66,0x6c,0x6f,0x61,0x74,0x34,0x20,0x66,0x6f,0x67,0x43,0x6f,0x6c,0x6f,
    0x72,0x3b,0x0a,0x20,0x20,0x20,0x20,0x66,0x6c,0x6f,0x61,0x74,0x34,0x20,0x72,0x74,
    0x46,0x6c,0x69,0x70,0x56,0x3b,0x0a,0x7d,0x3b,0x0a,0x0a,0x73,0x74,0x72,0x75,0x63,
    0x74,0x20,0x6d,0x61,0x69,0x6e,0x30,0x5f,0x6f,0x75,0x74,0x0a,0x7b,0x0a,0x20,0x20,
    0x20,0x20,0x66,0x6c,0x6f,0x61,0x74,0x34,0x20,0x66,0x72,0x61,0x67,0x5f,0x63,0x6f,
    0x6c,0x6f,0x72,0x20,0x5b,0x5b,0x63,0x6f,0x6c,0x6f,0x72,0x28,0x30,0x29,0x5d,0x5d,
    0x3b,0x0a,0x7d,0x3b,0x0a,0x0a,0x73,0x74,0x72,0x75,0x63,0x74,0x20,0x6d,0x61,0x69,
    0x6e,0x30,0x5f,0x69,0x6e,0x0a,0x7b,0x0a,0x20,0x20,0x20,0x20,0x66,0x6c,0x6f,0x61,
    0x74,0x33,0x20,0x77,0x6f,0x72,0x6c,0x64,0x4e,0x6f,0x72,0x6d,0x61,0x6c,0x20,0x5b,
    0x5b,0x75,0x73,0x65,0x72,0x28,0x6c,0x6f,0x63,0x6e,0x30,0x29,0x5d,0x5d,0x3b,0x0a,
    0x20,0x20,0x20,0x20,0x66,0x6c,0x6f,0x61,0x74,0x33,0x20,0x77,0x6f,0x72,0x6c,0x64,
    0x50,0x6f,0x73,0x20,0x5b,0x5b,0x75,0x73,0x65,0x72,0x28,0x6c,0x6f,0x63,0x6e,0x31,
    0x29,0x5d,0x5d,0x3b,0x0a,0x20,0x20,0x20,0x20,0x66,0x6c,0x6f,0x61,0x74,0x32,0x20,
    0x75,0x76,0x20,0x5b,0x5b,0x75,0x73,0x65,0x72,0x28,0x6c,0x6f,0x63,0x6e,0x32,0x29,
    0x5d,0x5d,0x3b,0x0a,0x20,0x20,0x20,0x20,0x66,0x6c,0x6f,0x61,0x74,0x34,0x20,0x74,
    0x69,0x6e,0x74,0x20,0x5b,0x5b,0x75,0x73,0x65,0x72,0x28,0x6c,0x6f,0x63,0x6e,0x33,
    0x29,0x5d,0x5d,0x3b,0x0a,0x20,0x20,0x20,0x20,0x66,0x6c,0x6f,0x61,0x74,0x20,0x66,
    0x6f,0x67,0x46,0x61,0x63,0x74,0x6f,0x72,0x20,0x5b,0x5b,0x75,0x73,0x65,0x72,0x28,
    0x6c,0x6f,0x63,0x6e,0x34,0x29,0x5d,0x5d,0x3b,0x0a,0x20,0x20,0x20,0x20,0x66,0x6c,
    0x6f,0x61,0x74,0x34,0x20,0x61,0x6c,0x70,0x68,0x61,0x54,0x65,0x73,0x74,0x4f,0x75,
    0x74,0x20,0x5b,0x5b,0x75,0x73,0x65,0x72,0x28,0x6c,0x6f,0x63,0x6e,0x35,0x29,0x5d,
    0x5d,0x3b,0x0a,0x7d,0x3b,0x0a,0x0a,0x66,0x72,0x61,0x67,0x6d,0x65,0x6e,0x74,0x20,
    0x6d,0x61,0x69,0x6e,0x30,0x5f,0x6f,0x75,0x74,0x20,0x6d,0x61,0x69,0x6e,0x30,0x28,
    0x6d,0x61,0x69,0x6e,0x30,0x5f,0x69,0x6e,0x20,0x69,0x6e,0x20,0x5b,0x5b,0x73,0x74,
    0x61,0x67,0x65,0x5f,0x69,0x6e,0x5d,0x5d,0x2c,0x20,0x63,0x6f,0x6e,0x73,0x74,0x61,
    0x6e,0x74,0x20,0x6c,0x69,0x74,0x33,0x64,0x5f,0x66,0x73,0x5f,0x70,0x61,0x72,0x61,
    0x6d,0x73,0x26,0x20,0x5f,0x31,0x38,0x20,0x5b,0x5b,0x62,0x75,0x66,0x66,0x65,0x72,
    0x28,0x31,0x29,0x5d,0x5d,0x2c,0x20,0x74,0x65,0x78,0x74,0x75,0x72,0x65,0x32,0x64,
    0x3c,0x66,0x6c,0x6f,0x61,0x74,0x3e,0x20,0x74,0x65,0x78,0x20,0x5b,0x5b,0x74,0x65,
    0x78,0x74,0x75,0x72,0x65,0x28,0x30,0x29,0x5d,0x5d,0x2c,0x20,0x73,0x61,0x6d,0x70,
    0x6c,0x65,0x72,0x20,0x73,0x6d,0x70,0x20,0x5b,0x5b,0x73,0x61,0x6d,0x70,0x6c,0x65,
    0x72,0x28,0x30,0x29,0x5d,0x5d,0x29,0x0a,0x7b,0x0a,0x20,0x20,0x20,0x20,0x6d,0x61,
    0x69,0x6e,0x30,0x5f,0x6f,0x75,0x74,0x20,0x6f,0x75,0x74,0x20,0x3d,0x20,0x7b,0x7d,
    0x3b,0x0a,0x20,0x20,0x20,0x20,0x66,0x6c,0x6f,0x61,0x74,0x33,0x20,0x5f,0x31,0x33,
    0x20,0x3d,0x20,0x66,0x61,0x73,0x74,0x3a,0x3a,0x6e,0x6f,0x72,0x6d,0x61,0x6c,0x69,
    0x7a,0x65,0x28,0x69,0x6e,0x2e,0x77,0x6f,0x72,0x6c,0x64,0x4e,0x6f,0x72,0x6d,0x61,
    0x6c,0x29,0x3b,0x0a,0x20,0x20,0x20,0x20,0x66,0x6c,0x6f,0x61,0x74,0x33,0x20,0x5f,
    0x32,0x38,0x20,0x3d,0x20,0x66,0x61,0x73,0x74,0x3a,0x3a,0x6e,0x6f,0x72,0x6d,0x61,
    0x6c,0x69,0x7a,0x65,0x28,0x5f,0x31,0x38,0x2e,0x65,0x79,0x65,0x50,0x6f,0x73,0x69,
    0x74,0x69,0x6f,0x6e,0x2e,0x78,0x79,0x7a,0x20,0x2d,0x20,0x69,0x6e,0x2e,0x77,0x6f,
    0x72,0x6c,0x64,0x50,0x6f,0x73,0x29,0x3b,0x0a,0x20,0x20,0x20,0x20,0x66,0x6c,0x6f,
    0x61,0x74,0x20,0x5f,0x33,0x37,0x20,0x3d,0x20,0x64,0x6f,0x74,0x28,0x5f,0x31,0x33,
    0x2c,0x20,0x2d,0x5f,0x31,0x38,0x2e,0x6c,0x69,0x67,0x68,0x74,0x30,0x44,0x69,0x72,
    0x2e,0x78,0x79,0x7a,0x29,0x3b,0x0a,0x20,0x20,0x20,0x20,0x66,0x6c,0x6f,0x61,0x74,
    0x20,0x5f,0x35,0x32,0x20,0x3d,0x20,0x64,0x6f,0x74,0x28,0x5f,0x31,0x33,0x2c,0x20,
    0x2d,0x5f,0x31,0x38,0x2e,0x6c,0x69,0x67,0x68,0x74,0x31,0x44,0x69,0x72,0x2e,0x78,
    0x79,0x7a,0x29,0x3b,0x0a,0x20,0x20,0x20,0x20,0x66,0x6c,0x6f,0x61,0x74,0x20,0x5f,
    0x36,0x36,0x20,0x3d,0x20,0x64,0x6f,0x74,0x28,0x5f,0x31,0x33,0x2c,0x20,0x2d,0x5f,
    0x31,0x38,0x2e,0x6c,0x69,0x67,0x68,0x74,0x32,0x44,0x69,0x72,0x2e,0x78,0x79,0x7a,
    0x29,0x3b,0x0a,0x20,0x20,0x20,0x20,0x66,0x6c,0x6f,0x61,0x74,0x34,0x20,0x5f,0x32,
    0x34,0x33,0x20,0x3d,0x20,0x74,0x65,0x78,0x2e,0x73,0x61,0x6d,0x70,0x6c,0x65,0x28,
    0x73,0x6d,0x70,0x2c,0x20,0x66,0x6c,0x6f,0x61,0x74,0x32,0x28,0x69,0x6e,0x2e,0x75,
    0x76,0x2e,0x78,0x2c,0x20,0x6d,0x69,0x78,0x28,0x69,0x6e,0x2e,0x75,0x76,0x2e,0x79,
    0x2c,0x20,0x31,0x2e,0x30,0x20,0x2d,0x20,0x69,0x6e,0x2e,0x75,0x76,0x2e,0x79,0x2c,
    0x20,0x5f,0x31,0x38,0x2e,0x72,0x74,0x46,0x6c,0x69,0x70,0x56,0x2e,0x78,0x29,0x29,
    0x29,0x20,0x2a,0x20,0x66,0x6c,0x6f,0x61,0x74,0x34,0x28,0x28,0x28,0x28,0x28,0x28,
    0x5f,0x31,0x38,0x2e,0x61,0x6d,0x62,0x69,0x65,0x6e,0x74,0x2e,0x78,0x79,0x7a,0x20,
    0x2b,0x20,0x28,0x5f,0x31,0x38,0x2e,0x6c,0x69,0x67,0x68,0x74,0x30,0x44,0x69,0x66,
    0x66,0x75,0x73,0x65,0x2e,0x78,0x79,0x7a,0x20,0x2a,0x20,0x66,0x61,0x73,0x74,0x3a,
    0x3a,0x6d,0x61,0x78,0x28,0x5f,0x33,0x37,0x2c,0x20,0x30,0x2e,0x30,0x29,0x29,0x29,
    0x20,0x2b,0x20,0x28,0x5f,0x31,0x38,0x2e,0x6c,0x69,0x67,0x68,0x74,0x31,0x44,0x69,
    0x66,0x66,0x75,0x73,0x65,0x2e,0x78,0x79,0x7a,0x20,0x2a,0x20,0x66,0x61,0x73,0x74,
    0x3a,0x3a,0x6d,0x61,0x78,0x28,0x5f,0x35,0x32,0x2c,0x20,0x30,0x2e,0x30,0x29,0x29,
    0x29,0x20,0x2b,0x20,0x28,0x5f,0x31,0x38,0x2e,0x6c,0x69,0x67,0x68,0x74,0x32,0x44,
    0x69,0x66,0x66,0x75,0x73,0x65,0x2e,0x78,0x79,0x7a,0x20,0x2a,0x20,0x66,0x61,0x73,
    0x74,0x3a,0x3a,0x6d,0x61,0x78,0x28,0x5f,0x36,0x36,0x2c,0x20,0x30,0x2e,0x30,0x29,
    0x29,0x29,0x20,0x2a,0x20,0x5f,0x31,0x38,0x2e,0x64,0x69,0x66,0x66,0x75,0x73,0x65,
    0x2e,0x78,0x79,0x7a,0x29,0x20,0x2a,0x20,0x69,0x6e,0x2e,0x74,0x69,0x6e,0x74,0x2e,
    0x78,0x79,0x7a,0x29,0x20,0x2b,0x20,0x5f,0x31,0x38,0x2e,0x65,0x6d,0x69,0x73,0x73,
    0x69,0x76,0x65,0x43,0x6f,0x6c,0x6f,0x72,0x2e,0x78,0x79,0x7a,0x2c,0x20,0x5f,0x31,
    0x38,0x2e,0x64,0x69,0x66,0x66,0x75,0x73,0x65,0x2e,0x77,0x20,0x2a,0x20,0x69,0x6e,
    0x2e,0x74,0x69,0x6e,0x74,0x2e,0x77,0x29,0x3b,0x0a,0x20,0x20,0x20,0x20,0x66,0x6c,
    0x6f,0x61,0x74,0x33,0x20,0x5f,0x32,0x35,0x30,0x20,0x3d,0x20,0x5f,0x32,0x34,0x33,
    0x2e,0x78,0x79,0x7a,0x20,0x2b,0x20,0x28,0x28,0x28,0x28,0x28,0x5f,0x31,0x38,0x2e,
    0x6c,0x69,0x67,0x68,0x74,0x30,0x53,0x70,0x65,0x63,0x75,0x6c,0x61,0x72,0x2e,0x78,
    0x79,0x7a,0x20,0x2a,0x20,0x70,0x6f,0x77,0x72,0x28,0x66,0x61,0x73,0x74,0x3a,0x3a,
    0x6d,0x61,0x78,0x28,0x64,0x6f,0x74,0x28,0x66,0x61,0x73,0x74,0x3a,0x3a,0x6e,0x6f,
    0x72,0x6d,0x61,0x6c,0x69,0x7a,0x65,0x28,0x5f,0x32,0x38,0x20,0x2d,0x20,0x5f,0x31,
    0x38,0x2e,0x6c,0x69,0x67,0x68,0x74,0x30,0x44,0x69,0x72,0x2e,0x78,0x79,0x7a,0x29,
    0x2c,0x20,0x5f,0x31,0x33,0x29,0x2c,0x20,0x30,0x2e,0x30,0x29,0x20,0x2a,0x20,0x73,
    0x74,0x65,0x70,0x28,0x30,0x2e,0x30,0x2c,0x20,0x5f,0x33,0x37,0x29,0x2c,0x20,0x5f,
    0x31,0x38,0x2e,0x73,0x70,0x65,0x63,0x75,0x6c,0x61,0x72,0x43,0x6f,0x6c,0x6f,0x72,
    0x41,0x6e,0x64,0x50,0x6f,0x77,0x65,0x72,0x2e,0x77,0x29,0x29,0x20,0x2b,0x20,0x28,
    0x5f,0x31,0x38,0x2e,0x6c,0x69,0x67,0x68,0x74,0x31,0x53,0x70,0x65,0x63,0x75,0x6c,
    0x61,0x72,0x2e,0x78,0x79,0x7a,0x20,0x2a,0x20,0x70,0x6f,0x77,0x72,0x28,0x66,0x61,
    0x73,0x74,0x3a,0x3a,0x6d,0x61,0x78,0x28,0x64,0x6f,0x74,0x28,0x66,0x61,0x73,0x74,
    0x3a,0x3a,0x6e,0x6f,0x72,0x6d,0x61,0x6c,0x69,0x7a,0x65,0x28,0x5f,0x32,0x38,0x20,
    0x2d,0x20,0x5f,0x31,0x38,0x2e,0x6c,0x69,0x67,0x68,0x74,0x31,0x44,0x69,0x72,0x2e,
    0x78,0x79,0x7a,0x29,0x2c,0x20,0x5f,0x31,0x33,0x29,0x2c,0x20,0x30,0x2e,0x30,0x29,
    0x20,0x2a,0x20,0x73,0x74,0x65,0x70,0x28,0x30,0x2e,0x30,0x2c,0x20,0x5f,0x35,0x32,
    0x29,0x2c,0x20,0x5f,0x31,0x38,0x2e,0x73,0x70,0x65,0x63,0x75,0x6c,0x61,0x72,0x43,
    0x6f,0x6c,0x6f,0x72,0x41,0x6e,0x64,0x50,0x6f,0x77,0x65,0x72,0x2e,0x77,0x29,0x29,
    0x29,0x20,0x2b,0x20,0x28,0x5f,0x31,0x38,0x2e,0x6c,0x69,0x67,0x68,0x74,0x32,0x53,
    0x70,0x65,0x63,0x75,0x6c,0x61,0x72,0x2e,0x78,0x79,0x7a,0x20,0x2a,0x20,0x70,0x6f,
    0x77,0x72,0x28,0x66,0x61,0x73,0x74,0x3a,0x3a,0x6d,0x61,0x78,0x28,0x64,0x6f,0x74,
    0x28,0x66,0x61,0x73,0x74,0x3a,0x3a,0x6e,0x6f,0x72,0x6d,0x61,0x6c,0x69,0x7a,0x65,
    0x28,0x5f,0x32,0x38,0x20,0x2d,0x20,0x5f,0x31,0x38,0x2e,0x6c,0x69,0x67,0x68,0x74,
    0x32,0x44,0x69,0x72,0x2e,0x78,0x79,0x7a,0x29,0x2c,0x20,0x5f,0x31,0x33,0x29,0x2c,
    0x20,0x30,0x2e,0x30,0x29,0x20,0x2a,0x20,0x73,0x74,0x65,0x70,0x28,0x30,0x2e,0x30,
    0x2c,0x20,0x5f,0x36,0x36,0x29,0x2c,0x20,0x5f,0x31,0x38,0x2e,0x73,0x70,0x65,0x63,
    0x75,0x6c,0x61,0x72,0x43,0x6f,0x6c,0x6f,0x72,0x41,0x6e,0x64,0x50,0x6f,0x77,0x65,
    0x72,0x2e,0x77,0x29,0x29,0x29,0x20,0x2a,0x20,0x5f,0x31,0x38,0x2e,0x73,0x70,0x65,
    0x63,0x75,0x6c,0x61,0x72,0x43,0x6f,0x6c,0x6f,0x72,0x41,0x6e,0x64,0x50,0x6f,0x77,
    0x65,0x72,0x2e,0x78,0x79,0x7a,0x29,0x20,0x2a,0x20,0x5f,0x32,0x34,0x33,0x2e,0x77,
    0x29,0x3b,0x0a,0x20,0x20,0x20,0x20,0x66,0x6c,0x6f,0x61,0x74,0x34,0x20,0x5f,0x33,
    0x32,0x37,0x20,0x3d,0x20,0x5f,0x32,0x34,0x33,0x3b,0x0a,0x20,0x20,0x20,0x20,0x5f,
    0x33,0x32,0x37,0x2e,0x78,0x20,0x3d,0x20,0x5f,0x32,0x35,0x30,0x2e,0x78,0x3b,0x0a,
    0x20,0x20,0x20,0x20,0x5f,0x33,0x32,0x37,0x2e,0x79,0x20,0x3d,0x20,0x5f,0x32,0x35,
    0x30,0x2e,0x79,0x3b,0x0a,0x20,0x20,0x20,0x20,0x5f,0x33,0x32,0x37,0x2e,0x7a,0x20,
    0x3d,0x20,0x5f,0x32,0x35,0x30,0x2e,0x7a,0x3b,0x0a,0x20,0x20,0x20,0x20,0x66,0x6c,
    0x6f,0x61,0x74,0x34,0x20,0x63,0x20,0x3d,0x20,0x5f,0x33,0x32,0x37,0x3b,0x0a,0x20,
    0x20,0x20,0x20,0x66,0x6c,0x6f,0x61,0x74,0x20,0x5f,0x32,0x36,0x34,0x3b,0x0a,0x20,
    0x20,0x20,0x20,0x69,0x66,0x20,0x28,0x69,0x6e,0x2e,0x61,0x6c,0x70,0x68,0x61,0x54,
    0x65,0x73,0x74,0x4f,0x75,0x74,0x2e,0x79,0x20,0x3e,0x20,0x30,0x2e,0x30,0x29,0x0a,
    0x20,0x20,0x20,0x20,0x7b,0x0a,0x20,0x20,0x20,0x20,0x20,0x20,0x20,0x20,0x66,0x6c,
    0x6f,0x61,0x74,0x20,0x5f,0x32,0x37,0x36,0x3b,0x0a,0x20,0x20,0x20,0x20,0x20,0x20,
    0x20,0x20,0x69,0x66,0x20,0x28,0x61,0x62,0x73,0x28,0x63,0x2e,0x77,0x20,0x2d,0x20,
    0x69,0x6e,0x2e,0x61,0x6c,0x70,0x68,0x61,0x54,0x65,0x73,0x74,0x4f,0x75,0x74,0x2e,
    0x78,0x29,0x20,0x3c,0x20,0x69,0x6e,0x2e,0x61,0x6c,0x70,0x68,0x61,0x54,0x65,0x73,
    0x74,0x4f,0x75,0x74,0x2e,0x79,0x29,0x0a,0x20,0x20,0x20,0x20,0x20,0x20,0x20,0x20,
    0x7b,0x0a,0x20,0x20,0x20,0x20,0x20,0x20,0x20,0x20,0x20,0x20,0x20,0x20,0x5f,0x32,
    0x37,0x36,0x20,0x3d,0x20,0x69,0x6e,0x2e,0x61,0x6c,0x70,0x68,0x61,0x54,0x65,0x73,
    0x74,0x4f,0x75,0x74,0x2e,0x7a,0x3b,0x0a,0x20,0x20,0x20,0x20,0x20,0x20,0x20,0x20,
    0x7d,0x0a,0x20,0x20,0x20,0x20,0x20,0x20,0x20,0x20,0x65,0x6c,0x73,0x65,0x0a,0x20,
    0x20,0x20,0x20,0x20,0x20,0x20,0x20,0x7b,0x0a,0x20,0x20,0x20,0x20,0x20,0x20,0x20,
    0x20,0x20,0x20,0x20,0x20,0x5f,0x32,0x37,0x36,0x20,0x3d,0x20,0x69,0x6e,0x2e,0x61,
    0x6c,0x70,0x68,0x61,0x54,0x65,0x73,0x74,0x4f,0x75,0x74,0x2e,0x77,0x3b,0x0a,0x20,
    0x20,0x20,0x20,0x20,0x20,0x20,0x20,0x7d,0x0a,0x20,0x20,0x20,0x20,0x20,0x20,0x20,
    0x20,0x5f,0x32,0x36,0x34,0x20,0x3d,0x20,0x5f,0x32,0x37,0x36,0x3b,0x0a,0x20,0x20,
    0x20,0x20,0x7d,0x0a,0x20,0x20,0x20,0x20,0x65,0x6c,0x73,0x65,0x0a,0x20,0x20,0x20,
    0x20,0x7b,0x0a,0x20,0x20,0x20,0x20,0x20,0x20,0x20,0x20,0x66,0x6c,0x6f,0x61,0x74,
    0x20,0x5f,0x32,0x39,0x31,0x3b,0x0a,0x20,0x20,0x20,0x20,0x20,0x20,0x20,0x20,0x69,
    0x66,0x20,0x28,0x63,0x2e,0x77,0x20,0x3c,0x20,0x69,0x6e,0x2e,0x61,0x6c,0x70,0x68,
    0x61,0x54,0x65,0x73,0x74,0x4f,0x75,0x74,0x2e,0x78,0x29,0x0a,0x20,0x20,0x20,0x20,
    0x20,0x20,0x20,0x20,0x7b,0x0a,0x20,0x20,0x20,0x20,0x20,0x20,0x20,0x20,0x20,0x20,
    0x20,0x20,0x5f,0x32,0x39,0x31,0x20,0x3d,0x20,0x69,0x6e,0x2e,0x61,0x6c,0x70,0x68,
    0x61,0x54,0x65,0x73,0x74,0x4f,0x75,0x74,0x2e,0x7a,0x3b,0x0a,0x20,0x20,0x20,0x20,
    0x20,0x20,0x20,0x20,0x7d,0x0a,0x20,0x20,0x20,0x20,0x20,0x20,0x20,0x20,0x65,0x6c,
    0x73,0x65,0x0a,0x20,0x20,0x20,0x20,0x20,0x20,0x20,0x20,0x7b,0x0a,0x20,0x20,0x20,
    0x20,0x20,0x20,0x20,0x20,0x20,0x20,0x20,0x20,0x5f,0x32,0x39,0x31,0x20,0x3d,0x20,
    0x69,0x6e,0x2e,0x61,0x6c,0x70,0x68,0x61,0x54,0x65,0x73,0x74,0x4f,0x75,0x74,0x2e,
    0x77,0x3b,0x0a,0x20,0x20,0x20,0x20,0x20,0x20,0x20,0x20,0x7d,0x0a,0x20,0x20,0x20,
    0x20,0x20,0x20,0x20,0x20,0x5f,0x32,0x36,0x34,0x20,0x3d,0x20,0x5f,0x32,0x39,0x31,
    0x3b,0x0a,0x20,0x20,0x20,0x20,0x7d,0x0a,0x20,0x20,0x20,0x20,0x69,0x66,0x20,0x28,
    0x5f,0x32,0x36,0x34,0x20,0x3c,0x20,0x30,0x2e,0x30,0x29,0x0a,0x20,0x20,0x20,0x20,
    0x7b,0x0a,0x20,0x20,0x20,0x20,0x20,0x20,0x20,0x20,0x64,0x69,0x73,0x63,0x61,0x72,
    0x64,0x5f,0x66,0x72,0x61,0x67,0x6d,0x65,0x6e,0x74,0x28,0x29,0x3b,0x0a,0x20,0x20,
    0x20,0x20,0x7d,0x0a,0x20,0x20,0x20,0x20,0x66,0x6c,0x6f,0x61,0x74,0x34,0x20,0x5f,
    0x33,0x31,0x30,0x20,0x3d,0x20,0x63,0x3b,0x0a,0x20,0x20,0x20,0x20,0x66,0x6c,0x6f,
    0x61,0x74,0x33,0x20,0x5f,0x33,0x31,0x35,0x20,0x3d,0x20,0x6d,0x69,0x78,0x28,0x5f,
    0x31,0x38,0x2e,0x66,0x6f,0x67,0x43,0x6f,0x6c,0x6f,0x72,0x2e,0x78,0x79,0x7a,0x2c,
    0x20,0x5f,0x33,0x31,0x30,0x2e,0x78,0x79,0x7a,0x2c,0x20,0x66,0x6c,0x6f,0x61,0x74,
    0x33,0x28,0x69,0x6e,0x2e,0x66,0x6f,0x67,0x46,0x61,0x63,0x74,0x6f,0x72,0x29,0x29,
    0x3b,0x0a,0x20,0x20,0x20,0x20,0x66,0x6c,0x6f,0x61,0x74,0x34,0x20,0x5f,0x33,0x33,
    0x35,0x20,0x3d,0x20,0x5f,0x33,0x31,0x30,0x3b,0x0a,0x20,0x20,0x20,0x20,0x5f,0x33,
    0x33,0x35,0x2e,0x78,0x20,0x3d,0x20,0x5f,0x33,0x31,0x35,0x2e,0x78,0x3b,0x0a,0x20,
    0x20,0x20,0x20,0x5f,0x33,0x33,0x35,0x2e,0x79,0x20,0x3d,0x20,0x5f,0x33,0x31,0x35,
    0x2e,0x79,0x3b,0x0a,0x20,0x20,0x20,0x20,0x5f,0x33,0x33,0x35,0x2e,0x7a,0x20,0x3d,
    0x20,0x5f,0x33,0x31,0x35,0x2e,0x7a,0x3b,0x0a,0x20,0x20,0x20,0x20,0x63,0x20,0x3d,
    0x20,0x5f,0x33,0x33,0x35,0x3b,0x0a,0x20,0x20,0x20,0x20,0x6f,0x75,0x74,0x2e,0x66,
    0x72,0x61,0x67,0x5f,0x63,0x6f,0x6c,0x6f,0x72,0x20,0x3d,0x20,0x5f,0x33,0x33,0x35,
    0x3b,0x0a,0x20,0x20,0x20,0x20,0x72,0x65,0x74,0x75,0x72,0x6e,0x20,0x6f,0x75,0x74,
    0x3b,0x0a,0x7d,0x0a,0x0a,0x00,
};
#endif
/*
    diagnostic(off, derivative_uniformity);

    struct lit3d_vs_params {
      /_ @offset(0) _/
      mvp : mat4x4f,
      /_ @offset(64) _/
      world : mat4x4f,
      /_ @offset(128) _/
      normalMatrix : mat4x4f,
      /_ @offset(192) _/
      flags : vec4f,
      /_ @offset(208) _/
      alphaTest : vec4f,
      /_ @offset(224) _/
      fogVector : vec4f,
    }

    @binding(0) @group(0) var<uniform> x_19 : lit3d_vs_params;

    var<private> position_1 : vec3f;

    var<private> worldPos : vec3f;

    var<private> worldNormal : vec3f;

    var<private> normal : vec3f;

    var<private> uv : vec2f;

    var<private> texcoord0 : vec2f;

    var<private> tint : vec4f;

    var<private> color0 : vec4f;

    var<private> fogFactor : f32;

    var<private> alphaTestOut : vec4f;

    var<private> gl_Position : vec4f;

    fn main_1() {
      let x_31 = vec4f(position_1.x, position_1.y, position_1.z, 1.0f);
      gl_Position = (x_19.mvp * x_31);
      worldPos = ((x_19.world * x_31)).xyz;
      let x_50 = x_19.normalMatrix;
      worldNormal = (mat3x3f(x_50[0u].xyz, x_50[1u].xyz, x_50[2u].xyz) * normal);
      uv = texcoord0;
      tint = mix(vec4f(1.0f), color0, vec4f(x_19.flags.x));
      fogFactor = (1.0f - clamp(dot(x_31, x_19.fogVector), 0.0f, 1.0f));
      alphaTestOut = x_19.alphaTest;
      return;
    }

    struct main_out {
      @builtin(position)
      gl_Position : vec4f,
      @location(1)
      worldPos_1 : vec3f,
      @location(0)
      worldNormal_1 : vec3f,
      @location(2)
      uv_1 : vec2f,
      @location(3)
      tint_1 : vec4f,
      @location(4)
      fogFactor_1 : f32,
      @location(5)
      alphaTestOut_1 : vec4f,
    }

    @vertex
    fn main(@location(0) position_1_param : vec3f, @location(1) normal_param : vec3f, @location(2) texcoord0_param : vec2f, @location(3) color0_param : vec4f) -> main_out {
      position_1 = position_1_param;
      normal = normal_param;
      texcoord0 = texcoord0_param;
      color0 = color0_param;
      main_1();
      return main_out(gl_Position, worldPos, worldNormal, uv, tint, fogFactor, alphaTestOut);
    }
*/
#if defined(SOKOL_WGPU)
static const uint8_t cna_lit3d_vs_source_wgsl[1858] = {
    0x64,0x69,0x61,0x67,0x6e,0x6f,0x73,0x74,0x69,0x63,0x28,0x6f,0x66,0x66,0x2c,0x20,
    0x64,0x65,0x72,0x69,0x76,0x61,0x74,0x69,0x76,0x65,0x5f,0x75,0x6e,0x69,0x66,0x6f,
    0x72,0x6d,0x69,0x74,0x79,0x29,0x3b,0x0a,0x0a,0x73,0x74,0x72,0x75,0x63,0x74,0x20,
    0x6c,0x69,0x74,0x33,0x64,0x5f,0x76,0x73,0x5f,0x70,0x61,0x72,0x61,0x6d,0x73,0x20,
    0x7b,0x0a,0x20,0x20,0x2f,0x2a,0x20,0x40,0x6f,0x66,0x66,0x73,0x65,0x74,0x28,0x30,
    0x29,0x20,0x2a,0x2f,0x0a,0x20,0x20,0x6d,0x76,0x70,0x20,0x3a,0x20,0x6d,0x61,0x74,
    0x34,0x78,0x34,0x66,0x2c,0x0a,0x20,0x20,0x2f,0x2a,0x20,0x40,0x6f,0x66,0x66,0x73,
    0x65,0x74,0x28,0x36,0x34,0x29,0x20,0x2a,0x2f,0x0a,0x20,0x20,0x77,0x6f,0x72,0x6c,
    0x64,0x20,0x3a,0x20,0x6d,0x61,0x74,0x34,0x78,0x34,0x66,0x2c,0x0a,0x20,0x20,0x2f,
    0x2a,0x20,0x40,0x6f,0x66,0x66,0x73,0x65,0x74,0x28,0x31,0x32,0x38,0x29,0x20,0x2a,
    0x2f,0x0a,0x20,0x20,0x6e,0x6f,0x72,0x6d,0x61,0x6c,0x4d,0x61,0x74,0x72,0x69,0x78,
    0x20,0x3a,0x20,0x6d,0x61,0x74,0x34,0x78,0x34,0x66,0x2c,0x0a,0x20,0x20,0x2f,0x2a,
    0x20,0x40,0x6f,0x66,0x66,0x73,0x65,0x74,0x28,0x31,0x39,0x32,0x29,0x20,0x2a,0x2f,
    0x0a,0x20,0x20,0x66,0x6c,0x61,0x67,0x73,0x20,0x3a,0x20,0x76,0x65,0x63,0x34,0x66,
    0x2c,0x0a,0x20,0x20,0x2f,0x2a,0x20,0x40,0x6f,0x66,0x66,0x73,0x65,0x74,0x28,0x32,
    0x30,0x38,0x29,0x20,0x2a,0x2f,0x0a,0x20,0x20,0x61,0x6c,0x70,0x68,0x61,0x54,0x65,
    0x73,0x74,0x20,0x3a,0x20,0x76,0x65,0x63,0x34,0x66,0x2c,0x0a,0x20,0x20,0x2f,0x2a,
    0x20,0x40,0x6f,0x66,0x66,0x73,0x65,0x74,0x28,0x32,0x32,0x34,0x29,0x20,0x2a,0x2f,
    0x0a,0x20,0x20,0x66,0x6f,0x67,0x56,0x65,0x63,0x74,0x6f,0x72,0x20,0x3a,0x20,0x76,
    0x65,0x63,0x34,0x66,0x2c,0x0a,0x7d,0x0a,0x0a,0x40,0x62,0x69,0x6e,0x64,0x69,0x6e,
    0x67,0x28,0x30,0x29,0x20,0x40,0x67,0x72,0x6f,0x75,0x70,0x28,0x30,0x29,0x20,0x76,
    0x61,0x72,0x3c,0x75,0x6e,0x69,0x66,0x6f,0x72,0x6d,0x3e,0x20,0x78,0x5f,0x31,0x39,
    0x20,0x3a,0x20,0x6c,0x69,0x74,0x33,0x64,0x5f,0x76,0x73,0x5f,0x70,0x61,0x72,0x61,
    0x6d,0x73,0x3b,0x0a,0x0a,0x76,0x61,0x72,0x3c,0x70,0x72,0x69,0x76,0x61,0x74,0x65,
    0x3e,0x20,0x70,0x6f,0x73,0x69,0x74,0x69,0x6f,0x6e,0x5f,0x31,0x20,0x3a,0x20,0x76,
    0x65,0x63,0x33,0x66,0x3b,0x0a,0x0a,0x76,0x61,0x72,0x3c,0x70,0x72,0x69,0x76,0x61,
    0x74,0x65,0x3e,0x20,0x77,0x6f,0x72,0x6c,0x64,0x50,0x6f,0x73,0x20,0x3a,0x20,0x76,
    0x65,0x63,0x33,0x66,0x3b,0x0a,0x0a,0x76,0x61,0x72,0x3c,0x70,0x72,0x69,0x76,0x61,
    0x74,0x65,0x3e,0x20,0x77,0x6f,0x72,0x6c,0x64,0x4e,0x6f,0x72,0x6d,0x61,0x6c,0x20,
    0x3a,0x20,0x76,0x65,0x63,0x33,0x66,0x3b,0x0a,0x0a,0x76,0x61,0x72,0x3c,0x70,0x72,
    0x69,0x76,0x61,0x74,0x65,0x3e,0x20,0x6e,0x6f,0x72,0x6d,0x61,0x6c,0x20,0x3a,0x20,
    0x76,0x65,0x63,0x33,0x66,0x3b,0x0a,0x0a,0x76,0x61,0x72,0x3c,0x70,0x72,0x69,0x76,
    0x61,0x74,0x65,0x3e,0x20,0x75,0x76,0x20,0x3a,0x20,0x76,0x65,0x63,0x32,0x66,0x3b,
    0x0a,0x0a,0x76,0x61,0x72,0x3c,0x70,0x72,0x69,0x76,0x61,0x74,0x65,0x3e,0x20,0x74,
    0x65,0x78,0x63,0x6f,0x6f,0x72,0x64,0x30,0x20,0x3a,0x20,0x76,0x65,0x63,0x32,0x66,
    0x3b,0x0a,0x0a,0x76,0x61,0x72,0x3c,0x70,0x72,0x69,0x76,0x61,0x74,0x65,0x3e,0x20,
    0x74,0x69,0x6e,0x74,0x20,0x3a,0x20,0x76,0x65,0x63,0x34,0x66,0x3b,0x0a,0x0a,0x76,
    0x61,0x72,0x3c,0x70,0x72,0x69,0x76,0x61,0x74,0x65,0x3e,0x20,0x63,0x6f,0x6c,0x6f,
    0x72,0x30,0x20,0x3a,0x20,0x76,0x65,0x63,0x34,0x66,0x3b,0x0a,0x0a,0x76,0x61,0x72,
    0x3c,0x70,0x72,0x69,0x76,0x61,0x74,0x65,0x3e,0x20,0x66,0x6f,0x67,0x46,0x61,0x63,
    0x74,0x6f,0x72,0x20,0x3a,0x20,0x66,0x33,0x32,0x3b,0x0a,0x0a,0x76,0x61,0x72,0x3c,
    0x70,0x72,0x69,0x76,0x61,0x74,0x65,0x3e,0x20,0x61,0x6c,0x70,0x68,0x61,0x54,0x65,
    0x73,0x74,0x4f,0x75,0x74,0x20,0x3a,0x20,0x76,0x65,0x63,0x34,0x66,0x3b,0x0a,0x0a,
    0x76,0x61,0x72,0x3c,0x70,0x72,0x69,0x76,0x61,0x74,0x65,0x3e,0x20,0x67,0x6c,0x5f,
    0x50,0x6f,0x73,0x69,0x74,0x69,0x6f,0x6e,0x20,0x3a,0x20,0x76,0x65,0x63,0x34,0x66,
    0x3b,0x0a,0x0a,0x66,0x6e,0x20,0x6d,0x61,0x69,0x6e,0x5f,0x31,0x28,0x29,0x20,0x7b,
    0x0a,0x20,0x20,0x6c,0x65,0x74,0x20,0x78,0x5f,0x33,0x31,0x20,0x3d,0x20,0x76,0x65,
    0x63,0x34,0x66,0x28,0x70,0x6f,0x73,0x69,0x74,0x69,0x6f,0x6e,0x5f,0x31,0x2e,0x78,
    0x2c,0x20,0x70,0x6f,0x73,0x69,0x74,0x69,0x6f,0x6e,0x5f,0x31,0x2e,0x79,0x2c,0x20,
    0x70,0x6f,0x73,0x69,0x74,0x69,0x6f,0x6e,0x5f,0x31,0x2e,0x7a,0x2c,0x20,0x31,0x2e,
    0x30,0x66,0x29,0x3b,0x0a,0x20,0x20,0x67,0x6c,0x5f,0x50,0x6f,0x73,0x69,0x74,0x69,
    0x6f,0x6e,0x20,0x3d,0x20,0x28,0x78,0x5f,0x31,0x39,0x2e,0x6d,0x76,0x70,0x20,0x2a,
    0x20,0x78,0x5f,0x33,0x31,0x29,0x3b,0x0a,0x20,0x20,0x77,0x6f,0x72,0x6c,0x64,0x50,
    0x6f,0x73,0x20,0x3d,0x20,0x28,0x28,0x78,0x5f,0x31,0x39,0x2e,0x77,0x6f,0x72,0x6c,
    0x64,0x20,0x2a,0x20,0x78,0x5f,0x33,0x31,0x29,0x29,0x2e,0x78,0x79,0x7a,0x3b,0x0a,
    0x20,0x20,0x6c,0x65,0x74,0x20,0x78,0x5f,0x35,0x30,0x20,0x3d,0x20,0x78,0x5f,0x31,
    0x39,0x2e,0x6e,0x6f,0x72,0x6d,0x61,0x6c,0x4d,0x61,0x74,0x72,0x69,0x78,0x3b,0x0a,
    0x20,0x20,0x77,0x6f,0x72,0x6c,0x64,0x4e,0x6f,0x72,0x6d,0x61,0x6c,0x20,0x3d,0x20,
    0x28,0x6d,0x61,0x74,0x33,0x78,0x33,0x66,0x28,0x78,0x5f,0x35,0x30,0x5b,0x30,0x75,
    0x5d,0x2e,0x78,0x79,0x7a,0x2c,0x20,0x78,0x5f,0x35,0x30,0x5b,0x31,0x75,0x5d,0x2e,
    0x78,0x79,0x7a,0x2c,0x20,0x78,0x5f,0x35,0x30,0x5b,0x32,0x75,0x5d,0x2e,0x78,0x79,
    0x7a,0x29,0x20,0x2a,0x20,0x6e,0x6f,0x72,0x6d,0x61,0x6c,0x29,0x3b,0x0a,0x20,0x20,
    0x75,0x76,0x20,0x3d,0x20,0x74,0x65,0x78,0x63,0x6f,0x6f,0x72,0x64,0x30,0x3b,0x0a,
    0x20,0x20,0x74,0x69,0x6e,0x74,0x20,0x3d,0x20,0x6d,0x69,0x78,0x28,0x76,0x65,0x63,
    0x34,0x66,0x28,0x31,0x2e,0x30,0x66,0x29,0x2c,0x20,0x63,0x6f,0x6c,0x6f,0x72,0x30,
    0x2c,0x20,0x76,0x65,0x63,0x34,0x66,0x28,0x78,0x5f,0x31,0x39,0x2e,0x66,0x6c,0x61,
    0x67,0x73,0x2e,0x78,0x29,0x29,0x3b,0x0a,0x20,0x20,0x66,0x6f,0x67,0x46,0x61,0x63,
    0x74,0x6f,0x72,0x20,0x3d,0x20,0x28,0x31,0x2e,0x30,0x66,0x20,0x2d,0x20,0x63,0x6c,
    0x61,0x6d,0x70,0x28,0x64,0x6f,0x74,0x28,0x78,0x5f,0x33,0x31,0x2c,0x20,0x78,0x5f,
    0x31,0x39,0x2e,0x66,0x6f,0x67,0x56,0x65,0x63,0x74,0x6f,0x72,0x29,0x2c,0x20,0x30,
    0x2e,0x30,0x66,0x2c,0x20,0x31,0x2e,0x30,0x66,0x29,0x29,0x3b,0x0a,0x20,0x20,0x61,
    0x6c,0x70,0x68,0x61,0x54,0x65,0x73,0x74,0x4f,0x75,0x74,0x20,0x3d,0x20,0x78,0x5f,
    0x31,0x39,0x2e,0x61,0x6c,0x70,0x68,0x61,0x54,0x65,0x73,0x74,0x3b,0x0a,0x20,0x20,
    0x72,0x65,0x74,0x75,0x72,0x6e,0x3b,0x0a,0x7d,0x0a,0x0a,0x73,0x74,0x72,0x75,0x63,
    0x74,0x20,0x6d,0x61,0x69,0x6e,0x5f,0x6f,0x75,0x74,0x20,0x7b,0x0a,0x20,0x20,0x40,
    0x62,0x75,0x69,0x6c,0x74,0x69,0x6e,0x28,0x70,0x6f,0x73,0x69,0x74,0x69,0x6f,0x6e,
    0x29,0x0a,0x20,0x20,0x67,0x6c,0x5f,0x50,0x6f,0x73,0x69,0x74,0x69,0x6f,0x6e,0x20,
    0x3a,0x20,0x76,0x65,0x63,0x34,0x66,0x2c,0x0a,0x20,0x20,0x40,0x6c,0x6f,0x63,0x61,
    0x74,0x69,0x6f,0x6e,0x28,0x31,0x29,0x0a,0x20,0x20,0x77,0x6f,0x72,0x6c,0x64,0x50,
    0x6f,0x73,0x5f,0x31,0x20,0x3a,0x20,0x76,0x65,0x63,0x33,0x66,0x2c,0x0a,0x20,0x20,
    0x40,0x6c,0x6f,0x63,0x61,0x74,0x69,0x6f,0x6e,0x28,0x30,0x29,0x0a,0x20,0x20,0x77,
    0x6f,0x72,0x6c,0x64,0x4e,0x6f,0x72,0x6d,0x61,0x6c,0x5f,0x31,0x20,0x3a,0x20,0x76,
    0x65,0x63,0x33,0x66,0x2c,0x0a,0x20,0x20,0x40,0x6c,0x6f,0x63,0x61,0x74,0x69,0x6f,
    0x6e,0x28,0x32,0x29,0x0a,0x20,0x20,0x75,0x76,0x5f,0x31,0x20,0x3a,0x20,0x76,0x65,
    0x63,0x32,0x66,0x2c,0x0a,0x20,0x20,0x40,0x6c,0x6f,0x63,0x61,0x74,0x69,0x6f,0x6e,
    0x28,0x33,0x29,0x0a,0x20,0x20,0x74,0x69,0x6e,0x74,0x5f,0x31,0x20,0x3a,0x20,0x76,
    0x65,0x63,0x34,0x66,0x2c,0x0a,0x20,0x20,0x40,0x6c,0x6f,0x63,0x61,0x74,0x69,0x6f,
    0x6e,0x28,0x34,0x29,0x0a,0x20,0x20,0x66,0x6f,0x67,0x46,0x61,0x63,0x74,0x6f,0x72,
    0x5f,0x31,0x20,0x3a,0x20,0x66,0x33,0x32,0x2c,0x0a,0x20,0x20,0x40,0x6c,0x6f,0x63,
    0x61,0x74,0x69,0x6f,0x6e,0x28,0x35,0x29,0x0a,0x20,0x20,0x61,0x6c,0x70,0x68,0x61,
    0x54,0x65,0x73,0x74,0x4f,0x75,0x74,0x5f,0x31,0x20,0x3a,0x20,0x76,0x65,0x63,0x34,
    0x66,0x2c,0x0a,0x7d,0x0a,0x0a,0x40,0x76,0x65,0x72,0x74,0x65,0x78,0x0a,0x66,0x6e,
    0x20,0x6d,0x61,0x69,0x6e,0x28,0x40,0x6c,0x6f,0x63,0x61,0x74,0x69,0x6f,0x6e,0x28,
    0x30,0x29,0x20,0x70,0x6f,0x73,0x69,0x74,0x69,0x6f,0x6e,0x5f,0x31,0x5f,0x70,0x61,
    0x72,0x61,0x6d,0x20,0x3a,0x20,0x76,0x65,0x63,0x33,0x66,0x2c,0x20,0x40,0x6c,0x6f,
    0x63,0x61,0x74,0x69,0x6f,0x6e,0x28,0x31,0x29,0x20,0x6e,0x6f,0x72,0x6d,0x61,0x6c,
    0x5f,0x70,0x61,0x72,0x61,0x6d,0x20,0x3a,0x20,0x76,0x65,0x63,0x33,0x66,0x2c,0x20,
    0x40,0x6c,0x6f,0x63,0x61,0x74,0x69,0x6f,0x6e,0x28,0x32,0x29,0x20,0x74,0x65,0x78,
    0x63,0x6f,0x6f,0x72,0x64,0x30,0x5f,0x70,0x61,0x72,0x61,0x6d,0x20,0x3a,0x20,0x76,
    0x65,0x63,0x32,0x66,0x2c,0x20,0x40,0x6c,0x6f,0x63,0x61,0x74,0x69,0x6f,0x6e,0x28,
    0x33,0x29,0x20,0x63,0x6f,0x6c,0x6f,0x72,0x30,0x5f,0x70,0x61,0x72,0x61,0x6d,0x20,
    0x3a,0x20,0x76,0x65,0x63,0x34,0x66,0x29,0x20,0x2d,0x3e,0x20,0x6d,0x61,0x69,0x6e,
    0x5f,0x6f,0x75,0x74,0x20,0x7b,0x0a,0x20,0x20,0x70,0x6f,0x73,0x69,0x74,0x69,0x6f,
    0x6e,0x5f,0x31,0x20,0x3d,0x20,0x70,0x6f,0x73,0x69,0x74,0x69,0x6f,0x6e,0x5f,0x31,
    0x5f,0x70,0x61,0x72,0x61,0x6d,0x3b,0x0a,0x20,0x20,0x6e,0x6f,0x72,0x6d,0x61,0x6c,
    0x20,0x3d,0x20,0x6e,0x6f,0x72,0x6d,0x61,0x6c,0x5f,0x70,0x61,0x72,0x61,0x6d,0x3b,
    0x0a,0x20,0x20,0x74,0x65,0x78,0x63,0x6f,0x6f,0x72,0x64,0x30,0x20,0x3d,0x20,0x74,
    0x65,0x78,0x63,0x6f,0x6f,0x72,0x64,0x30,0x5f,0x70,0x61,0x72,0x61,0x6d,0x3b,0x0a,
    0x20,0x20,0x63,0x6f,0x6c,0x6f,0x72,0x30,0x20,0x3d,0x20,0x63,0x6f,0x6c,0x6f,0x72,
    0x30,0x5f,0x70,0x61,0x72,0x61,0x6d,0x3b,0x0a,0x20,0x20,0x6d,0x61,0x69,0x6e,0x5f,
    0x31,0x28,0x29,0x3b,0x0a,0x20,0x20,0x72,0x65,0x74,0x75,0x72,0x6e,0x20,0x6d,0x61,
    0x69,0x6e,0x5f,0x6f,0x75,0x74,0x28,0x67,0x6c,0x5f,0x50,0x6f,0x73,0x69,0x74,0x69,
    0x6f,0x6e,0x2c,0x20,0x77,0x6f,0x72,0x6c,0x64,0x50,0x6f,0x73,0x2c,0x20,0x77,0x6f,
    0x72,0x6c,0x64,0x4e,0x6f,0x72,0x6d,0x61,0x6c,0x2c,0x20,0x75,0x76,0x2c,0x20,0x74,
    0x69,0x6e,0x74,0x2c,0x20,0x66,0x6f,0x67,0x46,0x61,0x63,0x74,0x6f,0x72,0x2c,0x20,
    0x61,0x6c,0x70,0x68,0x61,0x54,0x65,0x73,0x74,0x4f,0x75,0x74,0x29,0x3b,0x0a,0x7d,
    0x0a,0x00,
};
#endif
/*
    diagnostic(off, derivative_uniformity);

    struct lit3d_fs_params {
      /_ @offset(0) _/
      diffuse : vec4f,
      /_ @offset(16) _/
      ambient : vec4f,
      /_ @offset(32) _/
      light0Dir : vec4f,
      /_ @offset(48) _/
      light0Diffuse : vec4f,
      /_ @offset(64) _/
      light0Specular : vec4f,
      /_ @offset(80) _/
      light1Dir : vec4f,
      /_ @offset(96) _/
      light1Diffuse : vec4f,
      /_ @offset(112) _/
      light1Specular : vec4f,
      /_ @offset(128) _/
      light2Dir : vec4f,
      /_ @offset(144) _/
      light2Diffuse : vec4f,
      /_ @offset(160) _/
      light2Specular : vec4f,
      /_ @offset(176) _/
      specularColorAndPower : vec4f,
      /_ @offset(192) _/
      eyePosition : vec4f,
      /_ @offset(208) _/
      emissiveColor : vec4f,
      /_ @offset(224) _/
      fogColor : vec4f,
      /_ @offset(240) _/
      rtFlipV : vec4f,
    }

    var<private> worldNormal : vec3f;

    @binding(1) @group(0) var<uniform> x_18 : lit3d_fs_params;

    var<private> worldPos : vec3f;

    var<private> tint : vec4f;

    var<private> uv : vec2f;

    @binding(0) @group(1) var tex : texture_2d<f32>;

    @binding(32) @group(1) var smp : sampler;

    var<private> alphaTestOut : vec4f;

    var<private> fogFactor : f32;

    var<private> frag_color : vec4f;

    fn main_1() {
      var c : vec4f;
      var x_264 : f32;
      var x_276 : f32;
      var x_291 : f32;
      var x_261 : f32;
      let x_13 = normalize(worldNormal);
      let x_28 = normalize((x_18.eyePosition.xyz - worldPos));
      let x_35 = x_18.light0Dir.xyz;
      let x_37 = dot(x_13, -(x_35));
      let x_50 = x_18.light1Dir.xyz;
      let x_52 = dot(x_13, -(x_50));
      let x_64 = x_18.light2Dir.xyz;
      let x_66 = dot(x_13, -(x_64));
      let x_115 = ((((((x_18.ambient.xyz + (x_18.light0Diffuse.xyz * max(x_37, 0.0f))) + (x_18.light1Diffuse.xyz * max(x_52, 0.0f))) + (x_18.light2Diffuse.xyz * max(x_66, 0.0f))) * x_18.diffuse.xyz) * tint.xyz) + x_18.emissiveColor.xyz);
      let x_122 = x_18.specularColorAndPower.w;
      let x_175 = x_18.light0Specular;
      let x_181 = x_18.light1Specular;
      let x_188 = x_18.light2Specular;
      let x_193 = x_18.specularColorAndPower;
      let x_204 = uv.x;
      let x_207 = uv.y;
      let x_214 = x_18.rtFlipV.x;
      let x_230 = textureSample(tex, smp, vec2f(x_204, mix(x_207, (1.0f - x_207), x_214)));
      let x_243 = (x_230 * vec4f(x_115.x, x_115.y, x_115.z, (x_18.diffuse.w * tint.w)));
      let x_250 = (x_243.xyz + (((((x_175.xyz * pow((max(dot(normalize((x_28 - x_35)), x_13), 0.0f) * step(0.0f, x_37)), x_122)) + (x_181.xyz * pow((max(dot(normalize((x_28 - x_50)), x_13), 0.0f) * step(0.0f, x_52)), x_122))) + (x_188.xyz * pow((max(dot(normalize((x_28 - x_64)), x_13), 0.0f) * step(0.0f, x_66)), x_122))) * x_193.xyz) * x_243.w));
      var x_327_1 = x_243;
      x_327_1.x = x_250.x;
      let x_327 = x_327_1;
      var x_329_1 = x_327;
      x_329_1.y = x_250.y;
      let x_329 = x_329_1;
      var x_331_1 = x_329;
      x_331_1.z = x_250.z;
      c = x_331_1;
      x_261 = alphaTestOut.y;
      if ((x_261 > 0.0f)) {
        if ((abs((c.w - alphaTestOut.x)) < x_261)) {
          x_276 = alphaTestOut.z;
        } else {
          x_276 = alphaTestOut.w;
        }
        x_264 = x_276;
      } else {
        if ((c.w < alphaTestOut.x)) {
          x_291 = alphaTestOut.z;
        } else {
          x_291 = alphaTestOut.w;
        }
        x_264 = x_291;
      }
      if ((x_264 < 0.0f)) {
        discard;
      }
      let x_310 = c;
      let x_315 = mix(x_18.fogColor.xyz, c.xyz, vec3f(fogFactor));
      var x_335_1 = x_310;
      x_335_1.x = x_315.x;
      let x_335 = x_335_1;
      var x_337_1 = x_335;
      x_337_1.y = x_315.y;
      let x_337 = x_337_1;
      var x_339_1 = x_337;
      x_339_1.z = x_315.z;
      let x_339 = x_339_1;
      c = x_339_1;
      frag_color = x_339;
      return;
    }

    struct main_out {
      @location(0)
      frag_color_1 : vec4f,
    }

    @fragment
    fn main(@location(0) worldNormal_param : vec3f, @location(1) worldPos_param : vec3f, @location(3) tint_param : vec4f, @location(2) uv_param : vec2f, @location(5) alphaTestOut_param : vec4f, @location(4) fogFactor_param : f32) -> main_out {
      worldNormal = worldNormal_param;
      worldPos = worldPos_param;
      tint = tint_param;
      uv = uv_param;
      alphaTestOut = alphaTestOut_param;
      fogFactor = fogFactor_param;
      main_1();
      return main_out(frag_color);
    }
*/
#if defined(SOKOL_WGPU)
static const uint8_t cna_lit3d_fs_source_wgsl[4007] = {
    0x64,0x69,0x61,0x67,0x6e,0x6f,0x73,0x74,0x69,0x63,0x28,0x6f,0x66,0x66,0x2c,0x20,
    0x64,0x65,0x72,0x69,0x76,0x61,0x74,0x69,0x76,0x65,0x5f,0x75,0x6e,0x69,0x66,0x6f,
    0x72,0x6d,0x69,0x74,0x79,0x29,0x3b,0x0a,0x0a,0x73,0x74,0x72,0x75,0x63,0x74,0x20,
    0x6c,0x69,0x74,0x33,0x64,0x5f,0x66,0x73,0x5f,0x70,0x61,0x72,0x61,0x6d,0x73,0x20,
    0x7b,0x0a,0x20,0x20,0x2f,0x2a,0x20,0x40,0x6f,0x66,0x66,0x73,0x65,0x74,0x28,0x30,
    0x29,0x20,0x2a,0x2f,0x0a,0x20,0x20,0x64,0x69,0x66,0x66,0x75,0x73,0x65,0x20,0x3a,
    0x20,0x76,0x65,0x63,0x34,0x66,0x2c,0x0a,0x20,0x20,0x2f,0x2a,0x20,0x40,0x6f,0x66,
    0x66,0x73,0x65,0x74,0x28,0x31,0x36,0x29,0x20,0x2a,0x2f,0x0a,0x20,0x20,0x61,0x6d,
    0x62,0x69,0x65,0x6e,0x74,0x20,0x3a,0x20,0x76,0x65,0x63,0x34,0x66,0x2c,0x0a,0x20,
    0x20,0x2f,0x2a,0x20,0x40,0x6f,0x66,0x66,0x73,0x65,0x74,0x28,0x33,0x32,0x29,0x20,
    0x2a,0x2f,0x0a,0x20,0x20,0x6c,0x69,0x67,0x68,0x74,0x30,0x44,0x69,0x72,0x20,0x3a,
    0x20,0x76,0x65,0x63,0x34,0x66,0x2c,0x0a,0x20,0x20,0x2f,0x2a,0x20,0x40,0x6f,0x66,
    0x66,0x73,0x65,0x74,0x28,0x34,0x38,0x29,0x20,0x2a,0x2f,0x0a,0x20,0x20,0x6c,0x69,
    0x67,0x68,0x74,0x30,0x44,0x69,0x66,0x66,0x75,0x73,0x65,0x20,0x3a,0x20,0x76,0x65,
    0x63,0x34,0x66,0x2c,0x0a,0x20,0x20,0x2f,0x2a,0x20,0x40,0x6f,0x66,0x66,0x73,0x65,
    0x74,0x28,0x36,0x34,0x29,0x20,0x2a,0x2f,0x0a,0x20,0x20,0x6c,0x69,0x67,0x68,0x74,
    0x30,0x53,0x70,0x65,0x63,0x75,0x6c,0x61,0x72,0x20,0x3a,0x20,0x76,0x65,0x63,0x34,
    0x66,0x2c,0x0a,0x20,0x20,0x2f,0x2a,0x20,0x40,0x6f,0x66,0x66,0x73,0x65,0x74,0x28,
    0x38,0x30,0x29,0x20,0x2a,0x2f,0x0a,0x20,0x20,0x6c,0x69,0x67,0x68,0x74,0x31,0x44,
    0x69,0x72,0x20,0x3a,0x20,0x76,0x65,0x63,0x34,0x66,0x2c,0x0a,0x20,0x20,0x2f,0x2a,
    0x20,0x40,0x6f,0x66,0x66,0x73,0x65,0x74,0x28,0x39,0x36,0x29,0x20,0x2a,0x2f,0x0a,
    0x20,0x20,0x6c,0x69,0x67,0x68,0x74,0x31,0x44,0x69,0x66,0x66,0x75,0x73,0x65,0x20,
    0x3a,0x20,0x76,0x65,0x63,0x34,0x66,0x2c,0x0a,0x20,0x20,0x2f,0x2a,0x20,0x40,0x6f,
    0x66,0x66,0x73,0x65,0x74,0x28,0x31,0x31,0x32,0x29,0x20,0x2a,0x2f,0x0a,0x20,0x20,
    0x6c,0x69,0x67,0x68,0x74,0x31,0x53,0x70,0x65,0x63,0x75,0x6c,0x61,0x72,0x20,0x3a,
    0x20,0x76,0x65,0x63,0x34,0x66,0x2c,0x0a,0x20,0x20,0x2f,0x2a,0x20,0x40,0x6f,0x66,
    0x66,0x73,0x65,0x74,0x28,0x31,0x32,0x38,0x29,0x20,0x2a,0x2f,0x0a,0x20,0x20,0x6c,
    0x69,0x67,0x68,0x74,0x32,0x44,0x69,0x72,0x20,0x3a,0x20,0x76,0x65,0x63,0x34,0x66,
    0x2c,0x0a,0x20,0x20,0x2f,0x2a,0x20,0x40,0x6f,0x66,0x66,0x73,0x65,0x74,0x28,0x31,
    0x34,0x34,0x29,0x20,0x2a,0x2f,0x0a,0x20,0x20,0x6c,0x69,0x67,0x68,0x74,0x32,0x44,
    0x69,0x66,0x66,0x75,0x73,0x65,0x20,0x3a,0x20,0x76,0x65,0x63,0x34,0x66,0x2c,0x0a,
    0x20,0x20,0x2f,0x2a,0x20,0x40,0x6f,0x66,0x66,0x73,0x65,0x74,0x28,0x31,0x36,0x30,
    0x29,0x20,0x2a,0x2f,0x0a,0x20,0x20,0x6c,0x69,0x67,0x68,0x74,0x32,0x53,0x70,0x65,
    0x63,0x75,0x6c,0x61,0x72,0x20,0x3a,0x20,0x76,0x65,0x63,0x34,0x66,0x2c,0x0a,0x20,
    0x20,0x2f,0x2a,0x20,0x40,0x6f,0x66,0x66,0x73,0x65,0x74,0x28,0x31,0x37,0x36,0x29,
    0x20,0x2a,0x2f,0x0a,0x20,0x20,0x73,0x70,0x65,0x63,0x75,0x6c,0x61,0x72,0x43,0x6f,
    0x6c,0x6f,0x72,0x41,0x6e,0x64,0x50,0x6f,0x77,0x65,0x72,0x20,0x3a,0x20,0x76,0x65,
    0x63,0x34,0x66,0x2c,0x0a,0x20,0x20,0x2f,0x2a,0x20,0x40,0x6f,0x66,0x66,0x73,0x65,
    0x74,0x28,0x31,0x39,0x32,0x29,0x20,0x2a,0x2f,0x0a,0x20,0x20,0x65,0x79,0x65,0x50,
    0x6f,0x73,0x69,0x74,0x69,0x6f,0x6e,0x20,0x3a,0x20,0x76,0x65,0x63,0x34,0x66,0x2c,
    0x0a,0x20,0x20,0x2f,0x2a,0x20,0x40,0x6f,0x66,0x66,0x73,0x65,0x74,0x28,0x32,0x30,
    0x38,0x29,0x20,0x2a,0x2f,0x0a,0x20,0x20,0x65,0x6d,0x69,0x73,0x73,0x69,0x76,0x65,
    0x43,0x6f,0x6c,0x6f,0x72,0x20,0x3a,0x20,0x76,0x65,0x63,0x34,0x66,0x2c,0x0a,0x20,
    0x20,0x2f,0x2a,0x20,0x40,0x6f,0x66,0x66,0x73,0x65,0x74,0x28,0x32,0x32,0x34,0x29,
    0x20,0x2a,0x2f,0x0a,0x20,0x20,0x66,0x6f,0x67,0x43,0x6f,0x6c,0x6f,0x72,0x20,0x3a,
    0x20,0x76,0x65,0x63,0x34,0x66,0x2c,0x0a,0x20,0x20,0x2f,0x2a,0x20,0x40,0x6f,0x66,
    0x66,0x73,0x65,0x74,0x28,0x32,0x34,0x30,0x29,0x20,0x2a,0x2f,0x0a,0x20,0x20,0x72,
    0x74,0x46,0x6c,0x69,0x70,0x56,0x20,0x3a,0x20,0x76,0x65,0x63,0x34,0x66,0x2c,0x0a,
    0x7d,0x0a,0x0a,0x76,0x61,0x72,0x3c,0x70,0x72,0x69,0x76,0x61,0x74,0x65,0x3e,0x20,
    0x77,0x6f,0x72,0x6c,0x64,0x4e,0x6f,0x72,0x6d,0x61,0x6c,0x20,0x3a,0x20,0x76,0x65,
    0x63,0x33,0x66,0x3b,0x0a,0x0a,0x40,0x62,0x69,0x6e,0x64,0x69,0x6e,0x67,0x28,0x31,
    0x29,0x20,0x40,0x67,0x72,0x6f,0x75,0x70,0x28,0x30,0x29,0x20,0x76,0x61,0x72,0x3c,
    0x75,0x6e,0x69,0x66,0x6f,0x72,0x6d,0x3e,0x20,0x78,0x5f,0x31,0x38,0x20,0x3a,0x20,
    0x6c,0x69,0x74,0x33,0x64,0x5f,0x66,0x73,0x5f,0x70,0x61,0x72,0x61,0x6d,0x73,0x3b,
    0x0a,0x0a,0x76,0x61,0x72,0x3c,0x70,0x72,0x69,0x76,0x61,0x74,0x65,0x3e,0x20,0x77,
    0x6f,0x72,0x6c,0x64,0x50,0x6f,0x73,0x20,0x3a,0x20,0x76,0x65,0x63,0x33,0x66,0x3b,
    0x0a,0x0a,0x76,0x61,0x72,0x3c,0x70,0x72,0x69,0x76,0x61,0x74,0x65,0x3e,0x20,0x74,
    0x69,0x6e,0x74,0x20,0x3a,0x20,0x76,0x65,0x63,0x34,0x66,0x3b,0x0a,0x0a,0x76,0x61,
    0x72,0x3c,0x70,0x72,0x69,0x76,0x61,0x74,0x65,0x3e,0x20,0x75,0x76,0x20,0x3a,0x20,
    0x76,0x65,0x63,0x32,0x66,0x3b,0x0a,0x0a,0x40,0x62,0x69,0x6e,0x64,0x69,0x6e,0x67,
    0x28,0x30,0x29,0x20,0x40,0x67,0x72,0x6f,0x75,0x70,0x28,0x31,0x29,0x20,0x76,0x61,
    0x72,0x20,0x74,0x65,0x78,0x20,0x3a,0x20,0x74,0x65,0x78,0x74,0x75,0x72,0x65,0x5f,
    0x32,0x64,0x3c,0x66,0x33,0x32,0x3e,0x3b,0x0a,0x0a,0x40,0x62,0x69,0x6e,0x64,0x69,
    0x6e,0x67,0x28,0x33,0x32,0x29,0x20,0x40,0x67,0x72,0x6f,0x75,0x70,0x28,0x31,0x29,
    0x20,0x76,0x61,0x72,0x20,0x73,0x6d,0x70,0x20,0x3a,0x20,0x73,0x61,0x6d,0x70,0x6c,
    0x65,0x72,0x3b,0x0a,0x0a,0x76,0x61,0x72,0x3c,0x70,0x72,0x69,0x76,0x61,0x74,0x65,
    0x3e,0x20,0x61,0x6c,0x70,0x68,0x61,0x54,0x65,0x73,0x74,0x4f,0x75,0x74,0x20,0x3a,
    0x20,0x76,0x65,0x63,0x34,0x66,0x3b,0x0a,0x0a,0x76,0x61,0x72,0x3c,0x70,0x72,0x69,
    0x76,0x61,0x74,0x65,0x3e,0x20,0x66,0x6f,0x67,0x46,0x61,0x63,0x74,0x6f,0x72,0x20,
    0x3a,0x20,0x66,0x33,0x32,0x3b,0x0a,0x0a,0x76,0x61,0x72,0x3c,0x70,0x72,0x69,0x76,
    0x61,0x74,0x65,0x3e,0x20,0x66,0x72,0x61,0x67,0x5f,0x63,0x6f,0x6c,0x6f,0x72,0x20,
    0x3a,0x20,0x76,0x65,0x63,0x34,0x66,0x3b,0x0a,0x0a,0x66,0x6e,0x20,0x6d,0x61,0x69,
    0x6e,0x5f,0x31,0x28,0x29,0x20,0x7b,0x0a,0x20,0x20,0x76,0x61,0x72,0x20,0x63,0x20,
    0x3a,0x20,0x76,0x65,0x63,0x34,0x66,0x3b,0x0a,0x20,0x20,0x76,0x61,0x72,0x20,0x78,
    0x5f,0x32,0x36,0x34,0x20,0x3a,0x20,0x66,0x33,0x32,0x3b,0x0a,0x20,0x20,0x76,0x61,
    0x72,0x20,0x78,0x5f,0x32,0x37,0x36,0x20,0x3a,0x20,0x66,0x33,0x32,0x3b,0x0a,0x20,
    0x20,0x76,0x61,0x72,0x20,0x78,0x5f,0x32,0x39,0x31,0x20,0x3a,0x20,0x66,0x33,0x32,
    0x3b,0x0a,0x20,0x20,0x76,0x61,0x72,0x20,0x78,0x5f,0x32,0x36,0x31,0x20,0x3a,0x20,
    0x66,0x33,0x32,0x3b,0x0a,0x20,0x20,0x6c,0x65,0x74,0x20,0x78,0x5f,0x31,0x33,0x20,
    0x3d,0x20,0x6e,0x6f,0x72,0x6d,0x61,0x6c,0x69,0x7a,0x65,0x28,0x77,0x6f,0x72,0x6c,
    0x64,0x4e,0x6f,0x72,0x6d,0x61,0x6c,0x29,0x3b,0x0a,0x20,0x20,0x6c,0x65,0x74,0x20,
    0x78,0x5f,0x32,0x38,0x20,0x3d,0x20,0x6e,0x6f,0x72,0x6d,0x61,0x6c,0x69,0x7a,0x65,
    0x28,0x28,0x78,0x5f,0x31,0x38,0x2e,0x65,0x79,0x65,0x50,0x6f,0x73,0x69,0x74,0x69,
    0x6f,0x6e,0x2e,0x78,0x79,0x7a,0x20,0x2d,0x20,0x77,0x6f,0x72,0x6c,0x64,0x50,0x6f,
    0x73,0x29,0x29,0x3b,0x0a,0x20,0x20,0x6c,0x65,0x74,0x20,0x78,0x5f,0x33,0x35,0x20,
    0x3d,0x20,0x78,0x5f,0x31,0x38,0x2e,0x6c,0x69,0x67,0x68,0x74,0x30,0x44,0x69,0x72,
    0x2e,0x78,0x79,0x7a,0x3b,0x0a,0x20,0x20,0x6c,0x65,0x74,0x20,0x78,0x5f,0x33,0x37,
    0x20,0x3d,0x20,0x64,0x6f,0x74,0x28,0x78,0x5f,0x31,0x33,0x2c,0x20,0x2d,0x28,0x78,
    0x5f,0x33,0x35,0x29,0x29,0x3b,0x0a,0x20,0x20,0x6c,0x65,0x74,0x20,0x78,0x5f,0x35,
    0x30,0x20,0x3d,0x20,0x78,0x5f,0x31,0x38,0x2e,0x6c,0x69,0x67,0x68,0x74,0x31,0x44,
    0x69,0x72,0x2e,0x78,0x79,0x7a,0x3b,0x0a,0x20,0x20,0x6c,0x65,0x74,0x20,0x78,0x5f,
    0x35,0x32,0x20,0x3d,0x20,0x64,0x6f,0x74,0x28,0x78,0x5f,0x31,0x33,0x2c,0x20,0x2d,
    0x28,0x78,0x5f,0x35,0x30,0x29,0x29,0x3b,0x0a,0x20,0x20,0x6c,0x65,0x74,0x20,0x78,
    0x5f,0x36,0x34,0x20,0x3d,0x20,0x78,0x5f,0x31,0x38,0x2e,0x6c,0x69,0x67,0x68,0x74,
    0x32,0x44,0x69,0x72,0x2e,0x78,0x79,0x7a,0x3b,0x0a,0x20,0x20,0x6c,0x65,0x74,0x20,
    0x78,0x5f,0x36,0x36,0x20,0x3d,0x20,0x64,0x6f,0x74,0x28,0x78,0x5f,0x31,0x33,0x2c,
    0x20,0x2d,0x28,0x78,0x5f,0x36,0x34,0x29,0x29,0x3b,0x0a,0x20,0x20,0x6c,0x65,0x74,
    0x20,0x78,0x5f,0x31,0x31,0x35,0x20,0x3d,0x20,0x28,0x28,0x28,0x28,0x28,0x28,0x78,
    0x5f,0x31,0x38,0x2e,0x61,0x6d,0x62,0x69,0x65,0x6e,0x74,0x2e,0x78,0x79,0x7a,0x20,
    0x2b,0x20,0x28,0x78,0x5f,0x31,0x38,0x2e,0x6c,0x69,0x67,0x68,0x74,0x30,0x44,0x69,
    0x66,0x66,0x75,0x73,0x65,0x2e,0x78,0x79,0x7a,0x20,0x2a,0x20,0x6d,0x61,0x78,0x28,
    0x78,0x5f,0x33,0x37,0x2c,0x20,0x30,0x2e,0x30,0x66,0x29,0x29,0x29,0x20,0x2b,0x20,
    0x28,0x78,0x5f,0x31,0x38,0x2e,0x6c,0x69,0x67,0x68,0x74,0x31,0x44,0x69,0x66,0x66,
    0x75,0x73,0x65,0x2e,0x78,0x79,0x7a,0x20,0x2a,0x20,0x6d,0x61,0x78,0x28,0x78,0x5f,
    0x35,0x32,0x2c,0x20,0x30,0x2e,0x30,0x66,0x29,0x29,0x29,0x20,0x2b,0x20,0x28,0x78,
    0x5f,0x31,0x38,0x2e,0x6c,0x69,0x67,0x68,0x74,0x32,0x44,0x69,0x66,0x66,0x75,0x73,
    0x65,0x2e,0x78,0x79,0x7a,0x20,0x2a,0x20,0x6d,0x61,0x78,0x28,0x78,0x5f,0x36,0x36,
    0x2c,0x20,0x30,0x2e,0x30,0x66,0x29,0x29,0x29,0x20,0x2a,0x20,0x78,0x5f,0x31,0x38,
    0x2e,0x64,0x69,0x66,0x66,0x75,0x73,0x65,0x2e,0x78,0x79,0x7a,0x29,0x20,0x2a,0x20,
    0x74,0x69,0x6e,0x74,0x2e,0x78,0x79,0x7a,0x29,0x20,0x2b,0x20,0x78,0x5f,0x31,0x38,
    0x2e,0x65,0x6d,0x69,0x73,0x73,0x69,0x76,0x65,0x43,0x6f,0x6c,0x6f,0x72,0x2e,0x78,
    0x79,0x7a,0x29,0x3b,0x0a,0x20,0x20,0x6c,0x65,0x74,0x20,0x78,0x5f,0x31,0x32,0x32,
    0x20,0x3d,0x20,0x78,0x5f,0x31,0x38,0x2e,0x73,0x70,0x65,0x63,0x75,0x6c,0x61,0x72,
    0x43,0x6f,0x6c,0x6f,0x72,0x41,0x6e,0x64,0x50,0x6f,0x77,0x65,0x72,0x2e,0x77,0x3b,
    0x0a,0x20,0x20,0x6c,0x65,0x74,0x20,0x78,0x5f,0x31,0x37,0x35,0x20,0x3d,0x20,0x78,
    0x5f,0x31,0x38,0x2e,0x6c,0x69,0x67,0x68,0x74,0x30,0x53,0x70,0x65,0x63,0x75,0x6c,
    0x61,0x72,0x3b,0x0a,0x20,0x20,0x6c,0x65,0x74,0x20,0x78,0x5f,0x31,0x38,0x31,0x20,
    0x3d,0x20,0x78,0x5f,0x31,0x38,0x2e,0x6c,0x69,0x67,0x68,0x74,0x31,0x53,0x70,0x65,
    0x63,0x75,0x6c,0x61,0x72,0x3b,0x0a,0x20,0x20,0x6c,0x65,0x74,0x20,0x78,0x5f,0x31,
    0x38,0x38,0x20,0x3d,0x20,0x78,0x5f,0x31,0x38,0x2e,0x6c,0x69,0x67,0x68,0x74,0x32,
    0x53,0x70,0x65,0x63,0x75,0x6c,0x61,0x72,0x3b,0x0a,0x20,0x20,0x6c,0x65,0x74,0x20,
    0x78,0x5f,0x31,0x39,0x33,0x20,0x3d,0x20,0x78,0x5f,0x31,0x38,0x2e,0x73,0x70,0x65,
    0x63,0x75,0x6c,0x61,0x72,0x43,0x6f,0x6c,0x6f,0x72,0x41,0x6e,0x64,0x50,0x6f,0x77,
    0x65,0x72,0x3b,0x0a,0x20,0x20,0x6c,0x65,0x74,0x20,0x78,0x5f,0x32,0x30,0x34,0x20,
    0x3d,0x20,0x75,0x76,0x2e,0x78,0x3b,0x0a,0x20,0x20,0x6c,0x65,0x74,0x20,0x78,0x5f,
    0x32,0x30,0x37,0x20,0x3d,0x20,0x75,0x76,0x2e,0x79,0x3b,0x0a,0x20,0x20,0x6c,0x65,
    0x74,0x20,0x78,0x5f,0x32,0x31,0x34,0x20,0x3d,0x20,0x78,0x5f,0x31,0x38,0x2e,0x72,
    0x74,0x46,0x6c,0x69,0x70,0x56,0x2e,0x78,0x3b,0x0a,0x20,0x20,0x6c,0x65,0x74,0x20,
    0x78,0x5f,0x32,0x33,0x30,0x20,0x3d,0x20,0x74,0x65,0x78,0x74,0x75,0x72,0x65,0x53,
    0x61,0x6d,0x70,0x6c,0x65,0x28,0x74,0x65,0x78,0x2c,0x20,0x73,0x6d,0x70,0x2c,0x20,
    0x76,0x65,0x63,0x32,0x66,0x28,0x78,0x5f,0x32,0x30,0x34,0x2c,0x20,0x6d,0x69,0x78,
    0x28,0x78,0x5f,0x32,0x30,0x37,0x2c,0x20,0x28,0x31,0x2e,0x30,0x66,0x20,0x2d,0x20,
    0x78,0x5f,0x32,0x30,0x37,0x29,0x2c,0x20,0x78,0x5f,0x32,0x31,0x34,0x29,0x29,0x29,
    0x3b,0x0a,0x20,0x20,0x6c,0x65,0x74,0x20,0x78,0x5f,0x32,0x34,0x33,0x20,0x3d,0x20,
    0x28,0x78,0x5f,0x32,0x33,0x30,0x20,0x2a,0x20,0x76,0x65,0x63,0x34,0x66,0x28,0x78,
    0x5f,0x31,0x31,0x35,0x2e,0x78,0x2c,0x20,0x78,0x5f,0x31,0x31,0x35,0x2e,0x79,0x2c,
    0x20,0x78,0x5f,0x31,0x31,0x35,0x2e,0x7a,0x2c,0x20,0x28,0x78,0x5f,0x31,0x38,0x2e,
    0x64,0x69,0x66,0x66,0x75,0x73,0x65,0x2e,0x77,0x20,0x2a,0x20,0x74,0x69,0x6e,0x74,
    0x2e,0x77,0x29,0x29,0x29,0x3b,0x0a,0x20,0x20,0x6c,0x65,0x74,0x20,0x78,0x5f,0x32,
    0x35,0x30,0x20,0x3d,0x20,0x28,0x78,0x5f,0x32,0x34,0x33,0x2e,0x78,0x79,0x7a,0x20,
    0x2b,0x20,0x28,0x28,0x28,0x28,0x28,0x78,0x5f,0x31,0x37,0x35,0x2e,0x78,0x79,0x7a,
    0x20,0x2a,0x20,0x70,0x6f,0x77,0x28,0x28,0x6d,0x61,0x78,0x28,0x64,0x6f,0x74,0x28,
    0x6e,0x6f,0x72,0x6d,0x61,0x6c,0x69,0x7a,0x65,0x28,0x28,0x78,0x5f,0x32,0x38,0x20,
    0x2d,0x20,0x78,0x5f,0x33,0x35,0x29,0x29,0x2c,0x20,0x78,0x5f,0x31,0x33,0x29,0x2c,
    0x20,0x30,0x2e,0x30,0x66,0x29,0x20,0x2a,0x20,0x73,0x74,0x65,0x70,0x28,0x30,0x2e,
    0x30,0x66,0x2c,0x20,0x78,0x5f,0x33,0x37,0x29,0x29,0x2c,0x20,0x78,0x5f,0x31,0x32,
    0x32,0x29,0x29,0x20,0x2b,0x20,0x28,0x78,0x5f,0x31,0x38,0x31,0x2e,0x78,0x79,0x7a,
    0x20,0x2a,0x20,0x70,0x6f,0x77,0x28,0x28,0x6d,0x61,0x78,0x28,0x64,0x6f,0x74,0x28,
    0x6e,0x6f,0x72,0x6d,0x61,0x6c,0x69,0x7a,0x65,0x28,0x28,0x78,0x5f,0x32,0x38,0x20,
    0x2d,0x20,0x78,0x5f,0x35,0x30,0x29,0x29,0x2c,0x20,0x78,0x5f,0x31,0x33,0x29,0x2c,
    0x20,0x30,0x2e,0x30,0x66,0x29,0x20,0x2a,0x20,0x73,0x74,0x65,0x70,0x28,0x30,0x2e,
    0x30,0x66,0x2c,0x20,0x78,0x5f,0x35,0x32,0x29,0x29,0x2c,0x20,0x78,0x5f,0x31,0x32,
    0x32,0x29,0x29,0x29,0x20,0x2b,0x20,0x28,0x78,0x5f,0x31,0x38,0x38,0x2e,0x78,0x79,
    0x7a,0x20,0x2a,0x20,0x70,0x6f,0x77,0x28,0x28,0x6d,0x61,0x78,0x28,0x64,0x6f,0x74,
    0x28,0x6e,0x6f,0x72,0x6d,0x61,0x6c,0x69,0x7a,0x65,0x28,0x28,0x78,0x5f,0x32,0x38,
    0x20,0x2d,0x20,0x78,0x5f,0x36,0x34,0x29,0x29,0x2c,0x20,0x78,0x5f,0x31,0x33,0x29,
    0x2c,0x20,0x30,0x2e,0x30,0x66,0x29,0x20,0x2a,0x20,0x73,0x74,0x65,0x70,0x28,0x30,
    0x2e,0x30,0x66,0x2c,0x20,0x78,0x5f,0x36,0x36,0x29,0x29,0x2c,0x20,0x78,0x5f,0x31,
    0x32,0x32,0x29,0x29,0x29,0x20,0x2a,0x20,0x78,0x5f,0x31,0x39,0x33,0x2e,0x78,0x79,
    0x7a,0x29,0x20,0x2a,0x20,0x78,0x5f,0x32,0x34,0x33,0x2e,0x77,0x29,0x29,0x3b,0x0a,
    0x20,0x20,0x76,0x61,0x72,0x20,0x78,0x5f,0x33,0x32,0x37,0x5f,0x31,0x20,0x3d,0x20,
    0x78,0x5f,0x32,0x34,0x33,0x3b,0x0a,0x20,0x20,0x78,0x5f,0x33,0x32,0x37,0x5f,0x31,
    0x2e,0x78,0x20,0x3d,0x20,0x78,0x5f,0x32,0x35,0x30,0x2e,0x78,0x3b,0x0a,0x20,0x20,
    0x6c,0x65,0x74,0x20,0x78,0x5f,0x33,0x32,0x37,0x20,0x3d,0x20,0x78,0x5f,0x33,0x32,
    0x37,0x5f,0x31,0x3b,0x0a,0x20,0x20,0x76,0x61,0x72,0x20,0x78,0x5f,0x33,0x32,0x39,
    0x5f,0x31,0x20,0x3d,0x20,0x78,0x5f,0x33,0x32,0x37,0x3b,0x0a,0x20,0x20,0x78,0x5f,
    0x33,0x32,0x39,0x5f,0x31,0x2e,0x79,0x20,0x3d,0x20,0x78,0x5f,0x32,0x35,0x30,0x2e,
    0x79,0x3b,0x0a,0x20,0x20,0x6c,0x65,0x74,0x20,0x78,0x5f,0x33,0x32,0x39,0x20,0x3d,
    0x20,0x78,0x5f,0x33,0x32,0x39,0x5f,0x31,0x3b,0x0a,0x20,0x20,0x76,0x61,0x72,0x20,
    0x78,0x5f,0x33,0x33,0x31,0x5f,0x31,0x20,0x3d,0x20,0x78,0x5f,0x33,0x32,0x39,0x3b,
    0x0a,0x20,0x20,0x78,0x5f,0x33,0x33,0x31,0x5f,0x31,0x2e,0x7a,0x20,0x3d,0x20,0x78,
    0x5f,0x32,0x35,0x30,0x2e,0x7a,0x3b,0x0a,0x20,0x20,0x63,0x20,0x3d,0x20,0x78,0x5f,
    0x33,0x33,0x31,0x5f,0x31,0x3b,0x0a,0x20,0x20,0x78,0x5f,0x32,0x36,0x31,0x20,0x3d,
    0x20,0x61,0x6c,0x70,0x68,0x61,0x54,0x65,0x73,0x74,0x4f,0x75,0x74,0x2e,0x79,0x3b,
    0x0a,0x20,0x20,0x69,0x66,0x20,0x28,0x28,0x78,0x5f,0x32,0x36,0x31,0x20,0x3e,0x20,
    0x30,0x2e,0x30,0x66,0x29,0x29,0x20,0x7b,0x0a,0x20,0x20,0x20,0x20,0x69,0x66,0x20,
    0x28,0x28,0x61,0x62,0x73,0x28,0x28,0x63,0x2e,0x77,0x20,0x2d,0x20,0x61,0x6c,0x70,
    0x68,0x61,0x54,0x65,0x73,0x74,0x4f,0x75,0x74,0x2e,0x78,0x29,0x29,0x20,0x3c,0x20,
    0x78,0x5f,0x32,0x36,0x31,0x29,0x29,0x20,0x7b,0x0a,0x20,0x20,0x20,0x20,0x20,0x20,
    0x78,0x5f,0x32,0x37,0x36,0x20,0x3d,0x20,0x61,0x6c,0x70,0x68,0x61,0x54,0x65,0x73,
    0x74,0x4f,0x75,0x74,0x2e,0x7a,0x3b,0x0a,0x20,0x20,0x20,0x20,0x7d,0x20,0x65,0x6c,
    0x73,0x65,0x20,0x7b,0x0a,0x20,0x20,0x20,0x20,0x20,0x20,0x78,0x5f,0x32,0x37,0x36,
    0x20,0x3d,0x20,0x61,0x6c,0x70,0x68,0x61,0x54,0x65,0x73,0x74,0x4f,0x75,0x74,0x2e,
    0x77,0x3b,0x0a,0x20,0x20,0x20,0x20,0x7d,0x0a,0x20,0x20,0x20,0x20,0x78,0x5f,0x32,
    0x36,0x34,0x20,0x3d,0x20,0x78,0x5f,0x32,0x37,0x36,0x3b,0x0a,0x20,0x20,0x7d,0x20,
    0x65,0x6c,0x73,0x65,0x20,0x7b,0x0a,0x20,0x20,0x20,0x20,0x69,0x66,0x20,0x28,0x28,
    0x63,0x2e,0x77,0x20,0x3c,0x20,0x61,0x6c,0x70,0x68,0x61,0x54,0x65,0x73,0x74,0x4f,
    0x75,0x74,0x2e,0x78,0x29,0x29,0x20,0x7b,0x0a,0x20,0x20,0x20,0x20,0x20,0x20,0x78,
    0x5f,0x32,0x39,0x31,0x20,0x3d,0x20,0x61,0x6c,0x70,0x68,0x61,0x54,0x65,0x73,0x74,
    0x4f,0x75,0x74,0x2e,0x7a,0x3b,0x0a,0x20,0x20,0x20,0x20,0x7d,0x20,0x65,0x6c,0x73,
    0x65,0x20,0x7b,0x0a,0x20,0x20,0x20,0x20,0x20,0x20,0x78,0x5f,0x32,0x39,0x31,0x20,
    0x3d,0x20,0x61,0x6c,0x70,0x68,0x61,0x54,0x65,0x73,0x74,0x4f,0x75,0x74,0x2e,0x77,
    0x3b,0x0a,0x20,0x20,0x20,0x20,0x7d,0x0a,0x20,0x20,0x20,0x20,0x78,0x5f,0x32,0x36,
    0x34,0x20,0x3d,0x20,0x78,0x5f,0x32,0x39,0x31,0x3b,0x0a,0x20,0x20,0x7d,0x0a,0x20,
    0x20,0x69,0x66,0x20,0x28,0x28,0x78,0x5f,0x32,0x36,0x34,0x20,0x3c,0x20,0x30,0x2e,
    0x30,0x66,0x29,0x29,0x20,0x7b,0x0a,0x20,0x20,0x20,0x20,0x64,0x69,0x73,0x63,0x61,
    0x72,0x64,0x3b,0x0a,0x20,0x20,0x7d,0x0a,0x20,0x20,0x6c,0x65,0x74,0x20,0x78,0x5f,
    0x33,0x31,0x30,0x20,0x3d,0x20,0x63,0x3b,0x0a,0x20,0x20,0x6c,0x65,0x74,0x20,0x78,
    0x5f,0x33,0x31,0x35,0x20,0x3d,0x20,0x6d,0x69,0x78,0x28,0x78,0x5f,0x31,0x38,0x2e,
    0x66,0x6f,0x67,0x43,0x6f,0x6c,0x6f,0x72,0x2e,0x78,0x79,0x7a,0x2c,0x20,0x63,0x2e,
    0x78,0x79,0x7a,0x2c,0x20,0x76,0x65,0x63,0x33,0x66,0x28,0x66,0x6f,0x67,0x46,0x61,
    0x63,0x74,0x6f,0x72,0x29,0x29,0x3b,0x0a,0x20,0x20,0x76,0x61,0x72,0x20,0x78,0x5f,
    0x33,0x33,0x35,0x5f,0x31,0x20,0x3d,0x20,0x78,0x5f,0x33,0x31,0x30,0x3b,0x0a,0x20,
    0x20,0x78,0x5f,0x33,0x33,0x35,0x5f,0x31,0x2e,0x78,0x20,0x3d,0x20,0x78,0x5f,0x33,
    0x31,0x35,0x2e,0x78,0x3b,0x0a,0x20,0x20,0x6c,0x65,0x74,0x20,0x78,0x5f,0x33,0x33,
    0x35,0x20,0x3d,0x20,0x78,0x5f,0x33,0x33,0x35,0x5f,0x31,0x3b,0x0a,0x20,0x20,0x76,
    0x61,0x72,0x20,0x78,0x5f,0x33,0x33,0x37,0x5f,0x31,0x20,0x3d,0x20,0x78,0x5f,0x33,
    0x33,0x35,0x3b,0x0a,0x20,0x20,0x78,0x5f,0x33,0x33,0x37,0x5f,0x31,0x2e,0x79,0x20,
    0x3d,0x20,0x78,0x5f,0x33,0x31,0x35,0x2e,0x79,0x3b,0x0a,0x20,0x20,0x6c,0x65,0x74,
    0x20,0x78,0x5f,0x33,0x33,0x37,0x20,0x3d,0x20,0x78,0x5f,0x33,0x33,0x37,0x5f,0x31,
    0x3b,0x0a,0x20,0x20,0x76,0x61,0x72,0x20,0x78,0x5f,0x33,0x33,0x39,0x5f,0x31,0x20,
    0x3d,0x20,0x78,0x5f,0x33,0x33,0x37,0x3b,0x0a,0x20,0x20,0x78,0x5f,0x33,0x33,0x39,
    0x5f,0x31,0x2e,0x7a,0x20,0x3d,0x20,0x78,0x5f,0x33,0x31,0x35,0x2e,0x7a,0x3b,0x0a,
    0x20,0x20,0x6c,0x65,0x74,0x20,0x78,0x5f,0x33,0x33,0x39,0x20,0x3d,0x20,0x78,0x5f,
    0x33,0x33,0x39,0x5f,0x31,0x3b,0x0a,0x20,0x20,0x63,0x20,0x3d,0x20,0x78,0x5f,0x33,
    0x33,0x39,0x5f,0x31,0x3b,0x0a,0x20,0x20,0x66,0x72,0x61,0x67,0x5f,0x63,0x6f,0x6c,
    0x6f,0x72,0x20,0x3d,0x20,0x78,0x5f,0x33,0x33,0x39,0x3b,0x0a,0x20,0x20,0x72,0x65,
    0x74,0x75,0x72,0x6e,0x3b,0x0a,0x7d,0x0a,0x0a,0x73,0x74,0x72,0x75,0x63,0x74,0x20,
    0x6d,0x61,0x69,0x6e,0x5f,0x6f,0x75,0x74,0x20,0x7b,0x0a,0x20,0x20,0x40,0x6c,0x6f,
    0x63,0x61,0x74,0x69,0x6f,0x6e,0x28,0x30,0x29,0x0a,0x20,0x20,0x66,0x72,0x61,0x67,
    0x5f,0x63,0x6f,0x6c,0x6f,0x72,0x5f,0x31,0x20,0x3a,0x20,0x76,0x65,0x63,0x34,0x66,
    0x2c,0x0a,0x7d,0x0a,0x0a,0x40,0x66,0x72,0x61,0x67,0x6d,0x65,0x6e,0x74,0x0a,0x66,
    0x6e,0x20,0x6d,0x61,0x69,0x6e,0x28,0x40,0x6c,0x6f,0x63,0x61,0x74,0x69,0x6f,0x6e,
    0x28,0x30,0x29,0x20,0x77,0x6f,0x72,0x6c,0x64,0x4e,0x6f,0x72,0x6d,0x61,0x6c,0x5f,
    0x70,0x61,0x72,0x61,0x6d,0x20,0x3a,0x20,0x76,0x65,0x63,0x33,0x66,0x2c,0x20,0x40,
    0x6c,0x6f,0x63,0x61,0x74,0x69,0x6f,0x6e,0x28,0x31,0x29,0x20,0x77,0x6f,0x72,0x6c,
    0x64,0x50,0x6f,0x73,0x5f,0x70,0x61,0x72,0x61,0x6d,0x20,0x3a,0x20,0x76,0x65,0x63,
    0x33,0x66,0x2c,0x20,0x40,0x6c,0x6f,0x63,0x61,0x74,0x69,0x6f,0x6e,0x28,0x33,0x29,
    0x20,0x74,0x69,0x6e,0x74,0x5f,0x70,0x61,0x72,0x61,0x6d,0x20,0x3a,0x20,0x76,0x65,
    0x63,0x34,0x66,0x2c,0x20,0x40,0x6c,0x6f,0x63,0x61,0x74,0x69,0x6f,0x6e,0x28,0x32,
    0x29,0x20,0x75,0x76,0x5f,0x70,0x61,0x72,0x61,0x6d,0x20,0x3a,0x20,0x76,0x65,0x63,
    0x32,0x66,0x2c,0x20,0x40,0x6c,0x6f,0x63,0x61,0x74,0x69,0x6f,0x6e,0x28,0x35,0x29,
    0x20,0x61,0x6c,0x70,0x68,0x61,0x54,0x65,0x73,0x74,0x4f,0x75,0x74,0x5f,0x70,0x61,
    0x72,0x61,0x6d,0x20,0x3a,0x20,0x76,0x65,0x63,0x34,0x66,0x2c,0x20,0x40,0x6c,0x6f,
    0x63,0x61,0x74,0x69,0x6f,0x6e,0x28,0x34,0x29,0x20,0x66,0x6f,0x67,0x46,0x61,0x63,
    0x74,0x6f,0x72,0x5f,0x70,0x61,0x72,0x61,0x6d,0x20,0x3a,0x20,0x66,0x33,0x32,0x29,
    0x20,0x2d,0x3e,0x20,0x6d,0x61,0x69,0x6e,0x5f,0x6f,0x75,0x74,0x20,0x7b,0x0a,0x20,
    0x20,0x77,0x6f,0x72,0x6c,0x64,0x4e,0x6f,0x72,0x6d,0x61,0x6c,0x20,0x3d,0x20,0x77,
    0x6f,0x72,0x6c,0x64,0x4e,0x6f,0x72,0x6d,0x61,0x6c,0x5f,0x70,0x61,0x72,0x61,0x6d,
    0x3b,0x0a,0x20,0x20,0x77,0x6f,0x72,0x6c,0x64,0x50,0x6f,0x73,0x20,0x3d,0x20,0x77,
    0x6f,0x72,0x6c,0x64,0x50,0x6f,0x73,0x5f,0x70,0x61,0x72,0x61,0x6d,0x3b,0x0a,0x20,
    0x20,0x74,0x69,0x6e,0x74,0x20,0x3d,0x20,0x74,0x69,0x6e,0x74,0x5f,0x70,0x61,0x72,
    0x61,0x6d,0x3b,0x0a,0x20,0x20,0x75,0x76,0x20,0x3d,0x20,0x75,0x76,0x5f,0x70,0x61,
    0x72,0x61,0x6d,0x3b,0x0a,0x20,0x20,0x61,0x6c,0x70,0x68,0x61,0x54,0x65,0x73,0x74,
    0x4f,0x75,0x74,0x20,0x3d,0x20,0x61,0x6c,0x70,0x68,0x61,0x54,0x65,0x73,0x74,0x4f,
    0x75,0x74,0x5f,0x70,0x61,0x72,0x61,0x6d,0x3b,0x0a,0x20,0x20,0x66,0x6f,0x67,0x46,
    0x61,0x63,0x74,0x6f,0x72,0x20,0x3d,0x20,0x66,0x6f,0x67,0x46,0x61,0x63,0x74,0x6f,
    0x72,0x5f,0x70,0x61,0x72,0x61,0x6d,0x3b,0x0a,0x20,0x20,0x6d,0x61,0x69,0x6e,0x5f,
    0x31,0x28,0x29,0x3b,0x0a,0x20,0x20,0x72,0x65,0x74,0x75,0x72,0x6e,0x20,0x6d,0x61,
    0x69,0x6e,0x5f,0x6f,0x75,0x74,0x28,0x66,0x72,0x61,0x67,0x5f,0x63,0x6f,0x6c,0x6f,
    0x72,0x29,0x3b,0x0a,0x7d,0x0a,0x00,
};
#endif
const sg_shader_desc* cna_lit3d_shader_desc(sg_backend renderer) {
    #if defined(SOKOL_GLCORE)
    if (renderer == SG_BACKEND_GLCORE) {
        static sg_shader_desc desc;
        static bool valid;
        if (!valid) {
            valid = true;
            desc.vertex_func.source = (const char*)cna_lit3d_vs_source_glsl410;
            desc.vertex_func.entry = "main";
            desc.fragment_func.source = (const char*)cna_lit3d_fs_source_glsl410;
            desc.fragment_func.entry = "main";
            desc.attrs[0].base_type = SG_SHADERATTRBASETYPE_FLOAT;
            desc.attrs[0].glsl_name = "position";
            desc.attrs[1].base_type = SG_SHADERATTRBASETYPE_FLOAT;
            desc.attrs[1].glsl_name = "normal";
            desc.attrs[2].base_type = SG_SHADERATTRBASETYPE_FLOAT;
            desc.attrs[2].glsl_name = "texcoord0";
            desc.attrs[3].base_type = SG_SHADERATTRBASETYPE_FLOAT;
            desc.attrs[3].glsl_name = "color0";
            desc.uniform_blocks[0].stage = SG_SHADERSTAGE_VERTEX;
            desc.uniform_blocks[0].layout = SG_UNIFORMLAYOUT_STD140;
            desc.uniform_blocks[0].size = 240;
            desc.uniform_blocks[0].glsl_uniforms[0].type = SG_UNIFORMTYPE_FLOAT4;
            desc.uniform_blocks[0].glsl_uniforms[0].array_count = 15;
            desc.uniform_blocks[0].glsl_uniforms[0].glsl_name = "lit3d_vs_params";
            desc.uniform_blocks[1].stage = SG_SHADERSTAGE_FRAGMENT;
            desc.uniform_blocks[1].layout = SG_UNIFORMLAYOUT_STD140;
            desc.uniform_blocks[1].size = 256;
            desc.uniform_blocks[1].glsl_uniforms[0].type = SG_UNIFORMTYPE_FLOAT4;
            desc.uniform_blocks[1].glsl_uniforms[0].array_count = 16;
            desc.uniform_blocks[1].glsl_uniforms[0].glsl_name = "lit3d_fs_params";
            desc.views[0].texture.stage = SG_SHADERSTAGE_FRAGMENT;
            desc.views[0].texture.image_type = SG_IMAGETYPE_2D;
            desc.views[0].texture.sample_type = SG_IMAGESAMPLETYPE_FLOAT;
            desc.views[0].texture.multisampled = false;
            desc.samplers[0].stage = SG_SHADERSTAGE_FRAGMENT;
            desc.samplers[0].sampler_type = SG_SAMPLERTYPE_FILTERING;
            desc.texture_sampler_pairs[0].stage = SG_SHADERSTAGE_FRAGMENT;
            desc.texture_sampler_pairs[0].view_slot = 0;
            desc.texture_sampler_pairs[0].sampler_slot = 0;
            desc.texture_sampler_pairs[0].glsl_name = "tex_smp";
            desc.label = "cna_lit3d_shader";
        }
        return &desc;
    }
    #endif /* SOKOL_GLCORE */
    #if defined(SOKOL_GLES3)
    if (renderer == SG_BACKEND_GLES3) {
        static sg_shader_desc desc;
        static bool valid;
        if (!valid) {
            valid = true;
            desc.vertex_func.source = (const char*)cna_lit3d_vs_source_glsl300es;
            desc.vertex_func.entry = "main";
            desc.fragment_func.source = (const char*)cna_lit3d_fs_source_glsl300es;
            desc.fragment_func.entry = "main";
            desc.attrs[0].base_type = SG_SHADERATTRBASETYPE_FLOAT;
            desc.attrs[0].glsl_name = "position";
            desc.attrs[1].base_type = SG_SHADERATTRBASETYPE_FLOAT;
            desc.attrs[1].glsl_name = "normal";
            desc.attrs[2].base_type = SG_SHADERATTRBASETYPE_FLOAT;
            desc.attrs[2].glsl_name = "texcoord0";
            desc.attrs[3].base_type = SG_SHADERATTRBASETYPE_FLOAT;
            desc.attrs[3].glsl_name = "color0";
            desc.uniform_blocks[0].stage = SG_SHADERSTAGE_VERTEX;
            desc.uniform_blocks[0].layout = SG_UNIFORMLAYOUT_STD140;
            desc.uniform_blocks[0].size = 240;
            desc.uniform_blocks[0].glsl_uniforms[0].type = SG_UNIFORMTYPE_FLOAT4;
            desc.uniform_blocks[0].glsl_uniforms[0].array_count = 15;
            desc.uniform_blocks[0].glsl_uniforms[0].glsl_name = "lit3d_vs_params";
            desc.uniform_blocks[1].stage = SG_SHADERSTAGE_FRAGMENT;
            desc.uniform_blocks[1].layout = SG_UNIFORMLAYOUT_STD140;
            desc.uniform_blocks[1].size = 256;
            desc.uniform_blocks[1].glsl_uniforms[0].type = SG_UNIFORMTYPE_FLOAT4;
            desc.uniform_blocks[1].glsl_uniforms[0].array_count = 16;
            desc.uniform_blocks[1].glsl_uniforms[0].glsl_name = "lit3d_fs_params";
            desc.views[0].texture.stage = SG_SHADERSTAGE_FRAGMENT;
            desc.views[0].texture.image_type = SG_IMAGETYPE_2D;
            desc.views[0].texture.sample_type = SG_IMAGESAMPLETYPE_FLOAT;
            desc.views[0].texture.multisampled = false;
            desc.samplers[0].stage = SG_SHADERSTAGE_FRAGMENT;
            desc.samplers[0].sampler_type = SG_SAMPLERTYPE_FILTERING;
            desc.texture_sampler_pairs[0].stage = SG_SHADERSTAGE_FRAGMENT;
            desc.texture_sampler_pairs[0].view_slot = 0;
            desc.texture_sampler_pairs[0].sampler_slot = 0;
            desc.texture_sampler_pairs[0].glsl_name = "tex_smp";
            desc.label = "cna_lit3d_shader";
        }
        return &desc;
    }
    #endif /* SOKOL_GLES3 */
    #if defined(SOKOL_D3D11)
    if (renderer == SG_BACKEND_D3D11) {
        static sg_shader_desc desc;
        static bool valid;
        if (!valid) {
            valid = true;
            desc.vertex_func.source = (const char*)cna_lit3d_vs_source_hlsl5;
            desc.vertex_func.d3d11_target = "vs_5_0";
            desc.vertex_func.entry = "main";
            desc.fragment_func.source = (const char*)cna_lit3d_fs_source_hlsl5;
            desc.fragment_func.d3d11_target = "ps_5_0";
            desc.fragment_func.entry = "main";
            desc.attrs[0].base_type = SG_SHADERATTRBASETYPE_FLOAT;
            desc.attrs[0].hlsl_sem_name = "TEXCOORD";
            desc.attrs[0].hlsl_sem_index = 0;
            desc.attrs[1].base_type = SG_SHADERATTRBASETYPE_FLOAT;
            desc.attrs[1].hlsl_sem_name = "TEXCOORD";
            desc.attrs[1].hlsl_sem_index = 1;
            desc.attrs[2].base_type = SG_SHADERATTRBASETYPE_FLOAT;
            desc.attrs[2].hlsl_sem_name = "TEXCOORD";
            desc.attrs[2].hlsl_sem_index = 2;
            desc.attrs[3].base_type = SG_SHADERATTRBASETYPE_FLOAT;
            desc.attrs[3].hlsl_sem_name = "TEXCOORD";
            desc.attrs[3].hlsl_sem_index = 3;
            desc.uniform_blocks[0].stage = SG_SHADERSTAGE_VERTEX;
            desc.uniform_blocks[0].layout = SG_UNIFORMLAYOUT_STD140;
            desc.uniform_blocks[0].size = 240;
            desc.uniform_blocks[0].hlsl_register_b_n = 0;
            desc.uniform_blocks[1].stage = SG_SHADERSTAGE_FRAGMENT;
            desc.uniform_blocks[1].layout = SG_UNIFORMLAYOUT_STD140;
            desc.uniform_blocks[1].size = 256;
            desc.uniform_blocks[1].hlsl_register_b_n = 1;
            desc.views[0].texture.stage = SG_SHADERSTAGE_FRAGMENT;
            desc.views[0].texture.image_type = SG_IMAGETYPE_2D;
            desc.views[0].texture.sample_type = SG_IMAGESAMPLETYPE_FLOAT;
            desc.views[0].texture.multisampled = false;
            desc.views[0].texture.hlsl_register_t_n = 0;
            desc.samplers[0].stage = SG_SHADERSTAGE_FRAGMENT;
            desc.samplers[0].sampler_type = SG_SAMPLERTYPE_FILTERING;
            desc.samplers[0].hlsl_register_s_n = 0;
            desc.texture_sampler_pairs[0].stage = SG_SHADERSTAGE_FRAGMENT;
            desc.texture_sampler_pairs[0].view_slot = 0;
            desc.texture_sampler_pairs[0].sampler_slot = 0;
            desc.label = "cna_lit3d_shader";
        }
        return &desc;
    }
    #endif /* SOKOL_D3D11 */
    #if defined(SOKOL_METAL)
    if (renderer == SG_BACKEND_METAL_MACOS) {
        static sg_shader_desc desc;
        static bool valid;
        if (!valid) {
            valid = true;
            desc.vertex_func.source = (const char*)cna_lit3d_vs_source_metal_macos;
            desc.vertex_func.entry = "main0";
            desc.fragment_func.source = (const char*)cna_lit3d_fs_source_metal_macos;
            desc.fragment_func.entry = "main0";
            desc.attrs[0].base_type = SG_SHADERATTRBASETYPE_FLOAT;
            desc.attrs[1].base_type = SG_SHADERATTRBASETYPE_FLOAT;
            desc.attrs[2].base_type = SG_SHADERATTRBASETYPE_FLOAT;
            desc.attrs[3].base_type = SG_SHADERATTRBASETYPE_FLOAT;
            desc.uniform_blocks[0].stage = SG_SHADERSTAGE_VERTEX;
            desc.uniform_blocks[0].layout = SG_UNIFORMLAYOUT_STD140;
            desc.uniform_blocks[0].size = 240;
            desc.uniform_blocks[0].msl_buffer_n = 0;
            desc.uniform_blocks[1].stage = SG_SHADERSTAGE_FRAGMENT;
            desc.uniform_blocks[1].layout = SG_UNIFORMLAYOUT_STD140;
            desc.uniform_blocks[1].size = 256;
            desc.uniform_blocks[1].msl_buffer_n = 1;
            desc.views[0].texture.stage = SG_SHADERSTAGE_FRAGMENT;
            desc.views[0].texture.image_type = SG_IMAGETYPE_2D;
            desc.views[0].texture.sample_type = SG_IMAGESAMPLETYPE_FLOAT;
            desc.views[0].texture.multisampled = false;
            desc.views[0].texture.msl_texture_n = 0;
            desc.samplers[0].stage = SG_SHADERSTAGE_FRAGMENT;
            desc.samplers[0].sampler_type = SG_SAMPLERTYPE_FILTERING;
            desc.samplers[0].msl_sampler_n = 0;
            desc.texture_sampler_pairs[0].stage = SG_SHADERSTAGE_FRAGMENT;
            desc.texture_sampler_pairs[0].view_slot = 0;
            desc.texture_sampler_pairs[0].sampler_slot = 0;
            desc.label = "cna_lit3d_shader";
        }
        return &desc;
    }
    #endif /* SOKOL_METAL */
    #if defined(SOKOL_WGPU)
    if (renderer == SG_BACKEND_WGPU) {
        static sg_shader_desc desc;
        static bool valid;
        if (!valid) {
            valid = true;
            desc.vertex_func.source = (const char*)cna_lit3d_vs_source_wgsl;
            desc.vertex_func.entry = "main";
            desc.fragment_func.source = (const char*)cna_lit3d_fs_source_wgsl;
            desc.fragment_func.entry = "main";
            desc.attrs[0].base_type = SG_SHADERATTRBASETYPE_FLOAT;
            desc.attrs[1].base_type = SG_SHADERATTRBASETYPE_FLOAT;
            desc.attrs[2].base_type = SG_SHADERATTRBASETYPE_FLOAT;
            desc.attrs[3].base_type = SG_SHADERATTRBASETYPE_FLOAT;
            desc.uniform_blocks[0].stage = SG_SHADERSTAGE_VERTEX;
            desc.uniform_blocks[0].layout = SG_UNIFORMLAYOUT_STD140;
            desc.uniform_blocks[0].size = 240;
            desc.uniform_blocks[0].wgsl_group0_binding_n = 0;
            desc.uniform_blocks[1].stage = SG_SHADERSTAGE_FRAGMENT;
            desc.uniform_blocks[1].layout = SG_UNIFORMLAYOUT_STD140;
            desc.uniform_blocks[1].size = 256;
            desc.uniform_blocks[1].wgsl_group0_binding_n = 1;
            desc.views[0].texture.stage = SG_SHADERSTAGE_FRAGMENT;
            desc.views[0].texture.image_type = SG_IMAGETYPE_2D;
            desc.views[0].texture.sample_type = SG_IMAGESAMPLETYPE_FLOAT;
            desc.views[0].texture.multisampled = false;
            desc.views[0].texture.wgsl_group1_binding_n = 0;
            desc.samplers[0].stage = SG_SHADERSTAGE_FRAGMENT;
            desc.samplers[0].sampler_type = SG_SAMPLERTYPE_FILTERING;
            desc.samplers[0].wgsl_group1_binding_n = 32;
            desc.texture_sampler_pairs[0].stage = SG_SHADERSTAGE_FRAGMENT;
            desc.texture_sampler_pairs[0].view_slot = 0;
            desc.texture_sampler_pairs[0].sampler_slot = 0;
            desc.label = "cna_lit3d_shader";
        }
        return &desc;
    }
    #endif /* SOKOL_WGPU */
    return 0;
}
#endif // SOKOL_SHDC_IMPL
/*
    #version:1# (machine generated, don't edit!)

    Generated by sokol-shdc (https://github.com/floooh/sokol-tools)

    Overview:
    =========
    Shader program: 'dualtextured3d':
        Get shader desc: cna_dualtextured3d_shader_desc(sg_query_backend());
        Vertex Shader: dualtextured3d_vs
        Fragment Shader: dualtextured3d_fs
        Attributes:
            ATTR_cna_dualtextured3d_position => 0
            ATTR_cna_dualtextured3d_texcoord0 => 1
            ATTR_cna_dualtextured3d_color0 => 2
    Bindings:
        Uniform block 'dualtextured3d_vs_params':
            C struct: cna_dualtextured3d_vs_params_t
            Bind slot: UB_cna_dualtextured3d_vs_params => 0
        Uniform block 'dualtextured3d_fs_params':
            C struct: cna_dualtextured3d_fs_params_t
            Bind slot: UB_cna_dualtextured3d_fs_params => 2
        Texture 'tex':
            Image type: SG_IMAGETYPE_2D
            Sample type: SG_IMAGESAMPLETYPE_FLOAT
            Multisampled: false
            Bind slot: VIEW_cna_tex => 0
        Texture 'tex2':
            Image type: SG_IMAGETYPE_2D
            Sample type: SG_IMAGESAMPLETYPE_FLOAT
            Multisampled: false
            Bind slot: VIEW_cna_tex2 => 1
        Sampler 'smp':
            Type: SG_SAMPLERTYPE_FILTERING
            Bind slot: SMP_cna_smp => 0
        Sampler 'smp2':
            Type: SG_SAMPLERTYPE_FILTERING
            Bind slot: SMP_cna_smp2 => 1
*/
#if !defined(SOKOL_GFX_INCLUDED)
#error "Please include sokol_gfx.h before dualtextured3d.h"
#endif
#if !defined(SOKOL_SHDC_ALIGN)
#if defined(_MSC_VER)
#define SOKOL_SHDC_ALIGN(a) __declspec(align(a))
#else
#define SOKOL_SHDC_ALIGN(a) __attribute__((aligned(a)))
#endif
#endif
const sg_shader_desc* cna_dualtextured3d_shader_desc(sg_backend renderer);
#define ATTR_cna_dualtextured3d_position (0)
#define ATTR_cna_dualtextured3d_texcoord0 (1)
#define ATTR_cna_dualtextured3d_color0 (2)
#define UB_cna_dualtextured3d_vs_params (0)
#define UB_cna_dualtextured3d_fs_params (2)
#define VIEW_cna_tex (0)
#define VIEW_cna_tex2 (1)
#define SMP_cna_smp (0)
#define SMP_cna_smp2 (1)
#pragma pack(push,1)
SOKOL_SHDC_ALIGN(16) typedef struct cna_dualtextured3d_vs_params_t {
    float mvp[16];
    float diffuse[4];
    float flags[4];
    float fogVector[4];
} cna_dualtextured3d_vs_params_t;
#pragma pack(pop)
#pragma pack(push,1)
SOKOL_SHDC_ALIGN(16) typedef struct cna_dualtextured3d_fs_params_t {
    float fogColor[4];
    float rtFlipV[4];
} cna_dualtextured3d_fs_params_t;
#pragma pack(pop)
#if defined(SOKOL_SHDC_IMPL)
/*
    #version 410

    uniform vec4 dualtextured3d_vs_params[7];
    layout(location = 0) in vec3 position;
    layout(location = 0) out vec2 uv;
    layout(location = 1) in vec2 texcoord0;
    layout(location = 1) out vec4 tint;
    layout(location = 2) in vec4 color0;
    layout(location = 2) out float fogFactor;

    void main()
    {
        vec4 _31 = vec4(position, 1.0);
        gl_Position = mat4(dualtextured3d_vs_params[0], dualtextured3d_vs_params[1], dualtextured3d_vs_params[2], dualtextured3d_vs_params[3]) * _31;
        uv = texcoord0;
        tint = mix(vec4(1.0), color0, vec4(dualtextured3d_vs_params[5].x)) * dualtextured3d_vs_params[4];
        fogFactor = 1.0 - clamp(dot(_31, dualtextured3d_vs_params[6]), 0.0, 1.0);
    }

*/
#if defined(SOKOL_GLCORE)
static const uint8_t cna_dualtextured3d_vs_source_glsl410[685] = {
    0x23,0x76,0x65,0x72,0x73,0x69,0x6f,0x6e,0x20,0x34,0x31,0x30,0x0a,0x0a,0x75,0x6e,
    0x69,0x66,0x6f,0x72,0x6d,0x20,0x76,0x65,0x63,0x34,0x20,0x64,0x75,0x61,0x6c,0x74,
    0x65,0x78,0x74,0x75,0x72,0x65,0x64,0x33,0x64,0x5f,0x76,0x73,0x5f,0x70,0x61,0x72,
    0x61,0x6d,0x73,0x5b,0x37,0x5d,0x3b,0x0a,0x6c,0x61,0x79,0x6f,0x75,0x74,0x28,0x6c,
    0x6f,0x63,0x61,0x74,0x69,0x6f,0x6e,0x20,0x3d,0x20,0x30,0x29,0x20,0x69,0x6e,0x20,
    0x76,0x65,0x63,0x33,0x20,0x70,0x6f,0x73,0x69,0x74,0x69,0x6f,0x6e,0x3b,0x0a,0x6c,
    0x61,0x79,0x6f,0x75,0x74,0x28,0x6c,0x6f,0x63,0x61,0x74,0x69,0x6f,0x6e,0x20,0x3d,
    0x20,0x30,0x29,0x20,0x6f,0x75,0x74,0x20,0x76,0x65,0x63,0x32,0x20,0x75,0x76,0x3b,
    0x0a,0x6c,0x61,0x79,0x6f,0x75,0x74,0x28,0x6c,0x6f,0x63,0x61,0x74,0x69,0x6f,0x6e,
    0x20,0x3d,0x20,0x31,0x29,0x20,0x69,0x6e,0x20,0x76,0x65,0x63,0x32,0x20,0x74,0x65,
    0x78,0x63,0x6f,0x6f,0x72,0x64,0x30,0x3b,0x0a,0x6c,0x61,0x79,0x6f,0x75,0x74,0x28,
    0x6c,0x6f,0x63,0x61,0x74,0x69,0x6f,0x6e,0x20,0x3d,0x20,0x31,0x29,0x20,0x6f,0x75,
    0x74,0x20,0x76,0x65,0x63,0x34,0x20,0x74,0x69,0x6e,0x74,0x3b,0x0a,0x6c,0x61,0x79,
    0x6f,0x75,0x74,0x28,0x6c,0x6f,0x63,0x61,0x74,0x69,0x6f,0x6e,0x20,0x3d,0x20,0x32,
    0x29,0x20,0x69,0x6e,0x20,0x76,0x65,0x63,0x34,0x20,0x63,0x6f,0x6c,0x6f,0x72,0x30,
    0x3b,0x0a,0x6c,0x61,0x79,0x6f,0x75,0x74,0x28,0x6c,0x6f,0x63,0x61,0x74,0x69,0x6f,
    0x6e,0x20,0x3d,0x20,0x32,0x29,0x20,0x6f,0x75,0x74,0x20,0x66,0x6c,0x6f,0x61,0x74,
    0x20,0x66,0x6f,0x67,0x46,0x61,0x63,0x74,0x6f,0x72,0x3b,0x0a,0x0a,0x76,0x6f,0x69,
    0x64,0x20,0x6d,0x61,0x69,0x6e,0x28,0x29,0x0a,0x7b,0x0a,0x20,0x20,0x20,0x20,0x76,
    0x65,0x63,0x34,0x20,0x5f,0x33,0x31,0x20,0x3d,0x20,0x76,0x65,0x63,0x34,0x28,0x70,
    0x6f,0x73,0x69,0x74,0x69,0x6f,0x6e,0x2c,0x20,0x31,0x2e,0x30,0x29,0x3b,0x0a,0x20,
    0x20,0x20,0x20,0x67,0x6c,0x5f,0x50,0x6f,0x73,0x69,0x74,0x69,0x6f,0x6e,0x20,0x3d,
    0x20,0x6d,0x61,0x74,0x34,0x28,0x64,0x75,0x61,0x6c,0x74,0x65,0x78,0x74,0x75,0x72,
    0x65,0x64,0x33,0x64,0x5f,0x76,0x73,0x5f,0x70,0x61,0x72,0x61,0x6d,0x73,0x5b,0x30,
    0x5d,0x2c,0x20,0x64,0x75,0x61,0x6c,0x74,0x65,0x78,0x74,0x75,0x72,0x65,0x64,0x33,
    0x64,0x5f,0x76,0x73,0x5f,0x70,0x61,0x72,0x61,0x6d,0x73,0x5b,0x31,0x5d,0x2c,0x20,
    0x64,0x75,0x61,0x6c,0x74,0x65,0x78,0x74,0x75,0x72,0x65,0x64,0x33,0x64,0x5f,0x76,
    0x73,0x5f,0x70,0x61,0x72,0x61,0x6d,0x73,0x5b,0x32,0x5d,0x2c,0x20,0x64,0x75,0x61,
    0x6c,0x74,0x65,0x78,0x74,0x75,0x72,0x65,0x64,0x33,0x64,0x5f,0x76,0x73,0x5f,0x70,
    0x61,0x72,0x61,0x6d,0x73,0x5b,0x33,0x5d,0x29,0x20,0x2a,0x20,0x5f,0x33,0x31,0x3b,
    0x0a,0x20,0x20,0x20,0x20,0x75,0x76,0x20,0x3d,0x20,0x74,0x65,0x78,0x63,0x6f,0x6f,
    0x72,0x64,0x30,0x3b,0x0a,0x20,0x20,0x20,0x20,0x74,0x69,0x6e,0x74,0x20,0x3d,0x20,
    0x6d,0x69,0x78,0x28,0x76,0x65,0x63,0x34,0x28,0x31,0x2e,0x30,0x29,0x2c,0x20,0x63,
    0x6f,0x6c,0x6f,0x72,0x30,0x2c,0x20,0x76,0x65,0x63,0x34,0x28,0x64,0x75,0x61,0x6c,
    0x74,0x65,0x78,0x74,0x75,0x72,0x65,0x64,0x33,0x64,0x5f,0x76,0x73,0x5f,0x70,0x61,
    0x72,0x61,0x6d,0x73,0x5b,0x35,0x5d,0x2e,0x78,0x29,0x29,0x20,0x2a,0x20,0x64,0x75,
    0x61,0x6c,0x74,0x65,0x78,0x74,0x75,0x72,0x65,0x64,0x33,0x64,0x5f,0x76,0x73,0x5f,
    0x70,0x61,0x72,0x61,0x6d,0x73,0x5b,0x34,0x5d,0x3b,0x0a,0x20,0x20,0x20,0x20,0x66,
    0x6f,0x67,0x46,0x61,0x63,0x74,0x6f,0x72,0x20,0x3d,0x20,0x31,0x2e,0x30,0x20,0x2d,
    0x20,0x63,0x6c,0x61,0x6d,0x70,0x28,0x64,0x6f,0x74,0x28,0x5f,0x33,0x31,0x2c,0x20,
    0x64,0x75,0x61,0x6c,0x74,0x65,0x78,0x74,0x75,0x72,0x65,0x64,0x33,0x64,0x5f,0x76,
    0x73,0x5f,0x70,0x61,0x72,0x61,0x6d,0x73,0x5b,0x36,0x5d,0x29,0x2c,0x20,0x30,0x2e,
    0x30,0x2c,0x20,0x31,0x2e,0x30,0x29,0x3b,0x0a,0x7d,0x0a,0x0a,0x00,
};
#endif
/*
    #version 410

    uniform vec4 dualtextured3d_fs_params[2];
    uniform sampler2D tex_smp;
    uniform sampler2D tex2_smp2;

    layout(location = 0) in vec2 uv;
    layout(location = 1) in vec4 tint;
    layout(location = 2) in float fogFactor;
    layout(location = 0) out vec4 frag_color;

    void main()
    {
        float _23 = 1.0 - uv.y;
        vec4 _60 = texture(tex_smp, vec2(uv.x, mix(uv.y, _23, dualtextured3d_fs_params[1].x)));
        vec3 _65 = _60.xyz * 2.0;
        vec4 _111 = _60;
        _111.x = _65.x;
        _111.y = _65.y;
        _111.z = _65.z;
        vec4 _89 = (_111 * texture(tex2_smp2, vec2(uv.x, mix(uv.y, _23, dualtextured3d_fs_params[1].y)))) * tint;
        vec3 _100 = mix(dualtextured3d_fs_params[0].xyz, _89.xyz, vec3(fogFactor));
        vec4 _117 = _89;
        _117.x = _100.x;
        _117.y = _100.y;
        _117.z = _100.z;
        frag_color = _117;
    }

*/
#if defined(SOKOL_GLCORE)
static const uint8_t cna_dualtextured3d_fs_source_glsl410[811] = {
    0x23,0x76,0x65,0x72,0x73,0x69,0x6f,0x6e,0x20,0x34,0x31,0x30,0x0a,0x0a,0x75,0x6e,
    0x69,0x66,0x6f,0x72,0x6d,0x20,0x76,0x65,0x63,0x34,0x20,0x64,0x75,0x61,0x6c,0x74,
    0x65,0x78,0x74,0x75,0x72,0x65,0x64,0x33,0x64,0x5f,0x66,0x73,0x5f,0x70,0x61,0x72,
    0x61,0x6d,0x73,0x5b,0x32,0x5d,0x3b,0x0a,0x75,0x6e,0x69,0x66,0x6f,0x72,0x6d,0x20,
    0x73,0x61,0x6d,0x70,0x6c,0x65,0x72,0x32,0x44,0x20,0x74,0x65,0x78,0x5f,0x73,0x6d,
    0x70,0x3b,0x0a,0x75,0x6e,0x69,0x66,0x6f,0x72,0x6d,0x20,0x73,0x61,0x6d,0x70,0x6c,
    0x65,0x72,0x32,0x44,0x20,0x74,0x65,0x78,0x32,0x5f,0x73,0x6d,0x70,0x32,0x3b,0x0a,
    0x0a,0x6c,0x61,0x79,0x6f,0x75,0x74,0x28,0x6c,0x6f,0x63,0x61,0x74,0x69,0x6f,0x6e,
    0x20,0x3d,0x20,0x30,0x29,0x20,0x69,0x6e,0x20,0x76,0x65,0x63,0x32,0x20,0x75,0x76,
    0x3b,0x0a,0x6c,0x61,0x79,0x6f,0x75,0x74,0x28,0x6c,0x6f,0x63,0x61,0x74,0x69,0x6f,
    0x6e,0x20,0x3d,0x20,0x31,0x29,0x20,0x69,0x6e,0x20,0x76,0x65,0x63,0x34,0x20,0x74,
    0x69,0x6e,0x74,0x3b,0x0a,0x6c,0x61,0x79,0x6f,0x75,0x74,0x28,0x6c,0x6f,0x63,0x61,
    0x74,0x69,0x6f,0x6e,0x20,0x3d,0x20,0x32,0x29,0x20,0x69,0x6e,0x20,0x66,0x6c,0x6f,
    0x61,0x74,0x20,0x66,0x6f,0x67,0x46,0x61,0x63,0x74,0x6f,0x72,0x3b,0x0a,0x6c,0x61,
    0x79,0x6f,0x75,0x74,0x28,0x6c,0x6f,0x63,0x61,0x74,0x69,0x6f,0x6e,0x20,0x3d,0x20,
    0x30,0x29,0x20,0x6f,0x75,0x74,0x20,0x76,0x65,0x63,0x34,0x20,0x66,0x72,0x61,0x67,
    0x5f,0x63,0x6f,0x6c,0x6f,0x72,0x3b,0x0a,0x0a,0x76,0x6f,0x69,0x64,0x20,0x6d,0x61,
    0x69,0x6e,0x28,0x29,0x0a,0x7b,0x0a,0x20,0x20,0x20,0x20,0x66,0x6c,0x6f,0x61,0x74,
    0x20,0x5f,0x32,0x33,0x20,0x3d,0x20,0x31,0x2e,0x30,0x20,0x2d,0x20,0x75,0x76,0x2e,
    0x79,0x3b,0x0a,0x20,0x20,0x20,0x20,0x76,0x65,0x63,0x34,0x20,0x5f,0x36,0x30,0x20,
    0x3d,0x20,0x74,0x65,0x78,0x74,0x75,0x72,0x65,0x28,0x74,0x65,0x78,0x5f,0x73,0x6d,
    0x70,0x2c,0x20,0x76,0x65,0x63,0x32,0x28,0x75,0x76,0x2e,0x78,0x2c,0x20,0x6d,0x69,
    0x78,0x28,0x75,0x76,0x2e,0x79,0x2c,0x20,0x5f,0x32,0x33,0x2c,0x20,0x64,0x75,0x61,
    0x6c,0x74,0x65,0x78,0x74,0x75,0x72,0x65,0x64,0x33,0x64,0x5f,0x66,0x73,0x5f,0x70,
    0x61,0x72,0x61,0x6d,0x73,0x5b,0x31,0x5d,0x2e,0x78,0x29,0x29,0x29,0x3b,0x0a,0x20,
    0x20,0x20,0x20,0x76,0x65,0x63,0x33,0x20,0x5f,0x36,0x35,0x20,0x3d,0x20,0x5f,0x36,
    0x30,0x2e,0x78,0x79,0x7a,0x20,0x2a,0x20,0x32,0x2e,0x30,0x3b,0x0a,0x20,0x20,0x20,
    0x20,0x76,0x65,0x63,0x34,0x20,0x5f,0x31,0x31,0x31,0x20,0x3d,0x20,0x5f,0x36,0x30,
    0x3b,0x0a,0x20,0x20,0x20,0x20,0x5f,0x31,0x31,0x31,0x2e,0x78,0x20,0x3d,0x20,0x5f,
    0x36,0x35,0x2e,0x78,0x3b,0x0a,0x20,0x20,0x20,0x20,0x5f,0x31,0x31,0x31,0x2e,0x79,
    0x20,0x3d,0x20,0x5f,0x36,0x35,0x2e,0x79,0x3b,0x0a,0x20,0x20,0x20,0x20,0x5f,0x31,
    0x31,0x31,0x2e,0x7a,0x20,0x3d,0x20,0x5f,0x36,0x35,0x2e,0x7a,0x3b,0x0a,0x20,0x20,
    0x20,0x20,0x76,0x65,0x63,0x34,0x20,0x5f,0x38,0x39,0x20,0x3d,0x20,0x28,0x5f,0x31,
    0x31,0x31,0x20,0x2a,0x20,0x74,0x65,0x78,0x74,0x75,0x72,0x65,0x28,0x74,0x65,0x78,
    0x32,0x5f,0x73,0x6d,0x70,0x32,0x2c,0x20,0x76,0x65,0x63,0x32,0x28,0x75,0x76,0x2e,
    0x78,0x2c,0x20,0x6d,0x69,0x78,0x28,0x75,0x76,0x2e,0x79,0x2c,0x20,0x5f,0x32,0x33,
    0x2c,0x20,0x64,0x75,0x61,0x6c,0x74,0x65,0x78,0x74,0x75,0x72,0x65,0x64,0x33,0x64,
    0x5f,0x66,0x73,0x5f,0x70,0x61,0x72,0x61,0x6d,0x73,0x5b,0x31,0x5d,0x2e,0x79,0x29,
    0x29,0x29,0x29,0x20,0x2a,0x20,0x74,0x69,0x6e,0x74,0x3b,0x0a,0x20,0x20,0x20,0x20,
    0x76,0x65,0x63,0x33,0x20,0x5f,0x31,0x30,0x30,0x20,0x3d,0x20,0x6d,0x69,0x78,0x28,
    0x64,0x75,0x61,0x6c,0x74,0x65,0x78,0x74,0x75,0x72,0x65,0x64,0x33,0x64,0x5f,0x66,
    0x73,0x5f,0x70,0x61,0x72,0x61,0x6d,0x73,0x5b,0x30,0x5d,0x2e,0x78,0x79,0x7a,0x2c,
    0x20,0x5f,0x38,0x39,0x2e,0x78,0x79,0x7a,0x2c,0x20,0x76,0x65,0x63,0x33,0x28,0x66,
    0x6f,0x67,0x46,0x61,0x63,0x74,0x6f,0x72,0x29,0x29,0x3b,0x0a,0x20,0x20,0x20,0x20,
    0x76,0x65,0x63,0x34,0x20,0x5f,0x31,0x31,0x37,0x20,0x3d,0x20,0x5f,0x38,0x39,0x3b,
    0x0a,0x20,0x20,0x20,0x20,0x5f,0x31,0x31,0x37,0x2e,0x78,0x20,0x3d,0x20,0x5f,0x31,
    0x30,0x30,0x2e,0x78,0x3b,0x0a,0x20,0x20,0x20,0x20,0x5f,0x31,0x31,0x37,0x2e,0x79,
    0x20,0x3d,0x20,0x5f,0x31,0x30,0x30,0x2e,0x79,0x3b,0x0a,0x20,0x20,0x20,0x20,0x5f,
    0x31,0x31,0x37,0x2e,0x7a,0x20,0x3d,0x20,0x5f,0x31,0x30,0x30,0x2e,0x7a,0x3b,0x0a,
    0x20,0x20,0x20,0x20,0x66,0x72,0x61,0x67,0x5f,0x63,0x6f,0x6c,0x6f,0x72,0x20,0x3d,
    0x20,0x5f,0x31,0x31,0x37,0x3b,0x0a,0x7d,0x0a,0x0a,0x00,
};
#endif
/*
    #version 300 es

    uniform vec4 dualtextured3d_vs_params[7];
    layout(location = 0) in vec3 position;
    out vec2 uv;
    layout(location = 1) in vec2 texcoord0;
    out vec4 tint;
    layout(location = 2) in vec4 color0;
    out float fogFactor;

    void main()
    {
        vec4 _31 = vec4(position, 1.0);
        gl_Position = mat4(dualtextured3d_vs_params[0], dualtextured3d_vs_params[1], dualtextured3d_vs_params[2], dualtextured3d_vs_params[3]) * _31;
        uv = texcoord0;
        tint = mix(vec4(1.0), color0, vec4(dualtextured3d_vs_params[5].x)) * dualtextured3d_vs_params[4];
        fogFactor = 1.0 - clamp(dot(_31, dualtextured3d_vs_params[6]), 0.0, 1.0);
    }

*/
#if defined(SOKOL_GLES3)
static const uint8_t cna_dualtextured3d_vs_source_glsl300es[625] = {
    0x23,0x76,0x65,0x72,0x73,0x69,0x6f,0x6e,0x20,0x33,0x30,0x30,0x20,0x65,0x73,0x0a,
    0x0a,0x75,0x6e,0x69,0x66,0x6f,0x72,0x6d,0x20,0x76,0x65,0x63,0x34,0x20,0x64,0x75,
    0x61,0x6c,0x74,0x65,0x78,0x74,0x75,0x72,0x65,0x64,0x33,0x64,0x5f,0x76,0x73,0x5f,
    0x70,0x61,0x72,0x61,0x6d,0x73,0x5b,0x37,0x5d,0x3b,0x0a,0x6c,0x61,0x79,0x6f,0x75,
    0x74,0x28,0x6c,0x6f,0x63,0x61,0x74,0x69,0x6f,0x6e,0x20,0x3d,0x20,0x30,0x29,0x20,
    0x69,0x6e,0x20,0x76,0x65,0x63,0x33,0x20,0x70,0x6f,0x73,0x69,0x74,0x69,0x6f,0x6e,
    0x3b,0x0a,0x6f,0x75,0x74,0x20,0x76,0x65,0x63,0x32,0x20,0x75,0x76,0x3b,0x0a,0x6c,
    0x61,0x79,0x6f,0x75,0x74,0x28,0x6c,0x6f,0x63,0x61,0x74,0x69,0x6f,0x6e,0x20,0x3d,
    0x20,0x31,0x29,0x20,0x69,0x6e,0x20,0x76,0x65,0x63,0x32,0x20,0x74,0x65,0x78,0x63,
    0x6f,0x6f,0x72,0x64,0x30,0x3b,0x0a,0x6f,0x75,0x74,0x20,0x76,0x65,0x63,0x34,0x20,
    0x74,0x69,0x6e,0x74,0x3b,0x0a,0x6c,0x61,0x79,0x6f,0x75,0x74,0x28,0x6c,0x6f,0x63,
    0x61,0x74,0x69,0x6f,0x6e,0x20,0x3d,0x20,0x32,0x29,0x20,0x69,0x6e,0x20,0x76,0x65,
    0x63,0x34,0x20,0x63,0x6f,0x6c,0x6f,0x72,0x30,0x3b,0x0a,0x6f,0x75,0x74,0x20,0x66,
    0x6c,0x6f,0x61,0x74,0x20,0x66,0x6f,0x67,0x46,0x61,0x63,0x74,0x6f,0x72,0x3b,0x0a,
    0x0a,0x76,0x6f,0x69,0x64,0x20,0x6d,0x61,0x69,0x6e,0x28,0x29,0x0a,0x7b,0x0a,0x20,
    0x20,0x20,0x20,0x76,0x65,0x63,0x34,0x20,0x5f,0x33,0x31,0x20,0x3d,0x20,0x76,0x65,
    0x63,0x34,0x28,0x70,0x6f,0x73,0x69,0x74,0x69,0x6f,0x6e,0x2c,0x20,0x31,0x2e,0x30,
    0x29,0x3b,0x0a,0x20,0x20,0x20,0x20,0x67,0x6c,0x5f,0x50,0x6f,0x73,0x69,0x74,0x69,
    0x6f,0x6e,0x20,0x3d,0x20,0x6d,0x61,0x74,0x34,0x28,0x64,0x75,0x61,0x6c,0x74,0x65,
    0x78,0x74,0x75,0x72,0x65,0x64,0x33,0x64,0x5f,0x76,0x73,0x5f,0x70,0x61,0x72,0x61,
    0x6d,0x73,0x5b,0x30,0x5d,0x2c,0x20,0x64,0x75,0x61,0x6c,0x74,0x65,0x78,0x74,0x75,
    0x72,0x65,0x64,0x33,0x64,0x5f,0x76,0x73,0x5f,0x70,0x61,0x72,0x61,0x6d,0x73,0x5b,
    0x31,0x5d,0x2c,0x20,0x64,0x75,0x61,0x6c,0x74,0x65,0x78,0x74,0x75,0x72,0x65,0x64,
    0x33,0x64,0x5f,0x76,0x73,0x5f,0x70,0x61,0x72,0x61,0x6d,0x73,0x5b,0x32,0x5d,0x2c,
    0x20,0x64,0x75,0x61,0x6c,0x74,0x65,0x78,0x74,0x75,0x72,0x65,0x64,0x33,0x64,0x5f,
    0x76,0x73,0x5f,0x70,0x61,0x72,0x61,0x6d,0x73,0x5b,0x33,0x5d,0x29,0x20,0x2a,0x20,
    0x5f,0x33,0x31,0x3b,0x0a,0x20,0x20,0x20,0x20,0x75,0x76,0x20,0x3d,0x20,0x74,0x65,
    0x78,0x63,0x6f,0x6f,0x72,0x64,0x30,0x3b,0x0a,0x20,0x20,0x20,0x20,0x74,0x69,0x6e,
    0x74,0x20,0x3d,0x20,0x6d,0x69,0x78,0x28,0x76,0x65,0x63,0x34,0x28,0x31,0x2e,0x30,
    0x29,0x2c,0x20,0x63,0x6f,0x6c,0x6f,0x72,0x30,0x2c,0x20,0x76,0x65,0x63,0x34,0x28,
    0x64,0x75,0x61,0x6c,0x74,0x65,0x78,0x74,0x75,0x72,0x65,0x64,0x33,0x64,0x5f,0x76,
    0x73,0x5f,0x70,0x61,0x72,0x61,0x6d,0x73,0x5b,0x35,0x5d,0x2e,0x78,0x29,0x29,0x20,
    0x2a,0x20,0x64,0x75,0x61,0x6c,0x74,0x65,0x78,0x74,0x75,0x72,0x65,0x64,0x33,0x64,
    0x5f,0x76,0x73,0x5f,0x70,0x61,0x72,0x61,0x6d,0x73,0x5b,0x34,0x5d,0x3b,0x0a,0x20,
    0x20,0x20,0x20,0x66,0x6f,0x67,0x46,0x61,0x63,0x74,0x6f,0x72,0x20,0x3d,0x20,0x31,
    0x2e,0x30,0x20,0x2d,0x20,0x63,0x6c,0x61,0x6d,0x70,0x28,0x64,0x6f,0x74,0x28,0x5f,
    0x33,0x31,0x2c,0x20,0x64,0x75,0x61,0x6c,0x74,0x65,0x78,0x74,0x75,0x72,0x65,0x64,
    0x33,0x64,0x5f,0x76,0x73,0x5f,0x70,0x61,0x72,0x61,0x6d,0x73,0x5b,0x36,0x5d,0x29,
    0x2c,0x20,0x30,0x2e,0x30,0x2c,0x20,0x31,0x2e,0x30,0x29,0x3b,0x0a,0x7d,0x0a,0x0a,
    0x00,
};
#endif
/*
    #version 300 es
    precision mediump float;
    precision highp int;

    uniform highp vec4 dualtextured3d_fs_params[2];
    uniform highp sampler2D tex_smp;
    uniform highp sampler2D tex2_smp2;

    in highp vec2 uv;
    in highp vec4 tint;
    in highp float fogFactor;
    layout(location = 0) out highp vec4 frag_color;

    void main()
    {
        highp float _23 = 1.0 - uv.y;
        highp vec4 _60 = texture(tex_smp, vec2(uv.x, mix(uv.y, _23, dualtextured3d_fs_params[1].x)));
        highp vec3 _65 = _60.xyz * 2.0;
        highp vec4 _111 = _60;
        _111.x = _65.x;
        _111.y = _65.y;
        _111.z = _65.z;
        highp vec4 _89 = (_111 * texture(tex2_smp2, vec2(uv.x, mix(uv.y, _23, dualtextured3d_fs_params[1].y)))) * tint;
        highp vec3 _100 = mix(dualtextured3d_fs_params[0].xyz, _89.xyz, vec3(fogFactor));
        highp vec4 _117 = _89;
        _117.x = _100.x;
        _117.y = _100.y;
        _117.z = _100.z;
        frag_color = _117;
    }

*/
#if defined(SOKOL_GLES3)
static const uint8_t cna_dualtextured3d_fs_source_glsl300es[881] = {
    0x23,0x76,0x65,0x72,0x73,0x69,0x6f,0x6e,0x20,0x33,0x30,0x30,0x20,0x65,0x73,0x0a,
    0x70,0x72,0x65,0x63,0x69,0x73,0x69,0x6f,0x6e,0x20,0x6d,0x65,0x64,0x69,0x75,0x6d,
    0x70,0x20,0x66,0x6c,0x6f,0x61,0x74,0x3b,0x0a,0x70,0x72,0x65,0x63,0x69,0x73,0x69,
    0x6f,0x6e,0x20,0x68,0x69,0x67,0x68,0x70,0x20,0x69,0x6e,0x74,0x3b,0x0a,0x0a,0x75,
    0x6e,0x69,0x66,0x6f,0x72,0x6d,0x20,0x68,0x69,0x67,0x68,0x70,0x20,0x76,0x65,0x63,
    0x34,0x20,0x64,0x75,0x61,0x6c,0x74,0x65,0x78,0x74,0x75,0x72,0x65,0x64,0x33,0x64,
    0x5f,0x66,0x73,0x5f,0x70,0x61,0x72,0x61,0x6d,0x73,0x5b,0x32,0x5d,0x3b,0x0a,0x75,
    0x6e,0x69,0x66,0x6f,0x72,0x6d,0x20,0x68,0x69,0x67,0x68,0x70,0x20,0x73,0x61,0x6d,
    0x70,0x6c,0x65,0x72,0x32,0x44,0x20,0x74,0x65,0x78,0x5f,0x73,0x6d,0x70,0x3b,0x0a,
    0x75,0x6e,0x69,0x66,0x6f,0x72,0x6d,0x20,0x68,0x69,0x67,0x68,0x70,0x20,0x73,0x61,
    0x6d,0x70,0x6c,0x65,0x72,0x32,0x44,0x20,0x74,0x65,0x78,0x32,0x5f,0x73,0x6d,0x70,
    0x32,0x3b,0x0a,0x0a,0x69,0x6e,0x20,0x68,0x69,0x67,0x68,0x70,0x20,0x76,0x65,0x63,
    0x32,0x20,0x75,0x76,0x3b,0x0a,0x69,0x6e,0x20,0x68,0x69,0x67,0x68,0x70,0x20,0x76,
    0x65,0x63,0x34,0x20,0x74,0x69,0x6e,0x74,0x3b,0x0a,0x69,0x6e,0x20,0x68,0x69,0x67,
    0x68,0x70,0x20,0x66,0x6c,0x6f,0x61,0x74,0x20,0x66,0x6f,0x67,0x46,0x61,0x63,0x74,
    0x6f,0x72,0x3b,0x0a,0x6c,0x61,0x79,0x6f,0x75,0x74,0x28,0x6c,0x6f,0x63,0x61,0x74,
    0x69,0x6f,0x6e,0x20,0x3d,0x20,0x30,0x29,0x20,0x6f,0x75,0x74,0x20,0x68,0x69,0x67,
    0x68,0x70,0x20,0x76,0x65,0x63,0x34,0x20,0x66,0x72,0x61,0x67,0x5f,0x63,0x6f,0x6c,
    0x6f,0x72,0x3b,0x0a,0x0a,0x76,0x6f,0x69,0x64,0x20,0x6d,0x61,0x69,0x6e,0x28,0x29,
    0x0a,0x7b,0x0a,0x20,0x20,0x20,0x20,0x68,0x69,0x67,0x68,0x70,0x20,0x66,0x6c,0x6f,
    0x61,0x74,0x20,0x5f,0x32,0x33,0x20,0x3d,0x20,0x31,0x2e,0x30,0x20,0x2d,0x20,0x75,
    0x76,0x2e,0x79,0x3b,0x0a,0x20,0x20,0x20,0x20,0x68,0x69,0x67,0x68,0x70,0x20,0x76,
    0x65,0x63,0x34,0x20,0x5f,0x36,0x30,0x20,0x3d,0x20,0x74,0x65,0x78,0x74,0x75,0x72,
    0x65,0x28,0x74,0x65,0x78,0x5f,0x73,0x6d,0x70,0x2c,0x20,0x76,0x65,0x63,0x32,0x28,
    0x75,0x76,0x2e,0x78,0x2c,0x20,0x6d,0x69,0x78,0x28,0x75,0x76,0x2e,0x79,0x2c,0x20,
    0x5f,0x32,0x33,0x2c,0x20,0x64,0x75,0x61,0x6c,0x74,0x65,0x78,0x74,0x75,0x72,0x65,
    0x64,0x33,0x64,0x5f,0x66,0x73,0x5f,0x70,0x61,0x72,0x61,0x6d,0x73,0x5b,0x31,0x5d,
    0x2e,0x78,0x29,0x29,0x29,0x3b,0x0a,0x20,0x20,0x20,0x20,0x68,0x69,0x67,0x68,0x70,
    0x20,0x76,0x65,0x63,0x33,0x20,0x5f,0x36,0x35,0x20,0x3d,0x20,0x5f,0x36,0x30,0x2e,
    0x78,0x79,0x7a,0x20,0x2a,0x20,0x32,0x2e,0x30,0x3b,0x0a,0x20,0x20,0x20,0x20,0x68,
    0x69,0x67,0x68,0x70,0x20,0x76,0x65,0x63,0x34,0x20,0x5f,0x31,0x31,0x31,0x20,0x3d,
    0x20,0x5f,0x36,0x30,0x3b,0x0a,0x20,0x20,0x20,0x20,0x5f,0x31,0x31,0x31,0x2e,0x78,
    0x20,0x3d,0x20,0x5f,0x36,0x35,0x2e,0x78,0x3b,0x0a,0x20,0x20,0x20,0x20,0x5f,0x31,
    0x31,0x31,0x2e,0x79,0x20,0x3d,0x20,0x5f,0x36,0x35,0x2e,0x79,0x3b,0x0a,0x20,0x20,
    0x20,0x20,0x5f,0x31,0x31,0x31,0x2e,0x7a,0x20,0x3d,0x20,0x5f,0x36,0x35,0x2e,0x7a,
    0x3b,0x0a,0x20,0x20,0x20,0x20,0x68,0x69,0x67,0x68,0x70,0x20,0x76,0x65,0x63,0x34,
    0x20,0x5f,0x38,0x39,0x20,0x3d,0x20,0x28,0x5f,0x31,0x31,0x31,0x20,0x2a,0x20,0x74,
    0x65,0x78,0x74,0x75,0x72,0x65,0x28,0x74,0x65,0x78,0x32,0x5f,0x73,0x6d,0x70,0x32,
    0x2c,0x20,0x76,0x65,0x63,0x32,0x28,0x75,0x76,0x2e,0x78,0x2c,0x20,0x6d,0x69,0x78,
    0x28,0x75,0x76,0x2e,0x79,0x2c,0x20,0x5f,0x32,0x33,0x2c,0x20,0x64,0x75,0x61,0x6c,
    0x74,0x65,0x78,0x74,0x75,0x72,0x65,0x64,0x33,0x64,0x5f,0x66,0x73,0x5f,0x70,0x61,
    0x72,0x61,0x6d,0x73,0x5b,0x31,0x5d,0x2e,0x79,0x29,0x29,0x29,0x29,0x20,0x2a,0x20,
    0x74,0x69,0x6e,0x74,0x3b,0x0a,0x20,0x20,0x20,0x20,0x68,0x69,0x67,0x68,0x70,0x20,
    0x76,0x65,0x63,0x33,0x20,0x5f,0x31,0x30,0x30,0x20,0x3d,0x20,0x6d,0x69,0x78,0x28,
    0x64,0x75,0x61,0x6c,0x74,0x65,0x78,0x74,0x75,0x72,0x65,0x64,0x33,0x64,0x5f,0x66,
    0x73,0x5f,0x70,0x61,0x72,0x61,0x6d,0x73,0x5b,0x30,0x5d,0x2e,0x78,0x79,0x7a,0x2c,
    0x20,0x5f,0x38,0x39,0x2e,0x78,0x79,0x7a,0x2c,0x20,0x76,0x65,0x63,0x33,0x28,0x66,
    0x6f,0x67,0x46,0x61,0x63,0x74,0x6f,0x72,0x29,0x29,0x3b,0x0a,0x20,0x20,0x20,0x20,
    0x68,0x69,0x67,0x68,0x70,0x20,0x76,0x65,0x63,0x34,0x20,0x5f,0x31,0x31,0x37,0x20,
    0x3d,0x20,0x5f,0x38,0x39,0x3b,0x0a,0x20,0x20,0x20,0x20,0x5f,0x31,0x31,0x37,0x2e,
    0x78,0x20,0x3d,0x20,0x5f,0x31,0x30,0x30,0x2e,0x78,0x3b,0x0a,0x20,0x20,0x20,0x20,
    0x5f,0x31,0x31,0x37,0x2e,0x79,0x20,0x3d,0x20,0x5f,0x31,0x30,0x30,0x2e,0x79,0x3b,
    0x0a,0x20,0x20,0x20,0x20,0x5f,0x31,0x31,0x37,0x2e,0x7a,0x20,0x3d,0x20,0x5f,0x31,
    0x30,0x30,0x2e,0x7a,0x3b,0x0a,0x20,0x20,0x20,0x20,0x66,0x72,0x61,0x67,0x5f,0x63,
    0x6f,0x6c,0x6f,0x72,0x20,0x3d,0x20,0x5f,0x31,0x31,0x37,0x3b,0x0a,0x7d,0x0a,0x0a,
    0x00,
};
#endif
/*
    cbuffer dualtextured3d_vs_params : register(b0)
    {
        row_major float4x4 _19_mvp : packoffset(c0);
        float4 _19_diffuse : packoffset(c4);
        float4 _19_flags : packoffset(c5);
        float4 _19_fogVector : packoffset(c6);
    };


    static float4 gl_Position;
    static float3 position;
    static float2 uv;
    static float2 texcoord0;
    static float4 tint;
    static float4 color0;
    static float fogFactor;

    struct SPIRV_Cross_Input
    {
        float3 position : TEXCOORD0;
        float2 texcoord0 : TEXCOORD1;
        float4 color0 : TEXCOORD2;
    };

    struct SPIRV_Cross_Output
    {
        float2 uv : TEXCOORD0;
        float4 tint : TEXCOORD1;
        float fogFactor : TEXCOORD2;
        float4 gl_Position : SV_Position;
    };

    void vert_main()
    {
        float4 _31 = float4(position, 1.0f);
        gl_Position = mul(_31, _19_mvp);
        uv = texcoord0;
        tint = lerp(1.0f.xxxx, color0, _19_flags.x.xxxx) * _19_diffuse;
        fogFactor = 1.0f - clamp(dot(_31, _19_fogVector), 0.0f, 1.0f);
    }

    SPIRV_Cross_Output main(SPIRV_Cross_Input stage_input)
    {
        position = stage_input.position;
        texcoord0 = stage_input.texcoord0;
        color0 = stage_input.color0;
        vert_main();
        SPIRV_Cross_Output stage_output;
        stage_output.gl_Position = gl_Position;
        stage_output.uv = uv;
        stage_output.tint = tint;
        stage_output.fogFactor = fogFactor;
        return stage_output;
    }
*/
#if defined(SOKOL_D3D11)
static const uint8_t cna_dualtextured3d_vs_source_hlsl5[1319] = {
    0x63,0x62,0x75,0x66,0x66,0x65,0x72,0x20,0x64,0x75,0x61,0x6c,0x74,0x65,0x78,0x74,
    0x75,0x72,0x65,0x64,0x33,0x64,0x5f,0x76,0x73,0x5f,0x70,0x61,0x72,0x61,0x6d,0x73,
    0x20,0x3a,0x20,0x72,0x65,0x67,0x69,0x73,0x74,0x65,0x72,0x28,0x62,0x30,0x29,0x0a,
    0x7b,0x0a,0x20,0x20,0x20,0x20,0x72,0x6f,0x77,0x5f,0x6d,0x61,0x6a,0x6f,0x72,0x20,
    0x66,0x6c,0x6f,0x61,0x74,0x34,0x78,0x34,0x20,0x5f,0x31,0x39,0x5f,0x6d,0x76,0x70,
    0x20,0x3a,0x20,0x70,0x61,0x63,0x6b,0x6f,0x66,0x66,0x73,0x65,0x74,0x28,0x63,0x30,
    0x29,0x3b,0x0a,0x20,0x20,0x20,0x20,0x66,0x6c,0x6f,0x61,0x74,0x34,0x20,0x5f,0x31,
    0x39,0x5f,0x64,0x69,0x66,0x66,0x75,0x73,0x65,0x20,0x3a,0x20,0x70,0x61,0x63,0x6b,
    0x6f,0x66,0x66,0x73,0x65,0x74,0x28,0x63,0x34,0x29,0x3b,0x0a,0x20,0x20,0x20,0x20,
    0x66,0x6c,0x6f,0x61,0x74,0x34,0x20,0x5f,0x31,0x39,0x5f,0x66,0x6c,0x61,0x67,0x73,
    0x20,0x3a,0x20,0x70,0x61,0x63,0x6b,0x6f,0x66,0x66,0x73,0x65,0x74,0x28,0x63,0x35,
    0x29,0x3b,0x0a,0x20,0x20,0x20,0x20,0x66,0x6c,0x6f,0x61,0x74,0x34,0x20,0x5f,0x31,
    0x39,0x5f,0x66,0x6f,0x67,0x56,0x65,0x63,0x74,0x6f,0x72,0x20,0x3a,0x20,0x70,0x61,
    0x63,0x6b,0x6f,0x66,0x66,0x73,0x65,0x74,0x28,0x63,0x36,0x29,0x3b,0x0a,0x7d,0x3b,
    0x0a,0x0a,0x0a,0x73,0x74,0x61,0x74,0x69,0x63,0x20,0x66,0x6c,0x6f,0x61,0x74,0x34,
    0x20,0x67,0x6c,0x5f,0x50,0x6f,0x73,0x69,0x74,0x69,0x6f,0x6e,0x3b,0x0a,0x73,0x74,
    0x61,0x74,0x69,0x63,0x20,0x66,0x6c,0x6f,0x61,0x74,0x33,0x20,0x70,0x6f,0x73,0x69,
    0x74,0x69,0x6f,0x6e,0x3b,0x0a,0x73,0x74,0x61,0x74,0x69,0x63,0x20,0x66,0x6c,0x6f,
    0x61,0x74,0x32,0x20,0x75,0x76,0x3b,0x0a,0x73,0x74,0x61,0x74,0x69,0x63,0x20,0x66,
    0x6c,0x6f,0x61,0x74,0x32,0x20,0x74,0x65,0x78,0x63,0x6f,0x6f,0x72,0x64,0x30,0x3b,
    0x0a,0x73,0x74,0x61,0x74,0x69,0x63,0x20,0x66,0x6c,0x6f,0x61,0x74,0x34,0x20,0x74,
    0x69,0x6e,0x74,0x3b,0x0a,0x73,0x74,0x61,0x74,0x69,0x63,0x20,0x66,0x6c,0x6f,0x61,
    0x74,0x34,0x20,0x63,0x6f,0x6c,0x6f,0x72,0x30,0x3b,0x0a,0x73,0x74,0x61,0x74,0x69,
    0x63,0x20,0x66,0x6c,0x6f,0x61,0x74,0x20,0x66,0x6f,0x67,0x46,0x61,0x63,0x74,0x6f,
    0x72,0x3b,0x0a,0x0a,0x73,0x74,0x72,0x75,0x63,0x74,0x20,0x53,0x50,0x49,0x52,0x56,
    0x5f,0x43,0x72,0x6f,0x73,0x73,0x5f,0x49,0x6e,0x70,0x75,0x74,0x0a,0x7b,0x0a,0x20,
    0x20,0x20,0x20,0x66,0x6c,0x6f,0x61,0x74,0x33,0x20,0x70,0x6f,0x73,0x69,0x74,0x69,
    0x6f,0x6e,0x20,0x3a,0x20,0x54,0x45,0x58,0x43,0x4f,0x4f,0x52,0x44,0x30,0x3b,0x0a,
    0x20,0x20,0x20,0x20,0x66,0x6c,0x6f,0x61,0x74,0x32,0x20,0x74,0x65,0x78,0x63,0x6f,
    0x6f,0x72,0x64,0x30,0x20,0x3a,0x20,0x54,0x45,0x58,0x43,0x4f,0x4f,0x52,0x44,0x31,
    0x3b,0x0a,0x20,0x20,0x20,0x20,0x66,0x6c,0x6f,0x61,0x74,0x34,0x20,0x63,0x6f,0x6c,
    0x6f,0x72,0x30,0x20,0x3a,0x20,0x54,0x45,0x58,0x43,0x4f,0x4f,0x52,0x44,0x32,0x3b,
    0x0a,0x7d,0x3b,0x0a,0x0a,0x73,0x74,0x72,0x75,0x63,0x74,0x20,0x53,0x50,0x49,0x52,
    0x56,0x5f,0x43,0x72,0x6f,0x73,0x73,0x5f,0x4f,0x75,0x74,0x70,0x75,0x74,0x0a,0x7b,
    0x0a,0x20,0x20,0x20,0x20,0x66,0x6c,0x6f,0x61,0x74,0x32,0x20,0x75,0x76,0x20,0x3a,
    0x20,0x54,0x45,0x58,0x43,0x4f,0x4f,0x52,0x44,0x30,0x3b,0x0a,0x20,0x20,0x20,0x20,
    0x66,0x6c,0x6f,0x61,0x74,0x34,0x20,0x74,0x69,0x6e,0x74,0x20,0x3a,0x20,0x54,0x45,
    0x58,0x43,0x4f,0x4f,0x52,0x44,0x31,0x3b,0x0a,0x20,0x20,0x20,0x20,0x66,0x6c,0x6f,
    0x61,0x74,0x20,0x66,0x6f,0x67,0x46,0x61,0x63,0x74,0x6f,0x72,0x20,0x3a,0x20,0x54,
    0x45,0x58,0x43,0x4f,0x4f,0x52,0x44,0x32,0x3b,0x0a,0x20,0x20,0x20,0x20,0x66,0x6c,
    0x6f,0x61,0x74,0x34,0x20,0x67,0x6c,0x5f,0x50,0x6f,0x73,0x69,0x74,0x69,0x6f,0x6e,
    0x20,0x3a,0x20,0x53,0x56,0x5f,0x50,0x6f,0x73,0x69,0x74,0x69,0x6f,0x6e,0x3b,0x0a,
    0x7d,0x3b,0x0a,0x0a,0x76,0x6f,0x69,0x64,0x20,0x76,0x65,0x72,0x74,0x5f,0x6d,0x61,
    0x69,0x6e,0x28,0x29,0x0a,0x7b,0x0a,0x20,0x20,0x20,0x20,0x66,0x6c,0x6f,0x61,0x74,
    0x34,0x20,0x5f,0x33,0x31,0x20,0x3d,0x20,0x66,0x6c,0x6f,0x61,0x74,0x34,0x28,0x70,
    0x6f,0x73,0x69,0x74,0x69,0x6f,0x6e,0x2c,0x20,0x31,0x2e,0x30,0x66,0x29,0x3b,0x0a,
    0x20,0x20,0x20,0x20,0x67,0x6c,0x5f,0x50,0x6f,0x73,0x69,0x74,0x69,0x6f,0x6e,0x20,
    0x3d,0x20,0x6d,0x75,0x6c,0x28,0x5f,0x33,0x31,0x2c,0x20,0x5f,0x31,0x39,0x5f,0x6d,
    0x76,0x70,0x29,0x3b,0x0a,0x20,0x20,0x20,0x20,0x75,0x76,0x20,0x3d,0x20,0x74,0x65,
    0x78,0x63,0x6f,0x6f,0x72,0x64,0x30,0x3b,0x0a,0x20,0x20,0x20,0x20,0x74,0x69,0x6e,
    0x74,0x20,0x3d,0x20,0x6c,0x65,0x72,0x70,0x28,0x31,0x2e,0x30,0x66,0x2e,0x78,0x78,
    0x78,0x78,0x2c,0x20,0x63,0x6f,0x6c,0x6f,0x72,0x30,0x2c,0x20,0x5f,0x31,0x39,0x5f,
    0x66,0x6c,0x61,0x67,0x73,0x2e,0x78,0x2e,0x78,0x78,0x78,0x78,0x29,0x20,0x2a,0x20,
    0x5f,0x31,0x39,0x5f,0x64,0x69,0x66,0x66,0x75,0x73,0x65,0x3b,0x0a,0x20,0x20,0x20,
    0x20,0x66,0x6f,0x67,0x46,0x61,0x63,0x74,0x6f,0x72,0x20,0x3d,0x20,0x31,0x2e,0x30,
    0x66,0x20,0x2d,0x20,0x63,0x6c,0x61,0x6d,0x70,0x28,0x64,0x6f,0x74,0x28,0x5f,0x33,
    0x31,0x2c,0x20,0x5f,0x31,0x39,0x5f,0x66,0x6f,0x67,0x56,0x65,0x63,0x74,0x6f,0x72,
    0x29,0x2c,0x20,0x30,0x2e,0x30,0x66,0x2c,0x20,0x31,0x2e,0x30,0x66,0x29,0x3b,0x0a,
    0x7d,0x0a,0x0a,0x53,0x50,0x49,0x52,0x56,0x5f,0x43,0x72,0x6f,0x73,0x73,0x5f,0x4f,
    0x75,0x74,0x70,0x75,0x74,0x20,0x6d,0x61,0x69,0x6e,0x28,0x53,0x50,0x49,0x52,0x56,
    0x5f,0x43,0x72,0x6f,0x73,0x73,0x5f,0x49,0x6e,0x70,0x75,0x74,0x20,0x73,0x74,0x61,
    0x67,0x65,0x5f,0x69,0x6e,0x70,0x75,0x74,0x29,0x0a,0x7b,0x0a,0x20,0x20,0x20,0x20,
    0x70,0x6f,0x73,0x69,0x74,0x69,0x6f,0x6e,0x20,0x3d,0x20,0x73,0x74,0x61,0x67,0x65,
    0x5f,0x69,0x6e,0x70,0x75,0x74,0x2e,0x70,0x6f,0x73,0x69,0x74,0x69,0x6f,0x6e,0x3b,
    0x0a,0x20,0x20,0x20,0x20,0x74,0x65,0x78,0x63,0x6f,0x6f,0x72,0x64,0x30,0x20,0x3d,
    0x20,0x73,0x74,0x61,0x67,0x65,0x5f,0x69,0x6e,0x70,0x75,0x74,0x2e,0x74,0x65,0x78,
    0x63,0x6f,0x6f,0x72,0x64,0x30,0x3b,0x0a,0x20,0x20,0x20,0x20,0x63,0x6f,0x6c,0x6f,
    0x72,0x30,0x20,0x3d,0x20,0x73,0x74,0x61,0x67,0x65,0x5f,0x69,0x6e,0x70,0x75,0x74,
    0x2e,0x63,0x6f,0x6c,0x6f,0x72,0x30,0x3b,0x0a,0x20,0x20,0x20,0x20,0x76,0x65,0x72,
    0x74,0x5f,0x6d,0x61,0x69,0x6e,0x28,0x29,0x3b,0x0a,0x20,0x20,0x20,0x20,0x53,0x50,
    0x49,0x52,0x56,0x5f,0x43,0x72,0x6f,0x73,0x73,0x5f,0x4f,0x75,0x74,0x70,0x75,0x74,
    0x20,0x73,0x74,0x61,0x67,0x65,0x5f,0x6f,0x75,0x74,0x70,0x75,0x74,0x3b,0x0a,0x20,
    0x20,0x20,0x20,0x73,0x74,0x61,0x67,0x65,0x5f,0x6f,0x75,0x74,0x70,0x75,0x74,0x2e,
    0x67,0x6c,0x5f,0x50,0x6f,0x73,0x69,0x74,0x69,0x6f,0x6e,0x20,0x3d,0x20,0x67,0x6c,
    0x5f,0x50,0x6f,0x73,0x69,0x74,0x69,0x6f,0x6e,0x3b,0x0a,0x20,0x20,0x20,0x20,0x73,
    0x74,0x61,0x67,0x65,0x5f,0x6f,0x75,0x74,0x70,0x75,0x74,0x2e,0x75,0x76,0x20,0x3d,
    0x20,0x75,0x76,0x3b,0x0a,0x20,0x20,0x20,0x20,0x73,0x74,0x61,0x67,0x65,0x5f,0x6f,
    0x75,0x74,0x70,0x75,0x74,0x2e,0x74,0x69,0x6e,0x74,0x20,0x3d,0x20,0x74,0x69,0x6e,
    0x74,0x3b,0x0a,0x20,0x20,0x20,0x20,0x73,0x74,0x61,0x67,0x65,0x5f,0x6f,0x75,0x74,
    0x70,0x75,0x74,0x2e,0x66,0x6f,0x67,0x46,0x61,0x63,0x74,0x6f,0x72,0x20,0x3d,0x20,
    0x66,0x6f,0x67,0x46,0x61,0x63,0x74,0x6f,0x72,0x3b,0x0a,0x20,0x20,0x20,0x20,0x72,
    0x65,0x74,0x75,0x72,0x6e,0x20,0x73,0x74,0x61,0x67,0x65,0x5f,0x6f,0x75,0x74,0x70,
    0x75,0x74,0x3b,0x0a,0x7d,0x0a,0x00,
};
#endif
/*
    cbuffer dualtextured3d_fs_params : register(b2)
    {
        float4 _27_fogColor : packoffset(c0);
        float4 _27_rtFlipV : packoffset(c1);
    };

    Texture2D<float4> tex : register(t0);
    SamplerState smp : register(s0);
    Texture2D<float4> tex2 : register(t1);
    SamplerState smp2 : register(s1);

    static float2 uv;
    static float4 tint;
    static float fogFactor;
    static float4 frag_color;

    struct SPIRV_Cross_Input
    {
        float2 uv : TEXCOORD0;
        float4 tint : TEXCOORD1;
        float fogFactor : TEXCOORD2;
    };

    struct SPIRV_Cross_Output
    {
        float4 frag_color : SV_Target0;
    };

    void frag_main()
    {
        float _23 = 1.0f - uv.y;
        float4 _60 = tex.Sample(smp, float2(uv.x, lerp(uv.y, _23, _27_rtFlipV.x)));
        float3 _65 = _60.xyz * 2.0f;
        float4 _111 = _60;
        _111.x = _65.x;
        _111.y = _65.y;
        _111.z = _65.z;
        float4 _89 = (_111 * tex2.Sample(smp2, float2(uv.x, lerp(uv.y, _23, _27_rtFlipV.y)))) * tint;
        float3 _100 = lerp(_27_fogColor.xyz, _89.xyz, fogFactor.xxx);
        float4 _117 = _89;
        _117.x = _100.x;
        _117.y = _100.y;
        _117.z = _100.z;
        frag_color = _117;
    }

    SPIRV_Cross_Output main(SPIRV_Cross_Input stage_input)
    {
        uv = stage_input.uv;
        tint = stage_input.tint;
        fogFactor = stage_input.fogFactor;
        frag_main();
        SPIRV_Cross_Output stage_output;
        stage_output.frag_color = frag_color;
        return stage_output;
    }
*/
#if defined(SOKOL_D3D11)
static const uint8_t cna_dualtextured3d_fs_source_hlsl5[1353] = {
    0x63,0x62,0x75,0x66,0x66,0x65,0x72,0x20,0x64,0x75,0x61,0x6c,0x74,0x65,0x78,0x74,
    0x75,0x72,0x65,0x64,0x33,0x64,0x5f,0x66,0x73,0x5f,0x70,0x61,0x72,0x61,0x6d,0x73,
    0x20,0x3a,0x20,0x72,0x65,0x67,0x69,0x73,0x74,0x65,0x72,0x28,0x62,0x32,0x29,0x0a,
    0x7b,0x0a,0x20,0x20,0x20,0x20,0x66,0x6c,0x6f,0x61,0x74,0x34,0x20,0x5f,0x32,0x37,
    0x5f,0x66,0x6f,0x67,0x43,0x6f,0x6c,0x6f,0x72,0x20,0x3a,0x20,0x70,0x61,0x63,0x6b,
    0x6f,0x66,0x66,0x73,0x65,0x74,0x28,0x63,0x30,0x29,0x3b,0x0a,0x20,0x20,0x20,0x20,
    0x66,0x6c,0x6f,0x61,0x74,0x34,0x20,0x5f,0x32,0x37,0x5f,0x72,0x74,0x46,0x6c,0x69,
    0x70,0x56,0x20,0x3a,0x20,0x70,0x61,0x63,0x6b,0x6f,0x66,0x66,0x73,0x65,0x74,0x28,
    0x63,0x31,0x29,0x3b,0x0a,0x7d,0x3b,0x0a,0x0a,0x54,0x65,0x78,0x74,0x75,0x72,0x65,
    0x32,0x44,0x3c,0x66,0x6c,0x6f,0x61,0x74,0x34,0x3e,0x20,0x74,0x65,0x78,0x20,0x3a,
    0x20,0x72,0x65,0x67,0x69,0x73,0x74,0x65,0x72,0x28,0x74,0x30,0x29,0x3b,0x0a,0x53,
    0x61,0x6d,0x70,0x6c,0x65,0x72,0x53,0x74,0x61,0x74,0x65,0x20,0x73,0x6d,0x70,0x20,
    0x3a,0x20,0x72,0x65,0x67,0x69,0x73,0x74,0x65,0x72,0x28,0x73,0x30,0x29,0x3b,0x0a,
    0x54,0x65,0x78,0x74,0x75,0x72,0x65,0x32,0x44,0x3c,0x66,0x6c,0x6f,0x61,0x74,0x34,
    0x3e,0x20,0x74,0x65,0x78,0x32,0x20,0x3a,0x20,0x72,0x65,0x67,0x69,0x73,0x74,0x65,
    0x72,0x28,0x74,0x31,0x29,0x3b,0x0a,0x53,0x61,0x6d,0x70,0x6c,0x65,0x72,0x53,0x74,
    0x61,0x74,0x65,0x20,0x73,0x6d,0x70,0x32,0x20,0x3a,0x20,0x72,0x65,0x67,0x69,0x73,
    0x74,0x65,0x72,0x28,0x73,0x31,0x29,0x3b,0x0a,0x0a,0x73,0x74,0x61,0x74,0x69,0x63,
    0x20,0x66,0x6c,0x6f,0x61,0x74,0x32,0x20,0x75,0x76,0x3b,0x0a,0x73,0x74,0x61,0x74,
    0x69,0x63,0x20,0x66,0x6c,0x6f,0x61,0x74,0x34,0x20,0x74,0x69,0x6e,0x74,0x3b,0x0a,
    0x73,0x74,0x61,0x74,0x69,0x63,0x20,0x66,0x6c,0x6f,0x61,0x74,0x20,0x66,0x6f,0x67,
    0x46,0x61,0x63,0x74,0x6f,0x72,0x3b,0x0a,0x73,0x74,0x61,0x74,0x69,0x63,0x20,0x66,
    0x6c,0x6f,0x61,0x74,0x34,0x20,0x66,0x72,0x61,0x67,0x5f,0x63,0x6f,0x6c,0x6f,0x72,
    0x3b,0x0a,0x0a,0x73,0x74,0x72,0x75,0x63,0x74,0x20,0x53,0x50,0x49,0x52,0x56,0x5f,
    0x43,0x72,0x6f,0x73,0x73,0x5f,0x49,0x6e,0x70,0x75,0x74,0x0a,0x7b,0x0a,0x20,0x20,
    0x20,0x20,0x66,0x6c,0x6f,0x61,0x74,0x32,0x20,0x75,0x76,0x20,0x3a,0x20,0x54,0x45,
    0x58,0x43,0x4f,0x4f,0x52,0x44,0x30,0x3b,0x0a,0x20,0x20,0x20,0x20,0x66,0x6c,0x6f,
    0x61,0x74,0x34,0x20,0x74,0x69,0x6e,0x74,0x20,0x3a,0x20,0x54,0x45,0x58,0x43,0x4f,
    0x4f,0x52,0x44,0x31,0x3b,0x0a,0x20,0x20,0x20,0x20,0x66,0x6c,0x6f,0x61,0x74,0x20,
    0x66,0x6f,0x67,0x46,0x61,0x63,0x74,0x6f,0x72,0x20,0x3a,0x20,0x54,0x45,0x58,0x43,
    0x4f,0x4f,0x52,0x44,0x32,0x3b,0x0a,0x7d,0x3b,0x0a,0x0a,0x73,0x74,0x72,0x75,0x63,
    0x74,0x20,0x53,0x50,0x49,0x52,0x56,0x5f,0x43,0x72,0x6f,0x73,0x73,0x5f,0x4f,0x75,
    0x74,0x70,0x75,0x74,0x0a,0x7b,0x0a,0x20,0x20,0x20,0x20,0x66,0x6c,0x6f,0x61,0x74,
    0x34,0x20,0x66,0x72,0x61,0x67,0x5f,0x63,0x6f,0x6c,0x6f,0x72,0x20,0x3a,0x20,0x53,
    0x56,0x5f,0x54,0x61,0x72,0x67,0x65,0x74,0x30,0x3b,0x0a,0x7d,0x3b,0x0a,0x0a,0x76,
    0x6f,0x69,0x64,0x20,0x66,0x72,0x61,0x67,0x5f,0x6d,0x61,0x69,0x6e,0x28,0x29,0x0a,
    0x7b,0x0a,0x20,0x20,0x20,0x20,0x66,0x6c,0x6f,0x61,0x74,0x20,0x5f,0x32,0x33,0x20,
    0x3d,0x20,0x31,0x2e,0x30,0x66,0x20,0x2d,0x20,0x75,0x76,0x2e,0x79,0x3b,0x0a,0x20,
    0x20,0x20,0x20,0x66,0x6c,0x6f,0x61,0x74,0x34,0x20,0x5f,0x36,0x30,0x20,0x3d,0x20,
    0x74,0x65,0x78,0x2e,0x53,0x61,0x6d,0x70,0x6c,0x65,0x28,0x73,0x6d,0x70,0x2c,0x20,
    0x66,0x6c,0x6f,0x61,0x74,0x32,0x28,0x75,0x76,0x2e,0x78,0x2c,0x20,0x6c,0x65,0x72,
    0x70,0x28,0x75,0x76,0x2e,0x79,0x2c,0x20,0x5f,0x32,0x33,0x2c,0x20,0x5f,0x32,0x37,
    0x5f,0x72,0x74,0x46,0x6c,0x69,0x70,0x56,0x2e,0x78,0x29,0x29,0x29,0x3b,0x0a,0x20,
    0x20,0x20,0x20,0x66,0x6c,0x6f,0x61,0x74,0x33,0x20,0x5f,0x36,0x35,0x20,0x3d,0x20,
    0x5f,0x36,0x30,0x2e,0x78,0x79,0x7a,0x20,0x2a,0x20,0x32,0x2e,0x30,0x66,0x3b,0x0a,
    0x20,0x20,0x20,0x20,0x66,0x6c,0x6f,0x61,0x74,0x34,0x20,0x5f,0x31,0x31,0x31,0x20,
    0x3d,0x20,0x5f,0x36,0x30,0x3b,0x0a,0x20,0x20,0x20,0x20,0x5f,0x31,0x31,0x31,0x2e,
    0x78,0x20,0x3d,0x20,0x5f,0x36,0x35,0x2e,0x78,0x3b,0x0a,0x20,0x20,0x20,0x20,0x5f,
    0x31,0x31,0x31,0x2e,0x79,0x20,0x3d,0x20,0x5f,0x36,0x35,0x2e,0x79,0x3b,0x0a,0x20,
    0x20,0x20,0x20,0x5f,0x31,0x31,0x31,0x2e,0x7a,0x20,0x3d,0x20,0x5f,0x36,0x35,0x2e,
    0x7a,0x3b,0x0a,0x20,0x20,0x20,0x20,0x66,0x6c,0x6f,0x61,0x74,0x34,0x20,0x5f,0x38,
    0x39,0x20,0x3d,0x20,0x28,0x5f,0x31,0x31,0x31,0x20,0x2a,0x20,0x74,0x65,0x78,0x32,
    0x2e,0x53,0x61,0x6d,0x70,0x6c,0x65,0x28,0x73,0x6d,0x70,0x32,0x2c,0x20,0x66,0x6c,
    0x6f,0x61,0x74,0x32,0x28,0x75,0x76,0x2e,0x78,0x2c,0x20,0x6c,0x65,0x72,0x70,0x28,
    0x75,0x76,0x2e,0x79,0x2c,0x20,0x5f,0x32,0x33,0x2c,0x20,0x5f,0x32,0x37,0x5f,0x72,
    0x74,0x46,0x6c,0x69,0x70,0x56,0x2e,0x79,0x29,0x29,0x29,0x29,0x20,0x2a,0x20,0x74,
    0x69,0x6e,0x74,0x3b,0x0a,0x20,0x20,0x20,0x20,0x66,0x6c,0x6f,0x61,0x74,0x33,0x20,
    0x5f,0x31,0x30,0x30,0x20,0x3d,0x20,0x6c,0x65,0x72,0x70,0x28,0x5f,0x32,0x37,0x5f,
    0x66,0x6f,0x67,0x43,0x6f,0x6c,0x6f,0x72,0x2e,0x78,0x79,0x7a,0x2c,0x20,0x5f,0x38,
    0x39,0x2e,0x78,0x79,0x7a,0x2c,0x20,0x66,0x6f,0x67,0x46,0x61,0x63,0x74,0x6f,0x72,
    0x2e,0x78,0x78,0x78,0x29,0x3b,0x0a,0x20,0x20,0x20,0x20,0x66,0x6c,0x6f,0x61,0x74,
    0x34,0x20,0x5f,0x31,0x31,0x37,0x20,0x3d,0x20,0x5f,0x38,0x39,0x3b,0x0a,0x20,0x20,
    0x20,0x20,0x5f,0x31,0x31,0x37,0x2e,0x78,0x20,0x3d,0x20,0x5f,0x31,0x30,0x30,0x2e,
    0x78,0x3b,0x0a,0x20,0x20,0x20,0x20,0x5f,0x31,0x31,0x37,0x2e,0x79,0x20,0x3d,0x20,
    0x5f,0x31,0x30,0x30,0x2e,0x79,0x3b,0x0a,0x20,0x20,0x20,0x20,0x5f,0x31,0x31,0x37,
    0x2e,0x7a,0x20,0x3d,0x20,0x5f,0x31,0x30,0x30,0x2e,0x7a,0x3b,0x0a,0x20,0x20,0x20,
    0x20,0x66,0x72,0x61,0x67,0x5f,0x63,0x6f,0x6c,0x6f,0x72,0x20,0x3d,0x20,0x5f,0x31,
    0x31,0x37,0x3b,0x0a,0x7d,0x0a,0x0a,0x53,0x50,0x49,0x52,0x56,0x5f,0x43,0x72,0x6f,
    0x73,0x73,0x5f,0x4f,0x75,0x74,0x70,0x75,0x74,0x20,0x6d,0x61,0x69,0x6e,0x28,0x53,
    0x50,0x49,0x52,0x56,0x5f,0x43,0x72,0x6f,0x73,0x73,0x5f,0x49,0x6e,0x70,0x75,0x74,
    0x20,0x73,0x74,0x61,0x67,0x65,0x5f,0x69,0x6e,0x70,0x75,0x74,0x29,0x0a,0x7b,0x0a,
    0x20,0x20,0x20,0x20,0x75,0x76,0x20,0x3d,0x20,0x73,0x74,0x61,0x67,0x65,0x5f,0x69,
    0x6e,0x70,0x75,0x74,0x2e,0x75,0x76,0x3b,0x0a,0x20,0x20,0x20,0x20,0x74,0x69,0x6e,
    0x74,0x20,0x3d,0x20,0x73,0x74,0x61,0x67,0x65,0x5f,0x69,0x6e,0x70,0x75,0x74,0x2e,
    0x74,0x69,0x6e,0x74,0x3b,0x0a,0x20,0x20,0x20,0x20,0x66,0x6f,0x67,0x46,0x61,0x63,
    0x74,0x6f,0x72,0x20,0x3d,0x20,0x73,0x74,0x61,0x67,0x65,0x5f,0x69,0x6e,0x70,0x75,
    0x74,0x2e,0x66,0x6f,0x67,0x46,0x61,0x63,0x74,0x6f,0x72,0x3b,0x0a,0x20,0x20,0x20,
    0x20,0x66,0x72,0x61,0x67,0x5f,0x6d,0x61,0x69,0x6e,0x28,0x29,0x3b,0x0a,0x20,0x20,
    0x20,0x20,0x53,0x50,0x49,0x52,0x56,0x5f,0x43,0x72,0x6f,0x73,0x73,0x5f,0x4f,0x75,
    0x74,0x70,0x75,0x74,0x20,0x73,0x74,0x61,0x67,0x65,0x5f,0x6f,0x75,0x74,0x70,0x75,
    0x74,0x3b,0x0a,0x20,0x20,0x20,0x20,0x73,0x74,0x61,0x67,0x65,0x5f,0x6f,0x75,0x74,
    0x70,0x75,0x74,0x2e,0x66,0x72,0x61,0x67,0x5f,0x63,0x6f,0x6c,0x6f,0x72,0x20,0x3d,
    0x20,0x66,0x72,0x61,0x67,0x5f,0x63,0x6f,0x6c,0x6f,0x72,0x3b,0x0a,0x20,0x20,0x20,
    0x20,0x72,0x65,0x74,0x75,0x72,0x6e,0x20,0x73,0x74,0x61,0x67,0x65,0x5f,0x6f,0x75,
    0x74,0x70,0x75,0x74,0x3b,0x0a,0x7d,0x0a,0x00,
};
#endif
/*
    #include <metal_stdlib>
    #include <simd/simd.h>

    using namespace metal;

    struct dualtextured3d_vs_params
    {
        float4x4 mvp;
        float4 diffuse;
        float4 flags;
        float4 fogVector;
    };

    struct main0_out
    {
        float2 uv [[user(locn0)]];
        float4 tint [[user(locn1)]];
        float fogFactor [[user(locn2)]];
        float4 gl_Position [[position]];
    };

    struct main0_in
    {
        float3 position [[attribute(0)]];
        float2 texcoord0 [[attribute(1)]];
        float4 color0 [[attribute(2)]];
    };

    vertex main0_out main0(main0_in in [[stage_in]], constant dualtextured3d_vs_params& _19 [[buffer(0)]])
    {
        main0_out out = {};
        float4 _31 = float4(in.position, 1.0);
        out.gl_Position = _19.mvp * _31;
        out.uv = in.texcoord0;
        out.tint = mix(float4(1.0), in.color0, float4(_19.flags.x)) * _19.diffuse;
        out.fogFactor = 1.0 - fast::clamp(dot(_31, _19.fogVector), 0.0, 1.0);
        return out;
    }

*/
#if defined(SOKOL_METAL)
static const uint8_t cna_dualtextured3d_vs_source_metal_macos[893] = {
    0x23,0x69,0x6e,0x63,0x6c,0x75,0x64,0x65,0x20,0x3c,0x6d,0x65,0x74,0x61,0x6c,0x5f,
    0x73,0x74,0x64,0x6c,0x69,0x62,0x3e,0x0a,0x23,0x69,0x6e,0x63,0x6c,0x75,0x64,0x65,
    0x20,0x3c,0x73,0x69,0x6d,0x64,0x2f,0x73,0x69,0x6d,0x64,0x2e,0x68,0x3e,0x0a,0x0a,
    0x75,0x73,0x69,0x6e,0x67,0x20,0x6e,0x61,0x6d,0x65,0x73,0x70,0x61,0x63,0x65,0x20,
    0x6d,0x65,0x74,0x61,0x6c,0x3b,0x0a,0x0a,0x73,0x74,0x72,0x75,0x63,0x74,0x20,0x64,
    0x75,0x61,0x6c,0x74,0x65,0x78,0x74,0x75,0x72,0x65,0x64,0x33,0x64,0x5f,0x76,0x73,
    0x5f,0x70,0x61,0x72,0x61,0x6d,0x73,0x0a,0x7b,0x0a,0x20,0x20,0x20,0x20,0x66,0x6c,
    0x6f,0x61,0x74,0x34,0x78,0x34,0x20,0x6d,0x76,0x70,0x3b,0x0a,0x20,0x20,0x20,0x20,
    0x66,0x6c,0x6f,0x61,0x74,0x34,0x20,0x64,0x69,0x66,0x66,0x75,0x73,0x65,0x3b,0x0a,
    0x20,0x20,0x20,0x20,0x66,0x6c,0x6f,0x61,0x74,0x34,0x20,0x66,0x6c,0x61,0x67,0x73,
    0x3b,0x0a,0x20,0x20,0x20,0x20,0x66,0x6c,0x6f,0x61,0x74,0x34,0x20,0x66,0x6f,0x67,
    0x56,0x65,0x63,0x74,0x6f,0x72,0x3b,0x0a,0x7d,0x3b,0x0a,0x0a,0x73,0x74,0x72,0x75,
    0x63,0x74,0x20,0x6d,0x61,0x69,0x6e,0x30,0x5f,0x6f,0x75,0x74,0x0a,0x7b,0x0a,0x20,
    0x20,0x20,0x20,0x66,0x6c,0x6f,0x61,0x74,0x32,0x20,0x75,0x76,0x20,0x5b,0x5b,0x75,
    0x73,0x65,0x72,0x28,0x6c,0x6f,0x63,0x6e,0x30,0x29,0x5d,0x5d,0x3b,0x0a,0x20,0x20,
    0x20,0x20,0x66,0x6c,0x6f,0x61,0x74,0x34,0x20,0x74,0x69,0x6e,0x74,0x20,0x5b,0x5b,
    0x75,0x73,0x65,0x72,0x28,0x6c,0x6f,0x63,0x6e,0x31,0x29,0x5d,0x5d,0x3b,0x0a,0x20,
    0x20,0x20,0x20,0x66,0x6c,0x6f,0x61,0x74,0x20,0x66,0x6f,0x67,0x46,0x61,0x63,0x74,
    0x6f,0x72,0x20,0x5b,0x5b,0x75,0x73,0x65,0x72,0x28,0x6c,0x6f,0x63,0x6e,0x32,0x29,
    0x5d,0x5d,0x3b,0x0a,0x20,0x20,0x20,0x20,0x66,0x6c,0x6f,0x61,0x74,0x34,0x20,0x67,
    0x6c,0x5f,0x50,0x6f,0x73,0x69,0x74,0x69,0x6f,0x6e,0x20,0x5b,0x5b,0x70,0x6f,0x73,
    0x69,0x74,0x69,0x6f,0x6e,0x5d,0x5d,0x3b,0x0a,0x7d,0x3b,0x0a,0x0a,0x73,0x74,0x72,
    0x75,0x63,0x74,0x20,0x6d,0x61,0x69,0x6e,0x30,0x5f,0x69,0x6e,0x0a,0x7b,0x0a,0x20,
    0x20,0x20,0x20,0x66,0x6c,0x6f,0x61,0x74,0x33,0x20,0x70,0x6f,0x73,0x69,0x74,0x69,
    0x6f,0x6e,0x20,0x5b,0x5b,0x61,0x74,0x74,0x72,0x69,0x62,0x75,0x74,0x65,0x28,0x30,
    0x29,0x5d,0x5d,0x3b,0x0a,0x20,0x20,0x20,0x20,0x66,0x6c,0x6f,0x61,0x74,0x32,0x20,
    0x74,0x65,0x78,0x63,0x6f,0x6f,0x72,0x64,0x30,0x20,0x5b,0x5b,0x61,0x74,0x74,0x72,
    0x69,0x62,0x75,0x74,0x65,0x28,0x31,0x29,0x5d,0x5d,0x3b,0x0a,0x20,0x20,0x20,0x20,
    0x66,0x6c,0x6f,0x61,0x74,0x34,0x20,0x63,0x6f,0x6c,0x6f,0x72,0x30,0x20,0x5b,0x5b,
    0x61,0x74,0x74,0x72,0x69,0x62,0x75,0x74,0x65,0x28,0x32,0x29,0x5d,0x5d,0x3b,0x0a,
    0x7d,0x3b,0x0a,0x0a,0x76,0x65,0x72,0x74,0x65,0x78,0x20,0x6d,0x61,0x69,0x6e,0x30,
    0x5f,0x6f,0x75,0x74,0x20,0x6d,0x61,0x69,0x6e,0x30,0x28,0x6d,0x61,0x69,0x6e,0x30,
    0x5f,0x69,0x6e,0x20,0x69,0x6e,0x20,0x5b,0x5b,0x73,0x74,0x61,0x67,0x65,0x5f,0x69,
    0x6e,0x5d,0x5d,0x2c,0x20,0x63,0x6f,0x6e,0x73,0x74,0x61,0x6e,0x74,0x20,0x64,0x75,
    0x61,0x6c,0x74,0x65,0x78,0x74,0x75,0x72,0x65,0x64,0x33,0x64,0x5f,0x76,0x73,0x5f,
    0x70,0x61,0x72,0x61,0x6d,0x73,0x26,0x20,0x5f,0x31,0x39,0x20,0x5b,0x5b,0x62,0x75,
    0x66,0x66,0x65,0x72,0x28,0x30,0x29,0x5d,0x5d,0x29,0x0a,0x7b,0x0a,0x20,0x20,0x20,
    0x20,0x6d,0x61,0x69,0x6e,0x30,0x5f,0x6f,0x75,0x74,0x20,0x6f,0x75,0x74,0x20,0x3d,
    0x20,0x7b,0x7d,0x3b,0x0a,0x20,0x20,0x20,0x20,0x66,0x6c,0x6f,0x61,0x74,0x34,0x20,
    0x5f,0x33,0x31,0x20,0x3d,0x20,0x66,0x6c,0x6f,0x61,0x74,0x34,0x28,0x69,0x6e,0x2e,
    0x70,0x6f,0x73,0x69,0x74,0x69,0x6f,0x6e,0x2c,0x20,0x31,0x2e,0x30,0x29,0x3b,0x0a,
    0x20,0x20,0x20,0x20,0x6f,0x75,0x74,0x2e,0x67,0x6c,0x5f,0x50,0x6f,0x73,0x69,0x74,
    0x69,0x6f,0x6e,0x20,0x3d,0x20,0x5f,0x31,0x39,0x2e,0x6d,0x76,0x70,0x20,0x2a,0x20,
    0x5f,0x33,0x31,0x3b,0x0a,0x20,0x20,0x20,0x20,0x6f,0x75,0x74,0x2e,0x75,0x76,0x20,
    0x3d,0x20,0x69,0x6e,0x2e,0x74,0x65,0x78,0x63,0x6f,0x6f,0x72,0x64,0x30,0x3b,0x0a,
    0x20,0x20,0x20,0x20,0x6f,0x75,0x74,0x2e,0x74,0x69,0x6e,0x74,0x20,0x3d,0x20,0x6d,
    0x69,0x78,0x28,0x66,0x6c,0x6f,0x61,0x74,0x34,0x28,0x31,0x2e,0x30,0x29,0x2c,0x20,
    0x69,0x6e,0x2e,0x63,0x6f,0x6c,0x6f,0x72,0x30,0x2c,0x20,0x66,0x6c,0x6f,0x61,0x74,
    0x34,0x28,0x5f,0x31,0x39,0x2e,0x66,0x6c,0x61,0x67,0x73,0x2e,0x78,0x29,0x29,0x20,
    0x2a,0x20,0x5f,0x31,0x39,0x2e,0x64,0x69,0x66,0x66,0x75,0x73,0x65,0x3b,0x0a,0x20,
    0x20,0x20,0x20,0x6f,0x75,0x74,0x2e,0x66,0x6f,0x67,0x46,0x61,0x63,0x74,0x6f,0x72,
    0x20,0x3d,0x20,0x31,0x2e,0x30,0x20,0x2d,0x20,0x66,0x61,0x73,0x74,0x3a,0x3a,0x63,
    0x6c,0x61,0x6d,0x70,0x28,0x64,0x6f,0x74,0x28,0x5f,0x33,0x31,0x2c,0x20,0x5f,0x31,
    0x39,0x2e,0x66,0x6f,0x67,0x56,0x65,0x63,0x74,0x6f,0x72,0x29,0x2c,0x20,0x30,0x2e,
    0x30,0x2c,0x20,0x31,0x2e,0x30,0x29,0x3b,0x0a,0x20,0x20,0x20,0x20,0x72,0x65,0x74,
    0x75,0x72,0x6e,0x20,0x6f,0x75,0x74,0x3b,0x0a,0x7d,0x0a,0x0a,0x00,
};
#endif
/*
    #include <metal_stdlib>
    #include <simd/simd.h>

    using namespace metal;

    struct dualtextured3d_fs_params
    {
        float4 fogColor;
        float4 rtFlipV;
    };

    struct main0_out
    {
        float4 frag_color [[color(0)]];
    };

    struct main0_in
    {
        float2 uv [[user(locn0)]];
        float4 tint [[user(locn1)]];
        float fogFactor [[user(locn2)]];
    };

    fragment main0_out main0(main0_in in [[stage_in]], constant dualtextured3d_fs_params& _27 [[buffer(2)]], texture2d<float> tex [[texture(0)]], texture2d<float> tex2 [[texture(1)]], sampler smp [[sampler(0)]], sampler smp2 [[sampler(1)]])
    {
        main0_out out = {};
        float _23 = 1.0 - in.uv.y;
        float4 _60 = tex.sample(smp, float2(in.uv.x, mix(in.uv.y, _23, _27.rtFlipV.x)));
        float3 _65 = _60.xyz * 2.0;
        float4 _111 = _60;
        _111.x = _65.x;
        _111.y = _65.y;
        _111.z = _65.z;
        float4 _89 = (_111 * tex2.sample(smp2, float2(in.uv.x, mix(in.uv.y, _23, _27.rtFlipV.y)))) * in.tint;
        float3 _100 = mix(_27.fogColor.xyz, _89.xyz, float3(in.fogFactor));
        float4 _117 = _89;
        _117.x = _100.x;
        _117.y = _100.y;
        _117.z = _100.z;
        out.frag_color = _117;
        return out;
    }

*/
#if defined(SOKOL_METAL)
static const uint8_t cna_dualtextured3d_fs_source_metal_macos[1138] = {
    0x23,0x69,0x6e,0x63,0x6c,0x75,0x64,0x65,0x20,0x3c,0x6d,0x65,0x74,0x61,0x6c,0x5f,
    0x73,0x74,0x64,0x6c,0x69,0x62,0x3e,0x0a,0x23,0x69,0x6e,0x63,0x6c,0x75,0x64,0x65,
    0x20,0x3c,0x73,0x69,0x6d,0x64,0x2f,0x73,0x69,0x6d,0x64,0x2e,0x68,0x3e,0x0a,0x0a,
    0x75,0x73,0x69,0x6e,0x67,0x20,0x6e,0x61,0x6d,0x65,0x73,0x70,0x61,0x63,0x65,0x20,
    0x6d,0x65,0x74,0x61,0x6c,0x3b,0x0a,0x0a,0x73,0x74,0x72,0x75,0x63,0x74,0x20,0x64,
    0x75,0x61,0x6c,0x74,0x65,0x78,0x74,0x75,0x72,0x65,0x64,0x33,0x64,0x5f,0x66,0x73,
    0x5f,0x70,0x61,0x72,0x61,0x6d,0x73,0x0a,0x7b,0x0a,0x20,0x20,0x20,0x20,0x66,0x6c,
    0x6f,0x61,0x74,0x34,0x20,0x66,0x6f,0x67,0x43,0x6f,0x6c,0x6f,0x72,0x3b,0x0a,0x20,
    0x20,0x20,0x20,0x66,0x6c,0x6f,0x61,0x74,0x34,0x20,0x72,0x74,0x46,0x6c,0x69,0x70,
    0x56,0x3b,0x0a,0x7d,0x3b,0x0a,0x0a,0x73,0x74,0x72,0x75,0x63,0x74,0x20,0x6d,0x61,
    0x69,0x6e,0x30,0x5f,0x6f,0x75,0x74,0x0a,0x7b,0x0a,0x20,0x20,0x20,0x20,0x66,0x6c,
    0x6f,0x61,0x74,0x34,0x20,0x66,0x72,0x61,0x67,0x5f,0x63,0x6f,0x6c,0x6f,0x72,0x20,
    0x5b,0x5b,0x63,0x6f,0x6c,0x6f,0x72,0x28,0x30,0x29,0x5d,0x5d,0x3b,0x0a,0x7d,0x3b,
    0x0a,0x0a,0x73,0x74,0x72,0x75,0x63,0x74,0x20,0x6d,0x61,0x69,0x6e,0x30,0x5f,0x69,
    0x6e,0x0a,0x7b,0x0a,0x20,0x20,0x20,0x20,0x66,0x6c,0x6f,0x61,0x74,0x32,0x20,0x75,
    0x76,0x20,0x5b,0x5b,0x75,0x73,0x65,0x72,0x28,0x6c,0x6f,0x63,0x6e,0x30,0x29,0x5d,
    0x5d,0x3b,0x0a,0x20,0x20,0x20,0x20,0x66,0x6c,0x6f,0x61,0x74,0x34,0x20,0x74,0x69,
    0x6e,0x74,0x20,0x5b,0x5b,0x75,0x73,0x65,0x72,0x28,0x6c,0x6f,0x63,0x6e,0x31,0x29,
    0x5d,0x5d,0x3b,0x0a,0x20,0x20,0x20,0x20,0x66,0x6c,0x6f,0x61,0x74,0x20,0x66,0x6f,
    0x67,0x46,0x61,0x63,0x74,0x6f,0x72,0x20,0x5b,0x5b,0x75,0x73,0x65,0x72,0x28,0x6c,
    0x6f,0x63,0x6e,0x32,0x29,0x5d,0x5d,0x3b,0x0a,0x7d,0x3b,0x0a,0x0a,0x66,0x72,0x61,
    0x67,0x6d,0x65,0x6e,0x74,0x20,0x6d,0x61,0x69,0x6e,0x30,0x5f,0x6f,0x75,0x74,0x20,
    0x6d,0x61,0x69,0x6e,0x30,0x28,0x6d,0x61,0x69,0x6e,0x30,0x5f,0x69,0x6e,0x20,0x69,
    0x6e,0x20,0x5b,0x5b,0x73,0x74,0x61,0x67,0x65,0x5f,0x69,0x6e,0x5d,0x5d,0x2c,0x20,
    0x63,0x6f,0x6e,0x73,0x74,0x61,0x6e,0x74,0x20,0x64,0x75,0x61,0x6c,0x74,0x65,0x78,
    0x74,0x75,0x72,0x65,0x64,0x33,0x64,0x5f,0x66,0x73,0x5f,0x70,0x61,0x72,0x61,0x6d,
    0x73,0x26,0x20,0x5f,0x32,0x37,0x20,0x5b,0x5b,0x62,0x75,0x66,0x66,0x65,0x72,0x28,
    0x32,0x29,0x5d,0x5d,0x2c,0x20,0x74,0x65,0x78,0x74,0x75,0x72,0x65,0x32,0x64,0x3c,
    0x66,0x6c,0x6f,0x61,0x74,0x3e,0x20,0x74,0x65,0x78,0x20,0x5b,0x5b,0x74,0x65,0x78,
    0x74,0x75,0x72,0x65,0x28,0x30,0x29,0x5d,0x5d,0x2c,0x20,0x74,0x65,0x78,0x74,0x75,
    0x72,0x65,0x32,0x64,0x3c,0x66,0x6c,0x6f,0x61,0x74,0x3e,0x20,0x74,0x65,0x78,0x32,
    0x20,0x5b,0x5b,0x74,0x65,0x78,0x74,0x75,0x72,0x65,0x28,0x31,0x29,0x5d,0x5d,0x2c,
    0x20,0x73,0x61,0x6d,0x70,0x6c,0x65,0x72,0x20,0x73,0x6d,0x70,0x20,0x5b,0x5b,0x73,
    0x61,0x6d,0x70,0x6c,0x65,0x72,0x28,0x30,0x29,0x5d,0x5d,0x2c,0x20,0x73,0x61,0x6d,
    0x70,0x6c,0x65,0x72,0x20,0x73,0x6d,0x70,0x32,0x20,0x5b,0x5b,0x73,0x61,0x6d,0x70,
    0x6c,0x65,0x72,0x28,0x31,0x29,0x5d,0x5d,0x29,0x0a,0x7b,0x0a,0x20,0x20,0x20,0x20,
    0x6d,0x61,0x69,0x6e,0x30,0x5f,0x6f,0x75,0x74,0x20,0x6f,0x75,0x74,0x20,0x3d,0x20,
    0x7b,0x7d,0x3b,0x0a,0x20,0x20,0x20,0x20,0x66,0x6c,0x6f,0x61,0x74,0x20,0x5f,0x32,
    0x33,0x20,0x3d,0x20,0x31,0x2e,0x30,0x20,0x2d,0x20,0x69,0x6e,0x2e,0x75,0x76,0x2e,
    0x79,0x3b,0x0a,0x20,0x20,0x20,0x20,0x66,0x6c,0x6f,0x61,0x74,0x34,0x20,0x5f,0x36,
    0x30,0x20,0x3d,0x20,0x74,0x65,0x78,0x2e,0x73,0x61,0x6d,0x70,0x6c,0x65,0x28,0x73,
    0x6d,0x70,0x2c,0x20,0x66,0x6c,0x6f,0x61,0x74,0x32,0x28,0x69,0x6e,0x2e,0x75,0x76,
    0x2e,0x78,0x2c,0x20,0x6d,0x69,0x78,0x28,0x69,0x6e,0x2e,0x75,0x76,0x2e,0x79,0x2c,
    0x20,0x5f,0x32,0x33,0x2c,0x20,0x5f,0x32,0x37,0x2e,0x72,0x74,0x46,0x6c,0x69,0x70,
    0x56,0x2e,0x78,0x29,0x29,0x29,0x3b,0x0a,0x20,0x20,0x20,0x20,0x66,0x6c,0x6f,0x61,
    0x74,0x33,0x20,0x5f,0x36,0x35,0x20,0x3d,0x20,0x5f,0x36,0x30,0x2e,0x78,0x79,0x7a,
    0x20,0x2a,0x20,0x32,0x2e,0x30,0x3b,0x0a,0x20,0x20,0x20,0x20,0x66,0x6c,0x6f,0x61,
    0x74,0x34,0x20,0x5f,0x31,0x31,0x31,0x20,0x3d,0x20,0x5f,0x36,0x30,0x3b,0x0a,0x20,
    0x20,0x20,0x20,0x5f,0x31,0x31,0x31,0x2e,0x78,0x20,0x3d,0x20,0x5f,0x36,0x35,0x2e,
    0x78,0x3b,0x0a,0x20,0x20,0x20,0x20,0x5f,0x31,0x31,0x31,0x2e,0x79,0x20,0x3d,0x20,
    0x5f,0x36,0x35,0x2e,0x79,0x3b,0x0a,0x20,0x20,0x20,0x20,0x5f,0x31,0x31,0x31,0x2e,
    0x7a,0x20,0x3d,0x20,0x5f,0x36,0x35,0x2e,0x7a,0x3b,0x0a,0x20,0x20,0x20,0x20,0x66,
    0x6c,0x6f,0x61,0x74,0x34,0x20,0x5f,0x38,0x39,0x20,0x3d,0x20,0x28,0x5f,0x31,0x31,
    0x31,0x20,0x2a,0x20,0x74,0x65,0x78,0x32,0x2e,0x73,0x61,0x6d,0x70,0x6c,0x65,0x28,
    0x73,0x6d,0x70,0x32,0x2c,0x20,0x66,0x6c,0x6f,0x61,0x74,0x32,0x28,0x69,0x6e,0x2e,
    0x75,0x76,0x2e,0x78,0x2c,0x20,0x6d,0x69,0x78,0x28,0x69,0x6e,0x2e,0x75,0x76,0x2e,
    0x79,0x2c,0x20,0x5f,0x32,0x33,0x2c,0x20,0x5f,0x32,0x37,0x2e,0x72,0x74,0x46,0x6c,
    0x69,0x70,0x56,0x2e,0x79,0x29,0x29,0x29,0x29,0x20,0x2a,0x20,0x69,0x6e,0x2e,0x74,
    0x69,0x6e,0x74,0x3b,0x0a,0x20,0x20,0x20,0x20,0x66,0x6c,0x6f,0x61,0x74,0x33,0x20,
    0x5f,0x31,0x30,0x30,0x20,0x3d,0x20,0x6d,0x69,0x78,0x28,0x5f,0x32,0x37,0x2e,0x66,
    0x6f,0x67,0x43,0x6f,0x6c,0x6f,0x72,0x2e,0x78,0x79,0x7a,0x2c,0x20,0x5f,0x38,0x39,
    0x2e,0x78,0x79,0x7a,0x2c,0x20,0x66,0x6c,0x6f,0x61,0x74,0x33,0x28,0x69,0x6e,0x2e,
    0x66,0x6f,0x67,0x46,0x61,0x63,0x74,0x6f,0x72,0x29,0x29,0x3b,0x0a,0x20,0x20,0x20,
    0x20,0x66,0x6c,0x6f,0x61,0x74,0x34,0x20,0x5f,0x31,0x31,0x37,0x20,0x3d,0x20,0x5f,
    0x38,0x39,0x3b,0x0a,0x20,0x20,0x20,0x20,0x5f,0x31,0x31,0x37,0x2e,0x78,0x20,0x3d,
    0x20,0x5f,0x31,0x30,0x30,0x2e,0x78,0x3b,0x0a,0x20,0x20,0x20,0x20,0x5f,0x31,0x31,
    0x37,0x2e,0x79,0x20,0x3d,0x20,0x5f,0x31,0x30,0x30,0x2e,0x79,0x3b,0x0a,0x20,0x20,
    0x20,0x20,0x5f,0x31,0x31,0x37,0x2e,0x7a,0x20,0x3d,0x20,0x5f,0x31,0x30,0x30,0x2e,
    0x7a,0x3b,0x0a,0x20,0x20,0x20,0x20,0x6f,0x75,0x74,0x2e,0x66,0x72,0x61,0x67,0x5f,
    0x63,0x6f,0x6c,0x6f,0x72,0x20,0x3d,0x20,0x5f,0x31,0x31,0x37,0x3b,0x0a,0x20,0x20,
    0x20,0x20,0x72,0x65,0x74,0x75,0x72,0x6e,0x20,0x6f,0x75,0x74,0x3b,0x0a,0x7d,0x0a,
    0x0a,0x00,
};
#endif
/*
    diagnostic(off, derivative_uniformity);

    struct dualtextured3d_vs_params {
      /_ @offset(0) _/
      mvp : mat4x4f,
      /_ @offset(64) _/
      diffuse : vec4f,
      /_ @offset(80) _/
      flags : vec4f,
      /_ @offset(96) _/
      fogVector : vec4f,
    }

    @binding(0) @group(0) var<uniform> x_19 : dualtextured3d_vs_params;

    var<private> position_1 : vec3f;

    var<private> uv : vec2f;

    var<private> texcoord0 : vec2f;

    var<private> tint : vec4f;

    var<private> color0 : vec4f;

    var<private> fogFactor : f32;

    var<private> gl_Position : vec4f;

    fn main_1() {
      let x_31 = vec4f(position_1.x, position_1.y, position_1.z, 1.0f);
      gl_Position = (x_19.mvp * x_31);
      uv = texcoord0;
      tint = (mix(vec4f(1.0f), color0, vec4f(x_19.flags.x)) * x_19.diffuse);
      fogFactor = (1.0f - clamp(dot(x_31, x_19.fogVector), 0.0f, 1.0f));
      return;
    }

    struct main_out {
      @builtin(position)
      gl_Position : vec4f,
      @location(0)
      uv_1 : vec2f,
      @location(1)
      tint_1 : vec4f,
      @location(2)
      fogFactor_1 : f32,
    }

    @vertex
    fn main(@location(0) position_1_param : vec3f, @location(1) texcoord0_param : vec2f, @location(2) color0_param : vec4f) -> main_out {
      position_1 = position_1_param;
      texcoord0 = texcoord0_param;
      color0 = color0_param;
      main_1();
      return main_out(gl_Position, uv, tint, fogFactor);
    }
*/
#if defined(SOKOL_WGPU)
static const uint8_t cna_dualtextured3d_vs_source_wgsl[1271] = {
    0x64,0x69,0x61,0x67,0x6e,0x6f,0x73,0x74,0x69,0x63,0x28,0x6f,0x66,0x66,0x2c,0x20,
    0x64,0x65,0x72,0x69,0x76,0x61,0x74,0x69,0x76,0x65,0x5f,0x75,0x6e,0x69,0x66,0x6f,
    0x72,0x6d,0x69,0x74,0x79,0x29,0x3b,0x0a,0x0a,0x73,0x74,0x72,0x75,0x63,0x74,0x20,
    0x64,0x75,0x61,0x6c,0x74,0x65,0x78,0x74,0x75,0x72,0x65,0x64,0x33,0x64,0x5f,0x76,
    0x73,0x5f,0x70,0x61,0x72,0x61,0x6d,0x73,0x20,0x7b,0x0a,0x20,0x20,0x2f,0x2a,0x20,
    0x40,0x6f,0x66,0x66,0x73,0x65,0x74,0x28,0x30,0x29,0x20,0x2a,0x2f,0x0a,0x20,0x20,
    0x6d,0x76,0x70,0x20,0x3a,0x20,0x6d,0x61,0x74,0x34,0x78,0x34,0x66,0x2c,0x0a,0x20,
    0x20,0x2f,0x2a,0x20,0x40,0x6f,0x66,0x66,0x73,0x65,0x74,0x28,0x36,0x34,0x29,0x20,
    0x2a,0x2f,0x0a,0x20,0x20,0x64,0x69,0x66,0x66,0x75,0x73,0x65,0x20,0x3a,0x20,0x76,
    0x65,0x63,0x34,0x66,0x2c,0x0a,0x20,0x20,0x2f,0x2a,0x20,0x40,0x6f,0x66,0x66,0x73,
    0x65,0x74,0x28,0x38,0x30,0x29,0x20,0x2a,0x2f,0x0a,0x20,0x20,0x66,0x6c,0x61,0x67,
    0x73,0x20,0x3a,0x20,0x76,0x65,0x63,0x34,0x66,0x2c,0x0a,0x20,0x20,0x2f,0x2a,0x20,
    0x40,0x6f,0x66,0x66,0x73,0x65,0x74,0x28,0x39,0x36,0x29,0x20,0x2a,0x2f,0x0a,0x20,
    0x20,0x66,0x6f,0x67,0x56,0x65,0x63,0x74,0x6f,0x72,0x20,0x3a,0x20,0x76,0x65,0x63,
    0x34,0x66,0x2c,0x0a,0x7d,0x0a,0x0a,0x40,0x62,0x69,0x6e,0x64,0x69,0x6e,0x67,0x28,
    0x30,0x29,0x20,0x40,0x67,0x72,0x6f,0x75,0x70,0x28,0x30,0x29,0x20,0x76,0x61,0x72,
    0x3c,0x75,0x6e,0x69,0x66,0x6f,0x72,0x6d,0x3e,0x20,0x78,0x5f,0x31,0x39,0x20,0x3a,
    0x20,0x64,0x75,0x61,0x6c,0x74,0x65,0x78,0x74,0x75,0x72,0x65,0x64,0x33,0x64,0x5f,
    0x76,0x73,0x5f,0x70,0x61,0x72,0x61,0x6d,0x73,0x3b,0x0a,0x0a,0x76,0x61,0x72,0x3c,
    0x70,0x72,0x69,0x76,0x61,0x74,0x65,0x3e,0x20,0x70,0x6f,0x73,0x69,0x74,0x69,0x6f,
    0x6e,0x5f,0x31,0x20,0x3a,0x20,0x76,0x65,0x63,0x33,0x66,0x3b,0x0a,0x0a,0x76,0x61,
    0x72,0x3c,0x70,0x72,0x69,0x76,0x61,0x74,0x65,0x3e,0x20,0x75,0x76,0x20,0x3a,0x20,
    0x76,0x65,0x63,0x32,0x66,0x3b,0x0a,0x0a,0x76,0x61,0x72,0x3c,0x70,0x72,0x69,0x76,
    0x61,0x74,0x65,0x3e,0x20,0x74,0x65,0x78,0x63,0x6f,0x6f,0x72,0x64,0x30,0x20,0x3a,
    0x20,0x76,0x65,0x63,0x32,0x66,0x3b,0x0a,0x0a,0x76,0x61,0x72,0x3c,0x70,0x72,0x69,
    0x76,0x61,0x74,0x65,0x3e,0x20,0x74,0x69,0x6e,0x74,0x20,0x3a,0x20,0x76,0x65,0x63,
    0x34,0x66,0x3b,0x0a,0x0a,0x76,0x61,0x72,0x3c,0x70,0x72,0x69,0x76,0x61,0x74,0x65,
    0x3e,0x20,0x63,0x6f,0x6c,0x6f,0x72,0x30,0x20,0x3a,0x20,0x76,0x65,0x63,0x34,0x66,
    0x3b,0x0a,0x0a,0x76,0x61,0x72,0x3c,0x70,0x72,0x69,0x76,0x61,0x74,0x65,0x3e,0x20,
    0x66,0x6f,0x67,0x46,0x61,0x63,0x74,0x6f,0x72,0x20,0x3a,0x20,0x66,0x33,0x32,0x3b,
    0x0a,0x0a,0x76,0x61,0x72,0x3c,0x70,0x72,0x69,0x76,0x61,0x74,0x65,0x3e,0x20,0x67,
    0x6c,0x5f,0x50,0x6f,0x73,0x69,0x74,0x69,0x6f,0x6e,0x20,0x3a,0x20,0x76,0x65,0x63,
    0x34,0x66,0x3b,0x0a,0x0a,0x66,0x6e,0x20,0x6d,0x61,0x69,0x6e,0x5f,0x31,0x28,0x29,
    0x20,0x7b,0x0a,0x20,0x20,0x6c,0x65,0x74,0x20,0x78,0x5f,0x33,0x31,0x20,0x3d,0x20,
    0x76,0x65,0x63,0x34,0x66,0x28,0x70,0x6f,0x73,0x69,0x74,0x69,0x6f,0x6e,0x5f,0x31,
    0x2e,0x78,0x2c,0x20,0x70,0x6f,0x73,0x69,0x74,0x69,0x6f,0x6e,0x5f,0x31,0x2e,0x79,
    0x2c,0x20,0x70,0x6f,0x73,0x69,0x74,0x69,0x6f,0x6e,0x5f,0x31,0x2e,0x7a,0x2c,0x20,
    0x31,0x2e,0x30,0x66,0x29,0x3b,0x0a,0x20,0x20,0x67,0x6c,0x5f,0x50,0x6f,0x73,0x69,
    0x74,0x69,0x6f,0x6e,0x20,0x3d,0x20,0x28,0x78,0x5f,0x31,0x39,0x2e,0x6d,0x76,0x70,
    0x20,0x2a,0x20,0x78,0x5f,0x33,0x31,0x29,0x3b,0x0a,0x20,0x20,0x75,0x76,0x20,0x3d,
    0x20,0x74,0x65,0x78,0x63,0x6f,0x6f,0x72,0x64,0x30,0x3b,0x0a,0x20,0x20,0x74,0x69,
    0x6e,0x74,0x20,0x3d,0x20,0x28,0x6d,0x69,0x78,0x28,0x76,0x65,0x63,0x34,0x66,0x28,
    0x31,0x2e,0x30,0x66,0x29,0x2c,0x20,0x63,0x6f,0x6c,0x6f,0x72,0x30,0x2c,0x20,0x76,
    0x65,0x63,0x34,0x66,0x28,0x78,0x5f,0x31,0x39,0x2e,0x66,0x6c,0x61,0x67,0x73,0x2e,
    0x78,0x29,0x29,0x20,0x2a,0x20,0x78,0x5f,0x31,0x39,0x2e,0x64,0x69,0x66,0x66,0x75,
    0x73,0x65,0x29,0x3b,0x0a,0x20,0x20,0x66,0x6f,0x67,0x46,0x61,0x63,0x74,0x6f,0x72,
    0x20,0x3d,0x20,0x28,0x31,0x2e,0x30,0x66,0x20,0x2d,0x20,0x63,0x6c,0x61,0x6d,0x70,
    0x28,0x64,0x6f,0x74,0x28,0x78,0x5f,0x33,0x31,0x2c,0x20,0x78,0x5f,0x31,0x39,0x2e,
    0x66,0x6f,0x67,0x56,0x65,0x63,0x74,0x6f,0x72,0x29,0x2c,0x20,0x30,0x2e,0x30,0x66,
    0x2c,0x20,0x31,0x2e,0x30,0x66,0x29,0x29,0x3b,0x0a,0x20,0x20,0x72,0x65,0x74,0x75,
    0x72,0x6e,0x3b,0x0a,0x7d,0x0a,0x0a,0x73,0x74,0x72,0x75,0x63,0x74,0x20,0x6d,0x61,
    0x69,0x6e,0x5f,0x6f,0x75,0x74,0x20,0x7b,0x0a,0x20,0x20,0x40,0x62,0x75,0x69,0x6c,
    0x74,0x69,0x6e,0x28,0x70,0x6f,0x73,0x69,0x74,0x69,0x6f,0x6e,0x29,0x0a,0x20,0x20,
    0x67,0x6c,0x5f,0x50,0x6f,0x73,0x69,0x74,0x69,0x6f,0x6e,0x20,0x3a,0x20,0x76,0x65,
    0x63,0x34,0x66,0x2c,0x0a,0x20,0x20,0x40,0x6c,0x6f,0x63,0x61,0x74,0x69,0x6f,0x6e,
    0x28,0x30,0x29,0x0a,0x20,0x20,0x75,0x76,0x5f,0x31,0x20,0x3a,0x20,0x76,0x65,0x63,
    0x32,0x66,0x2c,0x0a,0x20,0x20,0x40,0x6c,0x6f,0x63,0x61,0x74,0x69,0x6f,0x6e,0x28,
    0x31,0x29,0x0a,0x20,0x20,0x74,0x69,0x6e,0x74,0x5f,0x31,0x20,0x3a,0x20,0x76,0x65,
    0x63,0x34,0x66,0x2c,0x0a,0x20,0x20,0x40,0x6c,0x6f,0x63,0x61,0x74,0x69,0x6f,0x6e,
    0x28,0x32,0x29,0x0a,0x20,0x20,0x66,0x6f,0x67,0x46,0x61,0x63,0x74,0x6f,0x72,0x5f,
    0x31,0x20,0x3a,0x20,0x66,0x33,0x32,0x2c,0x0a,0x7d,0x0a,0x0a,0x40,0x76,0x65,0x72,
    0x74,0x65,0x78,0x0a,0x66,0x6e,0x20,0x6d,0x61,0x69,0x6e,0x28,0x40,0x6c,0x6f,0x63,
    0x61,0x74,0x69,0x6f,0x6e,0x28,0x30,0x29,0x20,0x70,0x6f,0x73,0x69,0x74,0x69,0x6f,
    0x6e,0x5f,0x31,0x5f,0x70,0x61,0x72,0x61,0x6d,0x20,0x3a,0x20,0x76,0x65,0x63,0x33,
    0x66,0x2c,0x20,0x40,0x6c,0x6f,0x63,0x61,0x74,0x69,0x6f,0x6e,0x28,0x31,0x29,0x20,
    0x74,0x65,0x78,0x63,0x6f,0x6f,0x72,0x64,0x30,0x5f,0x70,0x61,0x72,0x61,0x6d,0x20,
    0x3a,0x20,0x76,0x65,0x63,0x32,0x66,0x2c,0x20,0x40,0x6c,0x6f,0x63,0x61,0x74,0x69,
    0x6f,0x6e,0x28,0x32,0x29,0x20,0x63,0x6f,0x6c,0x6f,0x72,0x30,0x5f,0x70,0x61,0x72,
    0x61,0x6d,0x20,0x3a,0x20,0x76,0x65,0x63,0x34,0x66,0x29,0x20,0x2d,0x3e,0x20,0x6d,
    0x61,0x69,0x6e,0x5f,0x6f,0x75,0x74,0x20,0x7b,0x0a,0x20,0x20,0x70,0x6f,0x73,0x69,
    0x74,0x69,0x6f,0x6e,0x5f,0x31,0x20,0x3d,0x20,0x70,0x6f,0x73,0x69,0x74,0x69,0x6f,
    0x6e,0x5f,0x31,0x5f,0x70,0x61,0x72,0x61,0x6d,0x3b,0x0a,0x20,0x20,0x74,0x65,0x78,
    0x63,0x6f,0x6f,0x72,0x64,0x30,0x20,0x3d,0x20,0x74,0x65,0x78,0x63,0x6f,0x6f,0x72,
    0x64,0x30,0x5f,0x70,0x61,0x72,0x61,0x6d,0x3b,0x0a,0x20,0x20,0x63,0x6f,0x6c,0x6f,
    0x72,0x30,0x20,0x3d,0x20,0x63,0x6f,0x6c,0x6f,0x72,0x30,0x5f,0x70,0x61,0x72,0x61,
    0x6d,0x3b,0x0a,0x20,0x20,0x6d,0x61,0x69,0x6e,0x5f,0x31,0x28,0x29,0x3b,0x0a,0x20,
    0x20,0x72,0x65,0x74,0x75,0x72,0x6e,0x20,0x6d,0x61,0x69,0x6e,0x5f,0x6f,0x75,0x74,
    0x28,0x67,0x6c,0x5f,0x50,0x6f,0x73,0x69,0x74,0x69,0x6f,0x6e,0x2c,0x20,0x75,0x76,
    0x2c,0x20,0x74,0x69,0x6e,0x74,0x2c,0x20,0x66,0x6f,0x67,0x46,0x61,0x63,0x74,0x6f,
    0x72,0x29,0x3b,0x0a,0x7d,0x0a,0x00,
};
#endif
/*
    diagnostic(off, derivative_uniformity);

    struct dualtextured3d_fs_params {
      /_ @offset(0) _/
      fogColor : vec4f,
      /_ @offset(16) _/
      rtFlipV : vec4f,
    }

    var<private> uv : vec2f;

    @binding(2) @group(0) var<uniform> x_27 : dualtextured3d_fs_params;

    @binding(0) @group(1) var tex : texture_2d<f32>;

    @binding(32) @group(1) var smp : sampler;

    @binding(1) @group(1) var tex2 : texture_2d<f32>;

    @binding(33) @group(1) var smp2 : sampler;

    var<private> tint : vec4f;

    var<private> fogFactor : f32;

    var<private> frag_color : vec4f;

    fn main_1() {
      let x_16 = uv.x;
      let x_19 = uv.y;
      let x_23 = (1.0f - x_19);
      let x_32 = x_27.rtFlipV.x;
      let x_44 = x_27.rtFlipV.y;
      let x_60 = textureSample(tex, smp, vec2f(x_16, mix(x_19, x_23, x_32)));
      let x_65 = (x_60.xyz * 2.0f);
      var x_111_1 = x_60;
      x_111_1.x = x_65.x;
      let x_111 = x_111_1;
      var x_113_1 = x_111;
      x_113_1.y = x_65.y;
      let x_113 = x_113_1;
      var x_115_1 = x_113;
      x_115_1.z = x_65.z;
      let x_115 = x_115_1;
      let x_81 = textureSample(tex2, smp2, vec2f(x_16, mix(x_19, x_23, x_44)));
      let x_89 = ((x_115 * x_81) * tint);
      let x_100 = mix(x_27.fogColor.xyz, x_89.xyz, vec3f(fogFactor));
      var x_117_1 = x_89;
      x_117_1.x = x_100.x;
      let x_117 = x_117_1;
      var x_119_1 = x_117;
      x_119_1.y = x_100.y;
      let x_119 = x_119_1;
      var x_121_1 = x_119;
      x_121_1.z = x_100.z;
      frag_color = x_121_1;
      return;
    }

    struct main_out {
      @location(0)
      frag_color_1 : vec4f,
    }

    @fragment
    fn main(@location(0) uv_param : vec2f, @location(1) tint_param : vec4f, @location(2) fogFactor_param : f32) -> main_out {
      uv = uv_param;
      tint = tint_param;
      fogFactor = fogFactor_param;
      main_1();
      return main_out(frag_color);
    }
*/
#if defined(SOKOL_WGPU)
static const uint8_t cna_dualtextured3d_fs_source_wgsl[1686] = {
    0x64,0x69,0x61,0x67,0x6e,0x6f,0x73,0x74,0x69,0x63,0x28,0x6f,0x66,0x66,0x2c,0x20,
    0x64,0x65,0x72,0x69,0x76,0x61,0x74,0x69,0x76,0x65,0x5f,0x75,0x6e,0x69,0x66,0x6f,
    0x72,0x6d,0x69,0x74,0x79,0x29,0x3b,0x0a,0x0a,0x73,0x74,0x72,0x75,0x63,0x74,0x20,
    0x64,0x75,0x61,0x6c,0x74,0x65,0x78,0x74,0x75,0x72,0x65,0x64,0x33,0x64,0x5f,0x66,
    0x73,0x5f,0x70,0x61,0x72,0x61,0x6d,0x73,0x20,0x7b,0x0a,0x20,0x20,0x2f,0x2a,0x20,
    0x40,0x6f,0x66,0x66,0x73,0x65,0x74,0x28,0x30,0x29,0x20,0x2a,0x2f,0x0a,0x20,0x20,
    0x66,0x6f,0x67,0x43,0x6f,0x6c,0x6f,0x72,0x20,0x3a,0x20,0x76,0x65,0x63,0x34,0x66,
    0x2c,0x0a,0x20,0x20,0x2f,0x2a,0x20,0x40,0x6f,0x66,0x66,0x73,0x65,0x74,0x28,0x31,
    0x36,0x29,0x20,0x2a,0x2f,0x0a,0x20,0x20,0x72,0x74,0x46,0x6c,0x69,0x70,0x56,0x20,
    0x3a,0x20,0x76,0x65,0x63,0x34,0x66,0x2c,0x0a,0x7d,0x0a,0x0a,0x76,0x61,0x72,0x3c,
    0x70,0x72,0x69,0x76,0x61,0x74,0x65,0x3e,0x20,0x75,0x76,0x20,0x3a,0x20,0x76,0x65,
    0x63,0x32,0x66,0x3b,0x0a,0x0a,0x40,0x62,0x69,0x6e,0x64,0x69,0x6e,0x67,0x28,0x32,
    0x29,0x20,0x40,0x67,0x72,0x6f,0x75,0x70,0x28,0x30,0x29,0x20,0x76,0x61,0x72,0x3c,
    0x75,0x6e,0x69,0x66,0x6f,0x72,0x6d,0x3e,0x20,0x78,0x5f,0x32,0x37,0x20,0x3a,0x20,
    0x64,0x75,0x61,0x6c,0x74,0x65,0x78,0x74,0x75,0x72,0x65,0x64,0x33,0x64,0x5f,0x66,
    0x73,0x5f,0x70,0x61,0x72,0x61,0x6d,0x73,0x3b,0x0a,0x0a,0x40,0x62,0x69,0x6e,0x64,
    0x69,0x6e,0x67,0x28,0x30,0x29,0x20,0x40,0x67,0x72,0x6f,0x75,0x70,0x28,0x31,0x29,
    0x20,0x76,0x61,0x72,0x20,0x74,0x65,0x78,0x20,0x3a,0x20,0x74,0x65,0x78,0x74,0x75,
    0x72,0x65,0x5f,0x32,0x64,0x3c,0x66,0x33,0x32,0x3e,0x3b,0x0a,0x0a,0x40,0x62,0x69,
    0x6e,0x64,0x69,0x6e,0x67,0x28,0x33,0x32,0x29,0x20,0x40,0x67,0x72,0x6f,0x75,0x70,
    0x28,0x31,0x29,0x20,0x76,0x61,0x72,0x20,0x73,0x6d,0x70,0x20,0x3a,0x20,0x73,0x61,
    0x6d,0x70,0x6c,0x65,0x72,0x3b,0x0a,0x0a,0x40,0x62,0x69,0x6e,0x64,0x69,0x6e,0x67,
    0x28,0x31,0x29,0x20,0x40,0x67,0x72,0x6f,0x75,0x70,0x28,0x31,0x29,0x20,0x76,0x61,
    0x72,0x20,0x74,0x65,0x78,0x32,0x20,0x3a,0x20,0x74,0x65,0x78,0x74,0x75,0x72,0x65,
    0x5f,0x32,0x64,0x3c,0x66,0x33,0x32,0x3e,0x3b,0x0a,0x0a,0x40,0x62,0x69,0x6e,0x64,
    0x69,0x6e,0x67,0x28,0x33,0x33,0x29,0x20,0x40,0x67,0x72,0x6f,0x75,0x70,0x28,0x31,
    0x29,0x20,0x76,0x61,0x72,0x20,0x73,0x6d,0x70,0x32,0x20,0x3a,0x20,0x73,0x61,0x6d,
    0x70,0x6c,0x65,0x72,0x3b,0x0a,0x0a,0x76,0x61,0x72,0x3c,0x70,0x72,0x69,0x76,0x61,
    0x74,0x65,0x3e,0x20,0x74,0x69,0x6e,0x74,0x20,0x3a,0x20,0x76,0x65,0x63,0x34,0x66,
    0x3b,0x0a,0x0a,0x76,0x61,0x72,0x3c,0x70,0x72,0x69,0x76,0x61,0x74,0x65,0x3e,0x20,
    0x66,0x6f,0x67,0x46,0x61,0x63,0x74,0x6f,0x72,0x20,0x3a,0x20,0x66,0x33,0x32,0x3b,
    0x0a,0x0a,0x76,0x61,0x72,0x3c,0x70,0x72,0x69,0x76,0x61,0x74,0x65,0x3e,0x20,0x66,
    0x72,0x61,0x67,0x5f,0x63,0x6f,0x6c,0x6f,0x72,0x20,0x3a,0x20,0x76,0x65,0x63,0x34,
    0x66,0x3b,0x0a,0x0a,0x66,0x6e,0x20,0x6d,0x61,0x69,0x6e,0x5f,0x31,0x28,0x29,0x20,
    0x7b,0x0a,0x20,0x20,0x6c,0x65,0x74,0x20,0x78,0x5f,0x31,0x36,0x20,0x3d,0x20,0x75,
    0x76,0x2e,0x78,0x3b,0x0a,0x20,0x20,0x6c,0x65,0x74,0x20,0x78,0x5f,0x31,0x39,0x20,
    0x3d,0x20,0x75,0x76,0x2e,0x79,0x3b,0x0a,0x20,0x20,0x6c,0x65,0x74,0x20,0x78,0x5f,
    0x32,0x33,0x20,0x3d,0x20,0x28,0x31,0x2e,0x30,0x66,0x20,0x2d,0x20,0x78,0x5f,0x31,
    0x39,0x29,0x3b,0x0a,0x20,0x20,0x6c,0x65,0x74,0x20,0x78,0x5f,0x33,0x32,0x20,0x3d,
    0x20,0x78,0x5f,0x32,0x37,0x2e,0x72,0x74,0x46,0x6c,0x69,0x70,0x56,0x2e,0x78,0x3b,
    0x0a,0x20,0x20,0x6c,0x65,0x74,0x20,0x78,0x5f,0x34,0x34,0x20,0x3d,0x20,0x78,0x5f,
    0x32,0x37,0x2e,0x72,0x74,0x46,0x6c,0x69,0x70,0x56,0x2e,0x79,0x3b,0x0a,0x20,0x20,
    0x6c,0x65,0x74,0x20,0x78,0x5f,0x36,0x30,0x20,0x3d,0x20,0x74,0x65,0x78,0x74,0x75,
    0x72,0x65,0x53,0x61,0x6d,0x70,0x6c,0x65,0x28,0x74,0x65,0x78,0x2c,0x20,0x73,0x6d,
    0x70,0x2c,0x20,0x76,0x65,0x63,0x32,0x66,0x28,0x78,0x5f,0x31,0x36,0x2c,0x20,0x6d,
    0x69,0x78,0x28,0x78,0x5f,0x31,0x39,0x2c,0x20,0x78,0x5f,0x32,0x33,0x2c,0x20,0x78,
    0x5f,0x33,0x32,0x29,0x29,0x29,0x3b,0x0a,0x20,0x20,0x6c,0x65,0x74,0x20,0x78,0x5f,
    0x36,0x35,0x20,0x3d,0x20,0x28,0x78,0x5f,0x36,0x30,0x2e,0x78,0x79,0x7a,0x20,0x2a,
    0x20,0x32,0x2e,0x30,0x66,0x29,0x3b,0x0a,0x20,0x20,0x76,0x61,0x72,0x20,0x78,0x5f,
    0x31,0x31,0x31,0x5f,0x31,0x20,0x3d,0x20,0x78,0x5f,0x36,0x30,0x3b,0x0a,0x20,0x20,
    0x78,0x5f,0x31,0x31,0x31,0x5f,0x31,0x2e,0x78,0x20,0x3d,0x20,0x78,0x5f,0x36,0x35,
    0x2e,0x78,0x3b,0x0a,0x20,0x20,0x6c,0x65,0x74,0x20,0x78,0x5f,0x31,0x31,0x31,0x20,
    0x3d,0x20,0x78,0x5f,0x31,0x31,0x31,0x5f,0x31,0x3b,0x0a,0x20,0x20,0x76,0x61,0x72,
    0x20,0x78,0x5f,0x31,0x31,0x33,0x5f,0x31,0x20,0x3d,0x20,0x78,0x5f,0x31,0x31,0x31,
    0x3b,0x0a,0x20,0x20,0x78,0x5f,0x31,0x31,0x33,0x5f,0x31,0x2e,0x79,0x20,0x3d,0x20,
    0x78,0x5f,0x36,0x35,0x2e,0x79,0x3b,0x0a,0x20,0x20,0x6c,0x65,0x74,0x20,0x78,0x5f,
    0x31,0x31,0x33,0x20,0x3d,0x20,0x78,0x5f,0x31,0x31,0x33,0x5f,0x31,0x3b,0x0a,0x20,
    0x20,0x76,0x61,0x72,0x20,0x78,0x5f,0x31,0x31,0x35,0x5f,0x31,0x20,0x3d,0x20,0x78,
    0x5f,0x31,0x31,0x33,0x3b,0x0a,0x20,0x20,0x78,0x5f,0x31,0x31,0x35,0x5f,0x31,0x2e,
    0x7a,0x20,0x3d,0x20,0x78,0x5f,0x36,0x35,0x2e,0x7a,0x3b,0x0a,0x20,0x20,0x6c,0x65,
    0x74,0x20,0x78,0x5f,0x31,0x31,0x35,0x20,0x3d,0x20,0x78,0x5f,0x31,0x31,0x35,0x5f,
    0x31,0x3b,0x0a,0x20,0x20,0x6c,0x65,0x74,0x20,0x78,0x5f,0x38,0x31,0x20,0x3d,0x20,
    0x74,0x65,0x78,0x74,0x75,0x72,0x65,0x53,0x61,0x6d,0x70,0x6c,0x65,0x28,0x74,0x65,
    0x78,0x32,0x2c,0x20,0x73,0x6d,0x70,0x32,0x2c,0x20,0x76,0x65,0x63,0x32,0x66,0x28,
    0x78,0x5f,0x31,0x36,0x2c,0x20,0x6d,0x69,0x78,0x28,0x78,0x5f,0x31,0x39,0x2c,0x20,
    0x78,0x5f,0x32,0x33,0x2c,0x20,0x78,0x5f,0x34,0x34,0x29,0x29,0x29,0x3b,0x0a,0x20,
    0x20,0x6c,0x65,0x74,0x20,0x78,0x5f,0x38,0x39,0x20,0x3d,0x20,0x28,0x28,0x78,0x5f,
    0x31,0x31,0x35,0x20,0x2a,0x20,0x78,0x5f,0x38,0x31,0x29,0x20,0x2a,0x20,0x74,0x69,
    0x6e,0x74,0x29,0x3b,0x0a,0x20,0x20,0x6c,0x65,0x74,0x20,0x78,0x5f,0x31,0x30,0x30,
    0x20,0x3d,0x20,0x6d,0x69,0x78,0x28,0x78,0x5f,0x32,0x37,0x2e,0x66,0x6f,0x67,0x43,
    0x6f,0x6c,0x6f,0x72,0x2e,0x78,0x79,0x7a,0x2c,0x20,0x78,0x5f,0x38,0x39,0x2e,0x78,
    0x79,0x7a,0x2c,0x20,0x76,0x65,0x63,0x33,0x66,0x28,0x66,0x6f,0x67,0x46,0x61,0x63,
    0x74,0x6f,0x72,0x29,0x29,0x3b,0x0a,0x20,0x20,0x76,0x61,0x72,0x20,0x78,0x5f,0x31,
    0x31,0x37,0x5f,0x31,0x20,0x3d,0x20,0x78,0x5f,0x38,0x39,0x3b,0x0a,0x20,0x20,0x78,
    0x5f,0x31,0x31,0x37,0x5f,0x31,0x2e,0x78,0x20,0x3d,0x20,0x78,0x5f,0x31,0x30,0x30,
    0x2e,0x78,0x3b,0x0a,0x20,0x20,0x6c,0x65,0x74,0x20,0x78,0x5f,0x31,0x31,0x37,0x20,
    0x3d,0x20,0x78,0x5f,0x31,0x31,0x37,0x5f,0x31,0x3b,0x0a,0x20,0x20,0x76,0x61,0x72,
    0x20,0x78,0x5f,0x31,0x31,0x39,0x5f,0x31,0x20,0x3d,0x20,0x78,0x5f,0x31,0x31,0x37,
    0x3b,0x0a,0x20,0x20,0x78,0x5f,0x31,0x31,0x39,0x5f,0x31,0x2e,0x79,0x20,0x3d,0x20,
    0x78,0x5f,0x31,0x30,0x30,0x2e,0x79,0x3b,0x0a,0x20,0x20,0x6c,0x65,0x74,0x20,0x78,
    0x5f,0x31,0x31,0x39,0x20,0x3d,0x20,0x78,0x5f,0x31,0x31,0x39,0x5f,0x31,0x3b,0x0a,
    0x20,0x20,0x76,0x61,0x72,0x20,0x78,0x5f,0x31,0x32,0x31,0x5f,0x31,0x20,0x3d,0x20,
    0x78,0x5f,0x31,0x31,0x39,0x3b,0x0a,0x20,0x20,0x78,0x5f,0x31,0x32,0x31,0x5f,0x31,
    0x2e,0x7a,0x20,0x3d,0x20,0x78,0x5f,0x31,0x30,0x30,0x2e,0x7a,0x3b,0x0a,0x20,0x20,
    0x66,0x72,0x61,0x67,0x5f,0x63,0x6f,0x6c,0x6f,0x72,0x20,0x3d,0x20,0x78,0x5f,0x31,
    0x32,0x31,0x5f,0x31,0x3b,0x0a,0x20,0x20,0x72,0x65,0x74,0x75,0x72,0x6e,0x3b,0x0a,
    0x7d,0x0a,0x0a,0x73,0x74,0x72,0x75,0x63,0x74,0x20,0x6d,0x61,0x69,0x6e,0x5f,0x6f,
    0x75,0x74,0x20,0x7b,0x0a,0x20,0x20,0x40,0x6c,0x6f,0x63,0x61,0x74,0x69,0x6f,0x6e,
    0x28,0x30,0x29,0x0a,0x20,0x20,0x66,0x72,0x61,0x67,0x5f,0x63,0x6f,0x6c,0x6f,0x72,
    0x5f,0x31,0x20,0x3a,0x20,0x76,0x65,0x63,0x34,0x66,0x2c,0x0a,0x7d,0x0a,0x0a,0x40,
    0x66,0x72,0x61,0x67,0x6d,0x65,0x6e,0x74,0x0a,0x66,0x6e,0x20,0x6d,0x61,0x69,0x6e,
    0x28,0x40,0x6c,0x6f,0x63,0x61,0x74,0x69,0x6f,0x6e,0x28,0x30,0x29,0x20,0x75,0x76,
    0x5f,0x70,0x61,0x72,0x61,0x6d,0x20,0x3a,0x20,0x76,0x65,0x63,0x32,0x66,0x2c,0x20,
    0x40,0x6c,0x6f,0x63,0x61,0x74,0x69,0x6f,0x6e,0x28,0x31,0x29,0x20,0x74,0x69,0x6e,
    0x74,0x5f,0x70,0x61,0x72,0x61,0x6d,0x20,0x3a,0x20,0x76,0x65,0x63,0x34,0x66,0x2c,
    0x20,0x40,0x6c,0x6f,0x63,0x61,0x74,0x69,0x6f,0x6e,0x28,0x32,0x29,0x20,0x66,0x6f,
    0x67,0x46,0x61,0x63,0x74,0x6f,0x72,0x5f,0x70,0x61,0x72,0x61,0x6d,0x20,0x3a,0x20,
    0x66,0x33,0x32,0x29,0x20,0x2d,0x3e,0x20,0x6d,0x61,0x69,0x6e,0x5f,0x6f,0x75,0x74,
    0x20,0x7b,0x0a,0x20,0x20,0x75,0x76,0x20,0x3d,0x20,0x75,0x76,0x5f,0x70,0x61,0x72,
    0x61,0x6d,0x3b,0x0a,0x20,0x20,0x74,0x69,0x6e,0x74,0x20,0x3d,0x20,0x74,0x69,0x6e,
    0x74,0x5f,0x70,0x61,0x72,0x61,0x6d,0x3b,0x0a,0x20,0x20,0x66,0x6f,0x67,0x46,0x61,
    0x63,0x74,0x6f,0x72,0x20,0x3d,0x20,0x66,0x6f,0x67,0x46,0x61,0x63,0x74,0x6f,0x72,
    0x5f,0x70,0x61,0x72,0x61,0x6d,0x3b,0x0a,0x20,0x20,0x6d,0x61,0x69,0x6e,0x5f,0x31,
    0x28,0x29,0x3b,0x0a,0x20,0x20,0x72,0x65,0x74,0x75,0x72,0x6e,0x20,0x6d,0x61,0x69,
    0x6e,0x5f,0x6f,0x75,0x74,0x28,0x66,0x72,0x61,0x67,0x5f,0x63,0x6f,0x6c,0x6f,0x72,
    0x29,0x3b,0x0a,0x7d,0x0a,0x00,
};
#endif
const sg_shader_desc* cna_dualtextured3d_shader_desc(sg_backend renderer) {
    #if defined(SOKOL_GLCORE)
    if (renderer == SG_BACKEND_GLCORE) {
        static sg_shader_desc desc;
        static bool valid;
        if (!valid) {
            valid = true;
            desc.vertex_func.source = (const char*)cna_dualtextured3d_vs_source_glsl410;
            desc.vertex_func.entry = "main";
            desc.fragment_func.source = (const char*)cna_dualtextured3d_fs_source_glsl410;
            desc.fragment_func.entry = "main";
            desc.attrs[0].base_type = SG_SHADERATTRBASETYPE_FLOAT;
            desc.attrs[0].glsl_name = "position";
            desc.attrs[1].base_type = SG_SHADERATTRBASETYPE_FLOAT;
            desc.attrs[1].glsl_name = "texcoord0";
            desc.attrs[2].base_type = SG_SHADERATTRBASETYPE_FLOAT;
            desc.attrs[2].glsl_name = "color0";
            desc.uniform_blocks[0].stage = SG_SHADERSTAGE_VERTEX;
            desc.uniform_blocks[0].layout = SG_UNIFORMLAYOUT_STD140;
            desc.uniform_blocks[0].size = 112;
            desc.uniform_blocks[0].glsl_uniforms[0].type = SG_UNIFORMTYPE_FLOAT4;
            desc.uniform_blocks[0].glsl_uniforms[0].array_count = 7;
            desc.uniform_blocks[0].glsl_uniforms[0].glsl_name = "dualtextured3d_vs_params";
            desc.uniform_blocks[2].stage = SG_SHADERSTAGE_FRAGMENT;
            desc.uniform_blocks[2].layout = SG_UNIFORMLAYOUT_STD140;
            desc.uniform_blocks[2].size = 32;
            desc.uniform_blocks[2].glsl_uniforms[0].type = SG_UNIFORMTYPE_FLOAT4;
            desc.uniform_blocks[2].glsl_uniforms[0].array_count = 2;
            desc.uniform_blocks[2].glsl_uniforms[0].glsl_name = "dualtextured3d_fs_params";
            desc.views[0].texture.stage = SG_SHADERSTAGE_FRAGMENT;
            desc.views[0].texture.image_type = SG_IMAGETYPE_2D;
            desc.views[0].texture.sample_type = SG_IMAGESAMPLETYPE_FLOAT;
            desc.views[0].texture.multisampled = false;
            desc.views[1].texture.stage = SG_SHADERSTAGE_FRAGMENT;
            desc.views[1].texture.image_type = SG_IMAGETYPE_2D;
            desc.views[1].texture.sample_type = SG_IMAGESAMPLETYPE_FLOAT;
            desc.views[1].texture.multisampled = false;
            desc.samplers[0].stage = SG_SHADERSTAGE_FRAGMENT;
            desc.samplers[0].sampler_type = SG_SAMPLERTYPE_FILTERING;
            desc.samplers[1].stage = SG_SHADERSTAGE_FRAGMENT;
            desc.samplers[1].sampler_type = SG_SAMPLERTYPE_FILTERING;
            desc.texture_sampler_pairs[0].stage = SG_SHADERSTAGE_FRAGMENT;
            desc.texture_sampler_pairs[0].view_slot = 0;
            desc.texture_sampler_pairs[0].sampler_slot = 0;
            desc.texture_sampler_pairs[0].glsl_name = "tex_smp";
            desc.texture_sampler_pairs[1].stage = SG_SHADERSTAGE_FRAGMENT;
            desc.texture_sampler_pairs[1].view_slot = 1;
            desc.texture_sampler_pairs[1].sampler_slot = 1;
            desc.texture_sampler_pairs[1].glsl_name = "tex2_smp2";
            desc.label = "cna_dualtextured3d_shader";
        }
        return &desc;
    }
    #endif /* SOKOL_GLCORE */
    #if defined(SOKOL_GLES3)
    if (renderer == SG_BACKEND_GLES3) {
        static sg_shader_desc desc;
        static bool valid;
        if (!valid) {
            valid = true;
            desc.vertex_func.source = (const char*)cna_dualtextured3d_vs_source_glsl300es;
            desc.vertex_func.entry = "main";
            desc.fragment_func.source = (const char*)cna_dualtextured3d_fs_source_glsl300es;
            desc.fragment_func.entry = "main";
            desc.attrs[0].base_type = SG_SHADERATTRBASETYPE_FLOAT;
            desc.attrs[0].glsl_name = "position";
            desc.attrs[1].base_type = SG_SHADERATTRBASETYPE_FLOAT;
            desc.attrs[1].glsl_name = "texcoord0";
            desc.attrs[2].base_type = SG_SHADERATTRBASETYPE_FLOAT;
            desc.attrs[2].glsl_name = "color0";
            desc.uniform_blocks[0].stage = SG_SHADERSTAGE_VERTEX;
            desc.uniform_blocks[0].layout = SG_UNIFORMLAYOUT_STD140;
            desc.uniform_blocks[0].size = 112;
            desc.uniform_blocks[0].glsl_uniforms[0].type = SG_UNIFORMTYPE_FLOAT4;
            desc.uniform_blocks[0].glsl_uniforms[0].array_count = 7;
            desc.uniform_blocks[0].glsl_uniforms[0].glsl_name = "dualtextured3d_vs_params";
            desc.uniform_blocks[2].stage = SG_SHADERSTAGE_FRAGMENT;
            desc.uniform_blocks[2].layout = SG_UNIFORMLAYOUT_STD140;
            desc.uniform_blocks[2].size = 32;
            desc.uniform_blocks[2].glsl_uniforms[0].type = SG_UNIFORMTYPE_FLOAT4;
            desc.uniform_blocks[2].glsl_uniforms[0].array_count = 2;
            desc.uniform_blocks[2].glsl_uniforms[0].glsl_name = "dualtextured3d_fs_params";
            desc.views[0].texture.stage = SG_SHADERSTAGE_FRAGMENT;
            desc.views[0].texture.image_type = SG_IMAGETYPE_2D;
            desc.views[0].texture.sample_type = SG_IMAGESAMPLETYPE_FLOAT;
            desc.views[0].texture.multisampled = false;
            desc.views[1].texture.stage = SG_SHADERSTAGE_FRAGMENT;
            desc.views[1].texture.image_type = SG_IMAGETYPE_2D;
            desc.views[1].texture.sample_type = SG_IMAGESAMPLETYPE_FLOAT;
            desc.views[1].texture.multisampled = false;
            desc.samplers[0].stage = SG_SHADERSTAGE_FRAGMENT;
            desc.samplers[0].sampler_type = SG_SAMPLERTYPE_FILTERING;
            desc.samplers[1].stage = SG_SHADERSTAGE_FRAGMENT;
            desc.samplers[1].sampler_type = SG_SAMPLERTYPE_FILTERING;
            desc.texture_sampler_pairs[0].stage = SG_SHADERSTAGE_FRAGMENT;
            desc.texture_sampler_pairs[0].view_slot = 0;
            desc.texture_sampler_pairs[0].sampler_slot = 0;
            desc.texture_sampler_pairs[0].glsl_name = "tex_smp";
            desc.texture_sampler_pairs[1].stage = SG_SHADERSTAGE_FRAGMENT;
            desc.texture_sampler_pairs[1].view_slot = 1;
            desc.texture_sampler_pairs[1].sampler_slot = 1;
            desc.texture_sampler_pairs[1].glsl_name = "tex2_smp2";
            desc.label = "cna_dualtextured3d_shader";
        }
        return &desc;
    }
    #endif /* SOKOL_GLES3 */
    #if defined(SOKOL_D3D11)
    if (renderer == SG_BACKEND_D3D11) {
        static sg_shader_desc desc;
        static bool valid;
        if (!valid) {
            valid = true;
            desc.vertex_func.source = (const char*)cna_dualtextured3d_vs_source_hlsl5;
            desc.vertex_func.d3d11_target = "vs_5_0";
            desc.vertex_func.entry = "main";
            desc.fragment_func.source = (const char*)cna_dualtextured3d_fs_source_hlsl5;
            desc.fragment_func.d3d11_target = "ps_5_0";
            desc.fragment_func.entry = "main";
            desc.attrs[0].base_type = SG_SHADERATTRBASETYPE_FLOAT;
            desc.attrs[0].hlsl_sem_name = "TEXCOORD";
            desc.attrs[0].hlsl_sem_index = 0;
            desc.attrs[1].base_type = SG_SHADERATTRBASETYPE_FLOAT;
            desc.attrs[1].hlsl_sem_name = "TEXCOORD";
            desc.attrs[1].hlsl_sem_index = 1;
            desc.attrs[2].base_type = SG_SHADERATTRBASETYPE_FLOAT;
            desc.attrs[2].hlsl_sem_name = "TEXCOORD";
            desc.attrs[2].hlsl_sem_index = 2;
            desc.uniform_blocks[0].stage = SG_SHADERSTAGE_VERTEX;
            desc.uniform_blocks[0].layout = SG_UNIFORMLAYOUT_STD140;
            desc.uniform_blocks[0].size = 112;
            desc.uniform_blocks[0].hlsl_register_b_n = 0;
            desc.uniform_blocks[2].stage = SG_SHADERSTAGE_FRAGMENT;
            desc.uniform_blocks[2].layout = SG_UNIFORMLAYOUT_STD140;
            desc.uniform_blocks[2].size = 32;
            desc.uniform_blocks[2].hlsl_register_b_n = 2;
            desc.views[0].texture.stage = SG_SHADERSTAGE_FRAGMENT;
            desc.views[0].texture.image_type = SG_IMAGETYPE_2D;
            desc.views[0].texture.sample_type = SG_IMAGESAMPLETYPE_FLOAT;
            desc.views[0].texture.multisampled = false;
            desc.views[0].texture.hlsl_register_t_n = 0;
            desc.views[1].texture.stage = SG_SHADERSTAGE_FRAGMENT;
            desc.views[1].texture.image_type = SG_IMAGETYPE_2D;
            desc.views[1].texture.sample_type = SG_IMAGESAMPLETYPE_FLOAT;
            desc.views[1].texture.multisampled = false;
            desc.views[1].texture.hlsl_register_t_n = 1;
            desc.samplers[0].stage = SG_SHADERSTAGE_FRAGMENT;
            desc.samplers[0].sampler_type = SG_SAMPLERTYPE_FILTERING;
            desc.samplers[0].hlsl_register_s_n = 0;
            desc.samplers[1].stage = SG_SHADERSTAGE_FRAGMENT;
            desc.samplers[1].sampler_type = SG_SAMPLERTYPE_FILTERING;
            desc.samplers[1].hlsl_register_s_n = 1;
            desc.texture_sampler_pairs[0].stage = SG_SHADERSTAGE_FRAGMENT;
            desc.texture_sampler_pairs[0].view_slot = 0;
            desc.texture_sampler_pairs[0].sampler_slot = 0;
            desc.texture_sampler_pairs[1].stage = SG_SHADERSTAGE_FRAGMENT;
            desc.texture_sampler_pairs[1].view_slot = 1;
            desc.texture_sampler_pairs[1].sampler_slot = 1;
            desc.label = "cna_dualtextured3d_shader";
        }
        return &desc;
    }
    #endif /* SOKOL_D3D11 */
    #if defined(SOKOL_METAL)
    if (renderer == SG_BACKEND_METAL_MACOS) {
        static sg_shader_desc desc;
        static bool valid;
        if (!valid) {
            valid = true;
            desc.vertex_func.source = (const char*)cna_dualtextured3d_vs_source_metal_macos;
            desc.vertex_func.entry = "main0";
            desc.fragment_func.source = (const char*)cna_dualtextured3d_fs_source_metal_macos;
            desc.fragment_func.entry = "main0";
            desc.attrs[0].base_type = SG_SHADERATTRBASETYPE_FLOAT;
            desc.attrs[1].base_type = SG_SHADERATTRBASETYPE_FLOAT;
            desc.attrs[2].base_type = SG_SHADERATTRBASETYPE_FLOAT;
            desc.uniform_blocks[0].stage = SG_SHADERSTAGE_VERTEX;
            desc.uniform_blocks[0].layout = SG_UNIFORMLAYOUT_STD140;
            desc.uniform_blocks[0].size = 112;
            desc.uniform_blocks[0].msl_buffer_n = 0;
            desc.uniform_blocks[2].stage = SG_SHADERSTAGE_FRAGMENT;
            desc.uniform_blocks[2].layout = SG_UNIFORMLAYOUT_STD140;
            desc.uniform_blocks[2].size = 32;
            desc.uniform_blocks[2].msl_buffer_n = 2;
            desc.views[0].texture.stage = SG_SHADERSTAGE_FRAGMENT;
            desc.views[0].texture.image_type = SG_IMAGETYPE_2D;
            desc.views[0].texture.sample_type = SG_IMAGESAMPLETYPE_FLOAT;
            desc.views[0].texture.multisampled = false;
            desc.views[0].texture.msl_texture_n = 0;
            desc.views[1].texture.stage = SG_SHADERSTAGE_FRAGMENT;
            desc.views[1].texture.image_type = SG_IMAGETYPE_2D;
            desc.views[1].texture.sample_type = SG_IMAGESAMPLETYPE_FLOAT;
            desc.views[1].texture.multisampled = false;
            desc.views[1].texture.msl_texture_n = 1;
            desc.samplers[0].stage = SG_SHADERSTAGE_FRAGMENT;
            desc.samplers[0].sampler_type = SG_SAMPLERTYPE_FILTERING;
            desc.samplers[0].msl_sampler_n = 0;
            desc.samplers[1].stage = SG_SHADERSTAGE_FRAGMENT;
            desc.samplers[1].sampler_type = SG_SAMPLERTYPE_FILTERING;
            desc.samplers[1].msl_sampler_n = 1;
            desc.texture_sampler_pairs[0].stage = SG_SHADERSTAGE_FRAGMENT;
            desc.texture_sampler_pairs[0].view_slot = 0;
            desc.texture_sampler_pairs[0].sampler_slot = 0;
            desc.texture_sampler_pairs[1].stage = SG_SHADERSTAGE_FRAGMENT;
            desc.texture_sampler_pairs[1].view_slot = 1;
            desc.texture_sampler_pairs[1].sampler_slot = 1;
            desc.label = "cna_dualtextured3d_shader";
        }
        return &desc;
    }
    #endif /* SOKOL_METAL */
    #if defined(SOKOL_WGPU)
    if (renderer == SG_BACKEND_WGPU) {
        static sg_shader_desc desc;
        static bool valid;
        if (!valid) {
            valid = true;
            desc.vertex_func.source = (const char*)cna_dualtextured3d_vs_source_wgsl;
            desc.vertex_func.entry = "main";
            desc.fragment_func.source = (const char*)cna_dualtextured3d_fs_source_wgsl;
            desc.fragment_func.entry = "main";
            desc.attrs[0].base_type = SG_SHADERATTRBASETYPE_FLOAT;
            desc.attrs[1].base_type = SG_SHADERATTRBASETYPE_FLOAT;
            desc.attrs[2].base_type = SG_SHADERATTRBASETYPE_FLOAT;
            desc.uniform_blocks[0].stage = SG_SHADERSTAGE_VERTEX;
            desc.uniform_blocks[0].layout = SG_UNIFORMLAYOUT_STD140;
            desc.uniform_blocks[0].size = 112;
            desc.uniform_blocks[0].wgsl_group0_binding_n = 0;
            desc.uniform_blocks[2].stage = SG_SHADERSTAGE_FRAGMENT;
            desc.uniform_blocks[2].layout = SG_UNIFORMLAYOUT_STD140;
            desc.uniform_blocks[2].size = 32;
            desc.uniform_blocks[2].wgsl_group0_binding_n = 2;
            desc.views[0].texture.stage = SG_SHADERSTAGE_FRAGMENT;
            desc.views[0].texture.image_type = SG_IMAGETYPE_2D;
            desc.views[0].texture.sample_type = SG_IMAGESAMPLETYPE_FLOAT;
            desc.views[0].texture.multisampled = false;
            desc.views[0].texture.wgsl_group1_binding_n = 0;
            desc.views[1].texture.stage = SG_SHADERSTAGE_FRAGMENT;
            desc.views[1].texture.image_type = SG_IMAGETYPE_2D;
            desc.views[1].texture.sample_type = SG_IMAGESAMPLETYPE_FLOAT;
            desc.views[1].texture.multisampled = false;
            desc.views[1].texture.wgsl_group1_binding_n = 1;
            desc.samplers[0].stage = SG_SHADERSTAGE_FRAGMENT;
            desc.samplers[0].sampler_type = SG_SAMPLERTYPE_FILTERING;
            desc.samplers[0].wgsl_group1_binding_n = 32;
            desc.samplers[1].stage = SG_SHADERSTAGE_FRAGMENT;
            desc.samplers[1].sampler_type = SG_SAMPLERTYPE_FILTERING;
            desc.samplers[1].wgsl_group1_binding_n = 33;
            desc.texture_sampler_pairs[0].stage = SG_SHADERSTAGE_FRAGMENT;
            desc.texture_sampler_pairs[0].view_slot = 0;
            desc.texture_sampler_pairs[0].sampler_slot = 0;
            desc.texture_sampler_pairs[1].stage = SG_SHADERSTAGE_FRAGMENT;
            desc.texture_sampler_pairs[1].view_slot = 1;
            desc.texture_sampler_pairs[1].sampler_slot = 1;
            desc.label = "cna_dualtextured3d_shader";
        }
        return &desc;
    }
    #endif /* SOKOL_WGPU */
    return 0;
}
#endif // SOKOL_SHDC_IMPL
/*
    #version:1# (machine generated, don't edit!)

    Generated by sokol-shdc (https://github.com/floooh/sokol-tools)

    Overview:
    =========
    Shader program: 'skinned3d':
        Get shader desc: cna_skinned3d_shader_desc(sg_query_backend());
        Vertex Shader: skinned3d_vs
        Fragment Shader: skinned3d_fs
        Attributes:
            ATTR_cna_skinned3d_position => 0
            ATTR_cna_skinned3d_normal => 1
            ATTR_cna_skinned3d_texcoord0 => 2
            ATTR_cna_skinned3d_blendweight0 => 3
            ATTR_cna_skinned3d_blendindices0 => 4
            ATTR_cna_skinned3d_color0 => 5
    Bindings:
        Uniform block 'skinned3d_vs_params':
            C struct: cna_skinned3d_vs_params_t
            Bind slot: UB_cna_skinned3d_vs_params => 0
        Uniform block 'skinned3d_fs_params':
            C struct: cna_skinned3d_fs_params_t
            Bind slot: UB_cna_skinned3d_fs_params => 1
        Texture 'tex':
            Image type: SG_IMAGETYPE_2D
            Sample type: SG_IMAGESAMPLETYPE_FLOAT
            Multisampled: false
            Bind slot: VIEW_cna_tex => 0
        Sampler 'smp':
            Type: SG_SAMPLERTYPE_FILTERING
            Bind slot: SMP_cna_smp => 0
*/
#if !defined(SOKOL_GFX_INCLUDED)
#error "Please include sokol_gfx.h before skinned3d.h"
#endif
#if !defined(SOKOL_SHDC_ALIGN)
#if defined(_MSC_VER)
#define SOKOL_SHDC_ALIGN(a) __declspec(align(a))
#else
#define SOKOL_SHDC_ALIGN(a) __attribute__((aligned(a)))
#endif
#endif
const sg_shader_desc* cna_skinned3d_shader_desc(sg_backend renderer);
#define ATTR_cna_skinned3d_position (0)
#define ATTR_cna_skinned3d_normal (1)
#define ATTR_cna_skinned3d_texcoord0 (2)
#define ATTR_cna_skinned3d_blendweight0 (3)
#define ATTR_cna_skinned3d_blendindices0 (4)
#define ATTR_cna_skinned3d_color0 (5)
#define UB_cna_skinned3d_vs_params (0)
#define UB_cna_skinned3d_fs_params (1)
#define VIEW_cna_tex (0)
#define SMP_cna_smp (0)
#pragma pack(push,1)
SOKOL_SHDC_ALIGN(16) typedef struct cna_skinned3d_vs_params_t {
    float mvp[16];
    float world[16];
    float normalMatrix[16];
    float flags[4];
    float alphaTest[4];
    float fogVector[4];
    float bones[72][16];
} cna_skinned3d_vs_params_t;
#pragma pack(pop)
#pragma pack(push,1)
SOKOL_SHDC_ALIGN(16) typedef struct cna_skinned3d_fs_params_t {
    float diffuse[4];
    float ambient[4];
    float light0Dir[4];
    float light0Diffuse[4];
    float light0Specular[4];
    float light1Dir[4];
    float light1Diffuse[4];
    float light1Specular[4];
    float light2Dir[4];
    float light2Diffuse[4];
    float light2Specular[4];
    float specularColorAndPower[4];
    float eyePosition[4];
    float emissiveColor[4];
    float fogColor[4];
    float rtFlipV[4];
} cna_skinned3d_fs_params_t;
#pragma pack(pop)
#if defined(SOKOL_SHDC_IMPL)
/*
    #version 410

    uniform vec4 skinned3d_vs_params[303];
    layout(location = 4) in uvec4 blendindices0;
    layout(location = 3) in vec4 blendweight0;
    layout(location = 0) in vec3 position;
    layout(location = 1) in vec3 normal;
    layout(location = 1) out vec3 worldPos;
    layout(location = 0) out vec3 worldNormal;
    layout(location = 2) out vec2 uv;
    layout(location = 2) in vec2 texcoord0;
    layout(location = 3) out vec4 tint;
    layout(location = 5) in vec4 color0;
    layout(location = 4) out float fogFactor;
    layout(location = 5) out vec4 alphaTestOut;

    void main()
    {
        mat4 skin = mat4(skinned3d_vs_params[int(blendindices0.x) * 4 + 15], skinned3d_vs_params[int(blendindices0.x) * 4 + 16], skinned3d_vs_params[int(blendindices0.x) * 4 + 17], skinned3d_vs_params[int(blendindices0.x) * 4 + 18]) * blendweight0.x;
        if (skinned3d_vs_params[12].y >= 1.5)
        {
            mat4 _68 = mat4(skinned3d_vs_params[int(blendindices0.y) * 4 + 15], skinned3d_vs_params[int(blendindices0.y) * 4 + 16], skinned3d_vs_params[int(blendindices0.y) * 4 + 17], skinned3d_vs_params[int(blendindices0.y) * 4 + 18]) * blendweight0.y;
            skin = mat4(skin[0] + _68[0], skin[1] + _68[1], skin[2] + _68[2], skin[3] + _68[3]);
        }
        if (skinned3d_vs_params[12].y >= 3.5)
        {
            mat4 _94 = mat4(skinned3d_vs_params[int(blendindices0.z) * 4 + 15], skinned3d_vs_params[int(blendindices0.z) * 4 + 16], skinned3d_vs_params[int(blendindices0.z) * 4 + 17], skinned3d_vs_params[int(blendindices0.z) * 4 + 18]) * blendweight0.z;
            mat4 _100 = mat4(skinned3d_vs_params[int(blendindices0.w) * 4 + 15], skinned3d_vs_params[int(blendindices0.w) * 4 + 16], skinned3d_vs_params[int(blendindices0.w) * 4 + 17], skinned3d_vs_params[int(blendindices0.w) * 4 + 18]) * blendweight0.w;
            skin = mat4(skin[0] + (_94[0] + _100[0]), skin[1] + (_94[1] + _100[1]), skin[2] + (_94[2] + _100[2]), skin[3] + (_94[3] + _100[3]));
        }
        vec4 _140 = skin * vec4(position, 1.0);
        gl_Position = mat4(skinned3d_vs_params[0], skinned3d_vs_params[1], skinned3d_vs_params[2], skinned3d_vs_params[3]) * _140;
        worldPos = (mat4(skinned3d_vs_params[4], skinned3d_vs_params[5], skinned3d_vs_params[6], skinned3d_vs_params[7]) * _140).xyz;
        mat4 _177 = mat4(skinned3d_vs_params[8], skinned3d_vs_params[9], skinned3d_vs_params[10], skinned3d_vs_params[11]);
        worldNormal = mat3(_177[0].xyz, _177[1].xyz, _177[2].xyz) * (mat3(skin[0].xyz, skin[1].xyz, skin[2].xyz) * normal);
        uv = texcoord0;
        tint = mix(vec4(1.0), color0, vec4(skinned3d_vs_params[12].x));
        fogFactor = 1.0 - clamp(dot(vec4(_140.xyz, 1.0), skinned3d_vs_params[14]), 0.0, 1.0);
        alphaTestOut = skinned3d_vs_params[13];
    }

*/
#if defined(SOKOL_GLCORE)
static const uint8_t cna_skinned3d_vs_source_glsl410[2655] = {
    0x23,0x76,0x65,0x72,0x73,0x69,0x6f,0x6e,0x20,0x34,0x31,0x30,0x0a,0x0a,0x75,0x6e,
    0x69,0x66,0x6f,0x72,0x6d,0x20,0x76,0x65,0x63,0x34,0x20,0x73,0x6b,0x69,0x6e,0x6e,
    0x65,0x64,0x33,0x64,0x5f,0x76,0x73,0x5f,0x70,0x61,0x72,0x61,0x6d,0x73,0x5b,0x33,
    0x30,0x33,0x5d,0x3b,0x0a,0x6c,0x61,0x79,0x6f,0x75,0x74,0x28,0x6c,0x6f,0x63,0x61,
    0x74,0x69,0x6f,0x6e,0x20,0x3d,0x20,0x34,0x29,0x20,0x69,0x6e,0x20,0x75,0x76,0x65,
    0x63,0x34,0x20,0x62,0x6c,0x65,0x6e,0x64,0x69,0x6e,0x64,0x69,0x63,0x65,0x73,0x30,
    0x3b,0x0a,0x6c,0x61,0x79,0x6f,0x75,0x74,0x28,0x6c,0x6f,0x63,0x61,0x74,0x69,0x6f,
    0x6e,0x20,0x3d,0x20,0x33,0x29,0x20,0x69,0x6e,0x20,0x76,0x65,0x63,0x34,0x20,0x62,
    0x6c,0x65,0x6e,0x64,0x77,0x65,0x69,0x67,0x68,0x74,0x30,0x3b,0x0a,0x6c,0x61,0x79,
    0x6f,0x75,0x74,0x28,0x6c,0x6f,0x63,0x61,0x74,0x69,0x6f,0x6e,0x20,0x3d,0x20,0x30,
    0x29,0x20,0x69,0x6e,0x20,0x76,0x65,0x63,0x33,0x20,0x70,0x6f,0x73,0x69,0x74,0x69,
    0x6f,0x6e,0x3b,0x0a,0x6c,0x61,0x79,0x6f,0x75,0x74,0x28,0x6c,0x6f,0x63,0x61,0x74,
    0x69,0x6f,0x6e,0x20,0x3d,0x20,0x31,0x29,0x20,0x69,0x6e,0x20,0x76,0x65,0x63,0x33,
    0x20,0x6e,0x6f,0x72,0x6d,0x61,0x6c,0x3b,0x0a,0x6c,0x61,0x79,0x6f,0x75,0x74,0x28,
    0x6c,0x6f,0x63,0x61,0x74,0x69,0x6f,0x6e,0x20,0x3d,0x20,0x31,0x29,0x20,0x6f,0x75,
    0x74,0x20,0x76,0x65,0x63,0x33,0x20,0x77,0x6f,0x72,0x6c,0x64,0x50,0x6f,0x73,0x3b,
    0x0a,0x6c,0x61,0x79,0x6f,0x75,0x74,0x28,0x6c,0x6f,0x63,0x61,0x74,0x69,0x6f,0x6e,
    0x20,0x3d,0x20,0x30,0x29,0x20,0x6f,0x75,0x74,0x20,0x76,0x65,0x63,0x33,0x20,0x77,
    0x6f,0x72,0x6c,0x64,0x4e,0x6f,0x72,0x6d,0x61,0x6c,0x3b,0x0a,0x6c,0x61,0x79,0x6f,
    0x75,0x74,0x28,0x6c,0x6f,0x63,0x61,0x74,0x69,0x6f,0x6e,0x20,0x3d,0x20,0x32,0x29,
    0x20,0x6f,0x75,0x74,0x20,0x76,0x65,0x63,0x32,0x20,0x75,0x76,0x3b,0x0a,0x6c,0x61,
    0x79,0x6f,0x75,0x74,0x28,0x6c,0x6f,0x63,0x61,0x74,0x69,0x6f,0x6e,0x20,0x3d,0x20,
    0x32,0x29,0x20,0x69,0x6e,0x20,0x76,0x65,0x63,0x32,0x20,0x74,0x65,0x78,0x63,0x6f,
    0x6f,0x72,0x64,0x30,0x3b,0x0a,0x6c,0x61,0x79,0x6f,0x75,0x74,0x28,0x6c,0x6f,0x63,
    0x61,0x74,0x69,0x6f,0x6e,0x20,0x3d,0x20,0x33,0x29,0x20,0x6f,0x75,0x74,0x20,0x76,
    0x65,0x63,0x34,0x20,0x74,0x69,0x6e,0x74,0x3b,0x0a,0x6c,0x61,0x79,0x6f,0x75,0x74,
    0x28,0x6c,0x6f,0x63,0x61,0x74,0x69,0x6f,0x6e,0x20,0x3d,0x20,0x35,0x29,0x20,0x69,
    0x6e,0x20,0x76,0x65,0x63,0x34,0x20,0x63,0x6f,0x6c,0x6f,0x72,0x30,0x3b,0x0a,0x6c,
    0x61,0x79,0x6f,0x75,0x74,0x28,0x6c,0x6f,0x63,0x61,0x74,0x69,0x6f,0x6e,0x20,0x3d,
    0x20,0x34,0x29,0x20,0x6f,0x75,0x74,0x20,0x66,0x6c,0x6f,0x61,0x74,0x20,0x66,0x6f,
    0x67,0x46,0x61,0x63,0x74,0x6f,0x72,0x3b,0x0a,0x6c,0x61,0x79,0x6f,0x75,0x74,0x28,
    0x6c,0x6f,0x63,0x61,0x74,0x69,0x6f,0x6e,0x20,0x3d,0x20,0x35,0x29,0x20,0x6f,0x75,
    0x74,0x20,0x76,0x65,0x63,0x34,0x20,0x61,0x6c,0x70,0x68,0x61,0x54,0x65,0x73,0x74,
    0x4f,0x75,0x74,0x3b,0x0a,0x0a,0x76,0x6f,0x69,0x64,0x20,0x6d,0x61,0x69,0x6e,0x28,
    0x29,0x0a,0x7b,0x0a,0x20,0x20,0x20,0x20,0x6d,0x61,0x74,0x34,0x20,0x73,0x6b,0x69,
    0x6e,0x20,0x3d,0x20,0x6d,0x61,0x74,0x34,0x28,0x73,0x6b,0x69,0x6e,0x6e,0x65,0x64,
    0x33,0x64,0x5f,0x76,0x73,0x5f,0x70,0x61,0x72,0x61,0x6d,0x73,0x5b,0x69,0x6e,0x74,
    0x28,0x62,0x6c,0x65,0x6e,0x64,0x69,0x6e,0x64,0x69,0x63,0x65,0x73,0x30,0x2e,0x78,
    0x29,0x20,0x2a,0x20,0x34,0x20,0x2b,0x20,0x31,0x35,0x5d,0x2c,0x20,0x73,0x6b,0x69,
    0x6e,0x6e,0x65,0x64,0x33,0x64,0x5f,0x76,0x73,0x5f,0x70,0x61,0x72,0x61,0x6d,0x73,
    0x5b,0x69,0x6e,0x74,0x28,0x62,0x6c,0x65,0x6e,0x64,0x69,0x6e,0x64,0x69,0x63,0x65,
    0x73,0x30,0x2e,0x78,0x29,0x20,0x2a,0x20,0x34,0x20,0x2b,0x20,0x31,0x36,0x5d,0x2c,
    0x20,0x73,0x6b,0x69,0x6e,0x6e,0x65,0x64,0x33,0x64,0x5f,0x76,0x73,0x5f,0x70,0x61,
    0x72,0x61,0x6d,0x73,0x5b,0x69,0x6e,0x74,0x28,0x62,0x6c,0x65,0x6e,0x64,0x69,0x6e,
    0x64,0x69,0x63,0x65,0x73,0x30,0x2e,0x78,0x29,0x20,0x2a,0x20,0x34,0x20,0x2b,0x20,
    0x31,0x37,0x5d,0x2c,0x20,0x73,0x6b,0x69,0x6e,0x6e,0x65,0x64,0x33,0x64,0x5f,0x76,
    0x73,0x5f,0x70,0x61,0x72,0x61,0x6d,0x73,0x5b,0x69,0x6e,0x74,0x28,0x62,0x6c,0x65,
    0x6e,0x64,0x69,0x6e,0x64,0x69,0x63,0x65,0x73,0x30,0x2e,0x78,0x29,0x20,0x2a,0x20,
    0x34,0x20,0x2b,0x20,0x31,0x38,0x5d,0x29,0x20,0x2a,0x20,0x62,0x6c,0x65,0x6e,0x64,
    0x77,0x65,0x69,0x67,0x68,0x74,0x30,0x2e,0x78,0x3b,0x0a,0x20,0x20,0x20,0x20,0x69,
    0x66,0x20,0x28,0x73,0x6b,0x69,0x6e,0x6e,0x65,0x64,0x33,0x64,0x5f,0x76,0x73,0x5f,
    0x70,0x61,0x72,0x61,0x6d,0x73,0x5b,0x31,0x32,0x5d,0x2e,0x79,0x20,0x3e,0x3d,0x20,
    0x31,0x2e,0x35,0x29,0x0a,0x20,0x20,0x20,0x20,0x7b,0x0a,0x20,0x20,0x20,0x20,0x20,
    0x20,0x20,0x20,0x6d,0x61,0x74,0x34,0x20,0x5f,0x36,0x38,0x20,0x3d,0x20,0x6d,0x61,
    0x74,0x34,0x28,0x73,0x6b,0x69,0x6e,0x6e,0x65,0x64,0x33,0x64,0x5f,0x76,0x73,0x5f,
    0x70,0x61,0x72,0x61,0x6d,0x73,0x5b,0x69,0x6e,0x74,0x28,0x62,0x6c,0x65,0x6e,0x64,
    0x69,0x6e,0x64,0x69,0x63,0x65,0x73,0x30,0x2e,0x79,0x29,0x20,0x2a,0x20,0x34,0x20,
    0x2b,0x20,0x31,0x35,0x5d,0x2c,0x20,0x73,0x6b,0x69,0x6e,0x6e,0x65,0x64,0x33,0x64,
    0x5f,0x76,0x73,0x5f,0x70,0x61,0x72,0x61,0x6d,0x73,0x5b,0x69,0x6e,0x74,0x28,0x62,
    0x6c,0x65,0x6e,0x64,0x69,0x6e,0x64,0x69,0x63,0x65,0x73,0x30,0x2e,0x79,0x29,0x20,
    0x2a,0x20,0x34,0x20,0x2b,0x20,0x31,0x36,0x5d,0x2c,0x20,0x73,0x6b,0x69,0x6e,0x6e,
    0x65,0x64,0x33,0x64,0x5f,0x76,0x73,0x5f,0x70,0x61,0x72,0x61,0x6d,0x73,0x5b,0x69,
    0x6e,0x74,0x28,0x62,0x6c,0x65,0x6e,0x64,0x69,0x6e,0x64,0x69,0x63,0x65,0x73,0x30,
    0x2e,0x79,0x29,0x20,0x2a,0x20,0x34,0x20,0x2b,0x20,0x31,0x37,0x5d,0x2c,0x20,0x73,
    0x6b,0x69,0x6e,0x6e,0x65,0x64,0x33,0x64,0x5f,0x76,0x73,0x5f,0x70,0x61,0x72,0x61,
    0x6d,0x73,0x5b,0x69,0x6e,0x74,0x28,0x62,0x6c,0x65,0x6e,0x64,0x69,0x6e,0x64,0x69,
    0x63,0x65,0x73,0x30,0x2e,0x79,0x29,0x20,0x2a,0x20,0x34,0x20,0x2b,0x20,0x31,0x38,
    0x5d,0x29,0x20,0x2a,0x20,0x62,0x6c,0x65,0x6e,0x64,0x77,0x65,0x69,0x67,0x68,0x74,
    0x30,0x2e,0x79,0x3b,0x0a,0x20,0x20,0x20,0x20,0x20,0x20,0x20,0x20,0x73,0x6b,0x69,
    0x6e,0x20,0x3d,0x20,0x6d,0x61,0x74,0x34,0x28,0x73,0x6b,0x69,0x6e,0x5b,0x30,0x5d,
    0x20,0x2b,0x20,0x5f,0x36,0x38,0x5b,0x30,0x5d,0x2c,0x20,0x73,0x6b,0x69,0x6e,0x5b,
    0x31,0x5d,0x20,0x2b,0x20,0x5f,0x36,0x38,0x5b,0x31,0x5d,0x2c,0x20,0x73,0x6b,0x69,
    0x6e,0x5b,0x32,0x5d,0x20,0x2b,0x20,0x5f,0x36,0x38,0x5b,0x32,0x5d,0x2c,0x20,0x73,
    0x6b,0x69,0x6e,0x5b,0x33,0x5d,0x20,0x2b,0x20,0x5f,0x36,0x38,0x5b,0x33,0x5d,0x29,
    0x3b,0x0a,0x20,0x20,0x20,0x20,0x7d,0x0a,0x20,0x20,0x20,0x20,0x69,0x66,0x20,0x28,
    0x73,0x6b,0x69,0x6e,0x6e,0x65,0x64,0x33,0x64,0x5f,0x76,0x73,0x5f,0x70,0x61,0x72,
    0x61,0x6d,0x73,0x5b,0x31,0x32,0x5d,0x2e,0x79,0x20,0x3e,0x3d,0x20,0x33,0x2e,0x35,
    0x29,0x0a,0x20,0x20,0x20,0x20,0x7b,0x0a,0x20,0x20,0x20,0x20,0x20,0x20,0x20,0x20,
    0x6d,0x61,0x74,0x34,0x20,0x5f,0x39,0x34,0x20,0x3d,0x20,0x6d,0x61,0x74,0x34,0x28,
    0x73,0x6b,0x69,0x6e,0x6e,0x65,0x64,0x33,0x64,0x5f,0x76,0x73,0x5f,0x70,0x61,0x72,
    0x61,0x6d,0x73,0x5b,0x69,0x6e,0x74,0x28,0x62,0x6c,0x65,0x6e,0x64,0x69,0x6e,0x64,
    0x69,0x63,0x65,0x73,0x30,0x2e,0x7a,0x29,0x20,0x2a,0x20,0x34,0x20,0x2b,0x20,0x31,
    0x35,0x5d,0x2c,0x20,0x73,0x6b,0x69,0x6e,0x6e,0x65,0x64,0x33,0x64,0x5f,0x76,0x73,
    0x5f,0x70,0x61,0x72,0x61,0x6d,0x73,0x5b,0x69,0x6e,0x74,0x28,0x62,0x6c,0x65,0x6e,
    0x64,0x69,0x6e,0x64,0x69,0x63,0x65,0x73,0x30,0x2e,0x7a,0x29,0x20,0x2a,0x20,0x34,
    0x20,0x2b,0x20,0x31,0x36,0x5d,0x2c,0x20,0x73,0x6b,0x69,0x6e,0x6e,0x65,0x64,0x33,
    0x64,0x5f,0x76,0x73,0x5f,0x70,0x61,0x72,0x61,0x6d,0x73,0x5b,0x69,0x6e,0x74,0x28,
    0x62,0x6c,0x65,0x6e,0x64,0x69,0x6e,0x64,0x69,0x63,0x65,0x73,0x30,0x2e,0x7a,0x29,
    0x20,0x2a,0x20,0x34,0x20,0x2b,0x20,0x31,0x37,0x5d,0x2c,0x20,0x73,0x6b,0x69,0x6e,
    0x6e,0x65,0x64,0x33,0x64,0x5f,0x76,0x73,0x5f,0x70,0x61,0x72,0x61,0x6d,0x73,0x5b,
    0x69,0x6e,0x74,0x28,0x62,0x6c,0x65,0x6e,0x64,0x69,0x6e,0x64,0x69,0x63,0x65,0x73,
    0x30,0x2e,0x7a,0x29,0x20,0x2a,0x20,0x34,0x20,0x2b,0x20,0x31,0x38,0x5d,0x29,0x20,
    0x2a,0x20,0x62,0x6c,0x65,0x6e,0x64,0x77,0x65,0x69,0x67,0x68,0x74,0x30,0x2e,0x7a,
    0x3b,0x0a,0x20,0x20,0x20,0x20,0x20,0x20,0x20,0x20,0x6d,0x61,0x74,0x34,0x20,0x5f,
    0x31,0x30,0x30,0x20,0x3d,0x20,0x6d,0x61,0x74,0x34,0x28,0x73,0x6b,0x69,0x6e,0x6e,
    0x65,0x64,0x33,0x64,0x5f,0x76,0x73,0x5f,0x70,0x61,0x72,0x61,0x6d,0x73,0x5b,0x69,
    0x6e,0x74,0x28,0x62,0x6c,0x65,0x6e,0x64,0x69,0x6e,0x64,0x69,0x63,0x65,0x73,0x30,
    0x2e,0x77,0x29,0x20,0x2a,0x20,0x34,0x20,0x2b,0x20,0x31,0x35,0x5d,0x2c,0x20,0x73,
    0x6b,0x69,0x6e,0x6e,0x65,0x64,0x33,0x64,0x5f,0x76,0x73,0x5f,0x70,0x61,0x72,0x61,
    0x6d,0x73,0x5b,0x69,0x6e,0x74,0x28,0x62,0x6c,0x65,0x6e,0x64,0x69,0x6e,0x64,0x69,
    0x63,0x65,0x73,0x30,0x2e,0x77,0x29,0x20,0x2a,0x20,0x34,0x20,0x2b,0x20,0x31,0x36,
    0x5d,0x2c,0x20,0x73,0x6b,0x69,0x6e,0x6e,0x65,0x64,0x33,0x64,0x5f,0x76,0x73,0x5f,
    0x70,0x61,0x72,0x61,0x6d,0x73,0x5b,0x69,0x6e,0x74,0x28,0x62,0x6c,0x65,0x6e,0x64,
    0x69,0x6e,0x64,0x69,0x63,0x65,0x73,0x30,0x2e,0x77,0x29,0x20,0x2a,0x20,0x34,0x20,
    0x2b,0x20,0x31,0x37,0x5d,0x2c,0x20,0x73,0x6b,0x69,0x6e,0x6e,0x65,0x64,0x33,0x64,
    0x5f,0x76,0x73,0x5f,0x70,0x61,0x72,0x61,0x6d,0x73,0x5b,0x69,0x6e,0x74,0x28,0x62,
    0x6c,0x65,0x6e,0x64,0x69,0x6e,0x64,0x69,0x63,0x65,0x73,0x30,0x2e,0x77,0x29,0x20,
    0x2a,0x20,0x34,0x20,0x2b,0x20,0x31,0x38,0x5d,0x29,0x20,0x2a,0x20,0x62,0x6c,0x65,
    0x6e,0x64,0x77,0x65,0x69,0x67,0x68,0x74,0x30,0x2e,0x77,0x3b,0x0a,0x20,0x20,0x20,
    0x20,0x20,0x20,0x20,0x20,0x73,0x6b,0x69,0x6e,0x20,0x3d,0x20,0x6d,0x61,0x74,0x34,
    0x28,0x73,0x6b,0x69,0x6e,0x5b,0x30,0x5d,0x20,0x2b,0x20,0x28,0x5f,0x39,0x34,0x5b,
    0x30,0x5d,0x20,0x2b,0x20,0x5f,0x31,0x30,0x30,0x5b,0x30,0x5d,0x29,0x2c,0x20,0x73,
    0x6b,0x69,0x6e,0x5b,0x31,0x5d,0x20,0x2b,0x20,0x28,0x5f,0x39,0x34,0x5b,0x31,0x5d,
    0x20,0x2b,0x20,0x5f,0x31,0x30,0x30,0x5b,0x31,0x5d,0x29,0x2c,0x20,0x73,0x6b,0x69,
    0x6e,0x5b,0x32,0x5d,0x20,0x2b,0x20,0x28,0x5f,0x39,0x34,0x5b,0x32,0x5d,0x20,0x2b,
    0x20,0x5f,0x31,0x30,0x30,0x5b,0x32,0x5d,0x29,0x2c,0x20,0x73,0x6b,0x69,0x6e,0x5b,
    0x33,0x5d,0x20,0x2b,0x20,0x28,0x5f,0x39,0x34,0x5b,0x33,0x5d,0x20,0x2b,0x20,0x5f,
    0x31,0x30,0x30,0x5b,0x33,0x5d,0x29,0x29,0x3b,0x0a,0x20,0x20,0x20,0x20,0x7d,0x0a,
    0x20,0x20,0x20,0x20,0x76,0x65,0x63,0x34,0x20,0x5f,0x31,0x34,0x30,0x20,0x3d,0x20,
    0x73,0x6b,0x69,0x6e,0x20,0x2a,0x20,0x76,0x65,0x63,0x34,0x28,0x70,0x6f,0x73,0x69,
    0x74,0x69,0x6f,0x6e,0x2c,0x20,0x31,0x2e,0x30,0x29,0x3b,0x0a,0x20,0x20,0x20,0x20,
    0x67,0x6c,0x5f,0x50,0x6f,0x73,0x69,0x74,0x69,0x6f,0x6e,0x20,0x3d,0x20,0x6d,0x61,
    0x74,0x34,0x28,0x73,0x6b,0x69,0x6e,0x6e,0x65,0x64,0x33,0x64,0x5f,0x76,0x73,0x5f,
    0x70,0x61,0x72,0x61,0x6d,0x73,0x5b,0x30,0x5d,0x2c,0x20,0x73,0x6b,0x69,0x6e,0x6e,
    0x65,0x64,0x33,0x64,0x5f,0x76,0x73,0x5f,0x70,0x61,0x72,0x61,0x6d,0x73,0x5b,0x31,
    0x5d,0x2c,0x20,0x73,0x6b,0x69,0x6e,0x6e,0x65,0x64,0x33,0x64,0x5f,0x76,0x73,0x5f,
    0x70,0x61,0x72,0x61,0x6d,0x73,0x5b,0x32,0x5d,0x2c,0x20,0x73,0x6b,0x69,0x6e,0x6e,
    0x65,0x64,0x33,0x64,0x5f,0x76,0x73,0x5f,0x70,0x61,0x72,0x61,0x6d,0x73,0x5b,0x33,
    0x5d,0x29,0x20,0x2a,0x20,0x5f,0x31,0x34,0x30,0x3b,0x0a,0x20,0x20,0x20,0x20,0x77,
    0x6f,0x72,0x6c,0x64,0x50,0x6f,0x73,0x20,0x3d,0x20,0x28,0x6d,0x61,0x74,0x34,0x28,
    0x73,0x6b,0x69,0x6e,0x6e,0x65,0x64,0x33,0x64,0x5f,0x76,0x73,0x5f,0x70,0x61,0x72,
    0x61,0x6d,0x73,0x5b,0x34,0x5d,0x2c,0x20,0x73,0x6b,0x69,0x6e,0x6e,0x65,0x64,0x33,
    0x64,0x5f,0x76,0x73,0x5f,0x70,0x61,0x72,0x61,0x6d,0x73,0x5b,0x35,0x5d,0x2c,0x20,
    0x73,0x6b,0x69,0x6e,0x6e,0x65,0x64,0x33,0x64,0x5f,0x76,0x73,0x5f,0x70,0x61,0x72,
    0x61,0x6d,0x73,0x5b,0x36,0x5d,0x2c,0x20,0x73,0x6b,0x69,0x6e,0x6e,0x65,0x64,0x33,
    0x64,0x5f,0x76,0x73,0x5f,0x70,0x61,0x72,0x61,0x6d,0x73,0x5b,0x37,0x5d,0x29,0x20,
    0x2a,0x20,0x5f,0x31,0x34,0x30,0x29,0x2e,0x78,0x79,0x7a,0x3b,0x0a,0x20,0x20,0x20,
    0x20,0x6d,0x61,0x74,0x34,0x20,0x5f,0x31,0x37,0x37,0x20,0x3d,0x20,0x6d,0x61,0x74,
    0x34,0x28,0x73,0x6b,0x69,0x6e,0x6e,0x65,0x64,0x33,0x64,0x5f,0x76,0x73,0x5f,0x70,
    0x61,0x72,0x61,0x6d,0x73,0x5b,0x38,0x5d,0x2c,0x20,0x73,0x6b,0x69,0x6e,0x6e,0x65,
    0x64,0x33,0x64,0x5f,0x76,0x73,0x5f,0x70,0x61,0x72,0x61,0x6d,0x73,0x5b,0x39,0x5d,
    0x2c,0x20,0x73,0x6b,0x69,0x6e,0x6e,0x65,0x64,0x33,0x64,0x5f,0x76,0x73,0x5f,0x70,
    0x61,0x72,0x61,0x6d,0x73,0x5b,0x31,0x30,0x5d,0x2c,0x20,0x73,0x6b,0x69,0x6e,0x6e,
    0x65,0x64,0x33,0x64,0x5f,0x76,0x73,0x5f,0x70,0x61,0x72,0x61,0x6d,0x73,0x5b,0x31,
    0x31,0x5d,0x29,0x3b,0x0a,0x20,0x20,0x20,0x20,0x77,0x6f,0x72,0x6c,0x64,0x4e,0x6f,
    0x72,0x6d,0x61,0x6c,0x20,0x3d,0x20,0x6d,0x61,0x74,0x33,0x28,0x5f,0x31,0x37,0x37,
    0x5b,0x30,0x5d,0x2e,0x78,0x79,0x7a,0x2c,0x20,0x5f,0x31,0x37,0x37,0x5b,0x31,0x5d,
    0x2e,0x78,0x79,0x7a,0x2c,0x20,0x5f,0x31,0x37,0x37,0x5b,0x32,0x5d,0x2e,0x78,0x79,
    0x7a,0x29,0x20,0x2a,0x20,0x28,0x6d,0x61,0x74,0x33,0x28,0x73,0x6b,0x69,0x6e,0x5b,
    0x30,0x5d,0x2e,0x78,0x79,0x7a,0x2c,0x20,0x73,0x6b,0x69,0x6e,0x5b,0x31,0x5d,0x2e,
    0x78,0x79,0x7a,0x2c,0x20,0x73,0x6b,0x69,0x6e,0x5b,0x32,0x5d,0x2e,0x78,0x79,0x7a,
    0x29,0x20,0x2a,0x20,0x6e,0x6f,0x72,0x6d,0x61,0x6c,0x29,0x3b,0x0a,0x20,0x20,0x20,
    0x20,0x75,0x76,0x20,0x3d,0x20,0x74,0x65,0x78,0x63,0x6f,0x6f,0x72,0x64,0x30,0x3b,
    0x0a,0x20,0x20,0x20,0x20,0x74,0x69,0x6e,0x74,0x20,0x3d,0x20,0x6d,0x69,0x78,0x28,
    0x76,0x65,0x63,0x34,0x28,0x31,0x2e,0x30,0x29,0x2c,0x20,0x63,0x6f,0x6c,0x6f,0x72,
    0x30,0x2c,0x20,0x76,0x65,0x63,0x34,0x28,0x73,0x6b,0x69,0x6e,0x6e,0x65,0x64,0x33,
    0x64,0x5f,0x76,0x73,0x5f,0x70,0x61,0x72,0x61,0x6d,0x73,0x5b,0x31,0x32,0x5d,0x2e,
    0x78,0x29,0x29,0x3b,0x0a,0x20,0x20,0x20,0x20,0x66,0x6f,0x67,0x46,0x61,0x63,0x74,
    0x6f,0x72,0x20,0x3d,0x20,0x31,0x2e,0x30,0x20,0x2d,0x20,0x63,0x6c,0x61,0x6d,0x70,
    0x28,0x64,0x6f,0x74,0x28,0x76,0x65,0x63,0x34,0x28,0x5f,0x31,0x34,0x30,0x2e,0x78,
    0x79,0x7a,0x2c,0x20,0x31,0x2e,0x30,0x29,0x2c,0x20,0x73,0x6b,0x69,0x6e,0x6e,0x65,
    0x64,0x33,0x64,0x5f,0x76,0x73,0x5f,0x70,0x61,0x72,0x61,0x6d,0x73,0x5b,0x31,0x34,
    0x5d,0x29,0x2c,0x20,0x30,0x2e,0x30,0x2c,0x20,0x31,0x2e,0x30,0x29,0x3b,0x0a,0x20,
    0x20,0x20,0x20,0x61,0x6c,0x70,0x68,0x61,0x54,0x65,0x73,0x74,0x4f,0x75,0x74,0x20,
    0x3d,0x20,0x73,0x6b,0x69,0x6e,0x6e,0x65,0x64,0x33,0x64,0x5f,0x76,0x73,0x5f,0x70,
    0x61,0x72,0x61,0x6d,0x73,0x5b,0x31,0x33,0x5d,0x3b,0x0a,0x7d,0x0a,0x0a,0x00,
};
#endif
/*
    #version 410

    uniform vec4 skinned3d_fs_params[16];
    uniform sampler2D tex_smp;

    layout(location = 0) in vec3 worldNormal;
    layout(location = 1) in vec3 worldPos;
    layout(location = 3) in vec4 tint;
    layout(location = 2) in vec2 uv;
    layout(location = 5) in vec4 alphaTestOut;
    layout(location = 4) in float fogFactor;
    layout(location = 0) out vec4 frag_color;

    void main()
    {
        vec3 _13 = normalize(worldNormal);
        vec3 _28 = normalize(skinned3d_fs_params[12].xyz - worldPos);
        float _37 = dot(_13, -skinned3d_fs_params[2].xyz);
        float _52 = dot(_13, -skinned3d_fs_params[5].xyz);
        float _66 = dot(_13, -skinned3d_fs_params[8].xyz);
        vec4 _243 = texture(tex_smp, vec2(uv.x, mix(uv.y, 1.0 - uv.y, skinned3d_fs_params[15].x))) * vec4((((((skinned3d_fs_params[1].xyz + (skinned3d_fs_params[3].xyz * max(_37, 0.0))) + (skinned3d_fs_params[6].xyz * max(_52, 0.0))) + (skinned3d_fs_params[9].xyz * max(_66, 0.0))) * skinned3d_fs_params[0].xyz) * tint.xyz) + skinned3d_fs_params[13].xyz, skinned3d_fs_params[0].w * tint.w);
        vec3 _250 = _243.xyz + (((((skinned3d_fs_params[4].xyz * pow(max(dot(normalize(_28 - skinned3d_fs_params[2].xyz), _13), 0.0) * step(0.0, _37), skinned3d_fs_params[11].w)) + (skinned3d_fs_params[7].xyz * pow(max(dot(normalize(_28 - skinned3d_fs_params[5].xyz), _13), 0.0) * step(0.0, _52), skinned3d_fs_params[11].w))) + (skinned3d_fs_params[10].xyz * pow(max(dot(normalize(_28 - skinned3d_fs_params[8].xyz), _13), 0.0) * step(0.0, _66), skinned3d_fs_params[11].w))) * skinned3d_fs_params[11].xyz) * _243.w);
        vec4 _327 = _243;
        _327.x = _250.x;
        _327.y = _250.y;
        _327.z = _250.z;
        vec4 c = _327;
        float _264;
        if (alphaTestOut.y > 0.0)
        {
            float _276;
            if (abs(c.w - alphaTestOut.x) < alphaTestOut.y)
            {
                _276 = alphaTestOut.z;
            }
            else
            {
                _276 = alphaTestOut.w;
            }
            _264 = _276;
        }
        else
        {
            float _291;
            if (c.w < alphaTestOut.x)
            {
                _291 = alphaTestOut.z;
            }
            else
            {
                _291 = alphaTestOut.w;
            }
            _264 = _291;
        }
        if (_264 < 0.0)
        {
            discard;
        }
        vec4 _310 = c;
        vec3 _315 = mix(skinned3d_fs_params[14].xyz, _310.xyz, vec3(fogFactor));
        vec4 _335 = _310;
        _335.x = _315.x;
        _335.y = _315.y;
        _335.z = _315.z;
        c = _335;
        frag_color = _335;
    }

*/
#if defined(SOKOL_GLCORE)
static const uint8_t cna_skinned3d_fs_source_glsl410[2411] = {
    0x23,0x76,0x65,0x72,0x73,0x69,0x6f,0x6e,0x20,0x34,0x31,0x30,0x0a,0x0a,0x75,0x6e,
    0x69,0x66,0x6f,0x72,0x6d,0x20,0x76,0x65,0x63,0x34,0x20,0x73,0x6b,0x69,0x6e,0x6e,
    0x65,0x64,0x33,0x64,0x5f,0x66,0x73,0x5f,0x70,0x61,0x72,0x61,0x6d,0x73,0x5b,0x31,
    0x36,0x5d,0x3b,0x0a,0x75,0x6e,0x69,0x66,0x6f,0x72,0x6d,0x20,0x73,0x61,0x6d,0x70,
    0x6c,0x65,0x72,0x32,0x44,0x20,0x74,0x65,0x78,0x5f,0x73,0x6d,0x70,0x3b,0x0a,0x0a,
    0x6c,0x61,0x79,0x6f,0x75,0x74,0x28,0x6c,0x6f,0x63,0x61,0x74,0x69,0x6f,0x6e,0x20,
    0x3d,0x20,0x30,0x29,0x20,0x69,0x6e,0x20,0x76,0x65,0x63,0x33,0x20,0x77,0x6f,0x72,
    0x6c,0x64,0x4e,0x6f,0x72,0x6d,0x61,0x6c,0x3b,0x0a,0x6c,0x61,0x79,0x6f,0x75,0x74,
    0x28,0x6c,0x6f,0x63,0x61,0x74,0x69,0x6f,0x6e,0x20,0x3d,0x20,0x31,0x29,0x20,0x69,
    0x6e,0x20,0x76,0x65,0x63,0x33,0x20,0x77,0x6f,0x72,0x6c,0x64,0x50,0x6f,0x73,0x3b,
    0x0a,0x6c,0x61,0x79,0x6f,0x75,0x74,0x28,0x6c,0x6f,0x63,0x61,0x74,0x69,0x6f,0x6e,
    0x20,0x3d,0x20,0x33,0x29,0x20,0x69,0x6e,0x20,0x76,0x65,0x63,0x34,0x20,0x74,0x69,
    0x6e,0x74,0x3b,0x0a,0x6c,0x61,0x79,0x6f,0x75,0x74,0x28,0x6c,0x6f,0x63,0x61,0x74,
    0x69,0x6f,0x6e,0x20,0x3d,0x20,0x32,0x29,0x20,0x69,0x6e,0x20,0x76,0x65,0x63,0x32,
    0x20,0x75,0x76,0x3b,0x0a,0x6c,0x61,0x79,0x6f,0x75,0x74,0x28,0x6c,0x6f,0x63,0x61,
    0x74,0x69,0x6f,0x6e,0x20,0x3d,0x20,0x35,0x29,0x20,0x69,0x6e,0x20,0x76,0x65,0x63,
    0x34,0x20,0x61,0x6c,0x70,0x68,0x61,0x54,0x65,0x73,0x74,0x4f,0x75,0x74,0x3b,0x0a,
    0x6c,0x61,0x79,0x6f,0x75,0x74,0x28,0x6c,0x6f,0x63,0x61,0x74,0x69,0x6f,0x6e,0x20,
    0x3d,0x20,0x34,0x29,0x20,0x69,0x6e,0x20,0x66,0x6c,0x6f,0x61,0x74,0x20,0x66,0x6f,
    0x67,0x46,0x61,0x63,0x74,0x6f,0x72,0x3b,0x0a,0x6c,0x61,0x79,0x6f,0x75,0x74,0x28,
    0x6c,0x6f,0x63,0x61,0x74,0x69,0x6f,0x6e,0x20,0x3d,0x20,0x30,0x29,0x20,0x6f,0x75,
    0x74,0x20,0x76,0x65,0x63,0x34,0x20,0x66,0x72,0x61,0x67,0x5f,0x63,0x6f,0x6c,0x6f,
    0x72,0x3b,0x0a,0x0a,0x76,0x6f,0x69,0x64,0x20,0x6d,0x61,0x69,0x6e,0x28,0x29,0x0a,
    0x7b,0x0a,0x20,0x20,0x20,0x20,0x76,0x65,0x63,0x33,0x20,0x5f,0x31,0x33,0x20,0x3d,
    0x20,0x6e,0x6f,0x72,0x6d,0x61,0x6c,0x69,0x7a,0x65,0x28,0x77,0x6f,0x72,0x6c,0x64,
    0x4e,0x6f,0x72,0x6d,0x61,0x6c,0x29,0x3b,0x0a,0x20,0x20,0x20,0x20,0x76,0x65,0x63,
    0x33,0x20,0x5f,0x32,0x38,0x20,0x3d,0x20,0x6e,0x6f,0x72,0x6d,0x61,0x6c,0x69,0x7a,
    0x65,0x28,0x73,0x6b,0x69,0x6e,0x6e,0x65,0x64,0x33,0x64,0x5f,0x66,0x73,0x5f,0x70,
    0x61,0x72,0x61,0x6d,0x73,0x5b,0x31,0x32,0x5d,0x2e,0x78,0x79,0x7a,0x20,0x2d,0x20,
    0x77,0x6f,0x72,0x6c,0x64,0x50,0x6f,0x73,0x29,0x3b,0x0a,0x20,0x20,0x20,0x20,0x66,
    0x6c,0x6f,0x61,0x74,0x20,0x5f,0x33,0x37,0x20,0x3d,0x20,0x64,0x6f,0x74,0x28,0x5f,
    0x31,0x33,0x2c,0x20,0x2d,0x73,0x6b,0x69,0x6e,0x6e,0x65,0x64,0x33,0x64,0x5f,0x66,
    0x73,0x5f,0x70,0x61,0x72,0x61,0x6d,0x73,0x5b,0x32,0x5d,0x2e,0x78,0x79,0x7a,0x29,
    0x3b,0x0a,0x20,0x20,0x20,0x20,0x66,0x6c,0x6f,0x61,0x74,0x20,0x5f,0x35,0x32,0x20,
    0x3d,0x20,0x64,0x6f,0x74,0x28,0x5f,0x31,0x33,0x2c,0x20,0x2d,0x73,0x6b,0x69,0x6e,
    0x6e,0x65,0x64,0x33,0x64,0x5f,0x66,0x73,0x5f,0x70,0x61,0x72,0x61,0x6d,0x73,0x5b,
    0x35,0x5d,0x2e,0x78,0x79,0x7a,0x29,0x3b,0x0a,0x20,0x20,0x20,0x20,0x66,0x6c,0x6f,
    0x61,0x74,0x20,0x5f,0x36,0x36,0x20,0x3d,0x20,0x64,0x6f,0x74,0x28,0x5f,0x31,0x33,
    0x2c,0x20,0x2d,0x73,0x6b,0x69,0x6e,0x6e,0x65,0x64,0x33,0x64,0x5f,0x66,0x73,0x5f,
    0x70,0x61,0x72,0x61,0x6d,0x73,0x5b,0x38,0x5d,0x2e,0x78,0x79,0x7a,0x29,0x3b,0x0a,
    0x20,0x20,0x20,0x20,0x76,0x65,0x63,0x34,0x20,0x5f,0x32,0x34,0x33,0x20,0x3d,0x20,
    0x74,0x65,0x78,0x74,0x75,0x72,0x65,0x28,0x74,0x65,0x78,0x5f,0x73,0x6d,0x70,0x2c,
    0x20,0x76,0x65,0x63,0x32,0x28,0x75,0x76,0x2e,0x78,0x2c,0x20,0x6d,0x69,0x78,0x28,
    0x75,0x76,0x2e,0x79,0x2c,0x20,0x31,0x2e,0x30,0x20,0x2d,0x20,0x75,0x76,0x2e,0x79,
    0x2c,0x20,0x73,0x6b,0x69,0x6e,0x6e,0x65,0x64,0x33,0x64,0x5f,0x66,0x73,0x5f,0x70,
    0x61,0x72,0x61,0x6d,0x73,0x5b,0x31,0x35,0x5d,0x2e,0x78,0x29,0x29,0x29,0x20,0x2a,
    0x20,0x76,0x65,0x63,0x34,0x28,0x28,0x28,0x28,0x28,0x28,0x73,0x6b,0x69,0x6e,0x6e,
    0x65,0x64,0x33,0x64,0x5f,0x66,0x73,0x5f,0x70,0x61,0x72,0x61,0x6d,0x73,0x5b,0x31,
    0x5d,0x2e,0x78,0x79,0x7a,0x20,0x2b,0x20,0x28,0x73,0x6b,0x69,0x6e,0x6e,0x65,0x64,
    0x33,0x64,0x5f,0x66,0x73,0x5f,0x70,0x61,0x72,0x61,0x6d,0x73,0x5b,0x33,0x5d,0x2e,
    0x78,0x79,0x7a,0x20,0x2a,0x20,0x6d,0x61,0x78,0x28,0x5f,0x33,0x37,0x2c,0x20,0x30,
    0x2e,0x30,0x29,0x29,0x29,0x20,0x2b,0x20,0x28,0x73,0x6b,0x69,0x6e,0x6e,0x65,0x64,
    0x33,0x64,0x5f,0x66,0x73,0x5f,0x70,0x61,0x72,0x61,0x6d,0x73,0x5b,0x36,0x5d,0x2e,
    0x78,0x79,0x7a,0x20,0x2a,0x20,0x6d,0x61,0x78,0x28,0x5f,0x35,0x32,0x2c,0x20,0x30,
    0x2e,0x30,0x29,0x29,0x29,0x20,0x2b,0x20,0x28,0x73,0x6b,0x69,0x6e,0x6e,0x65,0x64,
    0x33,0x64,0x5f,0x66,0x73,0x5f,0x70,0x61,0x72,0x61,0x6d,0x73,0x5b,0x39,0x5d,0x2e,
    0x78,0x79,0x7a,0x20,0x2a,0x20,0x6d,0x61,0x78,0x28,0x5f,0x36,0x36,0x2c,0x20,0x30,
    0x2e,0x30,0x29,0x29,0x29,0x20,0x2a,0x20,0x73,0x6b,0x69,0x6e,0x6e,0x65,0x64,0x33,
    0x64,0x5f,0x66,0x73,0x5f,0x70,0x61,0x72,0x61,0x6d,0x73,0x5b,0x30,0x5d,0x2e,0x78,
    0x79,0x7a,0x29,0x20,0x2a,0x20,0x74,0x69,0x6e,0x74,0x2e,0x78,0x79,0x7a,0x29,0x20,
    0x2b,0x20,0x73,0x6b,0x69,0x6e,0x6e,0x65,0x64,0x33,0x64,0x5f,0x66,0x73,0x5f,0x70,
    0x61,0x72,0x61,0x6d,0x73,0x5b,0x31,0x33,0x5d,0x2e,0x78,0x79,0x7a,0x2c,0x20,0x73,
    0x6b,0x69,0x6e,0x6e,0x65,0x64,0x33,0x64,0x5f,0x66,0x73,0x5f,0x70,0x61,0x72,0x61,
    0x6d,0x73,0x5b,0x30,0x5d,0x2e,0x77,0x20,0x2a,0x20,0x74,0x69,0x6e,0x74,0x2e,0x77,
    0x29,0x3b,0x0a,0x20,0x20,0x20,0x20,0x76,0x65,0x63,0x33,0x20,0x5f,0x32,0x35,0x30,
    0x20,0x3d,0x20,0x5f,0x32,0x34,0x33,0x2e,0x78,0x79,0x7a,0x20,0x2b,0x20,0x28,0x28,
    0x28,0x28,0x28,0x73,0x6b,0x69,0x6e,0x6e,0x65,0x64,0x33,0x64,0x5f,0x66,0x73,0x5f,
    0x70,0x61,0x72,0x61,0x6d,0x73,0x5b,0x34,0x5d,0x2e,0x78,0x79,0x7a,0x20,0x2a,0x20,
    0x70,0x6f,0x77,0x28,0x6d,0x61,0x78,0x28,0x64,0x6f,0x74,0x28,0x6e,0x6f,0x72,0x6d,
    0x61,0x6c,0x69,0x7a,0x65,0x28,0x5f,0x32,0x38,0x20,0x2d,0x20,0x73,0x6b,0x69,0x6e,
    0x6e,0x65,0x64,0x33,0x64,0x5f,0x66,0x73,0x5f,0x70,0x61,0x72,0x61,0x6d,0x73,0x5b,
    0x32,0x5d,0x2e,0x78,0x79,0x7a,0x29,0x2c,0x20,0x5f,0x31,0x33,0x29,0x2c,0x20,0x30,
    0x2e,0x30,0x29,0x20,0x2a,0x20,0x73,0x74,0x65,0x70,0x28,0x30,0x2e,0x30,0x2c,0x20,
    0x5f,0x33,0x37,0x29,0x2c,0x20,0x73,0x6b,0x69,0x6e,0x6e,0x65,0x64,0x33,0x64,0x5f,
    0x66,0x73,0x5f,0x70,0x61,0x72,0x61,0x6d,0x73,0x5b,0x31,0x31,0x5d,0x2e,0x77,0x29,
    0x29,0x20,0x2b,0x20,0x28,0x73,0x6b,0x69,0x6e,0x6e,0x65,0x64,0x33,0x64,0x5f,0x66,
    0x73,0x5f,0x70,0x61,0x72,0x61,0x6d,0x73,0x5b,0x37,0x5d,0x2e,0x78,0x79,0x7a,0x20,
    0x2a,0x20,0x70,0x6f,0x77,0x28,0x6d,0x61,0x78,0x28,0x64,0x6f,0x74,0x28,0x6e,0x6f,
    0x72,0x6d,0x61,0x6c,0x69,0x7a,0x65,0x28,0x5f,0x32,0x38,0x20,0x2d,0x20,0x73,0x6b,
    0x69,0x6e,0x6e,0x65,0x64,0x33,0x64,0x5f,0x66,0x73,0x5f,0x70,0x61,0x72,0x61,0x6d,
    0x73,0x5b,0x35,0x5d,0x2e,0x78,0x79,0x7a,0x29,0x2c,0x20,0x5f,0x31,0x33,0x29,0x2c,
    0x20,0x30,0x2e,0x30,0x29,0x20,0x2a,0x20,0x73,0x74,0x65,0x70,0x28,0x30,0x2e,0x30,
    0x2c,0x20,0x5f,0x35,0x32,0x29,0x2c,0x20,0x73,0x6b,0x69,0x6e,0x6e,0x65,0x64,0x33,
    0x64,0x5f,0x66,0x73,0x5f,0x70,0x61,0x72,0x61,0x6d,0x73,0x5b,0x31,0x31,0x5d,0x2e,
    0x77,0x29,0x29,0x29,0x20,0x2b,0x20,0x28,0x73,0x6b,0x69,0x6e,0x6e,0x65,0x64,0x33,
    0x64,0x5f,0x66,0x73,0x5f,0x70,0x61,0x72,0x61,0x6d,0x73,0x5b,0x31,0x30,0x5d,0x2e,
    0x78,0x79,0x7a,0x20,0x2a,0x20,0x70,0x6f,0x77,0x28,0x6d,0x61,0x78,0x28,0x64,0x6f,
    0x74,0x28,0x6e,0x6f,0x72,0x6d,0x61,0x6c,0x69,0x7a,0x65,0x28,0x5f,0x32,0x38,0x20,
    0x2d,0x20,0x73,0x6b,0x69,0x6e,0x6e,0x65,0x64,0x33,0x64,0x5f,0x66,0x73,0x5f,0x70,
    0x61,0x72,0x61,0x6d,0x73,0x5b,0x38,0x5d,0x2e,0x78,0x79,0x7a,0x29,0x2c,0x20,0x5f,
    0x31,0x33,0x29,0x2c,0x20,0x30,0x2e,0x30,0x29,0x20,0x2a,0x20,0x73,0x74,0x65,0x70,
    0x28,0x30,0x2e,0x30,0x2c,0x20,0x5f,0x36,0x36,0x29,0x2c,0x20,0x73,0x6b,0x69,0x6e,
    0x6e,0x65,0x64,0x33,0x64,0x5f,0x66,0x73,0x5f,0x70,0x61,0x72,0x61,0x6d,0x73,0x5b,
    0x31,0x31,0x5d,0x2e,0x77,0x29,0x29,0x29,0x20,0x2a,0x20,0x73,0x6b,0x69,0x6e,0x6e,
    0x65,0x64,0x33,0x64,0x5f,0x66,0x73,0x5f,0x70,0x61,0x72,0x61,0x6d,0x73,0x5b,0x31,
    0x31,0x5d,0x2e,0x78,0x79,0x7a,0x29,0x20,0x2a,0x20,0x5f,0x32,0x34,0x33,0x2e,0x77,
    0x29,0x3b,0x0a,0x20,0x20,0x20,0x20,0x76,0x65,0x63,0x34,0x20,0x5f,0x33,0x32,0x37,
    0x20,0x3d,0x20,0x5f,0x32,0x34,0x33,0x3b,0x0a,0x20,0x20,0x20,0x20,0x5f,0x33,0x32,
    0x37,0x2e,0x78,0x20,0x3d,0x20,0x5f,0x32,0x35,0x30,0x2e,0x78,0x3b,0x0a,0x20,0x20,
    0x20,0x20,0x5f,0x33,0x32,0x37,0x2e,0x79,0x20,0x3d,0x20,0x5f,0x32,0x35,0x30,0x2e,
    0x79,0x3b,0x0a,0x20,0x20,0x20,0x20,0x5f,0x33,0x32,0x37,0x2e,0x7a,0x20,0x3d,0x20,
    0x5f,0x32,0x35,0x30,0x2e,0x7a,0x3b,0x0a,0x20,0x20,0x20,0x20,0x76,0x65,0x63,0x34,
    0x20,0x63,0x20,0x3d,0x20,0x5f,0x33,0x32,0x37,0x3b,0x0a,0x20,0x20,0x20,0x20,0x66,
    0x6c,0x6f,0x61,0x74,0x20,0x5f,0x32,0x36,0x34,0x3b,0x0a,0x20,0x20,0x20,0x20,0x69,
    0x66,0x20,0x28,0x61,0x6c,0x70,0x68,0x61,0x54,0x65,0x73,0x74,0x4f,0x75,0x74,0x2e,
    0x79,0x20,0x3e,0x20,0x30,0x2e,0x30,0x29,0x0a,0x20,0x20,0x20,0x20,0x7b,0x0a,0x20,
    0x20,0x20,0x20,0x20,0x20,0x20,0x20,0x66,0x6c,0x6f,0x61,0x74,0x20,0x5f,0x32,0x37,
    0x36,0x3b,0x0a,0x20,0x20,0x20,0x20,0x20,0x20,0x20,0x20,0x69,0x66,0x20,0x28,0x61,
    0x62,0x73,0x28,0x63,0x2e,0x77,0x20,0x2d,0x20,0x61,0x6c,0x70,0x68,0x61,0x54,0x65,
    0x73,0x74,0x4f,0x75,0x74,0x2e,0x78,0x29,0x20,0x3c,0x20,0x61,0x6c,0x70,0x68,0x61,
    0x54,0x65,0x73,0x74,0x4f,0x75,0x74,0x2e,0x79,0x29,0x0a,0x20,0x20,0x20,0x20,0x20,
    0x20,0x20,0x20,0x7b,0x0a,0x20,0x20,0x20,0x20,0x20,0x20,0x20,0x20,0x20,0x20,0x20,
    0x20,0x5f,0x32,0x37,0x36,0x20,0x3d,0x20,0x61,0x6c,0x70,0x68,0x61,0x54,0x65,0x73,
    0x74,0x4f,0x75,0x74,0x2e,0x7a,0x3b,0x0a,0x20,0x20,0x20,0x20,0x20,0x20,0x20,0x20,
    0x7d,0x0a,0x20,0x20,0x20,0x20,0x20,0x20,0x20,0x20,0x65,0x6c,0x73,0x65,0x0a,0x20,
    0x20,0x20,0x20,0x20,0x20,0x20,0x20,0x7b,0x0a,0x20,0x20,0x20,0x20,0x20,0x20,0x20,
    0x20,0x20,0x20,0x20,0x20,0x5f,0x32,0x37,0x36,0x20,0x3d,0x20,0x61,0x6c,0x70,0x68,
    0x61,0x54,0x65,0x73,0x74,0x4f,0x75,0x74,0x2e,0x77,0x3b,0x0a,0x20,0x20,0x20,0x20,
    0x20,0x20,0x20,0x20,0x7d,0x0a,0x20,0x20,0x20,0x20,0x20,0x20,0x20,0x20,0x5f,0x32,
    0x36,0x34,0x20,0x3d,0x20,0x5f,0x32,0x37,0x36,0x3b,0x0a,0x20,0x20,0x20,0x20,0x7d,
    0x0a,0x20,0x20,0x20,0x20,0x65,0x6c,0x73,0x65,0x0a,0x20,0x20,0x20,0x20,0x7b,0x0a,
    0x20,0x20,0x20,0x20,0x20,0x20,0x20,0x20,0x66,0x6c,0x6f,0x61,0x74,0x20,0x5f,0x32,
    0x39,0x31,0x3b,0x0a,0x20,0x20,0x20,0x20,0x20,0x20,0x20,0x20,0x69,0x66,0x20,0x28,
    0x63,0x2e,0x77,0x20,0x3c,0x20,0x61,0x6c,0x70,0x68,0x61,0x54,0x65,0x73,0x74,0x4f,
    0x75,0x74,0x2e,0x78,0x29,0x0a,0x20,0x20,0x20,0x20,0x20,0x20,0x20,0x20,0x7b,0x0a,
    0x20,0x20,0x20,0x20,0x20,0x20,0x20,0x20,0x20,0x20,0x20,0x20,0x5f,0x32,0x39,0x31,
    0x20,0x3d,0x20,0x61,0x6c,0x70,0x68,0x61,0x54,0x65,0x73,0x74,0x4f,0x75,0x74,0x2e,
    0x7a,0x3b,0x0a,0x20,0x20,0x20,0x20,0x20,0x20,0x20,0x20,0x7d,0x0a,0x20,0x20,0x20,
    0x20,0x20,0x20,0x20,0x20,0x65,0x6c,0x73,0x65,0x0a,0x20,0x20,0x20,0x20,0x20,0x20,
    0x20,0x20,0x7b,0x0a,0x20,0x20,0x20,0x20,0x20,0x20,0x20,0x20,0x20,0x20,0x20,0x20,
    0x5f,0x32,0x39,0x31,0x20,0x3d,0x20,0x61,0x6c,0x70,0x68,0x61,0x54,0x65,0x73,0x74,
    0x4f,0x75,0x74,0x2e,0x77,0x3b,0x0a,0x20,0x20,0x20,0x20,0x20,0x20,0x20,0x20,0x7d,
    0x0a,0x20,0x20,0x20,0x20,0x20,0x20,0x20,0x20,0x5f,0x32,0x36,0x34,0x20,0x3d,0x20,
    0x5f,0x32,0x39,0x31,0x3b,0x0a,0x20,0x20,0x20,0x20,0x7d,0x0a,0x20,0x20,0x20,0x20,
    0x69,0x66,0x20,0x28,0x5f,0x32,0x36,0x34,0x20,0x3c,0x20,0x30,0x2e,0x30,0x29,0x0a,
    0x20,0x20,0x20,0x20,0x7b,0x0a,0x20,0x20,0x20,0x20,0x20,0x20,0x20,0x20,0x64,0x69,
    0x73,0x63,0x61,0x72,0x64,0x3b,0x0a,0x20,0x20,0x20,0x20,0x7d,0x0a,0x20,0x20,0x20,
    0x20,0x76,0x65,0x63,0x34,0x20,0x5f,0x33,0x31,0x30,0x20,0x3d,0x20,0x63,0x3b,0x0a,
    0x20,0x20,0x20,0x20,0x76,0x65,0x63,0x33,0x20,0x5f,0x33,0x31,0x35,0x20,0x3d,0x20,
    0x6d,0x69,0x78,0x28,0x73,0x6b,0x69,0x6e,0x6e,0x65,0x64,0x33,0x64,0x5f,0x66,0x73,
    0x5f,0x70,0x61,0x72,0x61,0x6d,0x73,0x5b,0x31,0x34,0x5d,0x2e,0x78,0x79,0x7a,0x2c,
    0x20,0x5f,0x33,0x31,0x30,0x2e,0x78,0x79,0x7a,0x2c,0x20,0x76,0x65,0x63,0x33,0x28,
    0x66,0x6f,0x67,0x46,0x61,0x63,0x74,0x6f,0x72,0x29,0x29,0x3b,0x0a,0x20,0x20,0x20,
    0x20,0x76,0x65,0x63,0x34,0x20,0x5f,0x33,0x33,0x35,0x20,0x3d,0x20,0x5f,0x33,0x31,
    0x30,0x3b,0x0a,0x20,0x20,0x20,0x20,0x5f,0x33,0x33,0x35,0x2e,0x78,0x20,0x3d,0x20,
    0x5f,0x33,0x31,0x35,0x2e,0x78,0x3b,0x0a,0x20,0x20,0x20,0x20,0x5f,0x33,0x33,0x35,
    0x2e,0x79,0x20,0x3d,0x20,0x5f,0x33,0x31,0x35,0x2e,0x79,0x3b,0x0a,0x20,0x20,0x20,
    0x20,0x5f,0x33,0x33,0x35,0x2e,0x7a,0x20,0x3d,0x20,0x5f,0x33,0x31,0x35,0x2e,0x7a,
    0x3b,0x0a,0x20,0x20,0x20,0x20,0x63,0x20,0x3d,0x20,0x5f,0x33,0x33,0x35,0x3b,0x0a,
    0x20,0x20,0x20,0x20,0x66,0x72,0x61,0x67,0x5f,0x63,0x6f,0x6c,0x6f,0x72,0x20,0x3d,
    0x20,0x5f,0x33,0x33,0x35,0x3b,0x0a,0x7d,0x0a,0x0a,0x00,
};
#endif
/*
    #version 300 es

    uniform vec4 skinned3d_vs_params[303];
    layout(location = 4) in uvec4 blendindices0;
    layout(location = 3) in vec4 blendweight0;
    layout(location = 0) in vec3 position;
    layout(location = 1) in vec3 normal;
    out vec3 worldPos;
    out vec3 worldNormal;
    out vec2 uv;
    layout(location = 2) in vec2 texcoord0;
    out vec4 tint;
    layout(location = 5) in vec4 color0;
    out float fogFactor;
    out vec4 alphaTestOut;

    void main()
    {
        mat4 skin = mat4(skinned3d_vs_params[int(blendindices0.x) * 4 + 15], skinned3d_vs_params[int(blendindices0.x) * 4 + 16], skinned3d_vs_params[int(blendindices0.x) * 4 + 17], skinned3d_vs_params[int(blendindices0.x) * 4 + 18]) * blendweight0.x;
        if (skinned3d_vs_params[12].y >= 1.5)
        {
            mat4 _68 = mat4(skinned3d_vs_params[int(blendindices0.y) * 4 + 15], skinned3d_vs_params[int(blendindices0.y) * 4 + 16], skinned3d_vs_params[int(blendindices0.y) * 4 + 17], skinned3d_vs_params[int(blendindices0.y) * 4 + 18]) * blendweight0.y;
            skin = mat4(skin[0] + _68[0], skin[1] + _68[1], skin[2] + _68[2], skin[3] + _68[3]);
        }
        if (skinned3d_vs_params[12].y >= 3.5)
        {
            mat4 _94 = mat4(skinned3d_vs_params[int(blendindices0.z) * 4 + 15], skinned3d_vs_params[int(blendindices0.z) * 4 + 16], skinned3d_vs_params[int(blendindices0.z) * 4 + 17], skinned3d_vs_params[int(blendindices0.z) * 4 + 18]) * blendweight0.z;
            mat4 _100 = mat4(skinned3d_vs_params[int(blendindices0.w) * 4 + 15], skinned3d_vs_params[int(blendindices0.w) * 4 + 16], skinned3d_vs_params[int(blendindices0.w) * 4 + 17], skinned3d_vs_params[int(blendindices0.w) * 4 + 18]) * blendweight0.w;
            skin = mat4(skin[0] + (_94[0] + _100[0]), skin[1] + (_94[1] + _100[1]), skin[2] + (_94[2] + _100[2]), skin[3] + (_94[3] + _100[3]));
        }
        vec4 _140 = skin * vec4(position, 1.0);
        gl_Position = mat4(skinned3d_vs_params[0], skinned3d_vs_params[1], skinned3d_vs_params[2], skinned3d_vs_params[3]) * _140;
        worldPos = (mat4(skinned3d_vs_params[4], skinned3d_vs_params[5], skinned3d_vs_params[6], skinned3d_vs_params[7]) * _140).xyz;
        mat4 _177 = mat4(skinned3d_vs_params[8], skinned3d_vs_params[9], skinned3d_vs_params[10], skinned3d_vs_params[11]);
        worldNormal = mat3(_177[0].xyz, _177[1].xyz, _177[2].xyz) * (mat3(skin[0].xyz, skin[1].xyz, skin[2].xyz) * normal);
        uv = texcoord0;
        tint = mix(vec4(1.0), color0, vec4(skinned3d_vs_params[12].x));
        fogFactor = 1.0 - clamp(dot(vec4(_140.xyz, 1.0), skinned3d_vs_params[14]), 0.0, 1.0);
        alphaTestOut = skinned3d_vs_params[13];
    }

*/
#if defined(SOKOL_GLES3)
static const uint8_t cna_skinned3d_vs_source_glsl300es[2532] = {
    0x23,0x76,0x65,0x72,0x73,0x69,0x6f,0x6e,0x20,0x33,0x30,0x30,0x20,0x65,0x73,0x0a,
    0x0a,0x75,0x6e,0x69,0x66,0x6f,0x72,0x6d,0x20,0x76,0x65,0x63,0x34,0x20,0x73,0x6b,
    0x69,0x6e,0x6e,0x65,0x64,0x33,0x64,0x5f,0x76,0x73,0x5f,0x70,0x61,0x72,0x61,0x6d,
    0x73,0x5b,0x33,0x30,0x33,0x5d,0x3b,0x0a,0x6c,0x61,0x79,0x6f,0x75,0x74,0x28,0x6c,
    0x6f,0x63,0x61,0x74,0x69,0x6f,0x6e,0x20,0x3d,0x20,0x34,0x29,0x20,0x69,0x6e,0x20,
    0x75,0x76,0x65,0x63,0x34,0x20,0x62,0x6c,0x65,0x6e,0x64,0x69,0x6e,0x64,0x69,0x63,
    0x65,0x73,0x30,0x3b,0x0a,0x6c,0x61,0x79,0x6f,0x75,0x74,0x28,0x6c,0x6f,0x63,0x61,
    0x74,0x69,0x6f,0x6e,0x20,0x3d,0x20,0x33,0x29,0x20,0x69,0x6e,0x20,0x76,0x65,0x63,
    0x34,0x20,0x62,0x6c,0x65,0x6e,0x64,0x77,0x65,0x69,0x67,0x68,0x74,0x30,0x3b,0x0a,
    0x6c,0x61,0x79,0x6f,0x75,0x74,0x28,0x6c,0x6f,0x63,0x61,0x74,0x69,0x6f,0x6e,0x20,
    0x3d,0x20,0x30,0x29,0x20,0x69,0x6e,0x20,0x76,0x65,0x63,0x33,0x20,0x70,0x6f,0x73,
    0x69,0x74,0x69,0x6f,0x6e,0x3b,0x0a,0x6c,0x61,0x79,0x6f,0x75,0x74,0x28,0x6c,0x6f,
    0x63,0x61,0x74,0x69,0x6f,0x6e,0x20,0x3d,0x20,0x31,0x29,0x20,0x69,0x6e,0x20,0x76,
    0x65,0x63,0x33,0x20,0x6e,0x6f,0x72,0x6d,0x61,0x6c,0x3b,0x0a,0x6f,0x75,0x74,0x20,
    0x76,0x65,0x63,0x33,0x20,0x77,0x6f,0x72,0x6c,0x64,0x50,0x6f,0x73,0x3b,0x0a,0x6f,
    0x75,0x74,0x20,0x76,0x65,0x63,0x33,0x20,0x77,0x6f,0x72,0x6c,0x64,0x4e,0x6f,0x72,
    0x6d,0x61,0x6c,0x3b,0x0a,0x6f,0x75,0x74,0x20,0x76,0x65,0x63,0x32,0x20,0x75,0x76,
    0x3b,0x0a,0x6c,0x61,0x79,0x6f,0x75,0x74,0x28,0x6c,0x6f,0x63,0x61,0x74,0x69,0x6f,
    0x6e,0x20,0x3d,0x20,0x32,0x29,0x20,0x69,0x6e,0x20,0x76,0x65,0x63,0x32,0x20,0x74,
    0x65,0x78,0x63,0x6f,0x6f,0x72,0x64,0x30,0x3b,0x0a,0x6f,0x75,0x74,0x20,0x76,0x65,
    0x63,0x34,0x20,0x74,0x69,0x6e,0x74,0x3b,0x0a,0x6c,0x61,0x79,0x6f,0x75,0x74,0x28,
    0x6c,0x6f,0x63,0x61,0x74,0x69,0x6f,0x6e,0x20,0x3d,0x20,0x35,0x29,0x20,0x69,0x6e,
    0x20,0x76,0x65,0x63,0x34,0x20,0x63,0x6f,0x6c,0x6f,0x72,0x30,0x3b,0x0a,0x6f,0x75,
    0x74,0x20,0x66,0x6c,0x6f,0x61,0x74,0x20,0x66,0x6f,0x67,0x46,0x61,0x63,0x74,0x6f,
    0x72,0x3b,0x0a,0x6f,0x75,0x74,0x20,0x76,0x65,0x63,0x34,0x20,0x61,0x6c,0x70,0x68,
    0x61,0x54,0x65,0x73,0x74,0x4f,0x75,0x74,0x3b,0x0a,0x0a,0x76,0x6f,0x69,0x64,0x20,
    0x6d,0x61,0x69,0x6e,0x28,0x29,0x0a,0x7b,0x0a,0x20,0x20,0x20,0x20,0x6d,0x61,0x74,
    0x34,0x20,0x73,0x6b,0x69,0x6e,0x20,0x3d,0x20,0x6d,0x61,0x74,0x34,0x28,0x73,0x6b,
    0x69,0x6e,0x6e,0x65,0x64,0x33,0x64,0x5f,0x76,0x73,0x5f,0x70,0x61,0x72,0x61,0x6d,
    0x73,0x5b,0x69,0x6e,0x74,0x28,0x62,0x6c,0x65,0x6e,0x64,0x69,0x6e,0x64,0x69,0x63,
    0x65,0x73,0x30,0x2e,0x78,0x29,0x20,0x2a,0x20,0x34,0x20,0x2b,0x20,0x31,0x35,0x5d,
    0x2c,0x20,0x73,0x6b,0x69,0x6e,0x6e,0x65,0x64,0x33,0x64,0x5f,0x76,0x73,0x5f,0x70,
    0x61,0x72,0x61,0x6d,0x73,0x5b,0x69,0x6e,0x74,0x28,0x62,0x6c,0x65,0x6e,0x64,0x69,
    0x6e,0x64,0x69,0x63,0x65,0x73,0x30,0x2e,0x78,0x29,0x20,0x2a,0x20,0x34,0x20,0x2b,
    0x20,0x31,0x36,0x5d,0x2c,0x20,0x73,0x6b,0x69,0x6e,0x6e,0x65,0x64,0x33,0x64,0x5f,
    0x76,0x73,0x5f,0x70,0x61,0x72,0x61,0x6d,0x73,0x5b,0x69,0x6e,0x74,0x28,0x62,0x6c,
    0x65,0x6e,0x64,0x69,0x6e,0x64,0x69,0x63,0x65,0x73,0x30,0x2e,0x78,0x29,0x20,0x2a,
    0x20,0x34,0x20,0x2b,0x20,0x31,0x37,0x5d,0x2c,0x20,0x73,0x6b,0x69,0x6e,0x6e,0x65,
    0x64,0x33,0x64,0x5f,0x76,0x73,0x5f,0x70,0x61,0x72,0x61,0x6d,0x73,0x5b,0x69,0x6e,
    0x74,0x28,0x62,0x6c,0x65,0x6e,0x64,0x69,0x6e,0x64,0x69,0x63,0x65,0x73,0x30,0x2e,
    0x78,0x29,0x20,0x2a,0x20,0x34,0x20,0x2b,0x20,0x31,0x38,0x5d,0x29,0x20,0x2a,0x20,
    0x62,0x6c,0x65,0x6e,0x64,0x77,0x65,0x69,0x67,0x68,0x74,0x30,0x2e,0x78,0x3b,0x0a,
    0x20,0x20,0x20,0x20,0x69,0x66,0x20,0x28,0x73,0x6b,0x69,0x6e,0x6e,0x65,0x64,0x33,
    0x64,0x5f,0x76,0x73,0x5f,0x70,0x61,0x72,0x61,0x6d,0x73,0x5b,0x31,0x32,0x5d,0x2e,
    0x79,0x20,0x3e,0x3d,0x20,0x31,0x2e,0x35,0x29,0x0a,0x20,0x20,0x20,0x20,0x7b,0x0a,
    0x20,0x20,0x20,0x20,0x20,0x20,0x20,0x20,0x6d,0x61,0x74,0x34,0x20,0x5f,0x36,0x38,
    0x20,0x3d,0x20,0x6d,0x61,0x74,0x34,0x28,0x73,0x6b,0x69,0x6e,0x6e,0x65,0x64,0x33,
    0x64,0x5f,0x76,0x73,0x5f,0x70,0x61,0x72,0x61,0x6d,0x73,0x5b,0x69,0x6e,0x74,0x28,
    0x62,0x6c,0x65,0x6e,0x64,0x69,0x6e,0x64,0x69,0x63,0x65,0x73,0x30,0x2e,0x79,0x29,
    0x20,0x2a,0x20,0x34,0x20,0x2b,0x20,0x31,0x35,0x5d,0x2c,0x20,0x73,0x6b,0x69,0x6e,
    0x6e,0x65,0x64,0x33,0x64,0x5f,0x76,0x73,0x5f,0x70,0x61,0x72,0x61,0x6d,0x73,0x5b,
    0x69,0x6e,0x74,0x28,0x62,0x6c,0x65,0x6e,0x64,0x69,0x6e,0x64,0x69,0x63,0x65,0x73,
    0x30,0x2e,0x79,0x29,0x20,0x2a,0x20,0x34,0x20,0x2b,0x20,0x31,0x36,0x5d,0x2c,0x20,
    0x73,0x6b,0x69,0x6e,0x6e,0x65,0x64,0x33,0x64,0x5f,0x76,0x73,0x5f,0x70,0x61,0x72,
    0x61,0x6d,0x73,0x5b,0x69,0x6e,0x74,0x28,0x62,0x6c,0x65,0x6e,0x64,0x69,0x6e,0x64,
    0x69,0x63,0x65,0x73,0x30,0x2e,0x79,0x29,0x20,0x2a,0x20,0x34,0x20,0x2b,0x20,0x31,
    0x37,0x5d,0x2c,0x20,0x73,0x6b,0x69,0x6e,0x6e,0x65,0x64,0x33,0x64,0x5f,0x76,0x73,
    0x5f,0x70,0x61,0x72,0x61,0x6d,0x73,0x5b,0x69,0x6e,0x74,0x28,0x62,0x6c,0x65,0x6e,
    0x64,0x69,0x6e,0x64,0x69,0x63,0x65,0x73,0x30,0x2e,0x79,0x29,0x20,0x2a,0x20,0x34,
    0x20,0x2b,0x20,0x31,0x38,0x5d,0x29,0x20,0x2a,0x20,0x62,0x6c,0x65,0x6e,0x64,0x77,
    0x65,0x69,0x67,0x68,0x74,0x30,0x2e,0x79,0x3b,0x0a,0x20,0x20,0x20,0x20,0x20,0x20,
    0x20,0x20,0x73,0x6b,0x69,0x6e,0x20,0x3d,0x20,0x6d,0x61,0x74,0x34,0x28,0x73,0x6b,
    0x69,0x6e,0x5b,0x30,0x5d,0x20,0x2b,0x20,0x5f,0x36,0x38,0x5b,0x30,0x5d,0x2c,0x20,
    0x73,0x6b,0x69,0x6e,0x5b,0x31,0x5d,0x20,0x2b,0x20,0x5f,0x36,0x38,0x5b,0x31,0x5d,
    0x2c,0x20,0x73,0x6b,0x69,0x6e,0x5b,0x32,0x5d,0x20,0x2b,0x20,0x5f,0x36,0x38,0x5b,
    0x32,0x5d,0x2c,0x20,0x73,0x6b,0x69,0x6e,0x5b,0x33,0x5d,0x20,0x2b,0x20,0x5f,0x36,
    0x38,0x5b,0x33,0x5d,0x29,0x3b,0x0a,0x20,0x20,0x20,0x20,0x7d,0x0a,0x20,0x20,0x20,
    0x20,0x69,0x66,0x20,0x28,0x73,0x6b,0x69,0x6e,0x6e,0x65,0x64,0x33,0x64,0x5f,0x76,
    0x73,0x5f,0x70,0x61,0x72,0x61,0x6d,0x73,0x5b,0x31,0x32,0x5d,0x2e,0x79,0x20,0x3e,
    0x3d,0x20,0x33,0x2e,0x35,0x29,0x0a,0x20,0x20,0x20,0x20,0x7b,0x0a,0x20,0x20,0x20,
    0x20,0x20,0x20,0x20,0x20,0x6d,0x61,0x74,0x34,0x20,0x5f,0x39,0x34,0x20,0x3d,0x20,
    0x6d,0x61,0x74,0x34,0x28,0x73,0x6b,0x69,0x6e,0x6e,0x65,0x64,0x33,0x64,0x5f,0x76,
    0x73,0x5f,0x70,0x61,0x72,0x61,0x6d,0x73,0x5b,0x69,0x6e,0x74,0x28,0x62,0x6c,0x65,
    0x6e,0x64,0x69,0x6e,0x64,0x69,0x63,0x65,0x73,0x30,0x2e,0x7a,0x29,0x20,0x2a,0x20,
    0x34,0x20,0x2b,0x20,0x31,0x35,0x5d,0x2c,0x20,0x73,0x6b,0x69,0x6e,0x6e,0x65,0x64,
    0x33,0x64,0x5f,0x76,0x73,0x5f,0x70,0x61,0x72,0x61,0x6d,0x73,0x5b,0x69,0x6e,0x74,
    0x28,0x62,0x6c,0x65,0x6e,0x64,0x69,0x6e,0x64,0x69,0x63,0x65,0x73,0x30,0x2e,0x7a,
    0x29,0x20,0x2a,0x20,0x34,0x20,0x2b,0x20,0x31,0x36,0x5d,0x2c,0x20,0x73,0x6b,0x69,
    0x6e,0x6e,0x65,0x64,0x33,0x64,0x5f,0x76,0x73,0x5f,0x70,0x61,0x72,0x61,0x6d,0x73,
    0x5b,0x69,0x6e,0x74,0x28,0x62,0x6c,0x65,0x6e,0x64,0x69,0x6e,0x64,0x69,0x63,0x65,
    0x73,0x30,0x2e,0x7a,0x29,0x20,0x2a,0x20,0x34,0x20,0x2b,0x20,0x31,0x37,0x5d,0x2c,
    0x20,0x73,0x6b,0x69,0x6e,0x6e,0x65,0x64,0x33,0x64,0x5f,0x76,0x73,0x5f,0x70,0x61,
    0x72,0x61,0x6d,0x73,0x5b,0x69,0x6e,0x74,0x28,0x62,0x6c,0x65,0x6e,0x64,0x69,0x6e,
    0x64,0x69,0x63,0x65,0x73,0x30,0x2e,0x7a,0x29,0x20,0x2a,0x20,0x34,0x20,0x2b,0x20,
    0x31,0x38,0x5d,0x29,0x20,0x2a,0x20,0x62,0x6c,0x65,0x6e,0x64,0x77,0x65,0x69,0x67,
    0x68,0x74,0x30,0x2e,0x7a,0x3b,0x0a,0x20,0x20,0x20,0x20,0x20,0x20,0x20,0x20,0x6d,
    0x61,0x74,0x34,0x20,0x5f,0x31,0x30,0x30,0x20,0x3d,0x20,0x6d,0x61,0x74,0x34,0x28,
    0x73,0x6b,0x69,0x6e,0x6e,0x65,0x64,0x33,0x64,0x5f,0x76,0x73,0x5f,0x70,0x61,0x72,
    0x61,0x6d,0x73,0x5b,0x69,0x6e,0x74,0x28,0x62,0x6c,0x65,0x6e,0x64,0x69,0x6e,0x64,
    0x69,0x63,0x65,0x73,0x30,0x2e,0x77,0x29,0x20,0x2a,0x20,0x34,0x20,0x2b,0x20,0x31,
    0x35,0x5d,0x2c,0x20,0x73,0x6b,0x69,0x6e,0x6e,0x65,0x64,0x33,0x64,0x5f,0x76,0x73,
    0x5f,0x70,0x61,0x72,0x61,0x6d,0x73,0x5b,0x69,0x6e,0x74,0x28,0x62,0x6c,0x65,0x6e,
    0x64,0x69,0x6e,0x64,0x69,0x63,0x65,0x73,0x30,0x2e,0x77,0x29,0x20,0x2a,0x20,0x34,
    0x20,0x2b,0x20,0x31,0x36,0x5d,0x2c,0x20,0x73,0x6b,0x69,0x6e,0x6e,0x65,0x64,0x33,
    0x64,0x5f,0x76,0x73,0x5f,0x70,0x61,0x72,0x61,0x6d,0x73,0x5b,0x69,0x6e,0x74,0x28,
    0x62,0x6c,0x65,0x6e,0x64,0x69,0x6e,0x64,0x69,0x63,0x65,0x73,0x30,0x2e,0x77,0x29,
    0x20,0x2a,0x20,0x34,0x20,0x2b,0x20,0x31,0x37,0x5d,0x2c,0x20,0x73,0x6b,0x69,0x6e,
    0x6e,0x65,0x64,0x33,0x64,0x5f,0x76,0x73,0x5f,0x70,0x61,0x72,0x61,0x6d,0x73,0x5b,
    0x69,0x6e,0x74,0x28,0x62,0x6c,0x65,0x6e,0x64,0x69,0x6e,0x64,0x69,0x63,0x65,0x73,
    0x30,0x2e,0x77,0x29,0x20,0x2a,0x20,0x34,0x20,0x2b,0x20,0x31,0x38,0x5d,0x29,0x20,
    0x2a,0x20,0x62,0x6c,0x65,0x6e,0x64,0x77,0x65,0x69,0x67,0x68,0x74,0x30,0x2e,0x77,
    0x3b,0x0a,0x20,0x20,0x20,0x20,0x20,0x20,0x20,0x20,0x73,0x6b,0x69,0x6e,0x20,0x3d,
    0x20,0x6d,0x61,0x74,0x34,0x28,0x73,0x6b,0x69,0x6e,0x5b,0x30,0x5d,0x20,0x2b,0x20,
    0x28,0x5f,0x39,0x34,0x5b,0x30,0x5d,0x20,0x2b,0x20,0x5f,0x31,0x30,0x30,0x5b,0x30,
    0x5d,0x29,0x2c,0x20,0x73,0x6b,0x69,0x6e,0x5b,0x31,0x5d,0x20,0x2b,0x20,0x28,0x5f,
    0x39,0x34,0x5b,0x31,0x5d,0x20,0x2b,0x20,0x5f,0x31,0x30,0x30,0x5b,0x31,0x5d,0x29,
    0x2c,0x20,0x73,0x6b,0x69,0x6e,0x5b,0x32,0x5d,0x20,0x2b,0x20,0x28,0x5f,0x39,0x34,
    0x5b,0x32,0x5d,0x20,0x2b,0x20,0x5f,0x31,0x30,0x30,0x5b,0x32,0x5d,0x29,0x2c,0x20,
    0x73,0x6b,0x69,0x6e,0x5b,0x33,0x5d,0x20,0x2b,0x20,0x28,0x5f,0x39,0x34,0x5b,0x33,
    0x5d,0x20,0x2b,0x20,0x5f,0x31,0x30,0x30,0x5b,0x33,0x5d,0x29,0x29,0x3b,0x0a,0x20,
    0x20,0x20,0x20,0x7d,0x0a,0x20,0x20,0x20,0x20,0x76,0x65,0x63,0x34,0x20,0x5f,0x31,
    0x34,0x30,0x20,0x3d,0x20,0x73,0x6b,0x69,0x6e,0x20,0x2a,0x20,0x76,0x65,0x63,0x34,
    0x28,0x70,0x6f,0x73,0x69,0x74,0x69,0x6f,0x6e,0x2c,0x20,0x31,0x2e,0x30,0x29,0x3b,
    0x0a,0x20,0x20,0x20,0x20,0x67,0x6c,0x5f,0x50,0x6f,0x73,0x69,0x74,0x69,0x6f,0x6e,
    0x20,0x3d,0x20,0x6d,0x61,0x74,0x34,0x28,0x73,0x6b,0x69,0x6e,0x6e,0x65,0x64,0x33,
    0x64,0x5f,0x76,0x73,0x5f,0x70,0x61,0x72,0x61,0x6d,0x73,0x5b,0x30,0x5d,0x2c,0x20,
    0x73,0x6b,0x69,0x6e,0x6e,0x65,0x64,0x33,0x64,0x5f,0x76,0x73,0x5f,0x70,0x61,0x72,
    0x61,0x6d,0x73,0x5b,0x31,0x5d,0x2c,0x20,0x73,0x6b,0x69,0x6e,0x6e,0x65,0x64,0x33,
    0x64,0x5f,0x76,0x73,0x5f,0x70,0x61,0x72,0x61,0x6d,0x73,0x5b,0x32,0x5d,0x2c,0x20,
    0x73,0x6b,0x69,0x6e,0x6e,0x65,0x64,0x33,0x64,0x5f,0x76,0x73,0x5f,0x70,0x61,0x72,
    0x61,0x6d,0x73,0x5b,0x33,0x5d,0x29,0x20,0x2a,0x20,0x5f,0x31,0x34,0x30,0x3b,0x0a,
    0x20,0x20,0x20,0x20,0x77,0x6f,0x72,0x6c,0x64,0x50,0x6f,0x73,0x20,0x3d,0x20,0x28,
    0x6d,0x61,0x74,0x34,0x28,0x73,0x6b,0x69,0x6e,0x6e,0x65,0x64,0x33,0x64,0x5f,0x76,
    0x73,0x5f,0x70,0x61,0x72,0x61,0x6d,0x73,0x5b,0x34,0x5d,0x2c,0x20,0x73,0x6b,0x69,
    0x6e,0x6e,0x65,0x64,0x33,0x64,0x5f,0x76,0x73,0x5f,0x70,0x61,0x72,0x61,0x6d,0x73,
    0x5b,0x35,0x5d,0x2c,0x20,0x73,0x6b,0x69,0x6e,0x6e,0x65,0x64,0x33,0x64,0x5f,0x76,
    0x73,0x5f,0x70,0x61,0x72,0x61,0x6d,0x73,0x5b,0x36,0x5d,0x2c,0x20,0x73,0x6b,0x69,
    0x6e,0x6e,0x65,0x64,0x33,0x64,0x5f,0x76,0x73,0x5f,0x70,0x61,0x72,0x61,0x6d,0x73,
    0x5b,0x37,0x5d,0x29,0x20,0x2a,0x20,0x5f,0x31,0x34,0x30,0x29,0x2e,0x78,0x79,0x7a,
    0x3b,0x0a,0x20,0x20,0x20,0x20,0x6d,0x61,0x74,0x34,0x20,0x5f,0x31,0x37,0x37,0x20,
    0x3d,0x20,0x6d,0x61,0x74,0x34,0x28,0x73,0x6b,0x69,0x6e,0x6e,0x65,0x64,0x33,0x64,
    0x5f,0x76,0x73,0x5f,0x70,0x61,0x72,0x61,0x6d,0x73,0x5b,0x38,0x5d,0x2c,0x20,0x73,
    0x6b,0x69,0x6e,0x6e,0x65,0x64,0x33,0x64,0x5f,0x76,0x73,0x5f,0x70,0x61,0x72,0x61,
    0x6d,0x73,0x5b,0x39,0x5d,0x2c,0x20,0x73,0x6b,0x69,0x6e,0x6e,0x65,0x64,0x33,0x64,
    0x5f,0x76,0x73,0x5f,0x70,0x61,0x72,0x61,0x6d,0x73,0x5b,0x31,0x30,0x5d,0x2c,0x20,
    0x73,0x6b,0x69,0x6e,0x6e,0x65,0x64,0x33,0x64,0x5f,0x76,0x73,0x5f,0x70,0x61,0x72,
    0x61,0x6d,0x73,0x5b,0x31,0x31,0x5d,0x29,0x3b,0x0a,0x20,0x20,0x20,0x20,0x77,0x6f,
    0x72,0x6c,0x64,0x4e,0x6f,0x72,0x6d,0x61,0x6c,0x20,0x3d,0x20,0x6d,0x61,0x74,0x33,
    0x28,0x5f,0x31,0x37,0x37,0x5b,0x30,0x5d,0x2e,0x78,0x79,0x7a,0x2c,0x20,0x5f,0x31,
    0x37,0x37,0x5b,0x31,0x5d,0x2e,0x78,0x79,0x7a,0x2c,0x20,0x5f,0x31,0x37,0x37,0x5b,
    0x32,0x5d,0x2e,0x78,0x79,0x7a,0x29,0x20,0x2a,0x20,0x28,0x6d,0x61,0x74,0x33,0x28,
    0x73,0x6b,0x69,0x6e,0x5b,0x30,0x5d,0x2e,0x78,0x79,0x7a,0x2c,0x20,0x73,0x6b,0x69,
    0x6e,0x5b,0x31,0x5d,0x2e,0x78,0x79,0x7a,0x2c,0x20,0x73,0x6b,0x69,0x6e,0x5b,0x32,
    0x5d,0x2e,0x78,0x79,0x7a,0x29,0x20,0x2a,0x20,0x6e,0x6f,0x72,0x6d,0x61,0x6c,0x29,
    0x3b,0x0a,0x20,0x20,0x20,0x20,0x75,0x76,0x20,0x3d,0x20,0x74,0x65,0x78,0x63,0x6f,
    0x6f,0x72,0x64,0x30,0x3b,0x0a,0x20,0x20,0x20,0x20,0x74,0x69,0x6e,0x74,0x20,0x3d,
    0x20,0x6d,0x69,0x78,0x28,0x76,0x65,0x63,0x34,0x28,0x31,0x2e,0x30,0x29,0x2c,0x20,
    0x63,0x6f,0x6c,0x6f,0x72,0x30,0x2c,0x20,0x76,0x65,0x63,0x34,0x28,0x73,0x6b,0x69,
    0x6e,0x6e,0x65,0x64,0x33,0x64,0x5f,0x76,0x73,0x5f,0x70,0x61,0x72,0x61,0x6d,0x73,
    0x5b,0x31,0x32,0x5d,0x2e,0x78,0x29,0x29,0x3b,0x0a,0x20,0x20,0x20,0x20,0x66,0x6f,
    0x67,0x46,0x61,0x63,0x74,0x6f,0x72,0x20,0x3d,0x20,0x31,0x2e,0x30,0x20,0x2d,0x20,
    0x63,0x6c,0x61,0x6d,0x70,0x28,0x64,0x6f,0x74,0x28,0x76,0x65,0x63,0x34,0x28,0x5f,
    0x31,0x34,0x30,0x2e,0x78,0x79,0x7a,0x2c,0x20,0x31,0x2e,0x30,0x29,0x2c,0x20,0x73,
    0x6b,0x69,0x6e,0x6e,0x65,0x64,0x33,0x64,0x5f,0x76,0x73,0x5f,0x70,0x61,0x72,0x61,
    0x6d,0x73,0x5b,0x31,0x34,0x5d,0x29,0x2c,0x20,0x30,0x2e,0x30,0x2c,0x20,0x31,0x2e,
    0x30,0x29,0x3b,0x0a,0x20,0x20,0x20,0x20,0x61,0x6c,0x70,0x68,0x61,0x54,0x65,0x73,
    0x74,0x4f,0x75,0x74,0x20,0x3d,0x20,0x73,0x6b,0x69,0x6e,0x6e,0x65,0x64,0x33,0x64,
    0x5f,0x76,0x73,0x5f,0x70,0x61,0x72,0x61,0x6d,0x73,0x5b,0x31,0x33,0x5d,0x3b,0x0a,
    0x7d,0x0a,0x0a,0x00,
};
#endif
/*
    #version 300 es
    precision mediump float;
    precision highp int;

    uniform highp vec4 skinned3d_fs_params[16];
    uniform highp sampler2D tex_smp;

    in highp vec3 worldNormal;
    in highp vec3 worldPos;
    in highp vec4 tint;
    in highp vec2 uv;
    in highp vec4 alphaTestOut;
    in highp float fogFactor;
    layout(location = 0) out highp vec4 frag_color;

    void main()
    {
        highp vec3 _13 = normalize(worldNormal);
        highp vec3 _28 = normalize(skinned3d_fs_params[12].xyz - worldPos);
        highp float _37 = dot(_13, -skinned3d_fs_params[2].xyz);
        highp float _52 = dot(_13, -skinned3d_fs_params[5].xyz);
        highp float _66 = dot(_13, -skinned3d_fs_params[8].xyz);
        highp vec4 _243 = texture(tex_smp, vec2(uv.x, mix(uv.y, 1.0 - uv.y, skinned3d_fs_params[15].x))) * vec4((((((skinned3d_fs_params[1].xyz + (skinned3d_fs_params[3].xyz * max(_37, 0.0))) + (skinned3d_fs_params[6].xyz * max(_52, 0.0))) + (skinned3d_fs_params[9].xyz * max(_66, 0.0))) * skinned3d_fs_params[0].xyz) * tint.xyz) + skinned3d_fs_params[13].xyz, skinned3d_fs_params[0].w * tint.w);
        highp vec3 _250 = _243.xyz + (((((skinned3d_fs_params[4].xyz * pow(max(dot(normalize(_28 - skinned3d_fs_params[2].xyz), _13), 0.0) * step(0.0, _37), skinned3d_fs_params[11].w)) + (skinned3d_fs_params[7].xyz * pow(max(dot(normalize(_28 - skinned3d_fs_params[5].xyz), _13), 0.0) * step(0.0, _52), skinned3d_fs_params[11].w))) + (skinned3d_fs_params[10].xyz * pow(max(dot(normalize(_28 - skinned3d_fs_params[8].xyz), _13), 0.0) * step(0.0, _66), skinned3d_fs_params[11].w))) * skinned3d_fs_params[11].xyz) * _243.w);
        highp vec4 _327 = _243;
        _327.x = _250.x;
        _327.y = _250.y;
        _327.z = _250.z;
        highp vec4 c = _327;
        highp float _264;
        if (alphaTestOut.y > 0.0)
        {
            highp float _276;
            if (abs(c.w - alphaTestOut.x) < alphaTestOut.y)
            {
                _276 = alphaTestOut.z;
            }
            else
            {
                _276 = alphaTestOut.w;
            }
            _264 = _276;
        }
        else
        {
            highp float _291;
            if (c.w < alphaTestOut.x)
            {
                _291 = alphaTestOut.z;
            }
            else
            {
                _291 = alphaTestOut.w;
            }
            _264 = _291;
        }
        if (_264 < 0.0)
        {
            discard;
        }
        highp vec4 _310 = c;
        highp vec3 _315 = mix(skinned3d_fs_params[14].xyz, _310.xyz, vec3(fogFactor));
        highp vec4 _335 = _310;
        _335.x = _315.x;
        _335.y = _315.y;
        _335.z = _315.z;
        c = _335;
        frag_color = _335;
    }

*/
#if defined(SOKOL_GLES3)
static const uint8_t cna_skinned3d_fs_source_glsl300es[2478] = {
    0x23,0x76,0x65,0x72,0x73,0x69,0x6f,0x6e,0x20,0x33,0x30,0x30,0x20,0x65,0x73,0x0a,
    0x70,0x72,0x65,0x63,0x69,0x73,0x69,0x6f,0x6e,0x20,0x6d,0x65,0x64,0x69,0x75,0x6d,
    0x70,0x20,0x66,0x6c,0x6f,0x61,0x74,0x3b,0x0a,0x70,0x72,0x65,0x63,0x69,0x73,0x69,
    0x6f,0x6e,0x20,0x68,0x69,0x67,0x68,0x70,0x20,0x69,0x6e,0x74,0x3b,0x0a,0x0a,0x75,
    0x6e,0x69,0x66,0x6f,0x72,0x6d,0x20,0x68,0x69,0x67,0x68,0x70,0x20,0x76,0x65,0x63,
    0x34,0x20,0x73,0x6b,0x69,0x6e,0x6e,0x65,0x64,0x33,0x64,0x5f,0x66,0x73,0x5f,0x70,
    0x61,0x72,0x61,0x6d,0x73,0x5b,0x31,0x36,0x5d,0x3b,0x0a,0x75,0x6e,0x69,0x66,0x6f,
    0x72,0x6d,0x20,0x68,0x69,0x67,0x68,0x70,0x20,0x73,0x61,0x6d,0x70,0x6c,0x65,0x72,
    0x32,0x44,0x20,0x74,0x65,0x78,0x5f,0x73,0x6d,0x70,0x3b,0x0a,0x0a,0x69,0x6e,0x20,
    0x68,0x69,0x67,0x68,0x70,0x20,0x76,0x65,0x63,0x33,0x20,0x77,0x6f,0x72,0x6c,0x64,
    0x4e,0x6f,0x72,0x6d,0x61,0x6c,0x3b,0x0a,0x69,0x6e,0x20,0x68,0x69,0x67,0x68,0x70,
    0x20,0x76,0x65,0x63,0x33,0x20,0x77,0x6f,0x72,0x6c,0x64,0x50,0x6f,0x73,0x3b,0x0a,
    0x69,0x6e,0x20,0x68,0x69,0x67,0x68,0x70,0x20,0x76,0x65,0x63,0x34,0x20,0x74,0x69,
    0x6e,0x74,0x3b,0x0a,0x69,0x6e,0x20,0x68,0x69,0x67,0x68,0x70,0x20,0x76,0x65,0x63,
    0x32,0x20,0x75,0x76,0x3b,0x0a,0x69,0x6e,0x20,0x68,0x69,0x67,0x68,0x70,0x20,0x76,
    0x65,0x63,0x34,0x20,0x61,0x6c,0x70,0x68,0x61,0x54,0x65,0x73,0x74,0x4f,0x75,0x74,
    0x3b,0x0a,0x69,0x6e,0x20,0x68,0x69,0x67,0x68,0x70,0x20,0x66,0x6c,0x6f,0x61,0x74,
    0x20,0x66,0x6f,0x67,0x46,0x61,0x63,0x74,0x6f,0x72,0x3b,0x0a,0x6c,0x61,0x79,0x6f,
    0x75,0x74,0x28,0x6c,0x6f,0x63,0x61,0x74,0x69,0x6f,0x6e,0x20,0x3d,0x20,0x30,0x29,
    0x20,0x6f,0x75,0x74,0x20,0x68,0x69,0x67,0x68,0x70,0x20,0x76,0x65,0x63,0x34,0x20,
    0x66,0x72,0x61,0x67,0x5f,0x63,0x6f,0x6c,0x6f,0x72,0x3b,0x0a,0x0a,0x76,0x6f,0x69,
    0x64,0x20,0x6d,0x61,0x69,0x6e,0x28,0x29,0x0a,0x7b,0x0a,0x20,0x20,0x20,0x20,0x68,
    0x69,0x67,0x68,0x70,0x20,0x76,0x65,0x63,0x33,0x20,0x5f,0x31,0x33,0x20,0x3d,0x20,
    0x6e,0x6f,0x72,0x6d,0x61,0x6c,0x69,0x7a,0x65,0x28,0x77,0x6f,0x72,0x6c,0x64,0x4e,
    0x6f,0x72,0x6d,0x61,0x6c,0x29,0x3b,0x0a,0x20,0x20,0x20,0x20,0x68,0x69,0x67,0x68,
    0x70,0x20,0x76,0x65,0x63,0x33,0x20,0x5f,0x32,0x38,0x20,0x3d,0x20,0x6e,0x6f,0x72,
    0x6d,0x61,0x6c,0x69,0x7a,0x65,0x28,0x73,0x6b,0x69,0x6e,0x6e,0x65,0x64,0x33,0x64,
    0x5f,0x66,0x73,0x5f,0x70,0x61,0x72,0x61,0x6d,0x73,0x5b,0x31,0x32,0x5d,0x2e,0x78,
    0x79,0x7a,0x20,0x2d,0x20,0x77,0x6f,0x72,0x6c,0x64,0x50,0x6f,0x73,0x29,0x3b,0x0a,
    0x20,0x20,0x20,0x20,0x68,0x69,0x67,0x68,0x70,0x20,0x66,0x6c,0x6f,0x61,0x74,0x20,
    0x5f,0x33,0x37,0x20,0x3d,0x20,0x64,0x6f,0x74,0x28,0x5f,0x31,0x33,0x2c,0x20,0x2d,
    0x73,0x6b,0x69,0x6e,0x6e,0x65,0x64,0x33,0x64,0x5f,0x66,0x73,0x5f,0x70,0x61,0x72,
    0x61,0x6d,0x73,0x5b,0x32,0x5d,0x2e,0x78,0x79,0x7a,0x29,0x3b,0x0a,0x20,0x20,0x20,
    0x20,0x68,0x69,0x67,0x68,0x70,0x20,0x66,0x6c,0x6f,0x61,0x74,0x20,0x5f,0x35,0x32,
    0x20,0x3d,0x20,0x64,0x6f,0x74,0x28,0x5f,0x31,0x33,0x2c,0x20,0x2d,0x73,0x6b,0x69,
    0x6e,0x6e,0x65,0x64,0x33,0x64,0x5f,0x66,0x73,0x5f,0x70,0x61,0x72,0x61,0x6d,0x73,
    0x5b,0x35,0x5d,0x2e,0x78,0x79,0x7a,0x29,0x3b,0x0a,0x20,0x20,0x20,0x20,0x68,0x69,
    0x67,0x68,0x70,0x20,0x66,0x6c,0x6f,0x61,0x74,0x20,0x5f,0x36,0x36,0x20,0x3d,0x20,
    0x64,0x6f,0x74,0x28,0x5f,0x31,0x33,0x2c,0x20,0x2d,0x73,0x6b,0x69,0x6e,0x6e,0x65,
    0x64,0x33,0x64,0x5f,0x66,0x73,0x5f,0x70,0x61,0x72,0x61,0x6d,0x73,0x5b,0x38,0x5d,
    0x2e,0x78,0x79,0x7a,0x29,0x3b,0x0a,0x20,0x20,0x20,0x20,0x68,0x69,0x67,0x68,0x70,
    0x20,0x76,0x65,0x63,0x34,0x20,0x5f,0x32,0x34,0x33,0x20,0x3d,0x20,0x74,0x65,0x78,
    0x74,0x75,0x72,0x65,0x28,0x74,0x65,0x78,0x5f,0x73,0x6d,0x70,0x2c,0x20,0x76,0x65,
    0x63,0x32,0x28,0x75,0x76,0x2e,0x78,0x2c,0x20,0x6d,0x69,0x78,0x28,0x75,0x76,0x2e,
    0x79,0x2c,0x20,0x31,0x2e,0x30,0x20,0x2d,0x20,0x75,0x76,0x2e,0x79,0x2c,0x20,0x73,
    0x6b,0x69,0x6e,0x6e,0x65,0x64,0x33,0x64,0x5f,0x66,0x73,0x5f,0x70,0x61,0x72,0x61,
    0x6d,0x73,0x5b,0x31,0x35,0x5d,0x2e,0x78,0x29,0x29,0x29,0x20,0x2a,0x20,0x76,0x65,
    0x63,0x34,0x28,0x28,0x28,0x28,0x28,0x28,0x73,0x6b,0x69,0x6e,0x6e,0x65,0x64,0x33,
    0x64,0x5f,0x66,0x73,0x5f,0x70,0x61,0x72,0x61,0x6d,0x73,0x5b,0x31,0x5d,0x2e,0x78,
    0x79,0x7a,0x20,0x2b,0x20,0x28,0x73,0x6b,0x69,0x6e,0x6e,0x65,0x64,0x33,0x64,0x5f,
    0x66,0x73,0x5f,0x70,0x61,0x72,0x61,0x6d,0x73,0x5b,0x33,0x5d,0x2e,0x78,0x79,0x7a,
    0x20,0x2a,0x20,0x6d,0x61,0x78,0x28,0x5f,0x33,0x37,0x2c,0x20,0x30,0x2e,0x30,0x29,
    0x29,0x29,0x20,0x2b,0x20,0x28,0x73,0x6b,0x69,0x6e,0x6e,0x65,0x64,0x33,0x64,0x5f,
    0x66,0x73,0x5f,0x70,0x61,0x72,0x61,0x6d,0x73,0x5b,0x36,0x5d,0x2e,0x78,0x79,0x7a,
    0x20,0x2a,0x20,0x6d,0x61,0x78,0x28,0x5f,0x35,0x32,0x2c,0x20,0x30,0x2e,0x30,0x29,
    0x29,0x29,0x20,0x2b,0x20,0x28,0x73,0x6b,0x69,0x6e,0x6e,0x65,0x64,0x33,0x64,0x5f,
    0x66,0x73,0x5f,0x70,0x61,0x72,0x61,0x6d,0x73,0x5b,0x39,0x5d,0x2e,0x78,0x79,0x7a,
    0x20,0x2a,0x20,0x6d,0x61,0x78,0x28,0x5f,0x36,0x36,0x2c,0x20,0x30,0x2e,0x30,0x29,
    0x29,0x29,0x20,0x2a,0x20,0x73,0x6b,0x69,0x6e,0x6e,0x65,0x64,0x33,0x64,0x5f,0x66,
    0x73,0x5f,0x70,0x61,0x72,0x61,0x6d,0x73,0x5b,0x30,0x5d,0x2e,0x78,0x79,0x7a,0x29,
    0x20,0x2a,0x20,0x74,0x69,0x6e,0x74,0x2e,0x78,0x79,0x7a,0x29,0x20,0x2b,0x20,0x73,
    0x6b,0x69,0x6e,0x6e,0x65,0x64,0x33,0x64,0x5f,0x66,0x73,0x5f,0x70,0x61,0x72,0x61,
    0x6d,0x73,0x5b,0x31,0x33,0x5d,0x2e,0x78,0x79,0x7a,0x2c,0x20,0x73,0x6b,0x69,0x6e,
    0x6e,0x65,0x64,0x33,0x64,0x5f,0x66,0x73,0x5f,0x70,0x61,0x72,0x61,0x6d,0x73,0x5b,
    0x30,0x5d,0x2e,0x77,0x20,0x2a,0x20,0x74,0x69,0x6e,0x74,0x2e,0x77,0x29,0x3b,0x0a,
    0x20,0x20,0x20,0x20,0x68,0x69,0x67,0x68,0x70,0x20,0x76,0x65,0x63,0x33,0x20,0x5f,
    0x32,0x35,0x30,0x20,0x3d,0x20,0x5f,0x32,0x34,0x33,0x2e,0x78,0x79,0x7a,0x20,0x2b,
    0x20,0x28,0x28,0x28,0x28,0x28,0x73,0x6b,0x69,0x6e,0x6e,0x65,0x64,0x33,0x64,0x5f,
    0x66,0x73,0x5f,0x70,0x61,0x72,0x61,0x6d,0x73,0x5b,0x34,0x5d,0x2e,0x78,0x79,0x7a,
    0x20,0x2a,0x20,0x70,0x6f,0x77,0x28,0x6d,0x61,0x78,0x28,0x64,0x6f,0x74,0x28,0x6e,
    0x6f,0x72,0x6d,0x61,0x6c,0x69,0x7a,0x65,0x28,0x5f,0x32,0x38,0x20,0x2d,0x20,0x73,
    0x6b,0x69,0x6e,0x6e,0x65,0x64,0x33,0x64,0x5f,0x66,0x73,0x5f,0x70,0x61,0x72,0x61,
    0x6d,0x73,0x5b,0x32,0x5d,0x2e,0x78,0x79,0x7a,0x29,0x2c,0x20,0x5f,0x31,0x33,0x29,
    0x2c,0x20,0x30,0x2e,0x30,0x29,0x20,0x2a,0x20,0x73,0x74,0x65,0x70,0x28,0x30,0x2e,
    0x30,0x2c,0x20,0x5f,0x33,0x37,0x29,0x2c,0x20,0x73,0x6b,0x69,0x6e,0x6e,0x65,0x64,
    0x33,0x64,0x5f,0x66,0x73,0x5f,0x70,0x61,0x72,0x61,0x6d,0x73,0x5b,0x31,0x31,0x5d,
    0x2e,0x77,0x29,0x29,0x20,0x2b,0x20,0x28,0x73,0x6b,0x69,0x6e,0x6e,0x65,0x64,0x33,
    0x64,0x5f,0x66,0x73,0x5f,0x70,0x61,0x72,0x61,0x6d,0x73,0x5b,0x37,0x5d,0x2e,0x78,
    0x79,0x7a,0x20,0x2a,0x20,0x70,0x6f,0x77,0x28,0x6d,0x61,0x78,0x28,0x64,0x6f,0x74,
    0x28,0x6e,0x6f,0x72,0x6d,0x61,0x6c,0x69,0x7a,0x65,0x28,0x5f,0x32,0x38,0x20,0x2d,
    0x20,0x73,0x6b,0x69,0x6e,0x6e,0x65,0x64,0x33,0x64,0x5f,0x66,0x73,0x5f,0x70,0x61,
    0x72,0x61,0x6d,0x73,0x5b,0x35,0x5d,0x2e,0x78,0x79,0x7a,0x29,0x2c,0x20,0x5f,0x31,
    0x33,0x29,0x2c,0x20,0x30,0x2e,0x30,0x29,0x20,0x2a,0x20,0x73,0x74,0x65,0x70,0x28,
    0x30,0x2e,0x30,0x2c,0x20,0x5f,0x35,0x32,0x29,0x2c,0x20,0x73,0x6b,0x69,0x6e,0x6e,
    0x65,0x64,0x33,0x64,0x5f,0x66,0x73,0x5f,0x70,0x61,0x72,0x61,0x6d,0x73,0x5b,0x31,
    0x31,0x5d,0x2e,0x77,0x29,0x29,0x29,0x20,0x2b,0x20,0x28,0x73,0x6b,0x69,0x6e,0x6e,
    0x65,0x64,0x33,0x64,0x5f,0x66,0x73,0x5f,0x70,0x61,0x72,0x61,0x6d,0x73,0x5b,0x31,
    0x30,0x5d,0x2e,0x78,0x79,0x7a,0x20,0x2a,0x20,0x70,0x6f,0x77,0x28,0x6d,0x61,0x78,
    0x28,0x64,0x6f,0x74,0x28,0x6e,0x6f,0x72,0x6d,0x61,0x6c,0x69,0x7a,0x65,0x28,0x5f,
    0x32,0x38,0x20,0x2d,0x20,0x73,0x6b,0x69,0x6e,0x6e,0x65,0x64,0x33,0x64,0x5f,0x66,
    0x73,0x5f,0x70,0x61,0x72,0x61,0x6d,0x73,0x5b,0x38,0x5d,0x2e,0x78,0x79,0x7a,0x29,
    0x2c,0x20,0x5f,0x31,0x33,0x29,0x2c,0x20,0x30,0x2e,0x30,0x29,0x20,0x2a,0x20,0x73,
    0x74,0x65,0x70,0x28,0x30,0x2e,0x30,0x2c,0x20,0x5f,0x36,0x36,0x29,0x2c,0x20,0x73,
    0x6b,0x69,0x6e,0x6e,0x65,0x64,0x33,0x64,0x5f,0x66,0x73,0x5f,0x70,0x61,0x72,0x61,
    0x6d,0x73,0x5b,0x31,0x31,0x5d,0x2e,0x77,0x29,0x29,0x29,0x20,0x2a,0x20,0x73,0x6b,
    0x69,0x6e,0x6e,0x65,0x64,0x33,0x64,0x5f,0x66,0x73,0x5f,0x70,0x61,0x72,0x61,0x6d,
    0x73,0x5b,0x31,0x31,0x5d,0x2e,0x78,0x79,0x7a,0x29,0x20,0x2a,0x20,0x5f,0x32,0x34,
    0x33,0x2e,0x77,0x29,0x3b,0x0a,0x20,0x20,0x20,0x20,0x68,0x69,0x67,0x68,0x70,0x20,
    0x76,0x65,0x63,0x34,0x20,0x5f,0x33,0x32,0x37,0x20,0x3d,0x20,0x5f,0x32,0x34,0x33,
    0x3b,0x0a,0x20,0x20,0x20,0x20,0x5f,0x33,0x32,0x37,0x2e,0x78,0x20,0x3d,0x20,0x5f,
    0x32,0x35,0x30,0x2e,0x78,0x3b,0x0a,0x20,0x20,0x20,0x20,0x5f,0x33,0x32,0x37,0x2e,
    0x79,0x20,0x3d,0x20,0x5f,0x32,0x35,0x30,0x2e,0x79,0x3b,0x0a,0x20,0x20,0x20,0x20,
    0x5f,0x33,0x32,0x37,0x2e,0x7a,0x20,0x3d,0x20,0x5f,0x32,0x35,0x30,0x2e,0x7a,0x3b,
    0x0a,0x20,0x20,0x20,0x20,0x68,0x69,0x67,0x68,0x70,0x20,0x76,0x65,0x63,0x34,0x20,
    0x63,0x20,0x3d,0x20,0x5f,0x33,0x32,0x37,0x3b,0x0a,0x20,0x20,0x20,0x20,0x68,0x69,
    0x67,0x68,0x70,0x20,0x66,0x6c,0x6f,0x61,0x74,0x20,0x5f,0x32,0x36,0x34,0x3b,0x0a,
    0x20,0x20,0x20,0x20,0x69,0x66,0x20,0x28,0x61,0x6c,0x70,0x68,0x61,0x54,0x65,0x73,
    0x74,0x4f,0x75,0x74,0x2e,0x79,0x20,0x3e,0x20,0x30,0x2e,0x30,0x29,0x0a,0x20,0x20,
    0x20,0x20,0x7b,0x0a,0x20,0x20,0x20,0x20,0x20,0x20,0x20,0x20,0x68,0x69,0x67,0x68,
    0x70,0x20,0x66,0x6c,0x6f,0x61,0x74,0x20,0x5f,0x32,0x37,0x36,0x3b,0x0a,0x20,0x20,
    0x20,0x20,0x20,0x20,0x20,0x20,0x69,0x66,0x20,0x28,0x61,0x62,0x73,0x28,0x63,0x2e,
    0x77,0x20,0x2d,0x20,0x61,0x6c,0x70,0x68,0x61,0x54,0x65,0x73,0x74,0x4f,0x75,0x74,
    0x2e,0x78,0x29,0x20,0x3c,0x20,0x61,0x6c,0x70,0x68,0x61,0x54,0x65,0x73,0x74,0x4f,
    0x75,0x74,0x2e,0x79,0x29,0x0a,0x20,0x20,0x20,0x20,0x20,0x20,0x20,0x20,0x7b,0x0a,
    0x20,0x20,0x20,0x20,0x20,0x20,0x20,0x20,0x20,0x20,0x20,0x20,0x5f,0x32,0x37,0x36,
    0x20,0x3d,0x20,0x61,0x6c,0x70,0x68,0x61,0x54,0x65,0x73,0x74,0x4f,0x75,0x74,0x2e,
    0x7a,0x3b,0x0a,0x20,0x20,0x20,0x20,0x20,0x20,0x20,0x20,0x7d,0x0a,0x20,0x20,0x20,
    0x20,0x20,0x20,0x20,0x20,0x65,0x6c,0x73,0x65,0x0a,0x20,0x20,0x20,0x20,0x20,0x20,
    0x20,0x20,0x7b,0x0a,0x20,0x20,0x20,0x20,0x20,0x20,0x20,0x20,0x20,0x20,0x20,0x20,
    0x5f,0x32,0x37,0x36,0x20,0x3d,0x20,0x61,0x6c,0x70,0x68,0x61,0x54,0x65,0x73,0x74,
    0x4f,0x75,0x74,0x2e,0x77,0x3b,0x0a,0x20,0x20,0x20,0x20,0x20,0x20,0x20,0x20,0x7d,
    0x0a,0x20,0x20,0x20,0x20,0x20,0x20,0x20,0x20,0x5f,0x32,0x36,0x34,0x20,0x3d,0x20,
    0x5f,0x32,0x37,0x36,0x3b,0x0a,0x20,0x20,0x20,0x20,0x7d,0x0a,0x20,0x20,0x20,0x20,
    0x65,0x6c,0x73,0x65,0x0a,0x20,0x20,0x20,0x20,0x7b,0x0a,0x20,0x20,0x20,0x20,0x20,
    0x20,0x20,0x20,0x68,0x69,0x67,0x68,0x70,0x20,0x66,0x6c,0x6f,0x61,0x74,0x20,0x5f,
    0x32,0x39,0x31,0x3b,0x0a,0x20,0x20,0x20,0x20,0x20,0x20,0x20,0x20,0x69,0x66,0x20,
    0x28,0x63,0x2e,0x77,0x20,0x3c,0x20,0x61,0x6c,0x70,0x68,0x61,0x54,0x65,0x73,0x74,
    0x4f,0x75,0x74,0x2e,0x78,0x29,0x0a,0x20,0x20,0x20,0x20,0x20,0x20,0x20,0x20,0x7b,
    0x0a,0x20,0x20,0x20,0x20,0x20,0x20,0x20,0x20,0x20,0x20,0x20,0x20,0x5f,0x32,0x39,
    0x31,0x20,0x3d,0x20,0x61,0x6c,0x70,0x68,0x61,0x54,0x65,0x73,0x74,0x4f,0x75,0x74,
    0x2e,0x7a,0x3b,0x0a,0x20,0x20,0x20,0x20,0x20,0x20,0x20,0x20,0x7d,0x0a,0x20,0x20,
    0x20,0x20,0x20,0x20,0x20,0x20,0x65,0x6c,0x73,0x65,0x0a,0x20,0x20,0x20,0x20,0x20,
    0x20,0x20,0x20,0x7b,0x0a,0x20,0x20,0x20,0x20,0x20,0x20,0x20,0x20,0x20,0x20,0x20,
    0x20,0x5f,0x32,0x39,0x31,0x20,0x3d,0x20,0x61,0x6c,0x70,0x68,0x61,0x54,0x65,0x73,
    0x74,0x4f,0x75,0x74,0x2e,0x77,0x3b,0x0a,0x20,0x20,0x20,0x20,0x20,0x20,0x20,0x20,
    0x7d,0x0a,0x20,0x20,0x20,0x20,0x20,0x20,0x20,0x20,0x5f,0x32,0x36,0x34,0x20,0x3d,
    0x20,0x5f,0x32,0x39,0x31,0x3b,0x0a,0x20,0x20,0x20,0x20,0x7d,0x0a,0x20,0x20,0x20,
    0x20,0x69,0x66,0x20,0x28,0x5f,0x32,0x36,0x34,0x20,0x3c,0x20,0x30,0x2e,0x30,0x29,
    0x0a,0x20,0x20,0x20,0x20,0x7b,0x0a,0x20,0x20,0x20,0x20,0x20,0x20,0x20,0x20,0x64,
    0x69,0x73,0x63,0x61,0x72,0x64,0x3b,0x0a,0x20,0x20,0x20,0x20,0x7d,0x0a,0x20,0x20,
    0x20,0x20,0x68,0x69,0x67,0x68,0x70,0x20,0x76,0x65,0x63,0x34,0x20,0x5f,0x33,0x31,
    0x30,0x20,0x3d,0x20,0x63,0x3b,0x0a,0x20,0x20,0x20,0x20,0x68,0x69,0x67,0x68,0x70,
    0x20,0x76,0x65,0x63,0x33,0x20,0x5f,0x33,0x31,0x35,0x20,0x3d,0x20,0x6d,0x69,0x78,
    0x28,0x73,0x6b,0x69,0x6e,0x6e,0x65,0x64,0x33,0x64,0x5f,0x66,0x73,0x5f,0x70,0x61,
    0x72,0x61,0x6d,0x73,0x5b,0x31,0x34,0x5d,0x2e,0x78,0x79,0x7a,0x2c,0x20,0x5f,0x33,
    0x31,0x30,0x2e,0x78,0x79,0x7a,0x2c,0x20,0x76,0x65,0x63,0x33,0x28,0x66,0x6f,0x67,
    0x46,0x61,0x63,0x74,0x6f,0x72,0x29,0x29,0x3b,0x0a,0x20,0x20,0x20,0x20,0x68,0x69,
    0x67,0x68,0x70,0x20,0x76,0x65,0x63,0x34,0x20,0x5f,0x33,0x33,0x35,0x20,0x3d,0x20,
    0x5f,0x33,0x31,0x30,0x3b,0x0a,0x20,0x20,0x20,0x20,0x5f,0x33,0x33,0x35,0x2e,0x78,
    0x20,0x3d,0x20,0x5f,0x33,0x31,0x35,0x2e,0x78,0x3b,0x0a,0x20,0x20,0x20,0x20,0x5f,
    0x33,0x33,0x35,0x2e,0x79,0x20,0x3d,0x20,0x5f,0x33,0x31,0x35,0x2e,0x79,0x3b,0x0a,
    0x20,0x20,0x20,0x20,0x5f,0x33,0x33,0x35,0x2e,0x7a,0x20,0x3d,0x20,0x5f,0x33,0x31,
    0x35,0x2e,0x7a,0x3b,0x0a,0x20,0x20,0x20,0x20,0x63,0x20,0x3d,0x20,0x5f,0x33,0x33,
    0x35,0x3b,0x0a,0x20,0x20,0x20,0x20,0x66,0x72,0x61,0x67,0x5f,0x63,0x6f,0x6c,0x6f,
    0x72,0x20,0x3d,0x20,0x5f,0x33,0x33,0x35,0x3b,0x0a,0x7d,0x0a,0x0a,0x00,
};
#endif
/*
    cbuffer skinned3d_vs_params : register(b0)
    {
        row_major float4x4 _42_mvp : packoffset(c0);
        row_major float4x4 _42_world : packoffset(c4);
        row_major float4x4 _42_normalMatrix : packoffset(c8);
        float4 _42_flags : packoffset(c12);
        float4 _42_alphaTest : packoffset(c13);
        float4 _42_fogVector : packoffset(c14);
        row_major float4x4 _42_bones[72] : packoffset(c15);
    };


    static float4 gl_Position;
    static uint4 blendindices0;
    static float4 blendweight0;
    static float3 position;
    static float3 normal;
    static float3 worldPos;
    static float3 worldNormal;
    static float2 uv;
    static float2 texcoord0;
    static float4 tint;
    static float4 color0;
    static float fogFactor;
    static float4 alphaTestOut;

    struct SPIRV_Cross_Input
    {
        float3 position : TEXCOORD0;
        float3 normal : TEXCOORD1;
        float2 texcoord0 : TEXCOORD2;
        float4 blendweight0 : TEXCOORD3;
        uint4 blendindices0 : TEXCOORD4;
        float4 color0 : TEXCOORD5;
    };

    struct SPIRV_Cross_Output
    {
        float3 worldNormal : TEXCOORD0;
        float3 worldPos : TEXCOORD1;
        float2 uv : TEXCOORD2;
        float4 tint : TEXCOORD3;
        float fogFactor : TEXCOORD4;
        float4 alphaTestOut : TEXCOORD5;
        float4 gl_Position : SV_Position;
    };

    void vert_main()
    {
        float4x4 skin = _42_bones[int(blendindices0.x)] * blendweight0.x;
        if (_42_flags.y >= 1.5f)
        {
            float4x4 _68 = _42_bones[int(blendindices0.y)] * blendweight0.y;
            skin = float4x4(skin[0] + _68[0], skin[1] + _68[1], skin[2] + _68[2], skin[3] + _68[3]);
        }
        if (_42_flags.y >= 3.5f)
        {
            float4x4 _94 = _42_bones[int(blendindices0.z)] * blendweight0.z;
            float4x4 _100 = _42_bones[int(blendindices0.w)] * blendweight0.w;
            skin = float4x4(skin[0] + (_94[0] + _100[0]), skin[1] + (_94[1] + _100[1]), skin[2] + (_94[2] + _100[2]), skin[3] + (_94[3] + _100[3]));
        }
        float4 _140 = mul(float4(position, 1.0f), skin);
        gl_Position = mul(_140, _42_mvp);
        worldPos = mul(_140, _42_world).xyz;
        worldNormal = mul(mul(normal, float3x3(skin[0].xyz, skin[1].xyz, skin[2].xyz)), float3x3(_42_normalMatrix[0].xyz, _42_normalMatrix[1].xyz, _42_normalMatrix[2].xyz));
        uv = texcoord0;
        tint = lerp(1.0f.xxxx, color0, _42_flags.x.xxxx);
        fogFactor = 1.0f - clamp(dot(float4(_140.xyz, 1.0f), _42_fogVector), 0.0f, 1.0f);
        alphaTestOut = _42_alphaTest;
    }

    SPIRV_Cross_Output main(SPIRV_Cross_Input stage_input)
    {
        blendindices0 = stage_input.blendindices0;
        blendweight0 = stage_input.blendweight0;
        position = stage_input.position;
        normal = stage_input.normal;
        texcoord0 = stage_input.texcoord0;
        color0 = stage_input.color0;
        vert_main();
        SPIRV_Cross_Output stage_output;
        stage_output.gl_Position = gl_Position;
        stage_output.worldPos = worldPos;
        stage_output.worldNormal = worldNormal;
        stage_output.uv = uv;
        stage_output.tint = tint;
        stage_output.fogFactor = fogFactor;
        stage_output.alphaTestOut = alphaTestOut;
        return stage_output;
    }
*/
#if defined(SOKOL_D3D11)
static const uint8_t cna_skinned3d_vs_source_hlsl5[2982] = {
    0x63,0x62,0x75,0x66,0x66,0x65,0x72,0x20,0x73,0x6b,0x69,0x6e,0x6e,0x65,0x64,0x33,
    0x64,0x5f,0x76,0x73,0x5f,0x70,0x61,0x72,0x61,0x6d,0x73,0x20,0x3a,0x20,0x72,0x65,
    0x67,0x69,0x73,0x74,0x65,0x72,0x28,0x62,0x30,0x29,0x0a,0x7b,0x0a,0x20,0x20,0x20,
    0x20,0x72,0x6f,0x77,0x5f,0x6d,0x61,0x6a,0x6f,0x72,0x20,0x66,0x6c,0x6f,0x61,0x74,
    0x34,0x78,0x34,0x20,0x5f,0x34,0x32,0x5f,0x6d,0x76,0x70,0x20,0x3a,0x20,0x70,0x61,
    0x63,0x6b,0x6f,0x66,0x66,0x73,0x65,0x74,0x28,0x63,0x30,0x29,0x3b,0x0a,0x20,0x20,
    0x20,0x20,0x72,0x6f,0x77,0x5f,0x6d,0x61,0x6a,0x6f,0x72,0x20,0x66,0x6c,0x6f,0x61,
    0x74,0x34,0x78,0x34,0x20,0x5f,0x34,0x32,0x5f,0x77,0x6f,0x72,0x6c,0x64,0x20,0x3a,
    0x20,0x70,0x61,0x63,0x6b,0x6f,0x66,0x66,0x73,0x65,0x74,0x28,0x63,0x34,0x29,0x3b,
    0x0a,0x20,0x20,0x20,0x20,0x72,0x6f,0x77,0x5f,0x6d,0x61,0x6a,0x6f,0x72,0x20,0x66,
    0x6c,0x6f,0x61,0x74,0x34,0x78,0x34,0x20,0x5f,0x34,0x32,0x5f,0x6e,0x6f,0x72,0x6d,
    0x61,0x6c,0x4d,0x61,0x74,0x72,0x69,0x78,0x20,0x3a,0x20,0x70,0x61,0x63,0x6b,0x6f,
    0x66,0x66,0x73,0x65,0x74,0x28,0x63,0x38,0x29,0x3b,0x0a,0x20,0x20,0x20,0x20,0x66,
    0x6c,0x6f,0x61,0x74,0x34,0x20,0x5f,0x34,0x32,0x5f,0x66,0x6c,0x61,0x67,0x73,0x20,
    0x3a,0x20,0x70,0x61,0x63,0x6b,0x6f,0x66,0x66,0x73,0x65,0x74,0x28,0x63,0x31,0x32,
    0x29,0x3b,0x0a,0x20,0x20,0x20,0x20,0x66,0x6c,0x6f,0x61,0x74,0x34,0x20,0x5f,0x34,
    0x32,0x5f,0x61,0x6c,0x70,0x68,0x61,0x54,0x65,0x73,0x74,0x20,0x3a,0x20,0x70,0x61,
    0x63,0x6b,0x6f,0x66,0x66,0x73,0x65,0x74,0x28,0x63,0x31,0x33,0x29,0x3b,0x0a,0x20,
    0x20,0x20,0x20,0x66,0x6c,0x6f,0x61,0x74,0x34,0x20,0x5f,0x34,0x32,0x5f,0x66,0x6f,
    0x67,0x56,0x65,0x63,0x74,0x6f,0x72,0x20,0x3a,0x20,0x70,0x61,0x63,0x6b,0x6f,0x66,
    0x66,0x73,0x65,0x74,0x28,0x63,0x31,0x34,0x29,0x3b,0x0a,0x20,0x20,0x20,0x20,0x72,
    0x6f,0x77,0x5f,0x6d,0x61,0x6a,0x6f,0x72,0x20,0x66,0x6c,0x6f,0x61,0x74,0x34,0x78,
    0x34,0x20,0x5f,0x34,0x32,0x5f,0x62,0x6f,0x6e,0x65,0x73,0x5b,0x37,0x32,0x5d,0x20,
    0x3a,0x20,0x70,0x61,0x63,0x6b,0x6f,0x66,0x66,0x73,0x65,0x74,0x28,0x63,0x31,0x35,
    0x29,0x3b,0x0a,0x7d,0x3b,0x0a,0x0a,0x0a,0x73,0x74,0x61,0x74,0x69,0x63,0x20,0x66,
    0x6c,0x6f,0x61,0x74,0x34,0x20,0x67,0x6c,0x5f,0x50,0x6f,0x73,0x69,0x74,0x69,0x6f,
    0x6e,0x3b,0x0a,0x73,0x74,0x61,0x74,0x69,0x63,0x20,0x75,0x69,0x6e,0x74,0x34,0x20,
    0x62,0x6c,0x65,0x6e,0x64,0x69,0x6e,0x64,0x69,0x63,0x65,0x73,0x30,0x3b,0x0a,0x73,
    0x74,0x61,0x74,0x69,0x63,0x20,0x66,0x6c,0x6f,0x61,0x74,0x34,0x20,0x62,0x6c,0x65,
    0x6e,0x64,0x77,0x65,0x69,0x67,0x68,0x74,0x30,0x3b,0x0a,0x73,0x74,0x61,0x74,0x69,
    0x63,0x20,0x66,0x6c,0x6f,0x61,0x74,0x33,0x20,0x70,0x6f,0x73,0x69,0x74,0x69,0x6f,
    0x6e,0x3b,0x0a,0x73,0x74,0x61,0x74,0x69,0x63,0x20,0x66,0x6c,0x6f,0x61,0x74,0x33,
    0x20,0x6e,0x6f,0x72,0x6d,0x61,0x6c,0x3b,0x0a,0x73,0x74,0x61,0x74,0x69,0x63,0x20,
    0x66,0x6c,0x6f,0x61,0x74,0x33,0x20,0x77,0x6f,0x72,0x6c,0x64,0x50,0x6f,0x73,0x3b,
    0x0a,0x73,0x74,0x61,0x74,0x69,0x63,0x20,0x66,0x6c,0x6f,0x61,0x74,0x33,0x20,0x77,
    0x6f,0x72,0x6c,0x64,0x4e,0x6f,0x72,0x6d,0x61,0x6c,0x3b,0x0a,0x73,0x74,0x61,0x74,
    0x69,0x63,0x20,0x66,0x6c,0x6f,0x61,0x74,0x32,0x20,0x75,0x76,0x3b,0x0a,0x73,0x74,
    0x61,0x74,0x69,0x63,0x20,0x66,0x6c,0x6f,0x61,0x74,0x32,0x20,0x74,0x65,0x78,0x63,
    0x6f,0x6f,0x72,0x64,0x30,0x3b,0x0a,0x73,0x74,0x61,0x74,0x69,0x63,0x20,0x66,0x6c,
    0x6f,0x61,0x74,0x34,0x20,0x74,0x69,0x6e,0x74,0x3b,0x0a,0x73,0x74,0x61,0x74,0x69,
    0x63,0x20,0x66,0x6c,0x6f,0x61,0x74,0x34,0x20,0x63,0x6f,0x6c,0x6f,0x72,0x30,0x3b,
    0x0a,0x73,0x74,0x61,0x74,0x69,0x63,0x20,0x66,0x6c,0x6f,0x61,0x74,0x20,0x66,0x6f,
    0x67,0x46,0x61,0x63,0x74,0x6f,0x72,0x3b,0x0a,0x73,0x74,0x61,0x74,0x69,0x63,0x20,
    0x66,0x6c,0x6f,0x61,0x74,0x34,0x20,0x61,0x6c,0x70,0x68,0x61,0x54,0x65,0x73,0x74,
    0x4f,0x75,0x74,0x3b,0x0a,0x0a,0x73,0x74,0x72,0x75,0x63,0x74,0x20,0x53,0x50,0x49,
    0x52,0x56,0x5f,0x43,0x72,0x6f,0x73,0x73,0x5f,0x49,0x6e,0x70,0x75,0x74,0x0a,0x7b,
    0x0a,0x20,0x20,0x20,0x20,0x66,0x6c,0x6f,0x61,0x74,0x33,0x20,0x70,0x6f,0x73,0x69,
    0x74,0x69,0x6f,0x6e,0x20,0x3a,0x20,0x54,0x45,0x58,0x43,0x4f,0x4f,0x52,0x44,0x30,
    0x3b,0x0a,0x20,0x20,0x20,0x20,0x66,0x6c,0x6f,0x61,0x74,0x33,0x20,0x6e,0x6f,0x72,
    0x6d,0x61,0x6c,0x20,0x3a,0x20,0x54,0x45,0x58,0x43,0x4f,0x4f,0x52,0x44,0x31,0x3b,
    0x0a,0x20,0x20,0x20,0x20,0x66,0x6c,0x6f,0x61,0x74,0x32,0x20,0x74,0x65,0x78,0x63,
    0x6f,0x6f,0x72,0x64,0x30,0x20,0x3a,0x20,0x54,0x45,0x58,0x43,0x4f,0x4f,0x52,0x44,
    0x32,0x3b,0x0a,0x20,0x20,0x20,0x20,0x66,0x6c,0x6f,0x61,0x74,0x34,0x20,0x62,0x6c,
    0x65,0x6e,0x64,0x77,0x65,0x69,0x67,0x68,0x74,0x30,0x20,0x3a,0x20,0x54,0x45,0x58,
    0x43,0x4f,0x4f,0x52,0x44,0x33,0x3b,0x0a,0x20,0x20,0x20,0x20,0x75,0x69,0x6e,0x74,
    0x34,0x20,0x62,0x6c,0x65,0x6e,0x64,0x69,0x6e,0x64,0x69,0x63,0x65,0x73,0x30,0x20,
    0x3a,0x20,0x54,0x45,0x58,0x43,0x4f,0x4f,0x52,0x44,0x34,0x3b,0x0a,0x20,0x20,0x20,
    0x20,0x66,0x6c,0x6f,0x61,0x74,0x34,0x20,0x63,0x6f,0x6c,0x6f,0x72,0x30,0x20,0x3a,
    0x20,0x54,0x45,0x58,0x43,0x4f,0x4f,0x52,0x44,0x35,0x3b,0x0a,0x7d,0x3b,0x0a,0x0a,
    0x73,0x74,0x72,0x75,0x63,0x74,0x20,0x53,0x50,0x49,0x52,0x56,0x5f,0x43,0x72,0x6f,
    0x73,0x73,0x5f,0x4f,0x75,0x74,0x70,0x75,0x74,0x0a,0x7b,0x0a,0x20,0x20,0x20,0x20,
    0x66,0x6c,0x6f,0x61,0x74,0x33,0x20,0x77,0x6f,0x72,0x6c,0x64,0x4e,0x6f,0x72,0x6d,
    0x61,0x6c,0x20,0x3a,0x20,0x54,0x45,0x58,0x43,0x4f,0x4f,0x52,0x44,0x30,0x3b,0x0a,
    0x20,0x20,0x20,0x20,0x66,0x6c,0x6f,0x61,0x74,0x33,0x20,0x77,0x6f,0x72,0x6c,0x64,
    0x50,0x6f,0x73,0x20,0x3a,0x20,0x54,0x45,0x58,0x43,0x4f,0x4f,0x52,0x44,0x31,0x3b,
    0x0a,0x20,0x20,0x20,0x20,0x66,0x6c,0x6f,0x61,0x74,0x32,0x20,0x75,0x76,0x20,0x3a,
    0x20,0x54,0x45,0x58,0x43,0x4f,0x4f,0x52,0x44,0x32,0x3b,0x0a,0x20,0x20,0x20,0x20,
    0x66,0x6c,0x6f,0x61,0x74,0x34,0x20,0x74,0x69,0x6e,0x74,0x20,0x3a,0x20,0x54,0x45,
    0x58,0x43,0x4f,0x4f,0x52,0x44,0x33,0x3b,0x0a,0x20,0x20,0x20,0x20,0x66,0x6c,0x6f,
    0x61,0x74,0x20,0x66,0x6f,0x67,0x46,0x61,0x63,0x74,0x6f,0x72,0x20,0x3a,0x20,0x54,
    0x45,0x58,0x43,0x4f,0x4f,0x52,0x44,0x34,0x3b,0x0a,0x20,0x20,0x20,0x20,0x66,0x6c,
    0x6f,0x61,0x74,0x34,0x20,0x61,0x6c,0x70,0x68,0x61,0x54,0x65,0x73,0x74,0x4f,0x75,
    0x74,0x20,0x3a,0x20,0x54,0x45,0x58,0x43,0x4f,0x4f,0x52,0x44,0x35,0x3b,0x0a,0x20,
    0x20,0x20,0x20,0x66,0x6c,0x6f,0x61,0x74,0x34,0x20,0x67,0x6c,0x5f,0x50,0x6f,0x73,
    0x69,0x74,0x69,0x6f,0x6e,0x20,0x3a,0x20,0x53,0x56,0x5f,0x50,0x6f,0x73,0x69,0x74,
    0x69,0x6f,0x6e,0x3b,0x0a,0x7d,0x3b,0x0a,0x0a,0x76,0x6f,0x69,0x64,0x20,0x76,0x65,
    0x72,0x74,0x5f,0x6d,0x61,0x69,0x6e,0x28,0x29,0x0a,0x7b,0x0a,0x20,0x20,0x20,0x20,
    0x66,0x6c,0x6f,0x61,0x74,0x34,0x78,0x34,0x20,0x73,0x6b,0x69,0x6e,0x20,0x3d,0x20,
    0x5f,0x34,0x32,0x5f,0x62,0x6f,0x6e,0x65,0x73,0x5b,0x69,0x6e,0x74,0x28,0x62,0x6c,
    0x65,0x6e,0x64,0x69,0x6e,0x64,0x69,0x63,0x65,0x73,0x30,0x2e,0x78,0x29,0x5d,0x20,
    0x2a,0x20,0x62,0x6c,0x65,0x6e,0x64,0x77,0x65,0x69,0x67,0x68,0x74,0x30,0x2e,0x78,
    0x3b,0x0a,0x20,0x20,0x20,0x20,0x69,0x66,0x20,0x28,0x5f,0x34,0x32,0x5f,0x66,0x6c,
    0x61,0x67,0x73,0x2e,0x79,0x20,0x3e,0x3d,0x20,0x31,0x2e,0x35,0x66,0x29,0x0a,0x20,
    0x20,0x20,0x20,0x7b,0x0a,0x20,0x20,0x20,0x20,0x20,0x20,0x20,0x20,0x66,0x6c,0x6f,
    0x61,0x74,0x34,0x78,0x34,0x20,0x5f,0x36,0x38,0x20,0x3d,0x20,0x5f,0x34,0x32,0x5f,
    0x62,0x6f,0x6e,0x65,0x73,0x5b,0x69,0x6e,0x74,0x28,0x62,0x6c,0x65,0x6e,0x64,0x69,
    0x6e,0x64,0x69,0x63,0x65,0x73,0x30,0x2e,0x79,0x29,0x5d,0x20,0x2a,0x20,0x62,0x6c,
    0x65,0x6e,0x64,0x77,0x65,0x69,0x67,0x68,0x74,0x30,0x2e,0x79,0x3b,0x0a,0x20,0x20,
    0x20,0x20,0x20,0x20,0x20,0x20,0x73,0x6b,0x69,0x6e,0x20,0x3d,0x20,0x66,0x6c,0x6f,
    0x61,0x74,0x34,0x78,0x34,0x28,0x73,0x6b,0x69,0x6e,0x5b,0x30,0x5d,0x20,0x2b,0x20,
    0x5f,0x36,0x38,0x5b,0x30,0x5d,0x2c,0x20,0x73,0x6b,0x69,0x6e,0x5b,0x31,0x5d,0x20,
    0x2b,0x20,0x5f,0x36,0x38,0x5b,0x31,0x5d,0x2c,0x20,0x73,0x6b,0x69,0x6e,0x5b,0x32,
    0x5d,0x20,0x2b,0x20,0x5f,0x36,0x38,0x5b,0x32,0x5d,0x2c,0x20,0x73,0x6b,0x69,0x6e,
    0x5b,0x33,0x5d,0x20,0x2b,0x20,0x5f,0x36,0x38,0x5b,0x33,0x5d,0x29,0x3b,0x0a,0x20,
    0x20,0x20,0x20,0x7d,0x0a,0x20,0x20,0x20,0x20,0x69,0x66,0x20,0x28,0x5f,0x34,0x32,
    0x5f,0x66,0x6c,0x61,0x67,0x73,0x2e,0x79,0x20,0x3e,0x3d,0x20,0x33,0x2e,0x35,0x66,
    0x29,0x0a,0x20,0x20,0x20,0x20,0x7b,0x0a,0x20,0x20,0x20,0x20,0x20,0x20,0x20,0x20,
    0x66,0x6c,0x6f,0x61,0x74,0x34,0x78,0x34,0x20,0x5f,0x39,0x34,0x20,0x3d,0x20,0x5f,
    0x34,0x32,0x5f,0x62,0x6f,0x6e,0x65,0x73,0x5b,0x69,0x6e,0x74,0x28,0x62,0x6c,0x65,
    0x6e,0x64,0x69,0x6e,0x64,0x69,0x63,0x65,0x73,0x30,0x2e,0x7a,0x29,0x5d,0x20,0x2a,
    0x20,0x62,0x6c,0x65,0x6e,0x64,0x77,0x65,0x69,0x67,0x68,0x74,0x30,0x2e,0x7a,0x3b,
    0x0a,0x20,0x20,0x20,0x20,0x20,0x20,0x20,0x20,0x66,0x6c,0x6f,0x61,0x74,0x34,0x78,
    0x34,0x20,0x5f,0x31,0x30,0x30,0x20,0x3d,0x20,0x5f,0x34,0x32,0x5f,0x62,0x6f,0x6e,
    0x65,0x73,0x5b,0x69,0x6e,0x74,0x28,0x62,0x6c,0x65,0x6e,0x64,0x69,0x6e,0x64,0x69,
    0x63,0x65,0x73,0x30,0x2e,0x77,0x29,0x5d,0x20,0x2a,0x20,0x62,0x6c,0x65,0x6e,0x64,
    0x77,0x65,0x69,0x67,0x68,0x74,0x30,0x2e,0x77,0x3b,0x0a,0x20,0x20,0x20,0x20,0x20,
    0x20,0x20,0x20,0x73,0x6b,0x69,0x6e,0x20,0x3d,0x20,0x66,0x6c,0x6f,0x61,0x74,0x34,
    0x78,0x34,0x28,0x73,0x6b,0x69,0x6e,0x5b,0x30,0x5d,0x20,0x2b,0x20,0x28,0x5f,0x39,
    0x34,0x5b,0x30,0x5d,0x20,0x2b,0x20,0x5f,0x31,0x30,0x30,0x5b,0x30,0x5d,0x29,0x2c,
    0x20,0x73,0x6b,0x69,0x6e,0x5b,0x31,0x5d,0x20,0x2b,0x20,0x28,0x5f,0x39,0x34,0x5b,
    0x31,0x5d,0x20,0x2b,0x20,0x5f,0x31,0x30,0x30,0x5b,0x31,0x5d,0x29,0x2c,0x20,0x73,
    0x6b,0x69,0x6e,0x5b,0x32,0x5d,0x20,0x2b,0x20,0x28,0x5f,0x39,0x34,0x5b,0x32,0x5d,
    0x20,0x2b,0x20,0x5f,0x31,0x30,0x30,0x5b,0x32,0x5d,0x29,0x2c,0x20,0x73,0x6b,0x69,
    0x6e,0x5b,0x33,0x5d,0x20,0x2b,0x20,0x28,0x5f,0x39,0x34,0x5b,0x33,0x5d,0x20,0x2b,
    0x20,0x5f,0x31,0x30,0x30,0x5b,0x33,0x5d,0x29,0x29,0x3b,0x0a,0x20,0x20,0x20,0x20,
    0x7d,0x0a,0x20,0x20,0x20,0x20,0x66,0x6c,0x6f,0x61,0x74,0x34,0x20,0x5f,0x31,0x34,
    0x30,0x20,0x3d,0x20,0x6d,0x75,0x6c,0x28,0x66,0x6c,0x6f,0x61,0x74,0x34,0x28,0x70,
    0x6f,0x73,0x69,0x74,0x69,0x6f,0x6e,0x2c,0x20,0x31,0x2e,0x30,0x66,0x29,0x2c,0x20,
    0x73,0x6b,0x69,0x6e,0x29,0x3b,0x0a,0x20,0x20,0x20,0x20,0x67,0x6c,0x5f,0x50,0x6f,
    0x73,0x69,0x74,0x69,0x6f,0x6e,0x20,0x3d,0x20,0x6d,0x75,0x6c,0x28,0x5f,0x31,0x34,
    0x30,0x2c,0x20,0x5f,0x34,0x32,0x5f,0x6d,0x76,0x70,0x29,0x3b,0x0a,0x20,0x20,0x20,
    0x20,0x77,0x6f,0x72,0x6c,0x64,0x50,0x6f,0x73,0x20,0x3d,0x20,0x6d,0x75,0x6c,0x28,
    0x5f,0x31,0x34,0x30,0x2c,0x20,0x5f,0x34,0x32,0x5f,0x77,0x6f,0x72,0x6c,0x64,0x29,
    0x2e,0x78,0x79,0x7a,0x3b,0x0a,0x20,0x20,0x20,0x20,0x77,0x6f,0x72,0x6c,0x64,0x4e,
    0x6f,0x72,0x6d,0x61,0x6c,0x20,0x3d,0x20,0x6d,0x75,0x6c,0x28,0x6d,0x75,0x6c,0x28,
    0x6e,0x6f,0x72,0x6d,0x61,0x6c,0x2c,0x20,0x66,0x6c,0x6f,0x61,0x74,0x33,0x78,0x33,
    0x28,0x73,0x6b,0x69,0x6e,0x5b,0x30,0x5d,0x2e,0x78,0x79,0x7a,0x2c,0x20,0x73,0x6b,
    0x69,0x6e,0x5b,0x31,0x5d,0x2e,0x78,0x79,0x7a,0x2c,0x20,0x73,0x6b,0x69,0x6e,0x5b,
    0x32,0x5d,0x2e,0x78,0x79,0x7a,0x29,0x29,0x2c,0x20,0x66,0x6c,0x6f,0x61,0x74,0x33,
    0x78,0x33,0x28,0x5f,0x34,0x32,0x5f,0x6e,0x6f,0x72,0x6d,0x61,0x6c,0x4d,0x61,0x74,
    0x72,0x69,0x78,0x5b,0x30,0x5d,0x2e,0x78,0x79,0x7a,0x2c,0x20,0x5f,0x34,0x32,0x5f,
    0x6e,0x6f,0x72,0x6d,0x61,0x6c,0x4d,0x61,0x74,0x72,0x69,0x78,0x5b,0x31,0x5d,0x2e,
    0x78,0x79,0x7a,0x2c,0x20,0x5f,0x34,0x32,0x5f,0x6e,0x6f,0x72,0x6d,0x61,0x6c,0x4d,
    0x61,0x74,0x72,0x69,0x78,0x5b,0x32,0x5d,0x2e,0x78,0x79,0x7a,0x29,0x29,0x3b,0x0a,
    0x20,0x20,0x20,0x20,0x75,0x76,0x20,0x3d,0x20,0x74,0x65,0x78,0x63,0x6f,0x6f,0x72,
    0x64,0x30,0x3b,0x0a,0x20,0x20,0x20,0x20,0x74,0x69,0x6e,0x74,0x20,0x3d,0x20,0x6c,
    0x65,0x72,0x70,0x28,0x31,0x2e,0x30,0x66,0x2e,0x78,0x78,0x78,0x78,0x2c,0x20,0x63,
    0x6f,0x6c,0x6f,0x72,0x30,0x2c,0x20,0x5f,0x34,0x32,0x5f,0x66,0x6c,0x61,0x67,0x73,
    0x2e,0x78,0x2e,0x78,0x78,0x78,0x78,0x29,0x3b,0x0a,0x20,0x20,0x20,0x20,0x66,0x6f,
    0x67,0x46,0x61,0x63,0x74,0x6f,0x72,0x20,0x3d,0x20,0x31,0x2e,0x30,0x66,0x20,0x2d,
    0x20,0x63,0x6c,0x61,0x6d,0x70,0x28,0x64,0x6f,0x74,0x28,0x66,0x6c,0x6f,0x61,0x74,
    0x34,0x28,0x5f,0x31,0x34,0x30,0x2e,0x78,0x79,0x7a,0x2c,0x20,0x31,0x2e,0x30,0x66,
    0x29,0x2c,0x20,0x5f,0x34,0x32,0x5f,0x66,0x6f,0x67,0x56,0x65,0x63,0x74,0x6f,0x72,
    0x29,0x2c,0x20,0x30,0x2e,0x30,0x66,0x2c,0x20,0x31,0x2e,0x30,0x66,0x29,0x3b,0x0a,
    0x20,0x20,0x20,0x20,0x61,0x6c,0x70,0x68,0x61,0x54,0x65,0x73,0x74,0x4f,0x75,0x74,
    0x20,0x3d,0x20,0x5f,0x34,0x32,0x5f,0x61,0x6c,0x70,0x68,0x61,0x54,0x65,0x73,0x74,
    0x3b,0x0a,0x7d,0x0a,0x0a,0x53,0x50,0x49,0x52,0x56,0x5f,0x43,0x72,0x6f,0x73,0x73,
    0x5f,0x4f,0x75,0x74,0x70,0x75,0x74,0x20,0x6d,0x61,0x69,0x6e,0x28,0x53,0x50,0x49,
    0x52,0x56,0x5f,0x43,0x72,0x6f,0x73,0x73,0x5f,0x49,0x6e,0x70,0x75,0x74,0x20,0x73,
    0x74,0x61,0x67,0x65,0x5f,0x69,0x6e,0x70,0x75,0x74,0x29,0x0a,0x7b,0x0a,0x20,0x20,
    0x20,0x20,0x62,0x6c,0x65,0x6e,0x64,0x69,0x6e,0x64,0x69,0x63,0x65,0x73,0x30,0x20,
    0x3d,0x20,0x73,0x74,0x61,0x67,0x65,0x5f,0x69,0x6e,0x70,0x75,0x74,0x2e,0x62,0x6c,
    0x65,0x6e,0x64,0x69,0x6e,0x64,0x69,0x63,0x65,0x73,0x30,0x3b,0x0a,0x20,0x20,0x20,
    0x20,0x62,0x6c,0x65,0x6e,0x64,0x77,0x65,0x69,0x67,0x68,0x74,0x30,0x20,0x3d,0x20,
    0x73,0x74,0x61,0x67,0x65,0x5f,0x69,0x6e,0x70,0x75,0x74,0x2e,0x62,0x6c,0x65,0x6e,
    0x64,0x77,0x65,0x69,0x67,0x68,0x74,0x30,0x3b,0x0a,0x20,0x20,0x20,0x20,0x70,0x6f,
    0x73,0x69,0x74,0x69,0x6f,0x6e,0x20,0x3d,0x20,0x73,0x74,0x61,0x67,0x65,0x5f,0x69,
    0x6e,0x70,0x75,0x74,0x2e,0x70,0x6f,0x73,0x69,0x74,0x69,0x6f,0x6e,0x3b,0x0a,0x20,
    0x20,0x20,0x20,0x6e,0x6f,0x72,0x6d,0x61,0x6c,0x20,0x3d,0x20,0x73,0x74,0x61,0x67,
    0x65,0x5f,0x69,0x6e,0x70,0x75,0x74,0x2e,0x6e,0x6f,0x72,0x6d,0x61,0x6c,0x3b,0x0a,
    0x20,0x20,0x20,0x20,0x74,0x65,0x78,0x63,0x6f,0x6f,0x72,0x64,0x30,0x20,0x3d,0x20,
    0x73,0x74,0x61,0x67,0x65,0x5f,0x69,0x6e,0x70,0x75,0x74,0x2e,0x74,0x65,0x78,0x63,
    0x6f,0x6f,0x72,0x64,0x30,0x3b,0x0a,0x20,0x20,0x20,0x20,0x63,0x6f,0x6c,0x6f,0x72,
    0x30,0x20,0x3d,0x20,0x73,0x74,0x61,0x67,0x65,0x5f,0x69,0x6e,0x70,0x75,0x74,0x2e,
    0x63,0x6f,0x6c,0x6f,0x72,0x30,0x3b,0x0a,0x20,0x20,0x20,0x20,0x76,0x65,0x72,0x74,
    0x5f,0x6d,0x61,0x69,0x6e,0x28,0x29,0x3b,0x0a,0x20,0x20,0x20,0x20,0x53,0x50,0x49,
    0x52,0x56,0x5f,0x43,0x72,0x6f,0x73,0x73,0x5f,0x4f,0x75,0x74,0x70,0x75,0x74,0x20,
    0x73,0x74,0x61,0x67,0x65,0x5f,0x6f,0x75,0x74,0x70,0x75,0x74,0x3b,0x0a,0x20,0x20,
    0x20,0x20,0x73,0x74,0x61,0x67,0x65,0x5f,0x6f,0x75,0x74,0x70,0x75,0x74,0x2e,0x67,
    0x6c,0x5f,0x50,0x6f,0x73,0x69,0x74,0x69,0x6f,0x6e,0x20,0x3d,0x20,0x67,0x6c,0x5f,
    0x50,0x6f,0x73,0x69,0x74,0x69,0x6f,0x6e,0x3b,0x0a,0x20,0x20,0x20,0x20,0x73,0x74,
    0x61,0x67,0x65,0x5f,0x6f,0x75,0x74,0x70,0x75,0x74,0x2e,0x77,0x6f,0x72,0x6c,0x64,
    0x50,0x6f,0x73,0x20,0x3d,0x20,0x77,0x6f,0x72,0x6c,0x64,0x50,0x6f,0x73,0x3b,0x0a,
    0x20,0x20,0x20,0x20,0x73,0x74,0x61,0x67,0x65,0x5f,0x6f,0x75,0x74,0x70,0x75,0x74,
    0x2e,0x77,0x6f,0x72,0x6c,0x64,0x4e,0x6f,0x72,0x6d,0x61,0x6c,0x20,0x3d,0x20,0x77,
    0x6f,0x72,0x6c,0x64,0x4e,0x6f,0x72,0x6d,0x61,0x6c,0x3b,0x0a,0x20,0x20,0x20,0x20,
    0x73,0x74,0x61,0x67,0x65,0x5f,0x6f,0x75,0x74,0x70,0x75,0x74,0x2e,0x75,0x76,0x20,
    0x3d,0x20,0x75,0x76,0x3b,0x0a,0x20,0x20,0x20,0x20,0x73,0x74,0x61,0x67,0x65,0x5f,
    0x6f,0x75,0x74,0x70,0x75,0x74,0x2e,0x74,0x69,0x6e,0x74,0x20,0x3d,0x20,0x74,0x69,
    0x6e,0x74,0x3b,0x0a,0x20,0x20,0x20,0x20,0x73,0x74,0x61,0x67,0x65,0x5f,0x6f,0x75,
    0x74,0x70,0x75,0x74,0x2e,0x66,0x6f,0x67,0x46,0x61,0x63,0x74,0x6f,0x72,0x20,0x3d,
    0x20,0x66,0x6f,0x67,0x46,0x61,0x63,0x74,0x6f,0x72,0x3b,0x0a,0x20,0x20,0x20,0x20,
    0x73,0x74,0x61,0x67,0x65,0x5f,0x6f,0x75,0x74,0x70,0x75,0x74,0x2e,0x61,0x6c,0x70,
    0x68,0x61,0x54,0x65,0x73,0x74,0x4f,0x75,0x74,0x20,0x3d,0x20,0x61,0x6c,0x70,0x68,
    0x61,0x54,0x65,0x73,0x74,0x4f,0x75,0x74,0x3b,0x0a,0x20,0x20,0x20,0x20,0x72,0x65,
    0x74,0x75,0x72,0x6e,0x20,0x73,0x74,0x61,0x67,0x65,0x5f,0x6f,0x75,0x74,0x70,0x75,
    0x74,0x3b,0x0a,0x7d,0x0a,0x00,
};
#endif
/*
    cbuffer skinned3d_fs_params : register(b1)
    {
        float4 _18_diffuse : packoffset(c0);
        float4 _18_ambient : packoffset(c1);
        float4 _18_light0Dir : packoffset(c2);
        float4 _18_light0Diffuse : packoffset(c3);
        float4 _18_light0Specular : packoffset(c4);
        float4 _18_light1Dir : packoffset(c5);
        float4 _18_light1Diffuse : packoffset(c6);
        float4 _18_light1Specular : packoffset(c7);
        float4 _18_light2Dir : packoffset(c8);
        float4 _18_light2Diffuse : packoffset(c9);
        float4 _18_light2Specular : packoffset(c10);
        float4 _18_specularColorAndPower : packoffset(c11);
        float4 _18_eyePosition : packoffset(c12);
        float4 _18_emissiveColor : packoffset(c13);
        float4 _18_fogColor : packoffset(c14);
        float4 _18_rtFlipV : packoffset(c15);
    };

    Texture2D<float4> tex : register(t0);
    SamplerState smp : register(s0);

    static float3 worldNormal;
    static float3 worldPos;
    static float4 tint;
    static float2 uv;
    static float4 alphaTestOut;
    static float fogFactor;
    static float4 frag_color;

    struct SPIRV_Cross_Input
    {
        float3 worldNormal : TEXCOORD0;
        float3 worldPos : TEXCOORD1;
        float2 uv : TEXCOORD2;
        float4 tint : TEXCOORD3;
        float fogFactor : TEXCOORD4;
        float4 alphaTestOut : TEXCOORD5;
    };

    struct SPIRV_Cross_Output
    {
        float4 frag_color : SV_Target0;
    };

    void frag_main()
    {
        float3 _13 = normalize(worldNormal);
        float3 _28 = normalize(_18_eyePosition.xyz - worldPos);
        float _37 = dot(_13, -_18_light0Dir.xyz);
        float _52 = dot(_13, -_18_light1Dir.xyz);
        float _66 = dot(_13, -_18_light2Dir.xyz);
        float4 _243 = tex.Sample(smp, float2(uv.x, lerp(uv.y, 1.0f - uv.y, _18_rtFlipV.x))) * float4((((((_18_ambient.xyz + (_18_light0Diffuse.xyz * max(_37, 0.0f))) + (_18_light1Diffuse.xyz * max(_52, 0.0f))) + (_18_light2Diffuse.xyz * max(_66, 0.0f))) * _18_diffuse.xyz) * tint.xyz) + _18_emissiveColor.xyz, _18_diffuse.w * tint.w);
        float3 _250 = _243.xyz + (((((_18_light0Specular.xyz * pow(max(dot(normalize(_28 - _18_light0Dir.xyz), _13), 0.0f) * step(0.0f, _37), _18_specularColorAndPower.w)) + (_18_light1Specular.xyz * pow(max(dot(normalize(_28 - _18_light1Dir.xyz), _13), 0.0f) * step(0.0f, _52), _18_specularColorAndPower.w))) + (_18_light2Specular.xyz * pow(max(dot(normalize(_28 - _18_light2Dir.xyz), _13), 0.0f) * step(0.0f, _66), _18_specularColorAndPower.w))) * _18_specularColorAndPower.xyz) * _243.w);
        float4 _327 = _243;
        _327.x = _250.x;
        _327.y = _250.y;
        _327.z = _250.z;
        float4 c = _327;
        float _264;
        if (alphaTestOut.y > 0.0f)
        {
            float _276;
            if (abs(c.w - alphaTestOut.x) < alphaTestOut.y)
            {
                _276 = alphaTestOut.z;
            }
            else
            {
                _276 = alphaTestOut.w;
            }
            _264 = _276;
        }
        else
        {
            float _291;
            if (c.w < alphaTestOut.x)
            {
                _291 = alphaTestOut.z;
            }
            else
            {
                _291 = alphaTestOut.w;
            }
            _264 = _291;
        }
        if (_264 < 0.0f)
        {
            discard;
        }
        float4 _310 = c;
        float3 _315 = lerp(_18_fogColor.xyz, _310.xyz, fogFactor.xxx);
        float4 _335 = _310;
        _335.x = _315.x;
        _335.y = _315.y;
        _335.z = _315.z;
        c = _335;
        frag_color = _335;
    }

    SPIRV_Cross_Output main(SPIRV_Cross_Input stage_input)
    {
        worldNormal = stage_input.worldNormal;
        worldPos = stage_input.worldPos;
        tint = stage_input.tint;
        uv = stage_input.uv;
        alphaTestOut = stage_input.alphaTestOut;
        fogFactor = stage_input.fogFactor;
        frag_main();
        SPIRV_Cross_Output stage_output;
        stage_output.frag_color = frag_color;
        return stage_output;
    }
*/
#if defined(SOKOL_D3D11)
static const uint8_t cna_skinned3d_fs_source_hlsl5[3662] = {
    0x63,0x62,0x75,0x66,0x66,0x65,0x72,0x20,0x73,0x6b,0x69,0x6e,0x6e,0x65,0x64,0x33,
    0x64,0x5f,0x66,0x73,0x5f,0x70,0x61,0x72,0x61,0x6d,0x73,0x20,0x3a,0x20,0x72,0x65,
    0x67,0x69,0x73,0x74,0x65,0x72,0x28,0x62,0x31,0x29,0x0a,0x7b,0x0a,0x20,0x20,0x20,
    0x20,0x66,0x6c,0x6f,0x61,0x74,0x34,0x20,0x5f,0x31,0x38,0x5f,0x64,0x69,0x66,0x66,
    0x75,0x73,0x65,0x20,0x3a,0x20,0x70,0x61,0x63,0x6b,0x6f,0x66,0x66,0x73,0x65,0x74,
    0x28,0x63,0x30,0x29,0x3b,0x0a,0x20,0x20,0x20,0x20,0x66,0x6c,0x6f,0x61,0x74,0x34,
    0x20,0x5f,0x31,0x38,0x5f,0x61,0x6d,0x62,0x69,0x65,0x6e,0x74,0x20,0x3a,0x20,0x70,
    0x61,0x63,0x6b,0x6f,0x66,0x66,0x73,0x65,0x74,0x28,0x63,0x31,0x29,0x3b,0x0a,0x20,
    0x20,0x20,0x20,0x66,0x6c,0x6f,0x61,0x74,0x34,0x20,0x5f,0x31,0x38,0x5f,0x6c,0x69,
    0x67,0x68,0x74,0x30,0x44,0x69,0x72,0x20,0x3a,0x20,0x70,0x61,0x63,0x6b,0x6f,0x66,
    0x66,0x73,0x65,0x74,0x28,0x63,0x32,0x29,0x3b,0x0a,0x20,0x20,0x20,0x20,0x66,0x6c,
    0x6f,0x61,0x74,0x34,0x20,0x5f,0x31,0x38,0x5f,0x6c,0x69,0x67,0x68,0x74,0x30,0x44,
    0x69,0x66,0x66,0x75,0x73,0x65,0x20,0x3a,0x20,0x70,0x61,0x63,0x6b,0x6f,0x66,0x66,
    0x73,0x65,0x74,0x28,0x63,0x33,0x29,0x3b,0x0a,0x20,0x20,0x20,0x20,0x66,0x6c,0x6f,
    0x61,0x74,0x34,0x20,0x5f,0x31,0x38,0x5f,0x6c,0x69,0x67,0x68,0x74,0x30,0x53,0x70,
    0x65,0x63,0x75,0x6c,0x61,0x72,0x20,0x3a,0x20,0x70,0x61,0x63,0x6b,0x6f,0x66,0x66,
    0x73,0x65,0x74,0x28,0x63,0x34,0x29,0x3b,0x0a,0x20,0x20,0x20,0x20,0x66,0x6c,0x6f,
    0x61,0x74,0x34,0x20,0x5f,0x31,0x38,0x5f,0x6c,0x69,0x67,0x68,0x74,0x31,0x44,0x69,
    0x72,0x20,0x3a,0x20,0x70,0x61,0x63,0x6b,0x6f,0x66,0x66,0x73,0x65,0x74,0x28,0x63,
    0x35,0x29,0x3b,0x0a,0x20,0x20,0x20,0x20,0x66,0x6c,0x6f,0x61,0x74,0x34,0x20,0x5f,
    0x31,0x38,0x5f,0x6c,0x69,0x67,0x68,0x74,0x31,0x44,0x69,0x66,0x66,0x75,0x73,0x65,
    0x20,0x3a,0x20,0x70,0x61,0x63,0x6b,0x6f,0x66,0x66,0x73,0x65,0x74,0x28,0x63,0x36,
    0x29,0x3b,0x0a,0x20,0x20,0x20,0x20,0x66,0x6c,0x6f,0x61,0x74,0x34,0x20,0x5f,0x31,
    0x38,0x5f,0x6c,0x69,0x67,0x68,0x74,0x31,0x53,0x70,0x65,0x63,0x75,0x6c,0x61,0x72,
    0x20,0x3a,0x20,0x70,0x61,0x63,0x6b,0x6f,0x66,0x66,0x73,0x65,0x74,0x28,0x63,0x37,
    0x29,0x3b,0x0a,0x20,0x20,0x20,0x20,0x66,0x6c,0x6f,0x61,0x74,0x34,0x20,0x5f,0x31,
    0x38,0x5f,0x6c,0x69,0x67,0x68,0x74,0x32,0x44,0x69,0x72,0x20,0x3a,0x20,0x70,0x61,
    0x63,0x6b,0x6f,0x66,0x66,0x73,0x65,0x74,0x28,0x63,0x38,0x29,0x3b,0x0a,0x20,0x20,
    0x20,0x20,0x66,0x6c,0x6f,0x61,0x74,0x34,0x20,0x5f,0x31,0x38,0x5f,0x6c,0x69,0x67,
    0x68,0x74,0x32,0x44,0x69,0x66,0x66,0x75,0x73,0x65,0x20,0x3a,0x20,0x70,0x61,0x63,
    0x6b,0x6f,0x66,0x66,0x73,0x65,0x74,0x28,0x63,0x39,0x29,0x3b,0x0a,0x20,0x20,0x20,
    0x20,0x66,0x6c,0x6f,0x61,0x74,0x34,0x20,0x5f,0x31,0x38,0x5f,0x6c,0x69,0x67,0x68,
    0x74,0x32,0x53,0x70,0x65,0x63,0x75,0x6c,0x61,0x72,0x20,0x3a,0x20,0x70,0x61,0x63,
    0x6b,0x6f,0x66,0x66,0x73,0x65,0x74,0x28,0x63,0x31,0x30,0x29,0x3b,0x0a,0x20,0x20,
    0x20,0x20,0x66,0x6c,0x6f,0x61,0x74,0x34,0x20,0x5f,0x31,0x38,0x5f,0x73,0x70,0x65,
    0x63,0x75,0x6c,0x61,0x72,0x43,0x6f,0x6c,0x6f,0x72,0x41,0x6e,0x64,0x50,0x6f,0x77,
    0x65,0x72,0x20,0x3a,0x20,0x70,0x61,0x63,0x6b,0x6f,0x66,0x66,0x73,0x65,0x74,0x28,
    0x63,0x31,0x31,0x29,0x3b,0x0a,0x20,0x20,0x20,0x20,0x66,0x6c,0x6f,0x61,0x74,0x34,
    0x20,0x5f,0x31,0x38,0x5f,0x65,0x79,0x65,0x50,0x6f,0x73,0x69,0x74,0x69,0x6f,0x6e,
    0x20,0x3a,0x20,0x70,0x61,0x63,0x6b,0x6f,0x66,0x66,0x73,0x65,0x74,0x28,0x63,0x31,
    0x32,0x29,0x3b,0x0a,0x20,0x20,0x20,0x20,0x66,0x6c,0x6f,0x61,0x74,0x34,0x20,0x5f,
    0x31,0x38,0x5f,0x65,0x6d,0x69,0x73,0x73,0x69,0x76,0x65,0x43,0x6f,0x6c,0x6f,0x72,
    0x20,0x3a,0x20,0x70,0x61,0x63,0x6b,0x6f,0x66,0x66,0x73,0x65,0x74,0x28,0x63,0x31,
    0x33,0x29,0x3b,0x0a,0x20,0x20,0x20,0x20,0x66,0x6c,0x6f,0x61,0x74,0x34,0x20,0x5f,
    0x31,0x38,0x5f,0x66,0x6f,0x67,0x43,0x6f,0x6c,0x6f,0x72,0x20,0x3a,0x20,0x70,0x61,
    0x63,0x6b,0x6f,0x66,0x66,0x73,0x65,0x74,0x28,0x63,0x31,0x34,0x29,0x3b,0x0a,0x20,
    0x20,0x20,0x20,0x66,0x6c,0x6f,0x61,0x74,0x34,0x20,0x5f,0x31,0x38,0x5f,0x72,0x74,
    0x46,0x6c,0x69,0x70,0x56,0x20,0x3a,0x20,0x70,0x61,0x63,0x6b,0x6f,0x66,0x66,0x73,
    0x65,0x74,0x28,0x63,0x31,0x35,0x29,0x3b,0x0a,0x7d,0x3b,0x0a,0x0a,0x54,0x65,0x78,
    0x74,0x75,0x72,0x65,0x32,0x44,0x3c,0x66,0x6c,0x6f,0x61,0x74,0x34,0x3e,0x20,0x74,
    0x65,0x78,0x20,0x3a,0x20,0x72,0x65,0x67,0x69,0x73,0x74,0x65,0x72,0x28,0x74,0x30,
    0x29,0x3b,0x0a,0x53,0x61,0x6d,0x70,0x6c,0x65,0x72,0x53,0x74,0x61,0x74,0x65,0x20,
    0x73,0x6d,0x70,0x20,0x3a,0x20,0x72,0x65,0x67,0x69,0x73,0x74,0x65,0x72,0x28,0x73,
    0x30,0x29,0x3b,0x0a,0x0a,0x73,0x74,0x61,0x74,0x69,0x63,0x20,0x66,0x6c,0x6f,0x61,
    0x74,0x33,0x20,0x77,0x6f,0x72,0x6c,0x64,0x4e,0x6f,0x72,0x6d,0x61,0x6c,0x3b,0x0a,
    0x73,0x74,0x61,0x74,0x69,0x63,0x20,0x66,0x6c,0x6f,0x61,0x74,0x33,0x20,0x77,0x6f,
    0x72,0x6c,0x64,0x50,0x6f,0x73,0x3b,0x0a,0x73,0x74,0x61,0x74,0x69,0x63,0x20,0x66,
    0x6c,0x6f,0x61,0x74,0x34,0x20,0x74,0x69,0x6e,0x74,0x3b,0x0a,0x73,0x74,0x61,0x74,
    0x69,0x63,0x20,0x66,0x6c,0x6f,0x61,0x74,0x32,0x20,0x75,0x76,0x3b,0x0a,0x73,0x74,
    0x61,0x74,0x69,0x63,0x20,0x66,0x6c,0x6f,0x61,0x74,0x34,0x20,0x61,0x6c,0x70,0x68,
    0x61,0x54,0x65,0x73,0x74,0x4f,0x75,0x74,0x3b,0x0a,0x73,0x74,0x61,0x74,0x69,0x63,
    0x20,0x66,0x6c,0x6f,0x61,0x74,0x20,0x66,0x6f,0x67,0x46,0x61,0x63,0x74,0x6f,0x72,
    0x3b,0x0a,0x73,0x74,0x61,0x74,0x69,0x63,0x20,0x66,0x6c,0x6f,0x61,0x74,0x34,0x20,
    0x66,0x72,0x61,0x67,0x5f,0x63,0x6f,0x6c,0x6f,0x72,0x3b,0x0a,0x0a,0x73,0x74,0x72,
    0x75,0x63,0x74,0x20,0x53,0x50,0x49,0x52,0x56,0x5f,0x43,0x72,0x6f,0x73,0x73,0x5f,
    0x49,0x6e,0x70,0x75,0x74,0x0a,0x7b,0x0a,0x20,0x20,0x20,0x20,0x66,0x6c,0x6f,0x61,
    0x74,0x33,0x20,0x77,0x6f,0x72,0x6c,0x64,0x4e,0x6f,0x72,0x6d,0x61,0x6c,0x20,0x3a,
    0x20,0x54,0x45,0x58,0x43,0x4f,0x4f,0x52,0x44,0x30,0x3b,0x0a,0x20,0x20,0x20,0x20,
    0x66,0x6c,0x6f,0x61,0x74,0x33,0x20,0x77,0x6f,0x72,0x6c,0x64,0x50,0x6f,0x73,0x20,
    0x3a,0x20,0x54,0x45,0x58,0x43,0x4f,0x4f,0x52,0x44,0x31,0x3b,0x0a,0x20,0x20,0x20,
    0x20,0x66,0x6c,0x6f,0x61,0x74,0x32,0x20,0x75,0x76,0x20,0x3a,0x20,0x54,0x45,0x58,
    0x43,0x4f,0x4f,0x52,0x44,0x32,0x3b,0x0a,0x20,0x20,0x20,0x20,0x66,0x6c,0x6f,0x61,
    0x74,0x34,0x20,0x74,0x69,0x6e,0x74,0x20,0x3a,0x20,0x54,0x45,0x58,0x43,0x4f,0x4f,
    0x52,0x44,0x33,0x3b,0x0a,0x20,0x20,0x20,0x20,0x66,0x6c,0x6f,0x61,0x74,0x20,0x66,
    0x6f,0x67,0x46,0x61,0x63,0x74,0x6f,0x72,0x20,0x3a,0x20,0x54,0x45,0x58,0x43,0x4f,
    0x4f,0x52,0x44,0x34,0x3b,0x0a,0x20,0x20,0x20,0x20,0x66,0x6c,0x6f,0x61,0x74,0x34,
    0x20,0x61,0x6c,0x70,0x68,0x61,0x54,0x65,0x73,0x74,0x4f,0x75,0x74,0x20,0x3a,0x20,
    0x54,0x45,0x58,0x43,0x4f,0x4f,0x52,0x44,0x35,0x3b,0x0a,0x7d,0x3b,0x0a,0x0a,0x73,
    0x74,0x72,0x75,0x63,0x74,0x20,0x53,0x50,0x49,0x52,0x56,0x5f,0x43,0x72,0x6f,0x73,
    0x73,0x5f,0x4f,0x75,0x74,0x70,0x75,0x74,0x0a,0x7b,0x0a,0x20,0x20,0x20,0x20,0x66,
    0x6c,0x6f,0x61,0x74,0x34,0x20,0x66,0x72,0x61,0x67,0x5f,0x63,0x6f,0x6c,0x6f,0x72,
    0x20,0x3a,0x20,0x53,0x56,0x5f,0x54,0x61,0x72,0x67,0x65,0x74,0x30,0x3b,0x0a,0x7d,
    0x3b,0x0a,0x0a,0x76,0x6f,0x69,0x64,0x20,0x66,0x72,0x61,0x67,0x5f,0x6d,0x61,0x69,
    0x6e,0x28,0x29,0x0a,0x7b,0x0a,0x20,0x20,0x20,0x20,0x66,0x6c,0x6f,0x61,0x74,0x33,
    0x20,0x5f,0x31,0x33,0x20,0x3d,0x20,0x6e,0x6f,0x72,0x6d,0x61,0x6c,0x69,0x7a,0x65,
    0x28,0x77,0x6f,0x72,0x6c,0x64,0x4e,0x6f,0x72,0x6d,0x61,0x6c,0x29,0x3b,0x0a,0x20,
    0x20,0x20,0x20,0x66,0x6c,0x6f,0x61,0x74,0x33,0x20,0x5f,0x32,0x38,0x20,0x3d,0x20,
    0x6e,0x6f,0x72,0x6d,0x61,0x6c,0x69,0x7a,0x65,0x28,0x5f,0x31,0x38,0x5f,0x65,0x79,
    0x65,0x50,0x6f,0x73,0x69,0x74,0x69,0x6f,0x6e,0x2e,0x78,0x79,0x7a,0x20,0x2d,0x20,
    0x77,0x6f,0x72,0x6c,0x64,0x50,0x6f,0x73,0x29,0x3b,0x0a,0x20,0x20,0x20,0x20,0x66,
    0x6c,0x6f,0x61,0x74,0x20,0x5f,0x33,0x37,0x20,0x3d,0x20,0x64,0x6f,0x74,0x28,0x5f,
    0x31,0x33,0x2c,0x20,0x2d,0x5f,0x31,0x38,0x5f,0x6c,0x69,0x67,0x68,0x74,0x30,0x44,
    0x69,0x72,0x2e,0x78,0x79,0x7a,0x29,0x3b,0x0a,0x20,0x20,0x20,0x20,0x66,0x6c,0x6f,
    0x61,0x74,0x20,0x5f,0x35,0x32,0x20,0x3d,0x20,0x64,0x6f,0x74,0x28,0x5f,0x31,0x33,
    0x2c,0x20,0x2d,0x5f,0x31,0x38,0x5f,0x6c,0x69,0x67,0x68,0x74,0x31,0x44,0x69,0x72,
    0x2e,0x78,0x79,0x7a,0x29,0x3b,0x0a,0x20,0x20,0x20,0x20,0x66,0x6c,0x6f,0x61,0x74,
    0x20,0x5f,0x36,0x36,0x20,0x3d,0x20,0x64,0x6f,0x74,0x28,0x5f,0x31,0x33,0x2c,0x20,
    0x2d,0x5f,0x31,0x38,0x5f,0x6c,0x69,0x67,0x68,0x74,0x32,0x44,0x69,0x72,0x2e,0x78,
    0x79,0x7a,0x29,0x3b,0x0a,0x20,0x20,0x20,0x20,0x66,0x6c,0x6f,0x61,0x74,0x34,0x20,
    0x5f,0x32,0x34,0x33,0x20,0x3d,0x20,0x74,0x65,0x78,0x2e,0x53,0x61,0x6d,0x70,0x6c,
    0x65,0x28,0x73,0x6d,0x70,0x2c,0x20,0x66,0x6c,0x6f,0x61,0x74,0x32,0x28,0x75,0x76,
    0x2e,0x78,0x2c,0x20,0x6c,0x65,0x72,0x70,0x28,0x75,0x76,0x2e,0x79,0x2c,0x20,0x31,
    0x2e,0x30,0x66,0x20,0x2d,0x20,0x75,0x76,0x2e,0x79,0x2c,0x20,0x5f,0x31,0x38,0x5f,
    0x72,0x74,0x46,0x6c,0x69,0x70,0x56,0x2e,0x78,0x29,0x29,0x29,0x20,0x2a,0x20,0x66,
    0x6c,0x6f,0x61,0x74,0x34,0x28,0x28,0x28,0x28,0x28,0x28,0x5f,0x31,0x38,0x5f,0x61,
    0x6d,0x62,0x69,0x65,0x6e,0x74,0x2e,0x78,0x79,0x7a,0x20,0x2b,0x20,0x28,0x5f,0x31,
    0x38,0x5f,0x6c,0x69,0x67,0x68,0x74,0x30,0x44,0x69,0x66,0x66,0x75,0x73,0x65,0x2e,
    0x78,0x79,0x7a,0x20,0x2a,0x20,0x6d,0x61,0x78,0x28,0x5f,0x33,0x37,0x2c,0x20,0x30,
    0x2e,0x30,0x66,0x29,0x29,0x29,0x20,0x2b,0x20,0x28,0x5f,0x31,0x38,0x5f,0x6c,0x69,
    0x67,0x68,0x74,0x31,0x44,0x69,0x66,0x66,0x75,0x73,0x65,0x2e,0x78,0x79,0x7a,0x20,
    0x2a,0x20,0x6d,0x61,0x78,0x28,0x5f,0x35,0x32,0x2c,0x20,0x30,0x2e,0x30,0x66,0x29,
    0x29,0x29,0x20,0x2b,0x20,0x28,0x5f,0x31,0x38,0x5f,0x6c,0x69,0x67,0x68,0x74,0x32,
    0x44,0x69,0x66,0x66,0x75,0x73,0x65,0x2e,0x78,0x79,0x7a,0x20,0x2a,0x20,0x6d,0x61,
    0x78,0x28,0x5f,0x36,0x36,0x2c,0x20,0x30,0x2e,0x30,0x66,0x29,0x29,0x29,0x20,0x2a,
    0x20,0x5f,0x31,0x38,0x5f,0x64,0x69,0x66,0x66,0x75,0x73,0x65,0x2e,0x78,0x79,0x7a,
    0x29,0x20,0x2a,0x20,0x74,0x69,0x6e,0x74,0x2e,0x78,0x79,0x7a,0x29,0x20,0x2b,0x20,
    0x5f,0x31,0x38,0x5f,0x65,0x6d,0x69,0x73,0x73,0x69,0x76,0x65,0x43,0x6f,0x6c,0x6f,
    0x72,0x2e,0x78,0x79,0x7a,0x2c,0x20,0x5f,0x31,0x38,0x5f,0x64,0x69,0x66,0x66,0x75,
    0x73,0x65,0x2e,0x77,0x20,0x2a,0x20,0x74,0x69,0x6e,0x74,0x2e,0x77,0x29,0x3b,0x0a,
    0x20,0x20,0x20,0x20,0x66,0x6c,0x6f,0x61,0x74,0x33,0x20,0x5f,0x32,0x35,0x30,0x20,
    0x3d,0x20,0x5f,0x32,0x34,0x33,0x2e,0x78,0x79,0x7a,0x20,0x2b,0x20,0x28,0x28,0x28,
    0x28,0x28,0x5f,0x31,0x38,0x5f,0x6c,0x69,0x67,0x68,0x74,0x30,0x53,0x70,0x65,0x63,
    0x75,0x6c,0x61,0x72,0x2e,0x78,0x79,0x7a,0x20,0x2a,0x20,0x70,0x6f,0x77,0x28,0x6d,
    0x61,0x78,0x28,0x64,0x6f,0x74,0x28,0x6e,0x6f,0x72,0x6d,0x61,0x6c,0x69,0x7a,0x65,
    0x28,0x5f,0x32,0x38,0x20,0x2d,0x20,0x5f,0x31,0x38,0x5f,0x6c,0x69,0x67,0x68,0x74,
    0x30,0x44,0x69,0x72,0x2e,0x78,0x79,0x7a,0x29,0x2c,0x20,0x5f,0x31,0x33,0x29,0x2c,
    0x20,0x30,0x2e,0x30,0x66,0x29,0x20,0x2a,0x20,0x73,0x74,0x65,0x70,0x28,0x30,0x2e,
    0x30,0x66,0x2c,0x20,0x5f,0x33,0x37,0x29,0x2c,0x20,0x5f,0x31,0x38,0x5f,0x73,0x70,
    0x65,0x63,0x75,0x6c,0x61,0x72,0x43,0x6f,0x6c,0x6f,0x72,0x41,0x6e,0x64,0x50,0x6f,
    0x77,0x65,0x72,0x2e,0x77,0x29,0x29,0x20,0x2b,0x20,0x28,0x5f,0x31,0x38,0x5f,0x6c,
    0x69,0x67,0x68,0x74,0x31,0x53,0x70,0x65,0x63,0x75,0x6c,0x61,0x72,0x2e,0x78,0x79,
    0x7a,0x20,0x2a,0x20,0x70,0x6f,0x77,0x28,0x6d,0x61,0x78,0x28,0x64,0x6f,0x74,0x28,
    0x6e,0x6f,0x72,0x6d,0x61,0x6c,0x69,0x7a,0x65,0x28,0x5f,0x32,0x38,0x20,0x2d,0x20,
    0x5f,0x31,0x38,0x5f,0x6c,0x69,0x67,0x68,0x74,0x31,0x44,0x69,0x72,0x2e,0x78,0x79,
    0x7a,0x29,0x2c,0x20,0x5f,0x31,0x33,0x29,0x2c,0x20,0x30,0x2e,0x30,0x66,0x29,0x20,
    0x2a,0x20,0x73,0x74,0x65,0x70,0x28,0x30,0x2e,0x30,0x66,0x2c,0x20,0x5f,0x35,0x32,
    0x29,0x2c,0x20,0x5f,0x31,0x38,0x5f,0x73,0x70,0x65,0x63,0x75,0x6c,0x61,0x72,0x43,
    0x6f,0x6c,0x6f,0x72,0x41,0x6e,0x64,0x50,0x6f,0x77,0x65,0x72,0x2e,0x77,0x29,0x29,
    0x29,0x20,0x2b,0x20,0x28,0x5f,0x31,0x38,0x5f,0x6c,0x69,0x67,0x68,0x74,0x32,0x53,
    0x70,0x65,0x63,0x75,0x6c,0x61,0x72,0x2e,0x78,0x79,0x7a,0x20,0x2a,0x20,0x70,0x6f,
    0x77,0x28,0x6d,0x61,0x78,0x28,0x64,0x6f,0x74,0x28,0x6e,0x6f,0x72,0x6d,0x61,0x6c,
    0x69,0x7a,0x65,0x28,0x5f,0x32,0x38,0x20,0x2d,0x20,0x5f,0x31,0x38,0x5f,0x6c,0x69,
    0x67,0x68,0x74,0x32,0x44,0x69,0x72,0x2e,0x78,0x79,0x7a,0x29,0x2c,0x20,0x5f,0x31,
    0x33,0x29,0x2c,0x20,0x30,0x2e,0x30,0x66,0x29,0x20,0x2a,0x20,0x73,0x74,0x65,0x70,
    0x28,0x30,0x2e,0x30,0x66,0x2c,0x20,0x5f,0x36,0x36,0x29,0x2c,0x20,0x5f,0x31,0x38,
    0x5f,0x73,0x70,0x65,0x63,0x75,0x6c,0x61,0x72,0x43,0x6f,0x6c,0x6f,0x72,0x41,0x6e,
    0x64,0x50,0x6f,0x77,0x65,0x72,0x2e,0x77,0x29,0x29,0x29,0x20,0x2a,0x20,0x5f,0x31,
    0x38,0x5f,0x73,0x70,0x65,0x63,0x75,0x6c,0x61,0x72,0x43,0x6f,0x6c,0x6f,0x72,0x41,
    0x6e,0x64,0x50,0x6f,0x77,0x65,0x72,0x2e,0x78,0x79,0x7a,0x29,0x20,0x2a,0x20,0x5f,
    0x32,0x34,0x33,0x2e,0x77,0x29,0x3b,0x0a,0x20,0x20,0x20,0x20,0x66,0x6c,0x6f,0x61,
    0x74,0x34,0x20,0x5f,0x33,0x32,0x37,0x20,0x3d,0x20,0x5f,0x32,0x34,0x33,0x3b,0x0a,
    0x20,0x20,0x20,0x20,0x5f,0x33,0x32,0x37,0x2e,0x78,0x20,0x3d,0x20,0x5f,0x32,0x35,
    0x30,0x2e,0x78,0x3b,0x0a,0x20,0x20,0x20,0x20,0x5f,0x33,0x32,0x37,0x2e,0x79,0x20,
    0x3d,0x20,0x5f,0x32,0x35,0x30,0x2e,0x79,0x3b,0x0a,0x20,0x20,0x20,0x20,0x5f,0x33,
    0x32,0x37,0x2e,0x7a,0x20,0x3d,0x20,0x5f,0x32,0x35,0x30,0x2e,0x7a,0x3b,0x0a,0x20,
    0x20,0x20,0x20,0x66,0x6c,0x6f,0x61,0x74,0x34,0x20,0x63,0x20,0x3d,0x20,0x5f,0x33,
    0x32,0x37,0x3b,0x0a,0x20,0x20,0x20,0x20,0x66,0x6c,0x6f,0x61,0x74,0x20,0x5f,0x32,
    0x36,0x34,0x3b,0x0a,0x20,0x20,0x20,0x20,0x69,0x66,0x20,0x28,0x61,0x6c,0x70,0x68,
    0x61,0x54,0x65,0x73,0x74,0x4f,0x75,0x74,0x2e,0x79,0x20,0x3e,0x20,0x30,0x2e,0x30,
    0x66,0x29,0x0a,0x20,0x20,0x20,0x20,0x7b,0x0a,0x20,0x20,0x20,0x20,0x20,0x20,0x20,
    0x20,0x66,0x6c,0x6f,0x61,0x74,0x20,0x5f,0x32,0x37,0x36,0x3b,0x0a,0x20,0x20,0x20,
    0x20,0x20,0x20,0x20,0x20,0x69,0x66,0x20,0x28,0x61,0x62,0x73,0x28,0x63,0x2e,0x77,
    0x20,0x2d,0x20,0x61,0x6c,0x70,0x68,0x61,0x54,0x65,0x73,0x74,0x4f,0x75,0x74,0x2e,
    0x78,0x29,0x20,0x3c,0x20,0x61,0x6c,0x70,0x68,0x61,0x54,0x65,0x73,0x74,0x4f,0x75,
    0x74,0x2e,0x79,0x29,0x0a,0x20,0x20,0x20,0x20,0x20,0x20,0x20,0x20,0x7b,0x0a,0x20,
    0x20,0x20,0x20,0x20,0x20,0x20,0x20,0x20,0x20,0x20,0x20,0x5f,0x32,0x37,0x36,0x20,
    0x3d,0x20,0x61,0x6c,0x70,0x68,0x61,0x54,0x65,0x73,0x74,0x4f,0x75,0x74,0x2e,0x7a,
    0x3b,0x0a,0x20,0x20,0x20,0x20,0x20,0x20,0x20,0x20,0x7d,0x0a,0x20,0x20,0x20,0x20,
    0x20,0x20,0x20,0x20,0x65,0x6c,0x73,0x65,0x0a,0x20,0x20,0x20,0x20,0x20,0x20,0x20,
    0x20,0x7b,0x0a,0x20,0x20,0x20,0x20,0x20,0x20,0x20,0x20,0x20,0x20,0x20,0x20,0x5f,
    0x32,0x37,0x36,0x20,0x3d,0x20,0x61,0x6c,0x70,0x68,0x61,0x54,0x65,0x73,0x74,0x4f,
    0x75,0x74,0x2e,0x77,0x3b,0x0a,0x20,0x20,0x20,0x20,0x20,0x20,0x20,0x20,0x7d,0x0a,
    0x20,0x20,0x20,0x20,0x20,0x20,0x20,0x20,0x5f,0x32,0x36,0x34,0x20,0x3d,0x20,0x5f,
    0x32,0x37,0x36,0x3b,0x0a,0x20,0x20,0x20,0x20,0x7d,0x0a,0x20,0x20,0x20,0x20,0x65,
    0x6c,0x73,0x65,0x0a,0x20,0x20,0x20,0x20,0x7b,0x0a,0x20,0x20,0x20,0x20,0x20,0x20,
    0x20,0x20,0x66,0x6c,0x6f,0x61,0x74,0x20,0x5f,0x32,0x39,0x31,0x3b,0x0a,0x20,0x20,
    0x20,0x20,0x20,0x20,0x20,0x20,0x69,0x66,0x20,0x28,0x63,0x2e,0x77,0x20,0x3c,0x20,
    0x61,0x6c,0x70,0x68,0x61,0x54,0x65,0x73,0x74,0x4f,0x75,0x74,0x2e,0x78,0x29,0x0a,
    0x20,0x20,0x20,0x20,0x20,0x20,0x20,0x20,0x7b,0x0a,0x20,0x20,0x20,0x20,0x20,0x20,
    0x20,0x20,0x20,0x20,0x20,0x20,0x5f,0x32,0x39,0x31,0x20,0x3d,0x20,0x61,0x6c,0x70,
    0x68,0x61,0x54,0x65,0x73,0x74,0x4f,0x75,0x74,0x2e,0x7a,0x3b,0x0a,0x20,0x20,0x20,
    0x20,0x20,0x20,0x20,0x20,0x7d,0x0a,0x20,0x20,0x20,0x20,0x20,0x20,0x20,0x20,0x65,
    0x6c,0x73,0x65,0x0a,0x20,0x20,0x20,0x20,0x20,0x20,0x20,0x20,0x7b,0x0a,0x20,0x20,
    0x20,0x20,0x20,0x20,0x20,0x20,0x20,0x20,0x20,0x20,0x5f,0x32,0x39,0x31,0x20,0x3d,
    0x20,0x61,0x6c,0x70,0x68,0x61,0x54,0x65,0x73,0x74,0x4f,0x75,0x74,0x2e,0x77,0x3b,
    0x0a,0x20,0x20,0x20,0x20,0x20,0x20,0x20,0x20,0x7d,0x0a,0x20,0x20,0x20,0x20,0x20,
    0x20,0x20,0x20,0x5f,0x32,0x36,0x34,0x20,0x3d,0x20,0x5f,0x32,0x39,0x31,0x3b,0x0a,
    0x20,0x20,0x20,0x20,0x7d,0x0a,0x20,0x20,0x20,0x20,0x69,0x66,0x20,0x28,0x5f,0x32,
    0x36,0x34,0x20,0x3c,0x20,0x30,0x2e,0x30,0x66,0x29,0x0a,0x20,0x20,0x20,0x20,0x7b,
    0x0a,0x20,0x20,0x20,0x20,0x20,0x20,0x20,0x20,0x64,0x69,0x73,0x63,0x61,0x72,0x64,
    0x3b,0x0a,0x20,0x20,0x20,0x20,0x7d,0x0a,0x20,0x20,0x20,0x20,0x66,0x6c,0x6f,0x61,
    0x74,0x34,0x20,0x5f,0x33,0x31,0x30,0x20,0x3d,0x20,0x63,0x3b,0x0a,0x20,0x20,0x20,
    0x20,0x66,0x6c,0x6f,0x61,0x74,0x33,0x20,0x5f,0x33,0x31,0x35,0x20,0x3d,0x20,0x6c,
    0x65,0x72,0x70,0x28,0x5f,0x31,0x38,0x5f,0x66,0x6f,0x67,0x43,0x6f,0x6c,0x6f,0x72,
    0x2e,0x78,0x79,0x7a,0x2c,0x20,0x5f,0x33,0x31,0x30,0x2e,0x78,0x79,0x7a,0x2c,0x20,
    0x66,0x6f,0x67,0x46,0x61,0x63,0x74,0x6f,0x72,0x2e,0x78,0x78,0x78,0x29,0x3b,0x0a,
    0x20,0x20,0x20,0x20,0x66,0x6c,0x6f,0x61,0x74,0x34,0x20,0x5f,0x33,0x33,0x35,0x20,
    0x3d,0x20,0x5f,0x33,0x31,0x30,0x3b,0x0a,0x20,0x20,0x20,0x20,0x5f,0x33,0x33,0x35,
    0x2e,0x78,0x20,0x3d,0x20,0x5f,0x33,0x31,0x35,0x2e,0x78,0x3b,0x0a,0x20,0x20,0x20,
    0x20,0x5f,0x33,0x33,0x35,0x2e,0x79,0x20,0x3d,0x20,0x5f,0x33,0x31,0x35,0x2e,0x79,
    0x3b,0x0a,0x20,0x20,0x20,0x20,0x5f,0x33,0x33,0x35,0x2e,0x7a,0x20,0x3d,0x20,0x5f,
    0x33,0x31,0x35,0x2e,0x7a,0x3b,0x0a,0x20,0x20,0x20,0x20,0x63,0x20,0x3d,0x20,0x5f,
    0x33,0x33,0x35,0x3b,0x0a,0x20,0x20,0x20,0x20,0x66,0x72,0x61,0x67,0x5f,0x63,0x6f,
    0x6c,0x6f,0x72,0x20,0x3d,0x20,0x5f,0x33,0x33,0x35,0x3b,0x0a,0x7d,0x0a,0x0a,0x53,
    0x50,0x49,0x52,0x56,0x5f,0x43,0x72,0x6f,0x73,0x73,0x5f,0x4f,0x75,0x74,0x70,0x75,
    0x74,0x20,0x6d,0x61,0x69,0x6e,0x28,0x53,0x50,0x49,0x52,0x56,0x5f,0x43,0x72,0x6f,
    0x73,0x73,0x5f,0x49,0x6e,0x70,0x75,0x74,0x20,0x73,0x74,0x61,0x67,0x65,0x5f,0x69,
    0x6e,0x70,0x75,0x74,0x29,0x0a,0x7b,0x0a,0x20,0x20,0x20,0x20,0x77,0x6f,0x72,0x6c,
    0x64,0x4e,0x6f,0x72,0x6d,0x61,0x6c,0x20,0x3d,0x20,0x73,0x74,0x61,0x67,0x65,0x5f,
    0x69,0x6e,0x70,0x75,0x74,0x2e,0x77,0x6f,0x72,0x6c,0x64,0x4e,0x6f,0x72,0x6d,0x61,
    0x6c,0x3b,0x0a,0x20,0x20,0x20,0x20,0x77,0x6f,0x72,0x6c,0x64,0x50,0x6f,0x73,0x20,
    0x3d,0x20,0x73,0x74,0x61,0x67,0x65,0x5f,0x69,0x6e,0x70,0x75,0x74,0x2e,0x77,0x6f,
    0x72,0x6c,0x64,0x50,0x6f,0x73,0x3b,0x0a,0x20,0x20,0x20,0x20,0x74,0x69,0x6e,0x74,
    0x20,0x3d,0x20,0x73,0x74,0x61,0x67,0x65,0x5f,0x69,0x6e,0x70,0x75,0x74,0x2e,0x74,
    0x69,0x6e,0x74,0x3b,0x0a,0x20,0x20,0x20,0x20,0x75,0x76,0x20,0x3d,0x20,0x73,0x74,
    0x61,0x67,0x65,0x5f,0x69,0x6e,0x70,0x75,0x74,0x2e,0x75,0x76,0x3b,0x0a,0x20,0x20,
    0x20,0x20,0x61,0x6c,0x70,0x68,0x61,0x54,0x65,0x73,0x74,0x4f,0x75,0x74,0x20,0x3d,
    0x20,0x73,0x74,0x61,0x67,0x65,0x5f,0x69,0x6e,0x70,0x75,0x74,0x2e,0x61,0x6c,0x70,
    0x68,0x61,0x54,0x65,0x73,0x74,0x4f,0x75,0x74,0x3b,0x0a,0x20,0x20,0x20,0x20,0x66,
    0x6f,0x67,0x46,0x61,0x63,0x74,0x6f,0x72,0x20,0x3d,0x20,0x73,0x74,0x61,0x67,0x65,
    0x5f,0x69,0x6e,0x70,0x75,0x74,0x2e,0x66,0x6f,0x67,0x46,0x61,0x63,0x74,0x6f,0x72,
    0x3b,0x0a,0x20,0x20,0x20,0x20,0x66,0x72,0x61,0x67,0x5f,0x6d,0x61,0x69,0x6e,0x28,
    0x29,0x3b,0x0a,0x20,0x20,0x20,0x20,0x53,0x50,0x49,0x52,0x56,0x5f,0x43,0x72,0x6f,
    0x73,0x73,0x5f,0x4f,0x75,0x74,0x70,0x75,0x74,0x20,0x73,0x74,0x61,0x67,0x65,0x5f,
    0x6f,0x75,0x74,0x70,0x75,0x74,0x3b,0x0a,0x20,0x20,0x20,0x20,0x73,0x74,0x61,0x67,
    0x65,0x5f,0x6f,0x75,0x74,0x70,0x75,0x74,0x2e,0x66,0x72,0x61,0x67,0x5f,0x63,0x6f,
    0x6c,0x6f,0x72,0x20,0x3d,0x20,0x66,0x72,0x61,0x67,0x5f,0x63,0x6f,0x6c,0x6f,0x72,
    0x3b,0x0a,0x20,0x20,0x20,0x20,0x72,0x65,0x74,0x75,0x72,0x6e,0x20,0x73,0x74,0x61,
    0x67,0x65,0x5f,0x6f,0x75,0x74,0x70,0x75,0x74,0x3b,0x0a,0x7d,0x0a,0x00,
};
#endif
/*
    #include <metal_stdlib>
    #include <simd/simd.h>

    using namespace metal;

    struct skinned3d_vs_params
    {
        float4x4 mvp;
        float4x4 world;
        float4x4 normalMatrix;
        float4 flags;
        float4 alphaTest;
        float4 fogVector;
        float4x4 bones[72];
    };

    struct main0_out
    {
        float3 worldNormal [[user(locn0)]];
        float3 worldPos [[user(locn1)]];
        float2 uv [[user(locn2)]];
        float4 tint [[user(locn3)]];
        float fogFactor [[user(locn4)]];
        float4 alphaTestOut [[user(locn5)]];
        float4 gl_Position [[position]];
    };

    struct main0_in
    {
        float3 position [[attribute(0)]];
        float3 normal [[attribute(1)]];
        float2 texcoord0 [[attribute(2)]];
        float4 blendweight0 [[attribute(3)]];
        uint4 blendindices0 [[attribute(4)]];
        float4 color0 [[attribute(5)]];
    };

    vertex main0_out main0(main0_in in [[stage_in]], constant skinned3d_vs_params& _42 [[buffer(0)]])
    {
        main0_out out = {};
        float4x4 skin = _42.bones[int(in.blendindices0.x)] * in.blendweight0.x;
        if (_42.flags.y >= 1.5)
        {
            float4x4 _68 = _42.bones[int(in.blendindices0.y)] * in.blendweight0.y;
            skin = float4x4(skin[0] + _68[0], skin[1] + _68[1], skin[2] + _68[2], skin[3] + _68[3]);
        }
        if (_42.flags.y >= 3.5)
        {
            float4x4 _94 = _42.bones[int(in.blendindices0.z)] * in.blendweight0.z;
            float4x4 _100 = _42.bones[int(in.blendindices0.w)] * in.blendweight0.w;
            skin = float4x4(skin[0] + (_94[0] + _100[0]), skin[1] + (_94[1] + _100[1]), skin[2] + (_94[2] + _100[2]), skin[3] + (_94[3] + _100[3]));
        }
        float4 _140 = skin * float4(in.position, 1.0);
        out.gl_Position = _42.mvp * _140;
        out.worldPos = (_42.world * _140).xyz;
        out.worldNormal = float3x3(_42.normalMatrix[0].xyz, _42.normalMatrix[1].xyz, _42.normalMatrix[2].xyz) * (float3x3(skin[0].xyz, skin[1].xyz, skin[2].xyz) * in.normal);
        out.uv = in.texcoord0;
        out.tint = mix(float4(1.0), in.color0, float4(_42.flags.x));
        out.fogFactor = 1.0 - fast::clamp(dot(float4(_140.xyz, 1.0), _42.fogVector), 0.0, 1.0);
        out.alphaTestOut = _42.alphaTest;
        return out;
    }

*/
#if defined(SOKOL_METAL)
static const uint8_t cna_skinned3d_vs_source_metal_macos[2095] = {
    0x23,0x69,0x6e,0x63,0x6c,0x75,0x64,0x65,0x20,0x3c,0x6d,0x65,0x74,0x61,0x6c,0x5f,
    0x73,0x74,0x64,0x6c,0x69,0x62,0x3e,0x0a,0x23,0x69,0x6e,0x63,0x6c,0x75,0x64,0x65,
    0x20,0x3c,0x73,0x69,0x6d,0x64,0x2f,0x73,0x69,0x6d,0x64,0x2e,0x68,0x3e,0x0a,0x0a,
    0x75,0x73,0x69,0x6e,0x67,0x20,0x6e,0x61,0x6d,0x65,0x73,0x70,0x61,0x63,0x65,0x20,
    0x6d,0x65,0x74,0x61,0x6c,0x3b,0x0a,0x0a,0x73,0x74,0x72,0x75,0x63,0x74,0x20,0x73,
    0x6b,0x69,0x6e,0x6e,0x65,0x64,0x33,0x64,0x5f,0x76,0x73,0x5f,0x70,0x61,0x72,0x61,
    0x6d,0x73,0x0a,0x7b,0x0a,0x20,0x20,0x20,0x20,0x66,0x6c,0x6f,0x61,0x74,0x34,0x78,
    0x34,0x20,0x6d,0x76,0x70,0x3b,0x0a,0x20,0x20,0x20,0x20,0x66,0x6c,0x6f,0x61,0x74,
    0x34,0x78,0x34,0x20,0x77,0x6f,0x72,0x6c,0x64,0x3b,0x0a,0x20,0x20,0x20,0x20,0x66,
    0x6c,0x6f,0x61,0x74,0x34,0x78,0x34,0x20,0x6e,0x6f,0x72,0x6d,0x61,0x6c,0x4d,0x61,
    0x74,0x72,0x69,0x78,0x3b,0x0a,0x20,0x20,0x20,0x20,0x66,0x6c,0x6f,0x61,0x74,0x34,
    0x20,0x66,0x6c,0x61,0x67,0x73,0x3b,0x0a,0x20,0x20,0x20,0x20,0x66,0x6c,0x6f,0x61,
    0x74,0x34,0x20,0x61,0x6c,0x70,0x68,0x61,0x54,0x65,0x73,0x74,0x3b,0x0a,0x20,0x20,
    0x20,0x20,0x66,0x6c,0x6f,0x61,0x74,0x34,0x20,0x66,0x6f,0x67,0x56,0x65,0x63,0x74,
    0x6f,0x72,0x3b,0x0a,0x20,0x20,0x20,0x20,0x66,0x6c,0x6f,0x61,0x74,0x34,0x78,0x34,
    0x20,0x62,0x6f,0x6e,0x65,0x73,0x5b,0x37,0x32,0x5d,0x3b,0x0a,0x7d,0x3b,0x0a,0x0a,
    0x73,0x74,0x72,0x75,0x63,0x74,0x20,0x6d,0x61,0x69,0x6e,0x30,0x5f,0x6f,0x75,0x74,
    0x0a,0x7b,0x0a,0x20,0x20,0x20,0x20,0x66,0x6c,0x6f,0x61,0x74,0x33,0x20,0x77,0x6f,
    0x72,0x6c,0x64,0x4e,0x6f,0x72,0x6d,0x61,0x6c,0x20,0x5b,0x5b,0x75,0x73,0x65,0x72,
    0x28,0x6c,0x6f,0x63,0x6e,0x30,0x29,0x5d,0x5d,0x3b,0x0a,0x20,0x20,0x20,0x20,0x66,
    0x6c,0x6f,0x61,0x74,0x33,0x20,0x77,0x6f,0x72,0x6c,0x64,0x50,0x6f,0x73,0x20,0x5b,
    0x5b,0x75,0x73,0x65,0x72,0x28,0x6c,0x6f,0x63,0x6e,0x31,0x29,0x5d,0x5d,0x3b,0x0a,
    0x20,0x20,0x20,0x20,0x66,0x6c,0x6f,0x61,0x74,0x32,0x20,0x75,0x76,0x20,0x5b,0x5b,
    0x75,0x73,0x65,0x72,0x28,0x6c,0x6f,0x63,0x6e,0x32,0x29,0x5d,0x5d,0x3b,0x0a,0x20,
    0x20,0x20,0x20,0x66,0x6c,0x6f,0x61,0x74,0x34,0x20,0x74,0x69,0x6e,0x74,0x20,0x5b,
    0x5b,0x75,0x73,0x65,0x72,0x28,0x6c,0x6f,0x63,0x6e,0x33,0x29,0x5d,0x5d,0x3b,0x0a,
    0x20,0x20,0x20,0x20,0x66,0x6c,0x6f,0x61,0x74,0x20,0x66,0x6f,0x67,0x46,0x61,0x63,
    0x74,0x6f,0x72,0x20,0x5b,0x5b,0x75,0x73,0x65,0x72,0x28,0x6c,0x6f,0x63,0x6e,0x34,
    0x29,0x5d,0x5d,0x3b,0x0a,0x20,0x20,0x20,0x20,0x66,0x6c,0x6f,0x61,0x74,0x34,0x20,
    0x61,0x6c,0x70,0x68,0x61,0x54,0x65,0x73,0x74,0x4f,0x75,0x74,0x20,0x5b,0x5b,0x75,
    0x73,0x65,0x72,0x28,0x6c,0x6f,0x63,0x6e,0x35,0x29,0x5d,0x5d,0x3b,0x0a,0x20,0x20,
    0x20,0x20,0x66,0x6c,0x6f,0x61,0x74,0x34,0x20,0x67,0x6c,0x5f,0x50,0x6f,0x73,0x69,
    0x74,0x69,0x6f,0x6e,0x20,0x5b,0x5b,0x70,0x6f,0x73,0x69,0x74,0x69,0x6f,0x6e,0x5d,
    0x5d,0x3b,0x0a,0x7d,0x3b,0x0a,0x0a,0x73,0x74,0x72,0x75,0x63,0x74,0x20,0x6d,0x61,
    0x69,0x6e,0x30,0x5f,0x69,0x6e,0x0a,0x7b,0x0a,0x20,0x20,0x20,0x20,0x66,0x6c,0x6f,
    0x61,0x74,0x33,0x20,0x70,0x6f,0x73,0x69,0x74,0x69,0x6f,0x6e,0x20,0x5b,0x5b,0x61,
    0x74,0x74,0x72,0x69,0x62,0x75,0x74,0x65,0x28,0x30,0x29,0x5d,0x5d,0x3b,0x0a,0x20,
    0x20,0x20,0x20,0x66,0x6c,0x6f,0x61,0x74,0x33,0x20,0x6e,0x6f,0x72,0x6d,0x61,0x6c,
    0x20,0x5b,0x5b,0x61,0x74,0x74,0x72,0x69,0x62,0x75,0x74,0x65,0x28,0x31,0x29,0x5d,
    0x5d,0x3b,0x0a,0x20,0x20,0x20,0x20,0x66,0x6c,0x6f,0x61,0x74,0x32,0x20,0x74,0x65,
    0x78,0x63,0x6f,0x6f,0x72,0x64,0x30,0x20,0x5b,0x5b,0x61,0x74,0x74,0x72,0x69,0x62,
    0x75,0x74,0x65,0x28,0x32,0x29,0x5d,0x5d,0x3b,0x0a,0x20,0x20,0x20,0x20,0x66,0x6c,
    0x6f,0x61,0x74,0x34,0x20,0x62,0x6c,0x65,0x6e,0x64,0x77,0x65,0x69,0x67,0x68,0x74,
    0x30,0x20,0x5b,0x5b,0x61,0x74,0x74,0x72,0x69,0x62,0x75,0x74,0x65,0x28,0x33,0x29,
    0x5d,0x5d,0x3b,0x0a,0x20,0x20,0x20,0x20,0x75,0x69,0x6e,0x74,0x34,0x20,0x62,0x6c,
    0x65,0x6e,0x64,0x69,0x6e,0x64,0x69,0x63,0x65,0x73,0x30,0x20,0x5b,0x5b,0x61,0x74,
    0x74,0x72,0x69,0x62,0x75,0x74,0x65,0x28,0x34,0x29,0x5d,0x5d,0x3b,0x0a,0x20,0x20,
    0x20,0x20,0x66,0x6c,0x6f,0x61,0x74,0x34,0x20,0x63,0x6f,0x6c,0x6f,0x72,0x30,0x20,
    0x5b,0x5b,0x61,0x74,0x74,0x72,0x69,0x62,0x75,0x74,0x65,0x28,0x35,0x29,0x5d,0x5d,
    0x3b,0x0a,0x7d,0x3b,0x0a,0x0a,0x76,0x65,0x72,0x74,0x65,0x78,0x20,0x6d,0x61,0x69,
    0x6e,0x30,0x5f,0x6f,0x75,0x74,0x20,0x6d,0x61,0x69,0x6e,0x30,0x28,0x6d,0x61,0x69,
    0x6e,0x30,0x5f,0x69,0x6e,0x20,0x69,0x6e,0x20,0x5b,0x5b,0x73,0x74,0x61,0x67,0x65,
    0x5f,0x69,0x6e,0x5d,0x5d,0x2c,0x20,0x63,0x6f,0x6e,0x73,0x74,0x61,0x6e,0x74,0x20,
    0x73,0x6b,0x69,0x6e,0x6e,0x65,0x64,0x33,0x64,0x5f,0x76,0x73,0x5f,0x70,0x61,0x72,
    0x61,0x6d,0x73,0x26,0x20,0x5f,0x34,0x32,0x20,0x5b,0x5b,0x62,0x75,0x66,0x66,0x65,
    0x72,0x28,0x30,0x29,0x5d,0x5d,0x29,0x0a,0x7b,0x0a,0x20,0x20,0x20,0x20,0x6d,0x61,
    0x69,0x6e,0x30,0x5f,0x6f,0x75,0x74,0x20,0x6f,0x75,0x74,0x20,0x3d,0x20,0x7b,0x7d,
    0x3b,0x0a,0x20,0x20,0x20,0x20,0x66,0x6c,0x6f,0x61,0x74,0x34,0x78,0x34,0x20,0x73,
    0x6b,0x69,0x6e,0x20,0x3d,0x20,0x5f,0x34,0x32,0x2e,0x62,0x6f,0x6e,0x65,0x73,0x5b,
    0x69,0x6e,0x74,0x28,0x69,0x6e,0x2e,0x62,0x6c,0x65,0x6e,0x64,0x69,0x6e,0x64,0x69,
    0x63,0x65,0x73,0x30,0x2e,0x78,0x29,0x5d,0x20,0x2a,0x20,0x69,0x6e,0x2e,0x62,0x6c,
    0x65,0x6e,0x64,0x77,0x65,0x69,0x67,0x68,0x74,0x30,0x2e,0x78,0x3b,0x0a,0x20,0x20,
    0x20,0x20,0x69,0x66,0x20,0x28,0x5f,0x34,0x32,0x2e,0x66,0x6c,0x61,0x67,0x73,0x2e,
    0x79,0x20,0x3e,0x3d,0x20,0x31,0x2e,0x35,0x29,0x0a,0x20,0x20,0x20,0x20,0x7b,0x0a,
    0x20,0x20,0x20,0x20,0x20,0x20,0x20,0x20,0x66,0x6c,0x6f,0x61,0x74,0x34,0x78,0x34,
    0x20,0x5f,0x36,0x38,0x20,0x3d,0x20,0x5f,0x34,0x32,0x2e,0x62,0x6f,0x6e,0x65,0x73,
    0x5b,0x69,0x6e,0x74,0x28,0x69,0x6e,0x2e,0x62,0x6c,0x65,0x6e,0x64,0x69,0x6e,0x64,
    0x69,0x63,0x65,0x73,0x30,0x2e,0x79,0x29,0x5d,0x20,0x2a,0x20,0x69,0x6e,0x2e,0x62,
    0x6c,0x65,0x6e,0x64,0x77,0x65,0x69,0x67,0x68,0x74,0x30,0x2e,0x79,0x3b,0x0a,0x20,
    0x20,0x20,0x20,0x20,0x20,0x20,0x20,0x73,0x6b,0x69,0x6e,0x20,0x3d,0x20,0x66,0x6c,
    0x6f,0x61,0x74,0x34,0x78,0x34,0x28,0x73,0x6b,0x69,0x6e,0x5b,0x30,0x5d,0x20,0x2b,
    0x20,0x5f,0x36,0x38,0x5b,0x30,0x5d,0x2c,0x20,0x73,0x6b,0x69,0x6e,0x5b,0x31,0x5d,
    0x20,0x2b,0x20,0x5f,0x36,0x38,0x5b,0x31,0x5d,0x2c,0x20,0x73,0x6b,0x69,0x6e,0x5b,
    0x32,0x5d,0x20,0x2b,0x20,0x5f,0x36,0x38,0x5b,0x32,0x5d,0x2c,0x20,0x73,0x6b,0x69,
    0x6e,0x5b,0x33,0x5d,0x20,0x2b,0x20,0x5f,0x36,0x38,0x5b,0x33,0x5d,0x29,0x3b,0x0a,
    0x20,0x20,0x20,0x20,0x7d,0x0a,0x20,0x20,0x20,0x20,0x69,0x66,0x20,0x28,0x5f,0x34,
    0x32,0x2e,0x66,0x6c,0x61,0x67,0x73,0x2e,0x79,0x20,0x3e,0x3d,0x20,0x33,0x2e,0x35,
    0x29,0x0a,0x20,0x20,0x20,0x20,0x7b,0x0a,0x20,0x20,0x20,0x20,0x20,0x20,0x20,0x20,
    0x66,0x6c,0x6f,0x61,0x74,0x34,0x78,0x34,0x20,0x5f,0x39,0x34,0x20,0x3d,0x20,0x5f,
    0x34,0x32,0x2e,0x62,0x6f,0x6e,0x65,0x73,0x5b,0x69,0x6e,0x74,0x28,0x69,0x6e,0x2e,
    0x62,0x6c,0x65,0x6e,0x64,0x69,0x6e,0x64,0x69,0x63,0x65,0x73,0x30,0x2e,0x7a,0x29,
    0x5d,0x20,0x2a,0x20,0x69,0x6e,0x2e,0x62,0x6c,0x65,0x6e,0x64,0x77,0x65,0x69,0x67,
    0x68,0x74,0x30,0x2e,0x7a,0x3b,0x0a,0x20,0x20,0x20,0x20,0x20,0x20,0x20,0x20,0x66,
    0x6c,0x6f,0x61,0x74,0x34,0x78,0x34,0x20,0x5f,0x31,0x30,0x30,0x20,0x3d,0x20,0x5f,
    0x34,0x32,0x2e,0x62,0x6f,0x6e,0x65,0x73,0x5b,0x69,0x6e,0x74,0x28,0x69,0x6e,0x2e,
    0x62,0x6c,0x65,0x6e,0x64,0x69,0x6e,0x64,0x69,0x63,0x65,0x73,0x30,0x2e,0x77,0x29,
    0x5d,0x20,0x2a,0x20,0x69,0x6e,0x2e,0x62,0x6c,0x65,0x6e,0x64,0x77,0x65,0x69,0x67,
    0x68,0x74,0x30,0x2e,0x77,0x3b,0x0a,0x20,0x20,0x20,0x20,0x20,0x20,0x20,0x20,0x73,
    0x6b,0x69,0x6e,0x20,0x3d,0x20,0x66,0x6c,0x6f,0x61,0x74,0x34,0x78,0x34,0x28,0x73,
    0x6b,0x69,0x6e,0x5b,0x30,0x5d,0x20,0x2b,0x20,0x28,0x5f,0x39,0x34,0x5b,0x30,0x5d,
    0x20,0x2b,0x20,0x5f,0x31,0x30,0x30,0x5b,0x30,0x5d,0x29,0x2c,0x20,0x73,0x6b,0x69,
    0x6e,0x5b,0x31,0x5d,0x20,0x2b,0x20,0x28,0x5f,0x39,0x34,0x5b,0x31,0x5d,0x20,0x2b,
    0x20,0x5f,0x31,0x30,0x30,0x5b,0x31,0x5d,0x29,0x2c,0x20,0x73,0x6b,0x69,0x6e,0x5b,
    0x32,0x5d,0x20,0x2b,0x20,0x28,0x5f,0x39,0x34,0x5b,0x32,0x5d,0x20,0x2b,0x20,0x5f,
    0x31,0x30,0x30,0x5b,0x32,0x5d,0x29,0x2c,0x20,0x73,0x6b,0x69,0x6e,0x5b,0x33,0x5d,
    0x20,0x2b,0x20,0x28,0x5f,0x39,0x34,0x5b,0x33,0x5d,0x20,0x2b,0x20,0x5f,0x31,0x30,
    0x30,0x5b,0x33,0x5d,0x29,0x29,0x3b,0x0a,0x20,0x20,0x20,0x20,0x7d,0x0a,0x20,0x20,
    0x20,0x20,0x66,0x6c,0x6f,0x61,0x74,0x34,0x20,0x5f,0x31,0x34,0x30,0x20,0x3d,0x20,
    0x73,0x6b,0x69,0x6e,0x20,0x2a,0x20,0x66,0x6c,0x6f,0x61,0x74,0x34,0x28,0x69,0x6e,
    0x2e,0x70,0x6f,0x73,0x69,0x74,0x69,0x6f,0x6e,0x2c,0x20,0x31,0x2e,0x30,0x29,0x3b,
    0x0a,0x20,0x20,0x20,0x20,0x6f,0x75,0x74,0x2e,0x67,0x6c,0x5f,0x50,0x6f,0x73,0x69,
    0x74,0x69,0x6f,0x6e,0x20,0x3d,0x20,0x5f,0x34,0x32,0x2e,0x6d,0x76,0x70,0x20,0x2a,
    0x20,0x5f,0x31,0x34,0x30,0x3b,0x0a,0x20,0x20,0x20,0x20,0x6f,0x75,0x74,0x2e,0x77,
    0x6f,0x72,0x6c,0x64,0x50,0x6f,0x73,0x20,0x3d,0x20,0x28,0x5f,0x34,0x32,0x2e,0x77,
    0x6f,0x72,0x6c,0x64,0x20,0x2a,0x20,0x5f,0x31,0x34,0x30,0x29,0x2e,0x78,0x79,0x7a,
    0x3b,0x0a,0x20,0x20,0x20,0x20,0x6f,0x75,0x74,0x2e,0x77,0x6f,0x72,0x6c,0x64,0x4e,
    0x6f,0x72,0x6d,0x61,0x6c,0x20,0x3d,0x20,0x66,0x6c,0x6f,0x61,0x74,0x33,0x78,0x33,
    0x28,0x5f,0x34,0x32,0x2e,0x6e,0x6f,0x72,0x6d,0x61,0x6c,0x4d,0x61,0x74,0x72,0x69,
    0x78,0x5b,0x30,0x5d,0x2e,0x78,0x79,0x7a,0x2c,0x20,0x5f,0x34,0x32,0x2e,0x6e,0x6f,
    0x72,0x6d,0x61,0x6c,0x4d,0x61,0x74,0x72,0x69,0x78,0x5b,0x31,0x5d,0x2e,0x78,0x79,
    0x7a,0x2c,0x20,0x5f,0x34,0x32,0x2e,0x6e,0x6f,0x72,0x6d,0x61,0x6c,0x4d,0x61,0x74,
    0x72,0x69,0x78,0x5b,0x32,0x5d,0x2e,0x78,0x79,0x7a,0x29,0x20,0x2a,0x20,0x28,0x66,
    0x6c,0x6f,0x61,0x74,0x33,0x78,0x33,0x28,0x73,0x6b,0x69,0x6e,0x5b,0x30,0x5d,0x2e,
    0x78,0x79,0x7a,0x2c,0x20,0x73,0x6b,0x69,0x6e,0x5b,0x31,0x5d,0x2e,0x78,0x79,0x7a,
    0x2c,0x20,0x73,0x6b,0x69,0x6e,0x5b,0x32,0x5d,0x2e,0x78,0x79,0x7a,0x29,0x20,0x2a,
    0x20,0x69,0x6e,0x2e,0x6e,0x6f,0x72,0x6d,0x61,0x6c,0x29,0x3b,0x0a,0x20,0x20,0x20,
    0x20,0x6f,0x75,0x74,0x2e,0x75,0x76,0x20,0x3d,0x20,0x69,0x6e,0x2e,0x74,0x65,0x78,
    0x63,0x6f,0x6f,0x72,0x64,0x30,0x3b,0x0a,0x20,0x20,0x20,0x20,0x6f,0x75,0x74,0x2e,
    0x74,0x69,0x6e,0x74,0x20,0x3d,0x20,0x6d,0x69,0x78,0x28,0x66,0x6c,0x6f,0x61,0x74,
    0x34,0x28,0x31,0x2e,0x30,0x29,0x2c,0x20,0x69,0x6e,0x2e,0x63,0x6f,0x6c,0x6f,0x72,
    0x30,0x2c,0x20,0x66,0x6c,0x6f,0x61,0x74,0x34,0x28,0x5f,0x34,0x32,0x2e,0x66,0x6c,
    0x61,0x67,0x73,0x2e,0x78,0x29,0x29,0x3b,0x0a,0x20,0x20,0x20,0x20,0x6f,0x75,0x74,
    0x2e,0x66,0x6f,0x67,0x46,0x61,0x63,0x74,0x6f,0x72,0x20,0x3d,0x20,0x31,0x2e,0x30,
    0x20,0x2d,0x20,0x66,0x61,0x73,0x74,0x3a,0x3a,0x63,0x6c,0x61,0x6d,0x70,0x28,0x64,
    0x6f,0x74,0x28,0x66,0x6c,0x6f,0x61,0x74,0x34,0x28,0x5f,0x31,0x34,0x30,0x2e,0x78,
    0x79,0x7a,0x2c,0x20,0x31,0x2e,0x30,0x29,0x2c,0x20,0x5f,0x34,0x32,0x2e,0x66,0x6f,
    0x67,0x56,0x65,0x63,0x74,0x6f,0x72,0x29,0x2c,0x20,0x30,0x2e,0x30,0x2c,0x20,0x31,
    0x2e,0x30,0x29,0x3b,0x0a,0x20,0x20,0x20,0x20,0x6f,0x75,0x74,0x2e,0x61,0x6c,0x70,
    0x68,0x61,0x54,0x65,0x73,0x74,0x4f,0x75,0x74,0x20,0x3d,0x20,0x5f,0x34,0x32,0x2e,
    0x61,0x6c,0x70,0x68,0x61,0x54,0x65,0x73,0x74,0x3b,0x0a,0x20,0x20,0x20,0x20,0x72,
    0x65,0x74,0x75,0x72,0x6e,0x20,0x6f,0x75,0x74,0x3b,0x0a,0x7d,0x0a,0x0a,0x00,
};
#endif
/*
    #include <metal_stdlib>
    #include <simd/simd.h>

    using namespace metal;

    struct skinned3d_fs_params
    {
        float4 diffuse;
        float4 ambient;
        float4 light0Dir;
        float4 light0Diffuse;
        float4 light0Specular;
        float4 light1Dir;
        float4 light1Diffuse;
        float4 light1Specular;
        float4 light2Dir;
        float4 light2Diffuse;
        float4 light2Specular;
        float4 specularColorAndPower;
        float4 eyePosition;
        float4 emissiveColor;
        float4 fogColor;
        float4 rtFlipV;
    };

    struct main0_out
    {
        float4 frag_color [[color(0)]];
    };

    struct main0_in
    {
        float3 worldNormal [[user(locn0)]];
        float3 worldPos [[user(locn1)]];
        float2 uv [[user(locn2)]];
        float4 tint [[user(locn3)]];
        float fogFactor [[user(locn4)]];
        float4 alphaTestOut [[user(locn5)]];
    };

    fragment main0_out main0(main0_in in [[stage_in]], constant skinned3d_fs_params& _18 [[buffer(1)]], texture2d<float> tex [[texture(0)]], sampler smp [[sampler(0)]])
    {
        main0_out out = {};
        float3 _13 = fast::normalize(in.worldNormal);
        float3 _28 = fast::normalize(_18.eyePosition.xyz - in.worldPos);
        float _37 = dot(_13, -_18.light0Dir.xyz);
        float _52 = dot(_13, -_18.light1Dir.xyz);
        float _66 = dot(_13, -_18.light2Dir.xyz);
        float4 _243 = tex.sample(smp, float2(in.uv.x, mix(in.uv.y, 1.0 - in.uv.y, _18.rtFlipV.x))) * float4((((((_18.ambient.xyz + (_18.light0Diffuse.xyz * fast::max(_37, 0.0))) + (_18.light1Diffuse.xyz * fast::max(_52, 0.0))) + (_18.light2Diffuse.xyz * fast::max(_66, 0.0))) * _18.diffuse.xyz) * in.tint.xyz) + _18.emissiveColor.xyz, _18.diffuse.w * in.tint.w);
        float3 _250 = _243.xyz + (((((_18.light0Specular.xyz * powr(fast::max(dot(fast::normalize(_28 - _18.light0Dir.xyz), _13), 0.0) * step(0.0, _37), _18.specularColorAndPower.w)) + (_18.light1Specular.xyz * powr(fast::max(dot(fast::normalize(_28 - _18.light1Dir.xyz), _13), 0.0) * step(0.0, _52), _18.specularColorAndPower.w))) + (_18.light2Specular.xyz * powr(fast::max(dot(fast::normalize(_28 - _18.light2Dir.xyz), _13), 0.0) * step(0.0, _66), _18.specularColorAndPower.w))) * _18.specularColorAndPower.xyz) * _243.w);
        float4 _327 = _243;
        _327.x = _250.x;
        _327.y = _250.y;
        _327.z = _250.z;
        float4 c = _327;
        float _264;
        if (in.alphaTestOut.y > 0.0)
        {
            float _276;
            if (abs(c.w - in.alphaTestOut.x) < in.alphaTestOut.y)
            {
                _276 = in.alphaTestOut.z;
            }
            else
            {
                _276 = in.alphaTestOut.w;
            }
            _264 = _276;
        }
        else
        {
            float _291;
            if (c.w < in.alphaTestOut.x)
            {
                _291 = in.alphaTestOut.z;
            }
            else
            {
                _291 = in.alphaTestOut.w;
            }
            _264 = _291;
        }
        if (_264 < 0.0)
        {
            discard_fragment();
        }
        float4 _310 = c;
        float3 _315 = mix(_18.fogColor.xyz, _310.xyz, float3(in.fogFactor));
        float4 _335 = _310;
        _335.x = _315.x;
        _335.y = _315.y;
        _335.z = _315.z;
        c = _335;
        out.frag_color = _335;
        return out;
    }

*/
#if defined(SOKOL_METAL)
static const uint8_t cna_skinned3d_fs_source_metal_macos[3054] = {
    0x23,0x69,0x6e,0x63,0x6c,0x75,0x64,0x65,0x20,0x3c,0x6d,0x65,0x74,0x61,0x6c,0x5f,
    0x73,0x74,0x64,0x6c,0x69,0x62,0x3e,0x0a,0x23,0x69,0x6e,0x63,0x6c,0x75,0x64,0x65,
    0x20,0x3c,0x73,0x69,0x6d,0x64,0x2f,0x73,0x69,0x6d,0x64,0x2e,0x68,0x3e,0x0a,0x0a,
    0x75,0x73,0x69,0x6e,0x67,0x20,0x6e,0x61,0x6d,0x65,0x73,0x70,0x61,0x63,0x65,0x20,
    0x6d,0x65,0x74,0x61,0x6c,0x3b,0x0a,0x0a,0x73,0x74,0x72,0x75,0x63,0x74,0x20,0x73,
    0x6b,0x69,0x6e,0x6e,0x65,0x64,0x33,0x64,0x5f,0x66,0x73,0x5f,0x70,0x61,0x72,0x61,
    0x6d,0x73,0x0a,0x7b,0x0a,0x20,0x20,0x20,0x20,0x66,0x6c,0x6f,0x61,0x74,0x34,0x20,
    0x64,0x69,0x66,0x66,0x75,0x73,0x65,0x3b,0x0a,0x20,0x20,0x20,0x20,0x66,0x6c,0x6f,
    0x61,0x74,0x34,0x20,0x61,0x6d,0x62,0x69,0x65,0x6e,0x74,0x3b,0x0a,0x20,0x20,0x20,
    0x20,0x66,0x6c,0x6f,0x61,0x74,0x34,0x20,0x6c,0x69,0x67,0x68,0x74,0x30,0x44,0x69,
    0x72,0x3b,0x0a,0x20,0x20,0x20,0x20,0x66,0x6c,0x6f,0x61,0x74,0x34,0x20,0x6c,0x69,
    0x67,0x68,0x74,0x30,0x44,0x69,0x66,0x66,0x75,0x73,0x65,0x3b,0x0a,0x20,0x20,0x20,
    0x20,0x66,0x6c,0x6f,0x61,0x74,0x34,0x20,0x6c,0x69,0x67,0x68,0x74,0x30,0x53,0x70,
    0x65,0x63,0x75,0x6c,0x61,0x72,0x3b,0x0a,0x20,0x20,0x20,0x20,0x66,0x6c,0x6f,0x61,
    0x74,0x34,0x20,0x6c,0x69,0x67,0x68,0x74,0x31,0x44,0x69,0x72,0x3b,0x0a,0x20,0x20,
    0x20,0x20,0x66,0x6c,0x6f,0x61,0x74,0x34,0x20,0x6c,0x69,0x67,0x68,0x74,0x31,0x44,
    0x69,0x66,0x66,0x75,0x73,0x65,0x3b,0x0a,0x20,0x20,0x20,0x20,0x66,0x6c,0x6f,0x61,
    0x74,0x34,0x20,0x6c,0x69,0x67,0x68,0x74,0x31,0x53,0x70,0x65,0x63,0x75,0x6c,0x61,
    0x72,0x3b,0x0a,0x20,0x20,0x20,0x20,0x66,0x6c,0x6f,0x61,0x74,0x34,0x20,0x6c,0x69,
    0x67,0x68,0x74,0x32,0x44,0x69,0x72,0x3b,0x0a,0x20,0x20,0x20,0x20,0x66,0x6c,0x6f,
    0x61,0x74,0x34,0x20,0x6c,0x69,0x67,0x68,0x74,0x32,0x44,0x69,0x66,0x66,0x75,0x73,
    0x65,0x3b,0x0a,0x20,0x20,0x20,0x20,0x66,0x6c,0x6f,0x61,0x74,0x34,0x20,0x6c,0x69,
    0x67,0x68,0x74,0x32,0x53,0x70,0x65,0x63,0x75,0x6c,0x61,0x72,0x3b,0x0a,0x20,0x20,
    0x20,0x20,0x66,0x6c,0x6f,0x61,0x74,0x34,0x20,0x73,0x70,0x65,0x63,0x75,0x6c,0x61,
    0x72,0x43,0x6f,0x6c,0x6f,0x72,0x41,0x6e,0x64,0x50,0x6f,0x77,0x65,0x72,0x3b,0x0a,
    0x20,0x20,0x20,0x20,0x66,0x6c,0x6f,0x61,0x74,0x34,0x20,0x65,0x79,0x65,0x50,0x6f,
    0x73,0x69,0x74,0x69,0x6f,0x6e,0x3b,0x0a,0x20,0x20,0x20,0x20,0x66,0x6c,0x6f,0x61,
    0x74,0x34,0x20,0x65,0x6d,0x69,0x73,0x73,0x69,0x76,0x65,0x43,0x6f,0x6c,0x6f,0x72,
    0x3b,0x0a,0x20,0x20,0x20,0x20,0x66,0x6c,0x6f,0x61,0x74,0x34,0x20,0x66,0x6f,0x67,
    0x43,0x6f,0x6c,0x6f,0x72,0x3b,0x0a,0x20,0x20,0x20,0x20,0x66,0x6c,0x6f,0x61,0x74,
    0x34,0x20,0x72,0x74,0x46,0x6c,0x69,0x70,0x56,0x3b,0x0a,0x7d,0x3b,0x0a,0x0a,0x73,
    0x74,0x72,0x75,0x63,0x74,0x20,0x6d,0x61,0x69,0x6e,0x30,0x5f,0x6f,0x75,0x74,0x0a,
    0x7b,0x0a,0x20,0x20,0x20,0x20,0x66,0x6c,0x6f,0x61,0x74,0x34,0x20,0x66,0x72,0x61,
    0x67,0x5f,0x63,0x6f,0x6c,0x6f,0x72,0x20,0x5b,0x5b,0x63,0x6f,0x6c,0x6f,0x72,0x28,
    0x30,0x29,0x5d,0x5d,0x3b,0x0a,0x7d,0x3b,0x0a,0x0a,0x73,0x74,0x72,0x75,0x63,0x74,
    0x20,0x6d,0x61,0x69,0x6e,0x30,0x5f,0x69,0x6e,0x0a,0x7b,0x0a,0x20,0x20,0x20,0x20,
    0x66,0x6c,0x6f,0x61,0x74,0x33,0x20,0x77,0x6f,0x72,0x6c,0x64,0x4e,0x6f,0x72,0x6d,
    0x61,0x6c,0x20,0x5b,0x5b,0x75,0x73,0x65,0x72,0x28,0x6c,0x6f,0x63,0x6e,0x30,0x29,
    0x5d,0x5d,0x3b,0x0a,0x20,0x20,0x20,0x20,0x66,0x6c,0x6f,0x61,0x74,0x33,0x20,0x77,
    0x6f,0x72,0x6c,0x64,0x50,0x6f,0x73,0x20,0x5b,0x5b,0x75,0x73,0x65,0x72,0x28,0x6c,
    0x6f,0x63,0x6e,0x31,0x29,0x5d,0x5d,0x3b,0x0a,0x20,0x20,0x20,0x20,0x66,0x6c,0x6f,
    0x61,0x74,0x32,0x20,0x75,0x76,0x20,0x5b,0x5b,0x75,0x73,0x65,0x72,0x28,0x6c,0x6f,
    0x63,0x6e,0x32,0x29,0x5d,0x5d,0x3b,0x0a,0x20,0x20,0x20,0x20,0x66,0x6c,0x6f,0x61,
    0x74,0x34,0x20,0x74,0x69,0x6e,0x74,0x20,0x5b,0x5b,0x75,0x73,0x65,0x72,0x28,0x6c,
    0x6f,0x63,0x6e,0x33,0x29,0x5d,0x5d,0x3b,0x0a,0x20,0x20,0x20,0x20,0x66,0x6c,0x6f,
    0x61,0x74,0x20,0x66,0x6f,0x67,0x46,0x61,0x63,0x74,0x6f,0x72,0x20,0x5b,0x5b,0x75,
    0x73,0x65,0x72,0x28,0x6c,0x6f,0x63,0x6e,0x34,0x29,0x5d,0x5d,0x3b,0x0a,0x20,0x20,
    0x20,0x20,0x66,0x6c,0x6f,0x61,0x74,0x34,0x20,0x61,0x6c,0x70,0x68,0x61,0x54,0x65,
    0x73,0x74,0x4f,0x75,0x74,0x20,0x5b,0x5b,0x75,0x73,0x65,0x72,0x28,0x6c,0x6f,0x63,
    0x6e,0x35,0x29,0x5d,0x5d,0x3b,0x0a,0x7d,0x3b,0x0a,0x0a,0x66,0x72,0x61,0x67,0x6d,
    0x65,0x6e,0x74,0x20,0x6d,0x61,0x69,0x6e,0x30,0x5f,0x6f,0x75,0x74,0x20,0x6d,0x61,
    0x69,0x6e,0x30,0x28,0x6d,0x61,0x69,0x6e,0x30,0x5f,0x69,0x6e,0x20,0x69,0x6e,0x20,
    0x5b,0x5b,0x73,0x74,0x61,0x67,0x65,0x5f,0x69,0x6e,0x5d,0x5d,0x2c,0x20,0x63,0x6f,
    0x6e,0x73,0x74,0x61,0x6e,0x74,0x20,0x73,0x6b,0x69,0x6e,0x6e,0x65,0x64,0x33,0x64,
    0x5f,0x66,0x73,0x5f,0x70,0x61,0x72,0x61,0x6d,0x73,0x26,0x20,0x5f,0x31,0x38,0x20,
    0x5b,0x5b,0x62,0x75,0x66,0x66,0x65,0x72,0x28,0x31,0x29,0x5d,0x5d,0x2c,0x20,0x74,
    0x65,0x78,0x74,0x75,0x72,0x65,0x32,0x64,0x3c,0x66,0x6c,0x6f,0x61,0x74,0x3e,0x20,
    0x74,0x65,0x78,0x20,0x5b,0x5b,0x74,0x65,0x78,0x74,0x75,0x72,0x65,0x28,0x30,0x29,
    0x5d,0x5d,0x2c,0x20,0x73,0x61,0x6d,0x70,0x6c,0x65,0x72,0x20,0x73,0x6d,0x70,0x20,
    0x5b,0x5b,0x73,0x61,0x6d,0x70,0x6c,0x65,0x72,0x28,0x30,0x29,0x5d,0x5d,0x29,0x0a,
    0x7b,0x0a,0x20,0x20,0x20,0x20,0x6d,0x61,0x69,0x6e,0x30,0x5f,0x6f,0x75,0x74,0x20,
    0x6f,0x75,0x74,0x20,0x3d,0x20,0x7b,0x7d,0x3b,0x0a,0x20,0x20,0x20,0x20,0x66,0x6c,
    0x6f,0x61,0x74,0x33,0x20,0x5f,0x31,0x33,0x20,0x3d,0x20,0x66,0x61,0x73,0x74,0x3a,
    0x3a,0x6e,0x6f,0x72,0x6d,0x61,0x6c,0x69,0x7a,0x65,0x28,0x69,0x6e,0x2e,0x77,0x6f,
    0x72,0x6c,0x64,0x4e,0x6f,0x72,0x6d,0x61,0x6c,0x29,0x3b,0x0a,0x20,0x20,0x20,0x20,
    0x66,0x6c,0x6f,0x61,0x74,0x33,0x20,0x5f,0x32,0x38,0x20,0x3d,0x20,0x66,0x61,0x73,
    0x74,0x3a,0x3a,0x6e,0x6f,0x72,0x6d,0x61,0x6c,0x69,0x7a,0x65,0x28,0x5f,0x31,0x38,
    0x2e,0x65,0x79,0x65,0x50,0x6f,0x73,0x69,0x74,0x69,0x6f,0x6e,0x2e,0x78,0x79,0x7a,
    0x20,0x2d,0x20,0x69,0x6e,0x2e,0x77,0x6f,0x72,0x6c,0x64,0x50,0x6f,0x73,0x29,0x3b,
    0x0a,0x20,0x20,0x20,0x20,0x66,0x6c,0x6f,0x61,0x74,0x20,0x5f,0x33,0x37,0x20,0x3d,
    0x20,0x64,0x6f,0x74,0x28,0x5f,0x31,0x33,0x2c,0x20,0x2d,0x5f,0x31,0x38,0x2e,0x6c,
    0x69,0x67,0x68,0x74,0x30,0x44,0x69,0x72,0x2e,0x78,0x79,0x7a,0x29,0x3b,0x0a,0x20,
    0x20,0x20,0x20,0x66,0x6c,0x6f,0x61,0x74,0x20,0x5f,0x35,0x32,0x20,0x3d,0x20,0x64,
    0x6f,0x74,0x28,0x5f,0x31,0x33,0x2c,0x20,0x2d,0x5f,0x31,0x38,0x2e,0x6c,0x69,0x67,
    0x68,0x74,0x31,0x44,0x69,0x72,0x2e,0x78,0x79,0x7a,0x29,0x3b,0x0a,0x20,0x20,0x20,
    0x20,0x66,0x6c,0x6f,0x61,0x74,0x20,0x5f,0x36,0x36,0x20,0x3d,0x20,0x64,0x6f,0x74,
    0x28,0x5f,0x31,0x33,0x2c,0x20,0x2d,0x5f,0x31,0x38,0x2e,0x6c,0x69,0x67,0x68,0x74,
    0x32,0x44,0x69,0x72,0x2e,0x78,0x79,0x7a,0x29,0x3b,0x0a,0x20,0x20,0x20,0x20,0x66,
    0x6c,0x6f,0x61,0x74,0x34,0x20,0x5f,0x32,0x34,0x33,0x20,0x3d,0x20,0x74,0x65,0x78,
    0x2e,0x73,0x61,0x6d,0x70,0x6c,0x65,0x28,0x73,0x6d,0x70,0x2c,0x20,0x66,0x6c,0x6f,
    0x61,0x74,0x32,0x28,0x69,0x6e,0x2e,0x75,0x76,0x2e,0x78,0x2c,0x20,0x6d,0x69,0x78,
    0x28,0x69,0x6e,0x2e,0x75,0x76,0x2e,0x79,0x2c,0x20,0x31,0x2e,0x30,0x20,0x2d,0x20,
    0x69,0x6e,0x2e,0x75,0x76,0x2e,0x79,0x2c,0x20,0x5f,0x31,0x38,0x2e,0x72,0x74,0x46,
    0x6c,0x69,0x70,0x56,0x2e,0x78,0x29,0x29,0x29,0x20,0x2a,0x20,0x66,0x6c,0x6f,0x61,
    0x74,0x34,0x28,0x28,0x28,0x28,0x28,0x28,0x5f,0x31,0x38,0x2e,0x61,0x6d,0x62,0x69,
    0x65,0x6e,0x74,0x2e,0x78,0x79,0x7a,0x20,0x2b,0x20,0x28,0x5f,0x31,0x38,0x2e,0x6c,
    0x69,0x67,0x68,0x74,0x30,0x44,0x69,0x66,0x66,0x75,0x73,0x65,0x2e,0x78,0x79,0x7a,
    0x20,0x2a,0x20,0x66,0x61,0x73,0x74,0x3a,0x3a,0x6d,0x61,0x78,0x28,0x5f,0x33,0x37,
    0x2c,0x20,0x30,0x2e,0x30,0x29,0x29,0x29,0x20,0x2b,0x20,0x28,0x5f,0x31,0x38,0x2e,
    0x6c,0x69,0x67,0x68,0x74,0x31,0x44,0x69,0x66,0x66,0x75,0x73,0x65,0x2e,0x78,0x79,
    0x7a,0x20,0x2a,0x20,0x66,0x61,0x73,0x74,0x3a,0x3a,0x6d,0x61,0x78,0x28,0x5f,0x35,
    0x32,0x2c,0x20,0x30,0x2e,0x30,0x29,0x29,0x29,0x20,0x2b,0x20,0x28,0x5f,0x31,0x38,
    0x2e,0x6c,0x69,0x67,0x68,0x74,0x32,0x44,0x69,0x66,0x66,0x75,0x73,0x65,0x2e,0x78,
    0x79,0x7a,0x20,0x2a,0x20,0x66,0x61,0x73,0x74,0x3a,0x3a,0x6d,0x61,0x78,0x28,0x5f,
    0x36,0x36,0x2c,0x20,0x30,0x2e,0x30,0x29,0x29,0x29,0x20,0x2a,0x20,0x5f,0x31,0x38,
    0x2e,0x64,0x69,0x66,0x66,0x75,0x73,0x65,0x2e,0x78,0x79,0x7a,0x29,0x20,0x2a,0x20,
    0x69,0x6e,0x2e,0x74,0x69,0x6e,0x74,0x2e,0x78,0x79,0x7a,0x29,0x20,0x2b,0x20,0x5f,
    0x31,0x38,0x2e,0x65,0x6d,0x69,0x73,0x73,0x69,0x76,0x65,0x43,0x6f,0x6c,0x6f,0x72,
    0x2e,0x78,0x79,0x7a,0x2c,0x20,0x5f,0x31,0x38,0x2e,0x64,0x69,0x66,0x66,0x75,0x73,
    0x65,0x2e,0x77,0x20,0x2a,0x20,0x69,0x6e,0x2e,0x74,0x69,0x6e,0x74,0x2e,0x77,0x29,
    0x3b,0x0a,0x20,0x20,0x20,0x20,0x66,0x6c,0x6f,0x61,0x74,0x33,0x20,0x5f,0x32,0x35,
    0x30,0x20,0x3d,0x20,0x5f,0x32,0x34,0x33,0x2e,0x78,0x79,0x7a,0x20,0x2b,0x20,0x28,
    0x28,0x28,0x28,0x28,0x5f,0x31,0x38,0x2e,0x6c,0x69,0x67,0x68,0x74,0x30,0x53,0x70,
    0x65,0x63,0x75,0x6c,0x61,0x72,0x2e,0x78,0x79,0x7a,0x20,0x2a,0x20,0x70,0x6f,0x77,
    0x72,0x28,0x66,0x61,0x73,0x74,0x3a,0x3a,0x6d,0x61,0x78,0x28,0x64,0x6f,0x74,0x28,
    0x66,0x61,0x73,0x74,0x3a,0x3a,0x6e,0x6f,0x72,0x6d,0x61,0x6c,0x69,0x7a,0x65,0x28,
    0x5f,0x32,0x38,0x20,0x2d,0x20,0x5f,0x31,0x38,0x2e,0x6c,0x69,0x67,0x68,0x74,0x30,
    0x44,0x69,0x72,0x2e,0x78,0x79,0x7a,0x29,0x2c,0x20,0x5f,0x31,0x33,0x29,0x2c,0x20,
    0x30,0x2e,0x30,0x29,0x20,0x2a,0x20,0x73,0x74,0x65,0x70,0x28,0x30,0x2e,0x30,0x2c,
    0x20,0x5f,0x33,0x37,0x29,0x2c,0x20,0x5f,0x31,0x38,0x2e,0x73,0x70,0x65,0x63,0x75,
    0x6c,0x61,0x72,0x43,0x6f,0x6c,0x6f,0x72,0x41,0x6e,0x64,0x50,0x6f,0x77,0x65,0x72,
    0x2e,0x77,0x29,0x29,0x20,0x2b,0x20,0x28,0x5f,0x31,0x38,0x2e,0x6c,0x69,0x67,0x68,
    0x74,0x31,0x53,0x70,0x65,0x63,0x75,0x6c,0x61,0x72,0x2e,0x78,0x79,0x7a,0x20,0x2a,
    0x20,0x70,0x6f,0x77,0x72,0x28,0x66,0x61,0x73,0x74,0x3a,0x3a,0x6d,0x61,0x78,0x28,
    0x64,0x6f,0x74,0x28,0x66,0x61,0x73,0x74,0x3a,0x3a,0x6e,0x6f,0x72,0x6d,0x61,0x6c,
    0x69,0x7a,0x65,0x28,0x5f,0x32,0x38,0x20,0x2d,0x20,0x5f,0x31,0x38,0x2e,0x6c,0x69,
    0x67,0x68,0x74,0x31,0x44,0x69,0x72,0x2e,0x78,0x79,0x7a,0x29,0x2c,0x20,0x5f,0x31,
    0x33,0x29,0x2c,0x20,0x30,0x2e,0x30,0x29,0x20,0x2a,0x20,0x73,0x74,0x65,0x70,0x28,
    0x30,0x2e,0x30,0x2c,0x20,0x5f,0x35,0x32,0x29,0x2c,0x20,0x5f,0x31,0x38,0x2e,0x73,
    0x70,0x65,0x63,0x75,0x6c,0x61,0x72,0x43,0x6f,0x6c,0x6f,0x72,0x41,0x6e,0x64,0x50,
    0x6f,0x77,0x65,0x72,0x2e,0x77,0x29,0x29,0x29,0x20,0x2b,0x20,0x28,0x5f,0x31,0x38,
    0x2e,0x6c,0x69,0x67,0x68,0x74,0x32,0x53,0x70,0x65,0x63,0x75,0x6c,0x61,0x72,0x2e,
    0x78,0x79,0x7a,0x20,0x2a,0x20,0x70,0x6f,0x77,0x72,0x28,0x66,0x61,0x73,0x74,0x3a,
    0x3a,0x6d,0x61,0x78,0x28,0x64,0x6f,0x74,0x28,0x66,0x61,0x73,0x74,0x3a,0x3a,0x6e,
    0x6f,0x72,0x6d,0x61,0x6c,0x69,0x7a,0x65,0x28,0x5f,0x32,0x38,0x20,0x2d,0x20,0x5f,
    0x31,0x38,0x2e,0x6c,0x69,0x67,0x68,0x74,0x32,0x44,0x69,0x72,0x2e,0x78,0x79,0x7a,
    0x29,0x2c,0x20,0x5f,0x31,0x33,0x29,0x2c,0x20,0x30,0x2e,0x30,0x29,0x20,0x2a,0x20,
    0x73,0x74,0x65,0x70,0x28,0x30,0x2e,0x30,0x2c,0x20,0x5f,0x36,0x36,0x29,0x2c,0x20,
    0x5f,0x31,0x38,0x2e,0x73,0x70,0x65,0x63,0x75,0x6c,0x61,0x72,0x43,0x6f,0x6c,0x6f,
    0x72,0x41,0x6e,0x64,0x50,0x6f,0x77,0x65,0x72,0x2e,0x77,0x29,0x29,0x29,0x20,0x2a,
    0x20,0x5f,0x31,0x38,0x2e,0x73,0x70,0x65,0x63,0x75,0x6c,0x61,0x72,0x43,0x6f,0x6c,
    0x6f,0x72,0x41,0x6e,0x64,0x50,0x6f,0x77,0x65,0x72,0x2e,0x78,0x79,0x7a,0x29,0x20,
    0x2a,0x20,0x5f,0x32,0x34,0x33,0x2e,0x77,0x29,0x3b,0x0a,0x20,0x20,0x20,0x20,0x66,
    0x6c,0x6f,0x61,0x74,0x34,0x20,0x5f,0x33,0x32,0x37,0x20,0x3d,0x20,0x5f,0x32,0x34,
    0x33,0x3b,0x0a,0x20,0x20,0x20,0x20,0x5f,0x33,0x32,0x37,0x2e,0x78,0x20,0x3d,0x20,
    0x5f,0x32,0x35,0x30,0x2e,0x78,0x3b,0x0a,0x20,0x20,0x20,0x20,0x5f,0x33,0x32,0x37,
    0x2e,0x79,0x20,0x3d,0x20,0x5f,0x32,0x35,0x30,0x2e,0x79,0x3b,0x0a,0x20,0x20,0x20,
    0x20,0x5f,0x33,0x32,0x37,0x2e,0x7a,0x20,0x3d,0x20,0x5f,0x32,0x35,0x30,0x2e,0x7a,
    0x3b,0x0a,0x20,0x20,0x20,0x20,0x66,0x6c,0x6f,0x61,0x74,0x34,0x20,0x63,0x20,0x3d,
    0x20,0x5f,0x33,0x32,0x37,0x3b,0x0a,0x20,0x20,0x20,0x20,0x66,0x6c,0x6f,0x61,0x74,
    0x20,0x5f,0x32,0x36,0x34,0x3b,0x0a,0x20,0x20,0x20,0x20,0x69,0x66,0x20,0x28,0x69,
    0x6e,0x2e,0x61,0x6c,0x70,0x68,0x61,0x54,0x65,0x73,0x74,0x4f,0x75,0x74,0x2e,0x79,
    0x20,0x3e,0x20,0x30,0x2e,0x30,0x29,0x0a,0x20,0x20,0x20,0x20,0x7b,0x0a,0x20,0x20,
    0x20,0x20,0x20,0x20,0x20,0x20,0x66,0x6c,0x6f,0x61,0x74,0x20,0x5f,0x32,0x37,0x36,
    0x3b,0x0a,0x20,0x20,0x20,0x20,0x20,0x20,0x20,0x20,0x69,0x66,0x20,0x28,0x61,0x62,
    0x73,0x28,0x63,0x2e,0x77,0x20,0x2d,0x20,0x69,0x6e,0x2e,0x61,0x6c,0x70,0x68,0x61,
    0x54,0x65,0x73,0x74,0x4f,0x75,0x74,0x2e,0x78,0x29,0x20,0x3c,0x20,0x69,0x6e,0x2e,
    0x61,0x6c,0x70,0x68,0x61,0x54,0x65,0x73,0x74,0x4f,0x75,0x74,0x2e,0x79,0x29,0x0a,
    0x20,0x20,0x20,0x20,0x20,0x20,0x20,0x20,0x7b,0x0a,0x20,0x20,0x20,0x20,0x20,0x20,
    0x20,0x20,0x20,0x20,0x20,0x20,0x5f,0x32,0x37,0x36,0x20,0x3d,0x20,0x69,0x6e,0x2e,
    0x61,0x6c,0x70,0x68,0x61,0x54,0x65,0x73,0x74,0x4f,0x75,0x74,0x2e,0x7a,0x3b,0x0a,
    0x20,0x20,0x20,0x20,0x20,0x20,0x20,0x20,0x7d,0x0a,0x20,0x20,0x20,0x20,0x20,0x20,
    0x20,0x20,0x65,0x6c,0x73,0x65,0x0a,0x20,0x20,0x20,0x20,0x20,0x20,0x20,0x20,0x7b,
    0x0a,0x20,0x20,0x20,0x20,0x20,0x20,0x20,0x20,0x20,0x20,0x20,0x20,0x5f,0x32,0x37,
    0x36,0x20,0x3d,0x20,0x69,0x6e,0x2e,0x61,0x6c,0x70,0x68,0x61,0x54,0x65,0x73,0x74,
    0x4f,0x75,0x74,0x2e,0x77,0x3b,0x0a,0x20,0x20,0x20,0x20,0x20,0x20,0x20,0x20,0x7d,
    0x0a,0x20,0x20,0x20,0x20,0x20,0x20,0x20,0x20,0x5f,0x32,0x36,0x34,0x20,0x3d,0x20,
    0x5f,0x32,0x37,0x36,0x3b,0x0a,0x20,0x20,0x20,0x20,0x7d,0x0a,0x20,0x20,0x20,0x20,
    0x65,0x6c,0x73,0x65,0x0a,0x20,0x20,0x20,0x20,0x7b,0x0a,0x20,0x20,0x20,0x20,0x20,
    0x20,0x20,0x20,0x66,0x6c,0x6f,0x61,0x74,0x20,0x5f,0x32,0x39,0x31,0x3b,0x0a,0x20,
    0x20,0x20,0x20,0x20,0x20,0x20,0x20,0x69,0x66,0x20,0x28,0x63,0x2e,0x77,0x20,0x3c,
    0x20,0x69,0x6e,0x2e,0x61,0x6c,0x70,0x68,0x61,0x54,0x65,0x73,0x74,0x4f,0x75,0x74,
    0x2e,0x78,0x29,0x0a,0x20,0x20,0x20,0x20,0x20,0x20,0x20,0x20,0x7b,0x0a,0x20,0x20,
    0x20,0x20,0x20,0x20,0x20,0x20,0x20,0x20,0x20,0x20,0x5f,0x32,0x39,0x31,0x20,0x3d,
    0x20,0x69,0x6e,0x2e,0x61,0x6c,0x70,0x68,0x61,0x54,0x65,0x73,0x74,0x4f,0x75,0x74,
    0x2e,0x7a,0x3b,0x0a,0x20,0x20,0x20,0x20,0x20,0x20,0x20,0x20,0x7d,0x0a,0x20,0x20,
    0x20,0x20,0x20,0x20,0x20,0x20,0x65,0x6c,0x73,0x65,0x0a,0x20,0x20,0x20,0x20,0x20,
    0x20,0x20,0x20,0x7b,0x0a,0x20,0x20,0x20,0x20,0x20,0x20,0x20,0x20,0x20,0x20,0x20,
    0x20,0x5f,0x32,0x39,0x31,0x20,0x3d,0x20,0x69,0x6e,0x2e,0x61,0x6c,0x70,0x68,0x61,
    0x54,0x65,0x73,0x74,0x4f,0x75,0x74,0x2e,0x77,0x3b,0x0a,0x20,0x20,0x20,0x20,0x20,
    0x20,0x20,0x20,0x7d,0x0a,0x20,0x20,0x20,0x20,0x20,0x20,0x20,0x20,0x5f,0x32,0x36,
    0x34,0x20,0x3d,0x20,0x5f,0x32,0x39,0x31,0x3b,0x0a,0x20,0x20,0x20,0x20,0x7d,0x0a,
    0x20,0x20,0x20,0x20,0x69,0x66,0x20,0x28,0x5f,0x32,0x36,0x34,0x20,0x3c,0x20,0x30,
    0x2e,0x30,0x29,0x0a,0x20,0x20,0x20,0x20,0x7b,0x0a,0x20,0x20,0x20,0x20,0x20,0x20,
    0x20,0x20,0x64,0x69,0x73,0x63,0x61,0x72,0x64,0x5f,0x66,0x72,0x61,0x67,0x6d,0x65,
    0x6e,0x74,0x28,0x29,0x3b,0x0a,0x20,0x20,0x20,0x20,0x7d,0x0a,0x20,0x20,0x20,0x20,
    0x66,0x6c,0x6f,0x61,0x74,0x34,0x20,0x5f,0x33,0x31,0x30,0x20,0x3d,0x20,0x63,0x3b,
    0x0a,0x20,0x20,0x20,0x20,0x66,0x6c,0x6f,0x61,0x74,0x33,0x20,0x5f,0x33,0x31,0x35,
    0x20,0x3d,0x20,0x6d,0x69,0x78,0x28,0x5f,0x31,0x38,0x2e,0x66,0x6f,0x67,0x43,0x6f,
    0x6c,0x6f,0x72,0x2e,0x78,0x79,0x7a,0x2c,0x20,0x5f,0x33,0x31,0x30,0x2e,0x78,0x79,
    0x7a,0x2c,0x20,0x66,0x6c,0x6f,0x61,0x74,0x33,0x28,0x69,0x6e,0x2e,0x66,0x6f,0x67,
    0x46,0x61,0x63,0x74,0x6f,0x72,0x29,0x29,0x3b,0x0a,0x20,0x20,0x20,0x20,0x66,0x6c,
    0x6f,0x61,0x74,0x34,0x20,0x5f,0x33,0x33,0x35,0x20,0x3d,0x20,0x5f,0x33,0x31,0x30,
    0x3b,0x0a,0x20,0x20,0x20,0x20,0x5f,0x33,0x33,0x35,0x2e,0x78,0x20,0x3d,0x20,0x5f,
    0x33,0x31,0x35,0x2e,0x78,0x3b,0x0a,0x20,0x20,0x20,0x20,0x5f,0x33,0x33,0x35,0x2e,
    0x79,0x20,0x3d,0x20,0x5f,0x33,0x31,0x35,0x2e,0x79,0x3b,0x0a,0x20,0x20,0x20,0x20,
    0x5f,0x33,0x33,0x35,0x2e,0x7a,0x20,0x3d,0x20,0x5f,0x33,0x31,0x35,0x2e,0x7a,0x3b,
    0x0a,0x20,0x20,0x20,0x20,0x63,0x20,0x3d,0x20,0x5f,0x33,0x33,0x35,0x3b,0x0a,0x20,
    0x20,0x20,0x20,0x6f,0x75,0x74,0x2e,0x66,0x72,0x61,0x67,0x5f,0x63,0x6f,0x6c,0x6f,
    0x72,0x20,0x3d,0x20,0x5f,0x33,0x33,0x35,0x3b,0x0a,0x20,0x20,0x20,0x20,0x72,0x65,
    0x74,0x75,0x72,0x6e,0x20,0x6f,0x75,0x74,0x3b,0x0a,0x7d,0x0a,0x0a,0x00,
};
#endif
/*
    diagnostic(off, derivative_uniformity);

    alias Arr = array<mat4x4f, 72u>;

    struct skinned3d_vs_params {
      /_ @offset(0) _/
      mvp : mat4x4f,
      /_ @offset(64) _/
      world : mat4x4f,
      /_ @offset(128) _/
      normalMatrix : mat4x4f,
      /_ @offset(192) _/
      flags : vec4f,
      /_ @offset(208) _/
      alphaTest : vec4f,
      /_ @offset(224) _/
      fogVector : vec4f,
      /_ @offset(240) _/
      bones : Arr,
    }

    var<private> blendindices0 : vec4u;

    @binding(0) @group(0) var<uniform> x_42 : skinned3d_vs_params;

    var<private> blendweight0 : vec4f;

    var<private> position_1 : vec3f;

    var<private> normal : vec3f;

    var<private> worldPos : vec3f;

    var<private> worldNormal : vec3f;

    var<private> uv : vec2f;

    var<private> texcoord0 : vec2f;

    var<private> tint : vec4f;

    var<private> color0 : vec4f;

    var<private> fogFactor : f32;

    var<private> alphaTestOut : vec4f;

    var<private> gl_Position : vec4f;

    fn main_1() {
      var skin : mat4x4f;
      let x_21 = blendindices0.y;
      let x_27 = bitcast<i32>(blendindices0.z);
      let x_32 = bitcast<i32>(blendindices0.w);
      skin = (x_42.bones[bitcast<i32>(blendindices0.x)] * blendweight0.x);
      let x_57 = x_42.flags.y;
      if ((x_57 >= 1.5f)) {
        let x_68 = (x_42.bones[bitcast<i32>(x_21)] * blendweight0.y);
        skin = mat4x4f((skin[0u] + x_68[0u]), (skin[1u] + x_68[1u]), (skin[2u] + x_68[2u]), (skin[3u] + x_68[3u]));
      }
      if ((x_57 >= 3.5f)) {
        let x_94 = (x_42.bones[x_27] * blendweight0.z);
        let x_100 = (x_42.bones[x_32] * blendweight0.w);
        skin = mat4x4f((skin[0u] + (x_94[0u] + x_100[0u])), (skin[1u] + (x_94[1u] + x_100[1u])), (skin[2u] + (x_94[2u] + x_100[2u])), (skin[3u] + (x_94[3u] + x_100[3u])));
      }
      let x_140 = (skin * vec4f(position_1.x, position_1.y, position_1.z, 1.0f));
      let x_145 = skin[0u];
      let x_147 = skin[1u];
      let x_149 = skin[2u];
      let x_153 = normal;
      gl_Position = (x_42.mvp * x_140);
      worldPos = ((x_42.world * x_140)).xyz;
      let x_177 = x_42.normalMatrix;
      worldNormal = (mat3x3f(x_177[0u].xyz, x_177[1u].xyz, x_177[2u].xyz) * (mat3x3f(x_145.xyz, x_147.xyz, x_149.xyz) * x_153));
      uv = texcoord0;
      tint = mix(vec4f(1.0f), color0, vec4f(x_42.flags.x));
      fogFactor = (1.0f - clamp(dot(vec4f(x_140.x, x_140.y, x_140.z, 1.0f), x_42.fogVector), 0.0f, 1.0f));
      alphaTestOut = x_42.alphaTest;
      return;
    }

    struct main_out {
      @builtin(position)
      gl_Position : vec4f,
      @location(1)
      worldPos_1 : vec3f,
      @location(0)
      worldNormal_1 : vec3f,
      @location(2)
      uv_1 : vec2f,
      @location(3)
      tint_1 : vec4f,
      @location(4)
      fogFactor_1 : f32,
      @location(5)
      alphaTestOut_1 : vec4f,
    }

    @vertex
    fn main(@location(4) @interpolate(flat) blendindices0_param : vec4u, @location(3) blendweight0_param : vec4f, @location(0) position_1_param : vec3f, @location(1) normal_param : vec3f, @location(2) texcoord0_param : vec2f, @location(5) color0_param : vec4f) -> main_out {
      blendindices0 = blendindices0_param;
      blendweight0 = blendweight0_param;
      position_1 = position_1_param;
      normal = normal_param;
      texcoord0 = texcoord0_param;
      color0 = color0_param;
      main_1();
      return main_out(gl_Position, worldPos, worldNormal, uv, tint, fogFactor, alphaTestOut);
    }
*/
#if defined(SOKOL_WGPU)
static const uint8_t cna_skinned3d_vs_source_wgsl[3120] = {
    0x64,0x69,0x61,0x67,0x6e,0x6f,0x73,0x74,0x69,0x63,0x28,0x6f,0x66,0x66,0x2c,0x20,
    0x64,0x65,0x72,0x69,0x76,0x61,0x74,0x69,0x76,0x65,0x5f,0x75,0x6e,0x69,0x66,0x6f,
    0x72,0x6d,0x69,0x74,0x79,0x29,0x3b,0x0a,0x0a,0x61,0x6c,0x69,0x61,0x73,0x20,0x41,
    0x72,0x72,0x20,0x3d,0x20,0x61,0x72,0x72,0x61,0x79,0x3c,0x6d,0x61,0x74,0x34,0x78,
    0x34,0x66,0x2c,0x20,0x37,0x32,0x75,0x3e,0x3b,0x0a,0x0a,0x73,0x74,0x72,0x75,0x63,
    0x74,0x20,0x73,0x6b,0x69,0x6e,0x6e,0x65,0x64,0x33,0x64,0x5f,0x76,0x73,0x5f,0x70,
    0x61,0x72,0x61,0x6d,0x73,0x20,0x7b,0x0a,0x20,0x20,0x2f,0x2a,0x20,0x40,0x6f,0x66,
    0x66,0x73,0x65,0x74,0x28,0x30,0x29,0x20,0x2a,0x2f,0x0a,0x20,0x20,0x6d,0x76,0x70,
    0x20,0x3a,0x20,0x6d,0x61,0x74,0x34,0x78,0x34,0x66,0x2c,0x0a,0x20,0x20,0x2f,0x2a,
    0x20,0x40,0x6f,0x66,0x66,0x73,0x65,0x74,0x28,0x36,0x34,0x29,0x20,0x2a,0x2f,0x0a,
    0x20,0x20,0x77,0x6f,0x72,0x6c,0x64,0x20,0x3a,0x20,0x6d,0x61,0x74,0x34,0x78,0x34,
    0x66,0x2c,0x0a,0x20,0x20,0x2f,0x2a,0x20,0x40,0x6f,0x66,0x66,0x73,0x65,0x74,0x28,
    0x31,0x32,0x38,0x29,0x20,0x2a,0x2f,0x0a,0x20,0x20,0x6e,0x6f,0x72,0x6d,0x61,0x6c,
    0x4d,0x61,0x74,0x72,0x69,0x78,0x20,0x3a,0x20,0x6d,0x61,0x74,0x34,0x78,0x34,0x66,
    0x2c,0x0a,0x20,0x20,0x2f,0x2a,0x20,0x40,0x6f,0x66,0x66,0x73,0x65,0x74,0x28,0x31,
    0x39,0x32,0x29,0x20,0x2a,0x2f,0x0a,0x20,0x20,0x66,0x6c,0x61,0x67,0x73,0x20,0x3a,
    0x20,0x76,0x65,0x63,0x34,0x66,0x2c,0x0a,0x20,0x20,0x2f,0x2a,0x20,0x40,0x6f,0x66,
    0x66,0x73,0x65,0x74,0x28,0x32,0x30,0x38,0x29,0x20,0x2a,0x2f,0x0a,0x20,0x20,0x61,
    0x6c,0x70,0x68,0x61,0x54,0x65,0x73,0x74,0x20,0x3a,0x20,0x76,0x65,0x63,0x34,0x66,
    0x2c,0x0a,0x20,0x20,0x2f,0x2a,0x20,0x40,0x6f,0x66,0x66,0x73,0x65,0x74,0x28,0x32,
    0x32,0x34,0x29,0x20,0x2a,0x2f,0x0a,0x20,0x20,0x66,0x6f,0x67,0x56,0x65,0x63,0x74,
    0x6f,0x72,0x20,0x3a,0x20,0x76,0x65,0x63,0x34,0x66,0x2c,0x0a,0x20,0x20,0x2f,0x2a,
    0x20,0x40,0x6f,0x66,0x66,0x73,0x65,0x74,0x28,0x32,0x34,0x30,0x29,0x20,0x2a,0x2f,
    0x0a,0x20,0x20,0x62,0x6f,0x6e,0x65,0x73,0x20,0x3a,0x20,0x41,0x72,0x72,0x2c,0x0a,
    0x7d,0x0a,0x0a,0x76,0x61,0x72,0x3c,0x70,0x72,0x69,0x76,0x61,0x74,0x65,0x3e,0x20,
    0x62,0x6c,0x65,0x6e,0x64,0x69,0x6e,0x64,0x69,0x63,0x65,0x73,0x30,0x20,0x3a,0x20,
    0x76,0x65,0x63,0x34,0x75,0x3b,0x0a,0x0a,0x40,0x62,0x69,0x6e,0x64,0x69,0x6e,0x67,
    0x28,0x30,0x29,0x20,0x40,0x67,0x72,0x6f,0x75,0x70,0x28,0x30,0x29,0x20,0x76,0x61,
    0x72,0x3c,0x75,0x6e,0x69,0x66,0x6f,0x72,0x6d,0x3e,0x20,0x78,0x5f,0x34,0x32,0x20,
    0x3a,0x20,0x73,0x6b,0x69,0x6e,0x6e,0x65,0x64,0x33,0x64,0x5f,0x76,0x73,0x5f,0x70,
    0x61,0x72,0x61,0x6d,0x73,0x3b,0x0a,0x0a,0x76,0x61,0x72,0x3c,0x70,0x72,0x69,0x76,
    0x61,0x74,0x65,0x3e,0x20,0x62,0x6c,0x65,0x6e,0x64,0x77,0x65,0x69,0x67,0x68,0x74,
    0x30,0x20,0x3a,0x20,0x76,0x65,0x63,0x34,0x66,0x3b,0x0a,0x0a,0x76,0x61,0x72,0x3c,
    0x70,0x72,0x69,0x76,0x61,0x74,0x65,0x3e,0x20,0x70,0x6f,0x73,0x69,0x74,0x69,0x6f,
    0x6e,0x5f,0x31,0x20,0x3a,0x20,0x76,0x65,0x63,0x33,0x66,0x3b,0x0a,0x0a,0x76,0x61,
    0x72,0x3c,0x70,0x72,0x69,0x76,0x61,0x74,0x65,0x3e,0x20,0x6e,0x6f,0x72,0x6d,0x61,
    0x6c,0x20,0x3a,0x20,0x76,0x65,0x63,0x33,0x66,0x3b,0x0a,0x0a,0x76,0x61,0x72,0x3c,
    0x70,0x72,0x69,0x76,0x61,0x74,0x65,0x3e,0x20,0x77,0x6f,0x72,0x6c,0x64,0x50,0x6f,
    0x73,0x20,0x3a,0x20,0x76,0x65,0x63,0x33,0x66,0x3b,0x0a,0x0a,0x76,0x61,0x72,0x3c,
    0x70,0x72,0x69,0x76,0x61,0x74,0x65,0x3e,0x20,0x77,0x6f,0x72,0x6c,0x64,0x4e,0x6f,
    0x72,0x6d,0x61,0x6c,0x20,0x3a,0x20,0x76,0x65,0x63,0x33,0x66,0x3b,0x0a,0x0a,0x76,
    0x61,0x72,0x3c,0x70,0x72,0x69,0x76,0x61,0x74,0x65,0x3e,0x20,0x75,0x76,0x20,0x3a,
    0x20,0x76,0x65,0x63,0x32,0x66,0x3b,0x0a,0x0a,0x76,0x61,0x72,0x3c,0x70,0x72,0x69,
    0x76,0x61,0x74,0x65,0x3e,0x20,0x74,0x65,0x78,0x63,0x6f,0x6f,0x72,0x64,0x30,0x20,
    0x3a,0x20,0x76,0x65,0x63,0x32,0x66,0x3b,0x0a,0x0a,0x76,0x61,0x72,0x3c,0x70,0x72,
    0x69,0x76,0x61,0x74,0x65,0x3e,0x20,0x74,0x69,0x6e,0x74,0x20,0x3a,0x20,0x76,0x65,
    0x63,0x34,0x66,0x3b,0x0a,0x0a,0x76,0x61,0x72,0x3c,0x70,0x72,0x69,0x76,0x61,0x74,
    0x65,0x3e,0x20,0x63,0x6f,0x6c,0x6f,0x72,0x30,0x20,0x3a,0x20,0x76,0x65,0x63,0x34,
    0x66,0x3b,0x0a,0x0a,0x76,0x61,0x72,0x3c,0x70,0x72,0x69,0x76,0x61,0x74,0x65,0x3e,
    0x20,0x66,0x6f,0x67,0x46,0x61,0x63,0x74,0x6f,0x72,0x20,0x3a,0x20,0x66,0x33,0x32,
    0x3b,0x0a,0x0a,0x76,0x61,0x72,0x3c,0x70,0x72,0x69,0x76,0x61,0x74,0x65,0x3e,0x20,
    0x61,0x6c,0x70,0x68,0x61,0x54,0x65,0x73,0x74,0x4f,0x75,0x74,0x20,0x3a,0x20,0x76,
    0x65,0x63,0x34,0x66,0x3b,0x0a,0x0a,0x76,0x61,0x72,0x3c,0x70,0x72,0x69,0x76,0x61,
    0x74,0x65,0x3e,0x20,0x67,0x6c,0x5f,0x50,0x6f,0x73,0x69,0x74,0x69,0x6f,0x6e,0x20,
    0x3a,0x20,0x76,0x65,0x63,0x34,0x66,0x3b,0x0a,0x0a,0x66,0x6e,0x20,0x6d,0x61,0x69,
    0x6e,0x5f,0x31,0x28,0x29,0x20,0x7b,0x0a,0x20,0x20,0x76,0x61,0x72,0x20,0x73,0x6b,
    0x69,0x6e,0x20,0x3a,0x20,0x6d,0x61,0x74,0x34,0x78,0x34,0x66,0x3b,0x0a,0x20,0x20,
    0x6c,0x65,0x74,0x20,0x78,0x5f,0x32,0x31,0x20,0x3d,0x20,0x62,0x6c,0x65,0x6e,0x64,
    0x69,0x6e,0x64,0x69,0x63,0x65,0x73,0x30,0x2e,0x79,0x3b,0x0a,0x20,0x20,0x6c,0x65,
    0x74,0x20,0x78,0x5f,0x32,0x37,0x20,0x3d,0x20,0x62,0x69,0x74,0x63,0x61,0x73,0x74,
    0x3c,0x69,0x33,0x32,0x3e,0x28,0x62,0x6c,0x65,0x6e,0x64,0x69,0x6e,0x64,0x69,0x63,
    0x65,0x73,0x30,0x2e,0x7a,0x29,0x3b,0x0a,0x20,0x20,0x6c,0x65,0x74,0x20,0x78,0x5f,
    0x33,0x32,0x20,0x3d,0x20,0x62,0x69,0x74,0x63,0x61,0x73,0x74,0x3c,0x69,0x33,0x32,
    0x3e,0x28,0x62,0x6c,0x65,0x6e,0x64,0x69,0x6e,0x64,0x69,0x63,0x65,0x73,0x30,0x2e,
    0x77,0x29,0x3b,0x0a,0x20,0x20,0x73,0x6b,0x69,0x6e,0x20,0x3d,0x20,0x28,0x78,0x5f,
    0x34,0x32,0x2e,0x62,0x6f,0x6e,0x65,0x73,0x5b,0x62,0x69,0x74,0x63,0x61,0x73,0x74,
    0x3c,0x69,0x33,0x32,0x3e,0x28,0x62,0x6c,0x65,0x6e,0x64,0x69,0x6e,0x64,0x69,0x63,
    0x65,0x73,0x30,0x2e,0x78,0x29,0x5d,0x20,0x2a,0x20,0x62,0x6c,0x65,0x6e,0x64,0x77,
    0x65,0x69,0x67,0x68,0x74,0x30,0x2e,0x78,0x29,0x3b,0x0a,0x20,0x20,0x6c,0x65,0x74,
    0x20,0x78,0x5f,0x35,0x37,0x20,0x3d,0x20,0x78,0x5f,0x34,0x32,0x2e,0x66,0x6c,0x61,
    0x67,0x73,0x2e,0x79,0x3b,0x0a,0x20,0x20,0x69,0x66,0x20,0x28,0x28,0x78,0x5f,0x35,
    0x37,0x20,0x3e,0x3d,0x20,0x31,0x2e,0x35,0x66,0x29,0x29,0x20,0x7b,0x0a,0x20,0x20,
    0x20,0x20,0x6c,0x65,0x74,0x20,0x78,0x5f,0x36,0x38,0x20,0x3d,0x20,0x28,0x78,0x5f,
    0x34,0x32,0x2e,0x62,0x6f,0x6e,0x65,0x73,0x5b,0x62,0x69,0x74,0x63,0x61,0x73,0x74,
    0x3c,0x69,0x33,0x32,0x3e,0x28,0x78,0x5f,0x32,0x31,0x29,0x5d,0x20,0x2a,0x20,0x62,
    0x6c,0x65,0x6e,0x64,0x77,0x65,0x69,0x67,0x68,0x74,0x30,0x2e,0x79,0x29,0x3b,0x0a,
    0x20,0x20,0x20,0x20,0x73,0x6b,0x69,0x6e,0x20,0x3d,0x20,0x6d,0x61,0x74,0x34,0x78,
    0x34,0x66,0x28,0x28,0x73,0x6b,0x69,0x6e,0x5b,0x30,0x75,0x5d,0x20,0x2b,0x20,0x78,
    0x5f,0x36,0x38,0x5b,0x30,0x75,0x5d,0x29,0x2c,0x20,0x28,0x73,0x6b,0x69,0x6e,0x5b,
    0x31,0x75,0x5d,0x20,0x2b,0x20,0x78,0x5f,0x36,0x38,0x5b,0x31,0x75,0x5d,0x29,0x2c,
    0x20,0x28,0x73,0x6b,0x69,0x6e,0x5b,0x32,0x75,0x5d,0x20,0x2b,0x20,0x78,0x5f,0x36,
    0x38,0x5b,0x32,0x75,0x5d,0x29,0x2c,0x20,0x28,0x73,0x6b,0x69,0x6e,0x5b,0x33,0x75,
    0x5d,0x20,0x2b,0x20,0x78,0x5f,0x36,0x38,0x5b,0x33,0x75,0x5d,0x29,0x29,0x3b,0x0a,
    0x20,0x20,0x7d,0x0a,0x20,0x20,0x69,0x66,0x20,0x28,0x28,0x78,0x5f,0x35,0x37,0x20,
    0x3e,0x3d,0x20,0x33,0x2e,0x35,0x66,0x29,0x29,0x20,0x7b,0x0a,0x20,0x20,0x20,0x20,
    0x6c,0x65,0x74,0x20,0x78,0x5f,0x39,0x34,0x20,0x3d,0x20,0x28,0x78,0x5f,0x34,0x32,
    0x2e,0x62,0x6f,0x6e,0x65,0x73,0x5b,0x78,0x5f,0x32,0x37,0x5d,0x20,0x2a,0x20,0x62,
    0x6c,0x65,0x6e,0x64,0x77,0x65,0x69,0x67,0x68,0x74,0x30,0x2e,0x7a,0x29,0x3b,0x0a,
    0x20,0x20,0x20,0x20,0x6c,0x65,0x74,0x20,0x78,0x5f,0x31,0x30,0x30,0x20,0x3d,0x20,
    0x28,0x78,0x5f,0x34,0x32,0x2e,0x62,0x6f,0x6e,0x65,0x73,0x5b,0x78,0x5f,0x33,0x32,
    0x5d,0x20,0x2a,0x20,0x62,0x6c,0x65,0x6e,0x64,0x77,0x65,0x69,0x67,0x68,0x74,0x30,
    0x2e,0x77,0x29,0x3b,0x0a,0x20,0x20,0x20,0x20,0x73,0x6b,0x69,0x6e,0x20,0x3d,0x20,
    0x6d,0x61,0x74,0x34,0x78,0x34,0x66,0x28,0x28,0x73,0x6b,0x69,0x6e,0x5b,0x30,0x75,
    0x5d,0x20,0x2b,0x20,0x28,0x78,0x5f,0x39,0x34,0x5b,0x30,0x75,0x5d,0x20,0x2b,0x20,
    0x78,0x5f,0x31,0x30,0x30,0x5b,0x30,0x75,0x5d,0x29,0x29,0x2c,0x20,0x28,0x73,0x6b,
    0x69,0x6e,0x5b,0x31,0x75,0x5d,0x20,0x2b,0x20,0x28,0x78,0x5f,0x39,0x34,0x5b,0x31,
    0x75,0x5d,0x20,0x2b,0x20,0x78,0x5f,0x31,0x30,0x30,0x5b,0x31,0x75,0x5d,0x29,0x29,
    0x2c,0x20,0x28,0x73,0x6b,0x69,0x6e,0x5b,0x32,0x75,0x5d,0x20,0x2b,0x20,0x28,0x78,
    0x5f,0x39,0x34,0x5b,0x32,0x75,0x5d,0x20,0x2b,0x20,0x78,0x5f,0x31,0x30,0x30,0x5b,
    0x32,0x75,0x5d,0x29,0x29,0x2c,0x20,0x28,0x73,0x6b,0x69,0x6e,0x5b,0x33,0x75,0x5d,
    0x20,0x2b,0x20,0x28,0x78,0x5f,0x39,0x34,0x5b,0x33,0x75,0x5d,0x20,0x2b,0x20,0x78,
    0x5f,0x31,0x30,0x30,0x5b,0x33,0x75,0x5d,0x29,0x29,0x29,0x3b,0x0a,0x20,0x20,0x7d,
    0x0a,0x20,0x20,0x6c,0x65,0x74,0x20,0x78,0x5f,0x31,0x34,0x30,0x20,0x3d,0x20,0x28,
    0x73,0x6b,0x69,0x6e,0x20,0x2a,0x20,0x76,0x65,0x63,0x34,0x66,0x28,0x70,0x6f,0x73,
    0x69,0x74,0x69,0x6f,0x6e,0x5f,0x31,0x2e,0x78,0x2c,0x20,0x70,0x6f,0x73,0x69,0x74,
    0x69,0x6f,0x6e,0x5f,0x31,0x2e,0x79,0x2c,0x20,0x70,0x6f,0x73,0x69,0x74,0x69,0x6f,
    0x6e,0x5f,0x31,0x2e,0x7a,0x2c,0x20,0x31,0x2e,0x30,0x66,0x29,0x29,0x3b,0x0a,0x20,
    0x20,0x6c,0x65,0x74,0x20,0x78,0x5f,0x31,0x34,0x35,0x20,0x3d,0x20,0x73,0x6b,0x69,
    0x6e,0x5b,0x30,0x75,0x5d,0x3b,0x0a,0x20,0x20,0x6c,0x65,0x74,0x20,0x78,0x5f,0x31,
    0x34,0x37,0x20,0x3d,0x20,0x73,0x6b,0x69,0x6e,0x5b,0x31,0x75,0x5d,0x3b,0x0a,0x20,
    0x20,0x6c,0x65,0x74,0x20,0x78,0x5f,0x31,0x34,0x39,0x20,0x3d,0x20,0x73,0x6b,0x69,
    0x6e,0x5b,0x32,0x75,0x5d,0x3b,0x0a,0x20,0x20,0x6c,0x65,0x74,0x20,0x78,0x5f,0x31,
    0x35,0x33,0x20,0x3d,0x20,0x6e,0x6f,0x72,0x6d,0x61,0x6c,0x3b,0x0a,0x20,0x20,0x67,
    0x6c,0x5f,0x50,0x6f,0x73,0x69,0x74,0x69,0x6f,0x6e,0x20,0x3d,0x20,0x28,0x78,0x5f,
    0x34,0x32,0x2e,0x6d,0x76,0x70,0x20,0x2a,0x20,0x78,0x5f,0x31,0x34,0x30,0x29,0x3b,
    0x0a,0x20,0x20,0x77,0x6f,0x72,0x6c,0x64,0x50,0x6f,0x73,0x20,0x3d,0x20,0x28,0x28,
    0x78,0x5f,0x34,0x32,0x2e,0x77,0x6f,0x72,0x6c,0x64,0x20,0x2a,0x20,0x78,0x5f,0x31,
    0x34,0x30,0x29,0x29,0x2e,0x78,0x79,0x7a,0x3b,0x0a,0x20,0x20,0x6c,0x65,0x74,0x20,
    0x78,0x5f,0x31,0x37,0x37,0x20,0x3d,0x20,0x78,0x5f,0x34,0x32,0x2e,0x6e,0x6f,0x72,
    0x6d,0x61,0x6c,0x4d,0x61,0x74,0x72,0x69,0x78,0x3b,0x0a,0x20,0x20,0x77,0x6f,0x72,
    0x6c,0x64,0x4e,0x6f,0x72,0x6d,0x61,0x6c,0x20,0x3d,0x20,0x28,0x6d,0x61,0x74,0x33,
    0x78,0x33,0x66,0x28,0x78,0x5f,0x31,0x37,0x37,0x5b,0x30,0x75,0x5d,0x2e,0x78,0x79,
    0x7a,0x2c,0x20,0x78,0x5f,0x31,0x37,0x37,0x5b,0x31,0x75,0x5d,0x2e,0x78,0x79,0x7a,
    0x2c,0x20,0x78,0x5f,0x31,0x37,0x37,0x5b,0x32,0x75,0x5d,0x2e,0x78,0x79,0x7a,0x29,
    0x20,0x2a,0x20,0x28,0x6d,0x61,0x74,0x33,0x78,0x33,0x66,0x28,0x78,0x5f,0x31,0x34,
    0x35,0x2e,0x78,0x79,0x7a,0x2c,0x20,0x78,0x5f,0x31,0x34,0x37,0x2e,0x78,0x79,0x7a,
    0x2c,0x20,0x78,0x5f,0x31,0x34,0x39,0x2e,0x78,0x79,0x7a,0x29,0x20,0x2a,0x20,0x78,
    0x5f,0x31,0x35,0x33,0x29,0x29,0x3b,0x0a,0x20,0x20,0x75,0x76,0x20,0x3d,0x20,0x74,
    0x65,0x78,0x63,0x6f,0x6f,0x72,0x64,0x30,0x3b,0x0a,0x20,0x20,0x74,0x69,0x6e,0x74,
    0x20,0x3d,0x20,0x6d,0x69,0x78,0x28,0x76,0x65,0x63,0x34,0x66,0x28,0x31,0x2e,0x30,
    0x66,0x29,0x2c,0x20,0x63,0x6f,0x6c,0x6f,0x72,0x30,0x2c,0x20,0x76,0x65,0x63,0x34,
    0x66,0x28,0x78,0x5f,0x34,0x32,0x2e,0x66,0x6c,0x61,0x67,0x73,0x2e,0x78,0x29,0x29,
    0x3b,0x0a,0x20,0x20,0x66,0x6f,0x67,0x46,0x61,0x63,0x74,0x6f,0x72,0x20,0x3d,0x20,
    0x28,0x31,0x2e,0x30,0x66,0x20,0x2d,0x20,0x63,0x6c,0x61,0x6d,0x70,0x28,0x64,0x6f,
    0x74,0x28,0x76,0x65,0x63,0x34,0x66,0x28,0x78,0x5f,0x31,0x34,0x30,0x2e,0x78,0x2c,
    0x20,0x78,0x5f,0x31,0x34,0x30,0x2e,0x79,0x2c,0x20,0x78,0x5f,0x31,0x34,0x30,0x2e,
    0x7a,0x2c,0x20,0x31,0x2e,0x30,0x66,0x29,0x2c,0x20,0x78,0x5f,0x34,0x32,0x2e,0x66,
    0x6f,0x67,0x56,0x65,0x63,0x74,0x6f,0x72,0x29,0x2c,0x20,0x30,0x2e,0x30,0x66,0x2c,
    0x20,0x31,0x2e,0x30,0x66,0x29,0x29,0x3b,0x0a,0x20,0x20,0x61,0x6c,0x70,0x68,0x61,
    0x54,0x65,0x73,0x74,0x4f,0x75,0x74,0x20,0x3d,0x20,0x78,0x5f,0x34,0x32,0x2e,0x61,
    0x6c,0x70,0x68,0x61,0x54,0x65,0x73,0x74,0x3b,0x0a,0x20,0x20,0x72,0x65,0x74,0x75,
    0x72,0x6e,0x3b,0x0a,0x7d,0x0a,0x0a,0x73,0x74,0x72,0x75,0x63,0x74,0x20,0x6d,0x61,
    0x69,0x6e,0x5f,0x6f,0x75,0x74,0x20,0x7b,0x0a,0x20,0x20,0x40,0x62,0x75,0x69,0x6c,
    0x74,0x69,0x6e,0x28,0x70,0x6f,0x73,0x69,0x74,0x69,0x6f,0x6e,0x29,0x0a,0x20,0x20,
    0x67,0x6c,0x5f,0x50,0x6f,0x73,0x69,0x74,0x69,0x6f,0x6e,0x20,0x3a,0x20,0x76,0x65,
    0x63,0x34,0x66,0x2c,0x0a,0x20,0x20,0x40,0x6c,0x6f,0x63,0x61,0x74,0x69,0x6f,0x6e,
    0x28,0x31,0x29,0x0a,0x20,0x20,0x77,0x6f,0x72,0x6c,0x64,0x50,0x6f,0x73,0x5f,0x31,
    0x20,0x3a,0x20,0x76,0x65,0x63,0x33,0x66,0x2c,0x0a,0x20,0x20,0x40,0x6c,0x6f,0x63,
    0x61,0x74,0x69,0x6f,0x6e,0x28,0x30,0x29,0x0a,0x20,0x20,0x77,0x6f,0x72,0x6c,0x64,
    0x4e,0x6f,0x72,0x6d,0x61,0x6c,0x5f,0x31,0x20,0x3a,0x20,0x76,0x65,0x63,0x33,0x66,
    0x2c,0x0a,0x20,0x20,0x40,0x6c,0x6f,0x63,0x61,0x74,0x69,0x6f,0x6e,0x28,0x32,0x29,
    0x0a,0x20,0x20,0x75,0x76,0x5f,0x31,0x20,0x3a,0x20,0x76,0x65,0x63,0x32,0x66,0x2c,
    0x0a,0x20,0x20,0x40,0x6c,0x6f,0x63,0x61,0x74,0x69,0x6f,0x6e,0x28,0x33,0x29,0x0a,
    0x20,0x20,0x74,0x69,0x6e,0x74,0x5f,0x31,0x20,0x3a,0x20,0x76,0x65,0x63,0x34,0x66,
    0x2c,0x0a,0x20,0x20,0x40,0x6c,0x6f,0x63,0x61,0x74,0x69,0x6f,0x6e,0x28,0x34,0x29,
    0x0a,0x20,0x20,0x66,0x6f,0x67,0x46,0x61,0x63,0x74,0x6f,0x72,0x5f,0x31,0x20,0x3a,
    0x20,0x66,0x33,0x32,0x2c,0x0a,0x20,0x20,0x40,0x6c,0x6f,0x63,0x61,0x74,0x69,0x6f,
    0x6e,0x28,0x35,0x29,0x0a,0x20,0x20,0x61,0x6c,0x70,0x68,0x61,0x54,0x65,0x73,0x74,
    0x4f,0x75,0x74,0x5f,0x31,0x20,0x3a,0x20,0x76,0x65,0x63,0x34,0x66,0x2c,0x0a,0x7d,
    0x0a,0x0a,0x40,0x76,0x65,0x72,0x74,0x65,0x78,0x0a,0x66,0x6e,0x20,0x6d,0x61,0x69,
    0x6e,0x28,0x40,0x6c,0x6f,0x63,0x61,0x74,0x69,0x6f,0x6e,0x28,0x34,0x29,0x20,0x40,
    0x69,0x6e,0x74,0x65,0x72,0x70,0x6f,0x6c,0x61,0x74,0x65,0x28,0x66,0x6c,0x61,0x74,
    0x29,0x20,0x62,0x6c,0x65,0x6e,0x64,0x69,0x6e,0x64,0x69,0x63,0x65,0x73,0x30,0x5f,
    0x70,0x61,0x72,0x61,0x6d,0x20,0x3a,0x20,0x76,0x65,0x63,0x34,0x75,0x2c,0x20,0x40,
    0x6c,0x6f,0x63,0x61,0x74,0x69,0x6f,0x6e,0x28,0x33,0x29,0x20,0x62,0x6c,0x65,0x6e,
    0x64,0x77,0x65,0x69,0x67,0x68,0x74,0x30,0x5f,0x70,0x61,0x72,0x61,0x6d,0x20,0x3a,
    0x20,0x76,0x65,0x63,0x34,0x66,0x2c,0x20,0x40,0x6c,0x6f,0x63,0x61,0x74,0x69,0x6f,
    0x6e,0x28,0x30,0x29,0x20,0x70,0x6f,0x73,0x69,0x74,0x69,0x6f,0x6e,0x5f,0x31,0x5f,
    0x70,0x61,0x72,0x61,0x6d,0x20,0x3a,0x20,0x76,0x65,0x63,0x33,0x66,0x2c,0x20,0x40,
    0x6c,0x6f,0x63,0x61,0x74,0x69,0x6f,0x6e,0x28,0x31,0x29,0x20,0x6e,0x6f,0x72,0x6d,
    0x61,0x6c,0x5f,0x70,0x61,0x72,0x61,0x6d,0x20,0x3a,0x20,0x76,0x65,0x63,0x33,0x66,
    0x2c,0x20,0x40,0x6c,0x6f,0x63,0x61,0x74,0x69,0x6f,0x6e,0x28,0x32,0x29,0x20,0x74,
    0x65,0x78,0x63,0x6f,0x6f,0x72,0x64,0x30,0x5f,0x70,0x61,0x72,0x61,0x6d,0x20,0x3a,
    0x20,0x76,0x65,0x63,0x32,0x66,0x2c,0x20,0x40,0x6c,0x6f,0x63,0x61,0x74,0x69,0x6f,
    0x6e,0x28,0x35,0x29,0x20,0x63,0x6f,0x6c,0x6f,0x72,0x30,0x5f,0x70,0x61,0x72,0x61,
    0x6d,0x20,0x3a,0x20,0x76,0x65,0x63,0x34,0x66,0x29,0x20,0x2d,0x3e,0x20,0x6d,0x61,
    0x69,0x6e,0x5f,0x6f,0x75,0x74,0x20,0x7b,0x0a,0x20,0x20,0x62,0x6c,0x65,0x6e,0x64,
    0x69,0x6e,0x64,0x69,0x63,0x65,0x73,0x30,0x20,0x3d,0x20,0x62,0x6c,0x65,0x6e,0x64,
    0x69,0x6e,0x64,0x69,0x63,0x65,0x73,0x30,0x5f,0x70,0x61,0x72,0x61,0x6d,0x3b,0x0a,
    0x20,0x20,0x62,0x6c,0x65,0x6e,0x64,0x77,0x65,0x69,0x67,0x68,0x74,0x30,0x20,0x3d,
    0x20,0x62,0x6c,0x65,0x6e,0x64,0x77,0x65,0x69,0x67,0x68,0x74,0x30,0x5f,0x70,0x61,
    0x72,0x61,0x6d,0x3b,0x0a,0x20,0x20,0x70,0x6f,0x73,0x69,0x74,0x69,0x6f,0x6e,0x5f,
    0x31,0x20,0x3d,0x20,0x70,0x6f,0x73,0x69,0x74,0x69,0x6f,0x6e,0x5f,0x31,0x5f,0x70,
    0x61,0x72,0x61,0x6d,0x3b,0x0a,0x20,0x20,0x6e,0x6f,0x72,0x6d,0x61,0x6c,0x20,0x3d,
    0x20,0x6e,0x6f,0x72,0x6d,0x61,0x6c,0x5f,0x70,0x61,0x72,0x61,0x6d,0x3b,0x0a,0x20,
    0x20,0x74,0x65,0x78,0x63,0x6f,0x6f,0x72,0x64,0x30,0x20,0x3d,0x20,0x74,0x65,0x78,
    0x63,0x6f,0x6f,0x72,0x64,0x30,0x5f,0x70,0x61,0x72,0x61,0x6d,0x3b,0x0a,0x20,0x20,
    0x63,0x6f,0x6c,0x6f,0x72,0x30,0x20,0x3d,0x20,0x63,0x6f,0x6c,0x6f,0x72,0x30,0x5f,
    0x70,0x61,0x72,0x61,0x6d,0x3b,0x0a,0x20,0x20,0x6d,0x61,0x69,0x6e,0x5f,0x31,0x28,
    0x29,0x3b,0x0a,0x20,0x20,0x72,0x65,0x74,0x75,0x72,0x6e,0x20,0x6d,0x61,0x69,0x6e,
    0x5f,0x6f,0x75,0x74,0x28,0x67,0x6c,0x5f,0x50,0x6f,0x73,0x69,0x74,0x69,0x6f,0x6e,
    0x2c,0x20,0x77,0x6f,0x72,0x6c,0x64,0x50,0x6f,0x73,0x2c,0x20,0x77,0x6f,0x72,0x6c,
    0x64,0x4e,0x6f,0x72,0x6d,0x61,0x6c,0x2c,0x20,0x75,0x76,0x2c,0x20,0x74,0x69,0x6e,
    0x74,0x2c,0x20,0x66,0x6f,0x67,0x46,0x61,0x63,0x74,0x6f,0x72,0x2c,0x20,0x61,0x6c,
    0x70,0x68,0x61,0x54,0x65,0x73,0x74,0x4f,0x75,0x74,0x29,0x3b,0x0a,0x7d,0x0a,0x00,

};
#endif
/*
    diagnostic(off, derivative_uniformity);

    struct skinned3d_fs_params {
      /_ @offset(0) _/
      diffuse : vec4f,
      /_ @offset(16) _/
      ambient : vec4f,
      /_ @offset(32) _/
      light0Dir : vec4f,
      /_ @offset(48) _/
      light0Diffuse : vec4f,
      /_ @offset(64) _/
      light0Specular : vec4f,
      /_ @offset(80) _/
      light1Dir : vec4f,
      /_ @offset(96) _/
      light1Diffuse : vec4f,
      /_ @offset(112) _/
      light1Specular : vec4f,
      /_ @offset(128) _/
      light2Dir : vec4f,
      /_ @offset(144) _/
      light2Diffuse : vec4f,
      /_ @offset(160) _/
      light2Specular : vec4f,
      /_ @offset(176) _/
      specularColorAndPower : vec4f,
      /_ @offset(192) _/
      eyePosition : vec4f,
      /_ @offset(208) _/
      emissiveColor : vec4f,
      /_ @offset(224) _/
      fogColor : vec4f,
      /_ @offset(240) _/
      rtFlipV : vec4f,
    }

    var<private> worldNormal : vec3f;

    @binding(1) @group(0) var<uniform> x_18 : skinned3d_fs_params;

    var<private> worldPos : vec3f;

    var<private> tint : vec4f;

    var<private> uv : vec2f;

    @binding(0) @group(1) var tex : texture_2d<f32>;

    @binding(32) @group(1) var smp : sampler;

    var<private> alphaTestOut : vec4f;

    var<private> fogFactor : f32;

    var<private> frag_color : vec4f;

    fn main_1() {
      var c : vec4f;
      var x_264 : f32;
      var x_276 : f32;
      var x_291 : f32;
      var x_261 : f32;
      let x_13 = normalize(worldNormal);
      let x_28 = normalize((x_18.eyePosition.xyz - worldPos));
      let x_35 = x_18.light0Dir.xyz;
      let x_37 = dot(x_13, -(x_35));
      let x_50 = x_18.light1Dir.xyz;
      let x_52 = dot(x_13, -(x_50));
      let x_64 = x_18.light2Dir.xyz;
      let x_66 = dot(x_13, -(x_64));
      let x_115 = ((((((x_18.ambient.xyz + (x_18.light0Diffuse.xyz * max(x_37, 0.0f))) + (x_18.light1Diffuse.xyz * max(x_52, 0.0f))) + (x_18.light2Diffuse.xyz * max(x_66, 0.0f))) * x_18.diffuse.xyz) * tint.xyz) + x_18.emissiveColor.xyz);
      let x_122 = x_18.specularColorAndPower.w;
      let x_175 = x_18.light0Specular;
      let x_181 = x_18.light1Specular;
      let x_188 = x_18.light2Specular;
      let x_193 = x_18.specularColorAndPower;
      let x_204 = uv.x;
      let x_207 = uv.y;
      let x_214 = x_18.rtFlipV.x;
      let x_230 = textureSample(tex, smp, vec2f(x_204, mix(x_207, (1.0f - x_207), x_214)));
      let x_243 = (x_230 * vec4f(x_115.x, x_115.y, x_115.z, (x_18.diffuse.w * tint.w)));
      let x_250 = (x_243.xyz + (((((x_175.xyz * pow((max(dot(normalize((x_28 - x_35)), x_13), 0.0f) * step(0.0f, x_37)), x_122)) + (x_181.xyz * pow((max(dot(normalize((x_28 - x_50)), x_13), 0.0f) * step(0.0f, x_52)), x_122))) + (x_188.xyz * pow((max(dot(normalize((x_28 - x_64)), x_13), 0.0f) * step(0.0f, x_66)), x_122))) * x_193.xyz) * x_243.w));
      var x_327_1 = x_243;
      x_327_1.x = x_250.x;
      let x_327 = x_327_1;
      var x_329_1 = x_327;
      x_329_1.y = x_250.y;
      let x_329 = x_329_1;
      var x_331_1 = x_329;
      x_331_1.z = x_250.z;
      c = x_331_1;
      x_261 = alphaTestOut.y;
      if ((x_261 > 0.0f)) {
        if ((abs((c.w - alphaTestOut.x)) < x_261)) {
          x_276 = alphaTestOut.z;
        } else {
          x_276 = alphaTestOut.w;
        }
        x_264 = x_276;
      } else {
        if ((c.w < alphaTestOut.x)) {
          x_291 = alphaTestOut.z;
        } else {
          x_291 = alphaTestOut.w;
        }
        x_264 = x_291;
      }
      if ((x_264 < 0.0f)) {
        discard;
      }
      let x_310 = c;
      let x_315 = mix(x_18.fogColor.xyz, c.xyz, vec3f(fogFactor));
      var x_335_1 = x_310;
      x_335_1.x = x_315.x;
      let x_335 = x_335_1;
      var x_337_1 = x_335;
      x_337_1.y = x_315.y;
      let x_337 = x_337_1;
      var x_339_1 = x_337;
      x_339_1.z = x_315.z;
      let x_339 = x_339_1;
      c = x_339_1;
      frag_color = x_339;
      return;
    }

    struct main_out {
      @location(0)
      frag_color_1 : vec4f,
    }

    @fragment
    fn main(@location(0) worldNormal_param : vec3f, @location(1) worldPos_param : vec3f, @location(3) tint_param : vec4f, @location(2) uv_param : vec2f, @location(5) alphaTestOut_param : vec4f, @location(4) fogFactor_param : f32) -> main_out {
      worldNormal = worldNormal_param;
      worldPos = worldPos_param;
      tint = tint_param;
      uv = uv_param;
      alphaTestOut = alphaTestOut_param;
      fogFactor = fogFactor_param;
      main_1();
      return main_out(frag_color);
    }
*/
#if defined(SOKOL_WGPU)
static const uint8_t cna_skinned3d_fs_source_wgsl[4015] = {
    0x64,0x69,0x61,0x67,0x6e,0x6f,0x73,0x74,0x69,0x63,0x28,0x6f,0x66,0x66,0x2c,0x20,
    0x64,0x65,0x72,0x69,0x76,0x61,0x74,0x69,0x76,0x65,0x5f,0x75,0x6e,0x69,0x66,0x6f,
    0x72,0x6d,0x69,0x74,0x79,0x29,0x3b,0x0a,0x0a,0x73,0x74,0x72,0x75,0x63,0x74,0x20,
    0x73,0x6b,0x69,0x6e,0x6e,0x65,0x64,0x33,0x64,0x5f,0x66,0x73,0x5f,0x70,0x61,0x72,
    0x61,0x6d,0x73,0x20,0x7b,0x0a,0x20,0x20,0x2f,0x2a,0x20,0x40,0x6f,0x66,0x66,0x73,
    0x65,0x74,0x28,0x30,0x29,0x20,0x2a,0x2f,0x0a,0x20,0x20,0x64,0x69,0x66,0x66,0x75,
    0x73,0x65,0x20,0x3a,0x20,0x76,0x65,0x63,0x34,0x66,0x2c,0x0a,0x20,0x20,0x2f,0x2a,
    0x20,0x40,0x6f,0x66,0x66,0x73,0x65,0x74,0x28,0x31,0x36,0x29,0x20,0x2a,0x2f,0x0a,
    0x20,0x20,0x61,0x6d,0x62,0x69,0x65,0x6e,0x74,0x20,0x3a,0x20,0x76,0x65,0x63,0x34,
    0x66,0x2c,0x0a,0x20,0x20,0x2f,0x2a,0x20,0x40,0x6f,0x66,0x66,0x73,0x65,0x74,0x28,
    0x33,0x32,0x29,0x20,0x2a,0x2f,0x0a,0x20,0x20,0x6c,0x69,0x67,0x68,0x74,0x30,0x44,
    0x69,0x72,0x20,0x3a,0x20,0x76,0x65,0x63,0x34,0x66,0x2c,0x0a,0x20,0x20,0x2f,0x2a,
    0x20,0x40,0x6f,0x66,0x66,0x73,0x65,0x74,0x28,0x34,0x38,0x29,0x20,0x2a,0x2f,0x0a,
    0x20,0x20,0x6c,0x69,0x67,0x68,0x74,0x30,0x44,0x69,0x66,0x66,0x75,0x73,0x65,0x20,
    0x3a,0x20,0x76,0x65,0x63,0x34,0x66,0x2c,0x0a,0x20,0x20,0x2f,0x2a,0x20,0x40,0x6f,
    0x66,0x66,0x73,0x65,0x74,0x28,0x36,0x34,0x29,0x20,0x2a,0x2f,0x0a,0x20,0x20,0x6c,
    0x69,0x67,0x68,0x74,0x30,0x53,0x70,0x65,0x63,0x75,0x6c,0x61,0x72,0x20,0x3a,0x20,
    0x76,0x65,0x63,0x34,0x66,0x2c,0x0a,0x20,0x20,0x2f,0x2a,0x20,0x40,0x6f,0x66,0x66,
    0x73,0x65,0x74,0x28,0x38,0x30,0x29,0x20,0x2a,0x2f,0x0a,0x20,0x20,0x6c,0x69,0x67,
    0x68,0x74,0x31,0x44,0x69,0x72,0x20,0x3a,0x20,0x76,0x65,0x63,0x34,0x66,0x2c,0x0a,
    0x20,0x20,0x2f,0x2a,0x20,0x40,0x6f,0x66,0x66,0x73,0x65,0x74,0x28,0x39,0x36,0x29,
    0x20,0x2a,0x2f,0x0a,0x20,0x20,0x6c,0x69,0x67,0x68,0x74,0x31,0x44,0x69,0x66,0x66,
    0x75,0x73,0x65,0x20,0x3a,0x20,0x76,0x65,0x63,0x34,0x66,0x2c,0x0a,0x20,0x20,0x2f,
    0x2a,0x20,0x40,0x6f,0x66,0x66,0x73,0x65,0x74,0x28,0x31,0x31,0x32,0x29,0x20,0x2a,
    0x2f,0x0a,0x20,0x20,0x6c,0x69,0x67,0x68,0x74,0x31,0x53,0x70,0x65,0x63,0x75,0x6c,
    0x61,0x72,0x20,0x3a,0x20,0x76,0x65,0x63,0x34,0x66,0x2c,0x0a,0x20,0x20,0x2f,0x2a,
    0x20,0x40,0x6f,0x66,0x66,0x73,0x65,0x74,0x28,0x31,0x32,0x38,0x29,0x20,0x2a,0x2f,
    0x0a,0x20,0x20,0x6c,0x69,0x67,0x68,0x74,0x32,0x44,0x69,0x72,0x20,0x3a,0x20,0x76,
    0x65,0x63,0x34,0x66,0x2c,0x0a,0x20,0x20,0x2f,0x2a,0x20,0x40,0x6f,0x66,0x66,0x73,
    0x65,0x74,0x28,0x31,0x34,0x34,0x29,0x20,0x2a,0x2f,0x0a,0x20,0x20,0x6c,0x69,0x67,
    0x68,0x74,0x32,0x44,0x69,0x66,0x66,0x75,0x73,0x65,0x20,0x3a,0x20,0x76,0x65,0x63,
    0x34,0x66,0x2c,0x0a,0x20,0x20,0x2f,0x2a,0x20,0x40,0x6f,0x66,0x66,0x73,0x65,0x74,
    0x28,0x31,0x36,0x30,0x29,0x20,0x2a,0x2f,0x0a,0x20,0x20,0x6c,0x69,0x67,0x68,0x74,
    0x32,0x53,0x70,0x65,0x63,0x75,0x6c,0x61,0x72,0x20,0x3a,0x20,0x76,0x65,0x63,0x34,
    0x66,0x2c,0x0a,0x20,0x20,0x2f,0x2a,0x20,0x40,0x6f,0x66,0x66,0x73,0x65,0x74,0x28,
    0x31,0x37,0x36,0x29,0x20,0x2a,0x2f,0x0a,0x20,0x20,0x73,0x70,0x65,0x63,0x75,0x6c,
    0x61,0x72,0x43,0x6f,0x6c,0x6f,0x72,0x41,0x6e,0x64,0x50,0x6f,0x77,0x65,0x72,0x20,
    0x3a,0x20,0x76,0x65,0x63,0x34,0x66,0x2c,0x0a,0x20,0x20,0x2f,0x2a,0x20,0x40,0x6f,
    0x66,0x66,0x73,0x65,0x74,0x28,0x31,0x39,0x32,0x29,0x20,0x2a,0x2f,0x0a,0x20,0x20,
    0x65,0x79,0x65,0x50,0x6f,0x73,0x69,0x74,0x69,0x6f,0x6e,0x20,0x3a,0x20,0x76,0x65,
    0x63,0x34,0x66,0x2c,0x0a,0x20,0x20,0x2f,0x2a,0x20,0x40,0x6f,0x66,0x66,0x73,0x65,
    0x74,0x28,0x32,0x30,0x38,0x29,0x20,0x2a,0x2f,0x0a,0x20,0x20,0x65,0x6d,0x69,0x73,
    0x73,0x69,0x76,0x65,0x43,0x6f,0x6c,0x6f,0x72,0x20,0x3a,0x20,0x76,0x65,0x63,0x34,
    0x66,0x2c,0x0a,0x20,0x20,0x2f,0x2a,0x20,0x40,0x6f,0x66,0x66,0x73,0x65,0x74,0x28,
    0x32,0x32,0x34,0x29,0x20,0x2a,0x2f,0x0a,0x20,0x20,0x66,0x6f,0x67,0x43,0x6f,0x6c,
    0x6f,0x72,0x20,0x3a,0x20,0x76,0x65,0x63,0x34,0x66,0x2c,0x0a,0x20,0x20,0x2f,0x2a,
    0x20,0x40,0x6f,0x66,0x66,0x73,0x65,0x74,0x28,0x32,0x34,0x30,0x29,0x20,0x2a,0x2f,
    0x0a,0x20,0x20,0x72,0x74,0x46,0x6c,0x69,0x70,0x56,0x20,0x3a,0x20,0x76,0x65,0x63,
    0x34,0x66,0x2c,0x0a,0x7d,0x0a,0x0a,0x76,0x61,0x72,0x3c,0x70,0x72,0x69,0x76,0x61,
    0x74,0x65,0x3e,0x20,0x77,0x6f,0x72,0x6c,0x64,0x4e,0x6f,0x72,0x6d,0x61,0x6c,0x20,
    0x3a,0x20,0x76,0x65,0x63,0x33,0x66,0x3b,0x0a,0x0a,0x40,0x62,0x69,0x6e,0x64,0x69,
    0x6e,0x67,0x28,0x31,0x29,0x20,0x40,0x67,0x72,0x6f,0x75,0x70,0x28,0x30,0x29,0x20,
    0x76,0x61,0x72,0x3c,0x75,0x6e,0x69,0x66,0x6f,0x72,0x6d,0x3e,0x20,0x78,0x5f,0x31,
    0x38,0x20,0x3a,0x20,0x73,0x6b,0x69,0x6e,0x6e,0x65,0x64,0x33,0x64,0x5f,0x66,0x73,
    0x5f,0x70,0x61,0x72,0x61,0x6d,0x73,0x3b,0x0a,0x0a,0x76,0x61,0x72,0x3c,0x70,0x72,
    0x69,0x76,0x61,0x74,0x65,0x3e,0x20,0x77,0x6f,0x72,0x6c,0x64,0x50,0x6f,0x73,0x20,
    0x3a,0x20,0x76,0x65,0x63,0x33,0x66,0x3b,0x0a,0x0a,0x76,0x61,0x72,0x3c,0x70,0x72,
    0x69,0x76,0x61,0x74,0x65,0x3e,0x20,0x74,0x69,0x6e,0x74,0x20,0x3a,0x20,0x76,0x65,
    0x63,0x34,0x66,0x3b,0x0a,0x0a,0x76,0x61,0x72,0x3c,0x70,0x72,0x69,0x76,0x61,0x74,
    0x65,0x3e,0x20,0x75,0x76,0x20,0x3a,0x20,0x76,0x65,0x63,0x32,0x66,0x3b,0x0a,0x0a,
    0x40,0x62,0x69,0x6e,0x64,0x69,0x6e,0x67,0x28,0x30,0x29,0x20,0x40,0x67,0x72,0x6f,
    0x75,0x70,0x28,0x31,0x29,0x20,0x76,0x61,0x72,0x20,0x74,0x65,0x78,0x20,0x3a,0x20,
    0x74,0x65,0x78,0x74,0x75,0x72,0x65,0x5f,0x32,0x64,0x3c,0x66,0x33,0x32,0x3e,0x3b,
    0x0a,0x0a,0x40,0x62,0x69,0x6e,0x64,0x69,0x6e,0x67,0x28,0x33,0x32,0x29,0x20,0x40,
    0x67,0x72,0x6f,0x75,0x70,0x28,0x31,0x29,0x20,0x76,0x61,0x72,0x20,0x73,0x6d,0x70,
    0x20,0x3a,0x20,0x73,0x61,0x6d,0x70,0x6c,0x65,0x72,0x3b,0x0a,0x0a,0x76,0x61,0x72,
    0x3c,0x70,0x72,0x69,0x76,0x61,0x74,0x65,0x3e,0x20,0x61,0x6c,0x70,0x68,0x61,0x54,
    0x65,0x73,0x74,0x4f,0x75,0x74,0x20,0x3a,0x20,0x76,0x65,0x63,0x34,0x66,0x3b,0x0a,
    0x0a,0x76,0x61,0x72,0x3c,0x70,0x72,0x69,0x76,0x61,0x74,0x65,0x3e,0x20,0x66,0x6f,
    0x67,0x46,0x61,0x63,0x74,0x6f,0x72,0x20,0x3a,0x20,0x66,0x33,0x32,0x3b,0x0a,0x0a,
    0x76,0x61,0x72,0x3c,0x70,0x72,0x69,0x76,0x61,0x74,0x65,0x3e,0x20,0x66,0x72,0x61,
    0x67,0x5f,0x63,0x6f,0x6c,0x6f,0x72,0x20,0x3a,0x20,0x76,0x65,0x63,0x34,0x66,0x3b,
    0x0a,0x0a,0x66,0x6e,0x20,0x6d,0x61,0x69,0x6e,0x5f,0x31,0x28,0x29,0x20,0x7b,0x0a,
    0x20,0x20,0x76,0x61,0x72,0x20,0x63,0x20,0x3a,0x20,0x76,0x65,0x63,0x34,0x66,0x3b,
    0x0a,0x20,0x20,0x76,0x61,0x72,0x20,0x78,0x5f,0x32,0x36,0x34,0x20,0x3a,0x20,0x66,
    0x33,0x32,0x3b,0x0a,0x20,0x20,0x76,0x61,0x72,0x20,0x78,0x5f,0x32,0x37,0x36,0x20,
    0x3a,0x20,0x66,0x33,0x32,0x3b,0x0a,0x20,0x20,0x76,0x61,0x72,0x20,0x78,0x5f,0x32,
    0x39,0x31,0x20,0x3a,0x20,0x66,0x33,0x32,0x3b,0x0a,0x20,0x20,0x76,0x61,0x72,0x20,
    0x78,0x5f,0x32,0x36,0x31,0x20,0x3a,0x20,0x66,0x33,0x32,0x3b,0x0a,0x20,0x20,0x6c,
    0x65,0x74,0x20,0x78,0x5f,0x31,0x33,0x20,0x3d,0x20,0x6e,0x6f,0x72,0x6d,0x61,0x6c,
    0x69,0x7a,0x65,0x28,0x77,0x6f,0x72,0x6c,0x64,0x4e,0x6f,0x72,0x6d,0x61,0x6c,0x29,
    0x3b,0x0a,0x20,0x20,0x6c,0x65,0x74,0x20,0x78,0x5f,0x32,0x38,0x20,0x3d,0x20,0x6e,
    0x6f,0x72,0x6d,0x61,0x6c,0x69,0x7a,0x65,0x28,0x28,0x78,0x5f,0x31,0x38,0x2e,0x65,
    0x79,0x65,0x50,0x6f,0x73,0x69,0x74,0x69,0x6f,0x6e,0x2e,0x78,0x79,0x7a,0x20,0x2d,
    0x20,0x77,0x6f,0x72,0x6c,0x64,0x50,0x6f,0x73,0x29,0x29,0x3b,0x0a,0x20,0x20,0x6c,
    0x65,0x74,0x20,0x78,0x5f,0x33,0x35,0x20,0x3d,0x20,0x78,0x5f,0x31,0x38,0x2e,0x6c,
    0x69,0x67,0x68,0x74,0x30,0x44,0x69,0x72,0x2e,0x78,0x79,0x7a,0x3b,0x0a,0x20,0x20,
    0x6c,0x65,0x74,0x20,0x78,0x5f,0x33,0x37,0x20,0x3d,0x20,0x64,0x6f,0x74,0x28,0x78,
    0x5f,0x31,0x33,0x2c,0x20,0x2d,0x28,0x78,0x5f,0x33,0x35,0x29,0x29,0x3b,0x0a,0x20,
    0x20,0x6c,0x65,0x74,0x20,0x78,0x5f,0x35,0x30,0x20,0x3d,0x20,0x78,0x5f,0x31,0x38,
    0x2e,0x6c,0x69,0x67,0x68,0x74,0x31,0x44,0x69,0x72,0x2e,0x78,0x79,0x7a,0x3b,0x0a,
    0x20,0x20,0x6c,0x65,0x74,0x20,0x78,0x5f,0x35,0x32,0x20,0x3d,0x20,0x64,0x6f,0x74,
    0x28,0x78,0x5f,0x31,0x33,0x2c,0x20,0x2d,0x28,0x78,0x5f,0x35,0x30,0x29,0x29,0x3b,
    0x0a,0x20,0x20,0x6c,0x65,0x74,0x20,0x78,0x5f,0x36,0x34,0x20,0x3d,0x20,0x78,0x5f,
    0x31,0x38,0x2e,0x6c,0x69,0x67,0x68,0x74,0x32,0x44,0x69,0x72,0x2e,0x78,0x79,0x7a,
    0x3b,0x0a,0x20,0x20,0x6c,0x65,0x74,0x20,0x78,0x5f,0x36,0x36,0x20,0x3d,0x20,0x64,
    0x6f,0x74,0x28,0x78,0x5f,0x31,0x33,0x2c,0x20,0x2d,0x28,0x78,0x5f,0x36,0x34,0x29,
    0x29,0x3b,0x0a,0x20,0x20,0x6c,0x65,0x74,0x20,0x78,0x5f,0x31,0x31,0x35,0x20,0x3d,
    0x20,0x28,0x28,0x28,0x28,0x28,0x28,0x78,0x5f,0x31,0x38,0x2e,0x61,0x6d,0x62,0x69,
    0x65,0x6e,0x74,0x2e,0x78,0x79,0x7a,0x20,0x2b,0x20,0x28,0x78,0x5f,0x31,0x38,0x2e,
    0x6c,0x69,0x67,0x68,0x74,0x30,0x44,0x69,0x66,0x66,0x75,0x73,0x65,0x2e,0x78,0x79,
    0x7a,0x20,0x2a,0x20,0x6d,0x61,0x78,0x28,0x78,0x5f,0x33,0x37,0x2c,0x20,0x30,0x2e,
    0x30,0x66,0x29,0x29,0x29,0x20,0x2b,0x20,0x28,0x78,0x5f,0x31,0x38,0x2e,0x6c,0x69,
    0x67,0x68,0x74,0x31,0x44,0x69,0x66,0x66,0x75,0x73,0x65,0x2e,0x78,0x79,0x7a,0x20,
    0x2a,0x20,0x6d,0x61,0x78,0x28,0x78,0x5f,0x35,0x32,0x2c,0x20,0x30,0x2e,0x30,0x66,
    0x29,0x29,0x29,0x20,0x2b,0x20,0x28,0x78,0x5f,0x31,0x38,0x2e,0x6c,0x69,0x67,0x68,
    0x74,0x32,0x44,0x69,0x66,0x66,0x75,0x73,0x65,0x2e,0x78,0x79,0x7a,0x20,0x2a,0x20,
    0x6d,0x61,0x78,0x28,0x78,0x5f,0x36,0x36,0x2c,0x20,0x30,0x2e,0x30,0x66,0x29,0x29,
    0x29,0x20,0x2a,0x20,0x78,0x5f,0x31,0x38,0x2e,0x64,0x69,0x66,0x66,0x75,0x73,0x65,
    0x2e,0x78,0x79,0x7a,0x29,0x20,0x2a,0x20,0x74,0x69,0x6e,0x74,0x2e,0x78,0x79,0x7a,
    0x29,0x20,0x2b,0x20,0x78,0x5f,0x31,0x38,0x2e,0x65,0x6d,0x69,0x73,0x73,0x69,0x76,
    0x65,0x43,0x6f,0x6c,0x6f,0x72,0x2e,0x78,0x79,0x7a,0x29,0x3b,0x0a,0x20,0x20,0x6c,
    0x65,0x74,0x20,0x78,0x5f,0x31,0x32,0x32,0x20,0x3d,0x20,0x78,0x5f,0x31,0x38,0x2e,
    0x73,0x70,0x65,0x63,0x75,0x6c,0x61,0x72,0x43,0x6f,0x6c,0x6f,0x72,0x41,0x6e,0x64,
    0x50,0x6f,0x77,0x65,0x72,0x2e,0x77,0x3b,0x0a,0x20,0x20,0x6c,0x65,0x74,0x20,0x78,
    0x5f,0x31,0x37,0x35,0x20,0x3d,0x20,0x78,0x5f,0x31,0x38,0x2e,0x6c,0x69,0x67,0x68,
    0x74,0x30,0x53,0x70,0x65,0x63,0x75,0x6c,0x61,0x72,0x3b,0x0a,0x20,0x20,0x6c,0x65,
    0x74,0x20,0x78,0x5f,0x31,0x38,0x31,0x20,0x3d,0x20,0x78,0x5f,0x31,0x38,0x2e,0x6c,
    0x69,0x67,0x68,0x74,0x31,0x53,0x70,0x65,0x63,0x75,0x6c,0x61,0x72,0x3b,0x0a,0x20,
    0x20,0x6c,0x65,0x74,0x20,0x78,0x5f,0x31,0x38,0x38,0x20,0x3d,0x20,0x78,0x5f,0x31,
    0x38,0x2e,0x6c,0x69,0x67,0x68,0x74,0x32,0x53,0x70,0x65,0x63,0x75,0x6c,0x61,0x72,
    0x3b,0x0a,0x20,0x20,0x6c,0x65,0x74,0x20,0x78,0x5f,0x31,0x39,0x33,0x20,0x3d,0x20,
    0x78,0x5f,0x31,0x38,0x2e,0x73,0x70,0x65,0x63,0x75,0x6c,0x61,0x72,0x43,0x6f,0x6c,
    0x6f,0x72,0x41,0x6e,0x64,0x50,0x6f,0x77,0x65,0x72,0x3b,0x0a,0x20,0x20,0x6c,0x65,
    0x74,0x20,0x78,0x5f,0x32,0x30,0x34,0x20,0x3d,0x20,0x75,0x76,0x2e,0x78,0x3b,0x0a,
    0x20,0x20,0x6c,0x65,0x74,0x20,0x78,0x5f,0x32,0x30,0x37,0x20,0x3d,0x20,0x75,0x76,
    0x2e,0x79,0x3b,0x0a,0x20,0x20,0x6c,0x65,0x74,0x20,0x78,0x5f,0x32,0x31,0x34,0x20,
    0x3d,0x20,0x78,0x5f,0x31,0x38,0x2e,0x72,0x74,0x46,0x6c,0x69,0x70,0x56,0x2e,0x78,
    0x3b,0x0a,0x20,0x20,0x6c,0x65,0x74,0x20,0x78,0x5f,0x32,0x33,0x30,0x20,0x3d,0x20,
    0x74,0x65,0x78,0x74,0x75,0x72,0x65,0x53,0x61,0x6d,0x70,0x6c,0x65,0x28,0x74,0x65,
    0x78,0x2c,0x20,0x73,0x6d,0x70,0x2c,0x20,0x76,0x65,0x63,0x32,0x66,0x28,0x78,0x5f,
    0x32,0x30,0x34,0x2c,0x20,0x6d,0x69,0x78,0x28,0x78,0x5f,0x32,0x30,0x37,0x2c,0x20,
    0x28,0x31,0x2e,0x30,0x66,0x20,0x2d,0x20,0x78,0x5f,0x32,0x30,0x37,0x29,0x2c,0x20,
    0x78,0x5f,0x32,0x31,0x34,0x29,0x29,0x29,0x3b,0x0a,0x20,0x20,0x6c,0x65,0x74,0x20,
    0x78,0x5f,0x32,0x34,0x33,0x20,0x3d,0x20,0x28,0x78,0x5f,0x32,0x33,0x30,0x20,0x2a,
    0x20,0x76,0x65,0x63,0x34,0x66,0x28,0x78,0x5f,0x31,0x31,0x35,0x2e,0x78,0x2c,0x20,
    0x78,0x5f,0x31,0x31,0x35,0x2e,0x79,0x2c,0x20,0x78,0x5f,0x31,0x31,0x35,0x2e,0x7a,
    0x2c,0x20,0x28,0x78,0x5f,0x31,0x38,0x2e,0x64,0x69,0x66,0x66,0x75,0x73,0x65,0x2e,
    0x77,0x20,0x2a,0x20,0x74,0x69,0x6e,0x74,0x2e,0x77,0x29,0x29,0x29,0x3b,0x0a,0x20,
    0x20,0x6c,0x65,0x74,0x20,0x78,0x5f,0x32,0x35,0x30,0x20,0x3d,0x20,0x28,0x78,0x5f,
    0x32,0x34,0x33,0x2e,0x78,0x79,0x7a,0x20,0x2b,0x20,0x28,0x28,0x28,0x28,0x28,0x78,
    0x5f,0x31,0x37,0x35,0x2e,0x78,0x79,0x7a,0x20,0x2a,0x20,0x70,0x6f,0x77,0x28,0x28,
    0x6d,0x61,0x78,0x28,0x64,0x6f,0x74,0x28,0x6e,0x6f,0x72,0x6d,0x61,0x6c,0x69,0x7a,
    0x65,0x28,0x28,0x78,0x5f,0x32,0x38,0x20,0x2d,0x20,0x78,0x5f,0x33,0x35,0x29,0x29,
    0x2c,0x20,0x78,0x5f,0x31,0x33,0x29,0x2c,0x20,0x30,0x2e,0x30,0x66,0x29,0x20,0x2a,
    0x20,0x73,0x74,0x65,0x70,0x28,0x30,0x2e,0x30,0x66,0x2c,0x20,0x78,0x5f,0x33,0x37,
    0x29,0x29,0x2c,0x20,0x78,0x5f,0x31,0x32,0x32,0x29,0x29,0x20,0x2b,0x20,0x28,0x78,
    0x5f,0x31,0x38,0x31,0x2e,0x78,0x79,0x7a,0x20,0x2a,0x20,0x70,0x6f,0x77,0x28,0x28,
    0x6d,0x61,0x78,0x28,0x64,0x6f,0x74,0x28,0x6e,0x6f,0x72,0x6d,0x61,0x6c,0x69,0x7a,
    0x65,0x28,0x28,0x78,0x5f,0x32,0x38,0x20,0x2d,0x20,0x78,0x5f,0x35,0x30,0x29,0x29,
    0x2c,0x20,0x78,0x5f,0x31,0x33,0x29,0x2c,0x20,0x30,0x2e,0x30,0x66,0x29,0x20,0x2a,
    0x20,0x73,0x74,0x65,0x70,0x28,0x30,0x2e,0x30,0x66,0x2c,0x20,0x78,0x5f,0x35,0x32,
    0x29,0x29,0x2c,0x20,0x78,0x5f,0x31,0x32,0x32,0x29,0x29,0x29,0x20,0x2b,0x20,0x28,
    0x78,0x5f,0x31,0x38,0x38,0x2e,0x78,0x79,0x7a,0x20,0x2a,0x20,0x70,0x6f,0x77,0x28,
    0x28,0x6d,0x61,0x78,0x28,0x64,0x6f,0x74,0x28,0x6e,0x6f,0x72,0x6d,0x61,0x6c,0x69,
    0x7a,0x65,0x28,0x28,0x78,0x5f,0x32,0x38,0x20,0x2d,0x20,0x78,0x5f,0x36,0x34,0x29,
    0x29,0x2c,0x20,0x78,0x5f,0x31,0x33,0x29,0x2c,0x20,0x30,0x2e,0x30,0x66,0x29,0x20,
    0x2a,0x20,0x73,0x74,0x65,0x70,0x28,0x30,0x2e,0x30,0x66,0x2c,0x20,0x78,0x5f,0x36,
    0x36,0x29,0x29,0x2c,0x20,0x78,0x5f,0x31,0x32,0x32,0x29,0x29,0x29,0x20,0x2a,0x20,
    0x78,0x5f,0x31,0x39,0x33,0x2e,0x78,0x79,0x7a,0x29,0x20,0x2a,0x20,0x78,0x5f,0x32,
    0x34,0x33,0x2e,0x77,0x29,0x29,0x3b,0x0a,0x20,0x20,0x76,0x61,0x72,0x20,0x78,0x5f,
    0x33,0x32,0x37,0x5f,0x31,0x20,0x3d,0x20,0x78,0x5f,0x32,0x34,0x33,0x3b,0x0a,0x20,
    0x20,0x78,0x5f,0x33,0x32,0x37,0x5f,0x31,0x2e,0x78,0x20,0x3d,0x20,0x78,0x5f,0x32,
    0x35,0x30,0x2e,0x78,0x3b,0x0a,0x20,0x20,0x6c,0x65,0x74,0x20,0x78,0x5f,0x33,0x32,
    0x37,0x20,0x3d,0x20,0x78,0x5f,0x33,0x32,0x37,0x5f,0x31,0x3b,0x0a,0x20,0x20,0x76,
    0x61,0x72,0x20,0x78,0x5f,0x33,0x32,0x39,0x5f,0x31,0x20,0x3d,0x20,0x78,0x5f,0x33,
    0x32,0x37,0x3b,0x0a,0x20,0x20,0x78,0x5f,0x33,0x32,0x39,0x5f,0x31,0x2e,0x79,0x20,
    0x3d,0x20,0x78,0x5f,0x32,0x35,0x30,0x2e,0x79,0x3b,0x0a,0x20,0x20,0x6c,0x65,0x74,
    0x20,0x78,0x5f,0x33,0x32,0x39,0x20,0x3d,0x20,0x78,0x5f,0x33,0x32,0x39,0x5f,0x31,
    0x3b,0x0a,0x20,0x20,0x76,0x61,0x72,0x20,0x78,0x5f,0x33,0x33,0x31,0x5f,0x31,0x20,
    0x3d,0x20,0x78,0x5f,0x33,0x32,0x39,0x3b,0x0a,0x20,0x20,0x78,0x5f,0x33,0x33,0x31,
    0x5f,0x31,0x2e,0x7a,0x20,0x3d,0x20,0x78,0x5f,0x32,0x35,0x30,0x2e,0x7a,0x3b,0x0a,
    0x20,0x20,0x63,0x20,0x3d,0x20,0x78,0x5f,0x33,0x33,0x31,0x5f,0x31,0x3b,0x0a,0x20,
    0x20,0x78,0x5f,0x32,0x36,0x31,0x20,0x3d,0x20,0x61,0x6c,0x70,0x68,0x61,0x54,0x65,
    0x73,0x74,0x4f,0x75,0x74,0x2e,0x79,0x3b,0x0a,0x20,0x20,0x69,0x66,0x20,0x28,0x28,
    0x78,0x5f,0x32,0x36,0x31,0x20,0x3e,0x20,0x30,0x2e,0x30,0x66,0x29,0x29,0x20,0x7b,
    0x0a,0x20,0x20,0x20,0x20,0x69,0x66,0x20,0x28,0x28,0x61,0x62,0x73,0x28,0x28,0x63,
    0x2e,0x77,0x20,0x2d,0x20,0x61,0x6c,0x70,0x68,0x61,0x54,0x65,0x73,0x74,0x4f,0x75,
    0x74,0x2e,0x78,0x29,0x29,0x20,0x3c,0x20,0x78,0x5f,0x32,0x36,0x31,0x29,0x29,0x20,
    0x7b,0x0a,0x20,0x20,0x20,0x20,0x20,0x20,0x78,0x5f,0x32,0x37,0x36,0x20,0x3d,0x20,
    0x61,0x6c,0x70,0x68,0x61,0x54,0x65,0x73,0x74,0x4f,0x75,0x74,0x2e,0x7a,0x3b,0x0a,
    0x20,0x20,0x20,0x20,0x7d,0x20,0x65,0x6c,0x73,0x65,0x20,0x7b,0x0a,0x20,0x20,0x20,
    0x20,0x20,0x20,0x78,0x5f,0x32,0x37,0x36,0x20,0x3d,0x20,0x61,0x6c,0x70,0x68,0x61,
    0x54,0x65,0x73,0x74,0x4f,0x75,0x74,0x2e,0x77,0x3b,0x0a,0x20,0x20,0x20,0x20,0x7d,
    0x0a,0x20,0x20,0x20,0x20,0x78,0x5f,0x32,0x36,0x34,0x20,0x3d,0x20,0x78,0x5f,0x32,
    0x37,0x36,0x3b,0x0a,0x20,0x20,0x7d,0x20,0x65,0x6c,0x73,0x65,0x20,0x7b,0x0a,0x20,
    0x20,0x20,0x20,0x69,0x66,0x20,0x28,0x28,0x63,0x2e,0x77,0x20,0x3c,0x20,0x61,0x6c,
    0x70,0x68,0x61,0x54,0x65,0x73,0x74,0x4f,0x75,0x74,0x2e,0x78,0x29,0x29,0x20,0x7b,
    0x0a,0x20,0x20,0x20,0x20,0x20,0x20,0x78,0x5f,0x32,0x39,0x31,0x20,0x3d,0x20,0x61,
    0x6c,0x70,0x68,0x61,0x54,0x65,0x73,0x74,0x4f,0x75,0x74,0x2e,0x7a,0x3b,0x0a,0x20,
    0x20,0x20,0x20,0x7d,0x20,0x65,0x6c,0x73,0x65,0x20,0x7b,0x0a,0x20,0x20,0x20,0x20,
    0x20,0x20,0x78,0x5f,0x32,0x39,0x31,0x20,0x3d,0x20,0x61,0x6c,0x70,0x68,0x61,0x54,
    0x65,0x73,0x74,0x4f,0x75,0x74,0x2e,0x77,0x3b,0x0a,0x20,0x20,0x20,0x20,0x7d,0x0a,
    0x20,0x20,0x20,0x20,0x78,0x5f,0x32,0x36,0x34,0x20,0x3d,0x20,0x78,0x5f,0x32,0x39,
    0x31,0x3b,0x0a,0x20,0x20,0x7d,0x0a,0x20,0x20,0x69,0x66,0x20,0x28,0x28,0x78,0x5f,
    0x32,0x36,0x34,0x20,0x3c,0x20,0x30,0x2e,0x30,0x66,0x29,0x29,0x20,0x7b,0x0a,0x20,
    0x20,0x20,0x20,0x64,0x69,0x73,0x63,0x61,0x72,0x64,0x3b,0x0a,0x20,0x20,0x7d,0x0a,
    0x20,0x20,0x6c,0x65,0x74,0x20,0x78,0x5f,0x33,0x31,0x30,0x20,0x3d,0x20,0x63,0x3b,
    0x0a,0x20,0x20,0x6c,0x65,0x74,0x20,0x78,0x5f,0x33,0x31,0x35,0x20,0x3d,0x20,0x6d,
    0x69,0x78,0x28,0x78,0x5f,0x31,0x38,0x2e,0x66,0x6f,0x67,0x43,0x6f,0x6c,0x6f,0x72,
    0x2e,0x78,0x79,0x7a,0x2c,0x20,0x63,0x2e,0x78,0x79,0x7a,0x2c,0x20,0x76,0x65,0x63,
    0x33,0x66,0x28,0x66,0x6f,0x67,0x46,0x61,0x63,0x74,0x6f,0x72,0x29,0x29,0x3b,0x0a,
    0x20,0x20,0x76,0x61,0x72,0x20,0x78,0x5f,0x33,0x33,0x35,0x5f,0x31,0x20,0x3d,0x20,
    0x78,0x5f,0x33,0x31,0x30,0x3b,0x0a,0x20,0x20,0x78,0x5f,0x33,0x33,0x35,0x5f,0x31,
    0x2e,0x78,0x20,0x3d,0x20,0x78,0x5f,0x33,0x31,0x35,0x2e,0x78,0x3b,0x0a,0x20,0x20,
    0x6c,0x65,0x74,0x20,0x78,0x5f,0x33,0x33,0x35,0x20,0x3d,0x20,0x78,0x5f,0x33,0x33,
    0x35,0x5f,0x31,0x3b,0x0a,0x20,0x20,0x76,0x61,0x72,0x20,0x78,0x5f,0x33,0x33,0x37,
    0x5f,0x31,0x20,0x3d,0x20,0x78,0x5f,0x33,0x33,0x35,0x3b,0x0a,0x20,0x20,0x78,0x5f,
    0x33,0x33,0x37,0x5f,0x31,0x2e,0x79,0x20,0x3d,0x20,0x78,0x5f,0x33,0x31,0x35,0x2e,
    0x79,0x3b,0x0a,0x20,0x20,0x6c,0x65,0x74,0x20,0x78,0x5f,0x33,0x33,0x37,0x20,0x3d,
    0x20,0x78,0x5f,0x33,0x33,0x37,0x5f,0x31,0x3b,0x0a,0x20,0x20,0x76,0x61,0x72,0x20,
    0x78,0x5f,0x33,0x33,0x39,0x5f,0x31,0x20,0x3d,0x20,0x78,0x5f,0x33,0x33,0x37,0x3b,
    0x0a,0x20,0x20,0x78,0x5f,0x33,0x33,0x39,0x5f,0x31,0x2e,0x7a,0x20,0x3d,0x20,0x78,
    0x5f,0x33,0x31,0x35,0x2e,0x7a,0x3b,0x0a,0x20,0x20,0x6c,0x65,0x74,0x20,0x78,0x5f,
    0x33,0x33,0x39,0x20,0x3d,0x20,0x78,0x5f,0x33,0x33,0x39,0x5f,0x31,0x3b,0x0a,0x20,
    0x20,0x63,0x20,0x3d,0x20,0x78,0x5f,0x33,0x33,0x39,0x5f,0x31,0x3b,0x0a,0x20,0x20,
    0x66,0x72,0x61,0x67,0x5f,0x63,0x6f,0x6c,0x6f,0x72,0x20,0x3d,0x20,0x78,0x5f,0x33,
    0x33,0x39,0x3b,0x0a,0x20,0x20,0x72,0x65,0x74,0x75,0x72,0x6e,0x3b,0x0a,0x7d,0x0a,
    0x0a,0x73,0x74,0x72,0x75,0x63,0x74,0x20,0x6d,0x61,0x69,0x6e,0x5f,0x6f,0x75,0x74,
    0x20,0x7b,0x0a,0x20,0x20,0x40,0x6c,0x6f,0x63,0x61,0x74,0x69,0x6f,0x6e,0x28,0x30,
    0x29,0x0a,0x20,0x20,0x66,0x72,0x61,0x67,0x5f,0x63,0x6f,0x6c,0x6f,0x72,0x5f,0x31,
    0x20,0x3a,0x20,0x76,0x65,0x63,0x34,0x66,0x2c,0x0a,0x7d,0x0a,0x0a,0x40,0x66,0x72,
    0x61,0x67,0x6d,0x65,0x6e,0x74,0x0a,0x66,0x6e,0x20,0x6d,0x61,0x69,0x6e,0x28,0x40,
    0x6c,0x6f,0x63,0x61,0x74,0x69,0x6f,0x6e,0x28,0x30,0x29,0x20,0x77,0x6f,0x72,0x6c,
    0x64,0x4e,0x6f,0x72,0x6d,0x61,0x6c,0x5f,0x70,0x61,0x72,0x61,0x6d,0x20,0x3a,0x20,
    0x76,0x65,0x63,0x33,0x66,0x2c,0x20,0x40,0x6c,0x6f,0x63,0x61,0x74,0x69,0x6f,0x6e,
    0x28,0x31,0x29,0x20,0x77,0x6f,0x72,0x6c,0x64,0x50,0x6f,0x73,0x5f,0x70,0x61,0x72,
    0x61,0x6d,0x20,0x3a,0x20,0x76,0x65,0x63,0x33,0x66,0x2c,0x20,0x40,0x6c,0x6f,0x63,
    0x61,0x74,0x69,0x6f,0x6e,0x28,0x33,0x29,0x20,0x74,0x69,0x6e,0x74,0x5f,0x70,0x61,
    0x72,0x61,0x6d,0x20,0x3a,0x20,0x76,0x65,0x63,0x34,0x66,0x2c,0x20,0x40,0x6c,0x6f,
    0x63,0x61,0x74,0x69,0x6f,0x6e,0x28,0x32,0x29,0x20,0x75,0x76,0x5f,0x70,0x61,0x72,
    0x61,0x6d,0x20,0x3a,0x20,0x76,0x65,0x63,0x32,0x66,0x2c,0x20,0x40,0x6c,0x6f,0x63,
    0x61,0x74,0x69,0x6f,0x6e,0x28,0x35,0x29,0x20,0x61,0x6c,0x70,0x68,0x61,0x54,0x65,
    0x73,0x74,0x4f,0x75,0x74,0x5f,0x70,0x61,0x72,0x61,0x6d,0x20,0x3a,0x20,0x76,0x65,
    0x63,0x34,0x66,0x2c,0x20,0x40,0x6c,0x6f,0x63,0x61,0x74,0x69,0x6f,0x6e,0x28,0x34,
    0x29,0x20,0x66,0x6f,0x67,0x46,0x61,0x63,0x74,0x6f,0x72,0x5f,0x70,0x61,0x72,0x61,
    0x6d,0x20,0x3a,0x20,0x66,0x33,0x32,0x29,0x20,0x2d,0x3e,0x20,0x6d,0x61,0x69,0x6e,
    0x5f,0x6f,0x75,0x74,0x20,0x7b,0x0a,0x20,0x20,0x77,0x6f,0x72,0x6c,0x64,0x4e,0x6f,
    0x72,0x6d,0x61,0x6c,0x20,0x3d,0x20,0x77,0x6f,0x72,0x6c,0x64,0x4e,0x6f,0x72,0x6d,
    0x61,0x6c,0x5f,0x70,0x61,0x72,0x61,0x6d,0x3b,0x0a,0x20,0x20,0x77,0x6f,0x72,0x6c,
    0x64,0x50,0x6f,0x73,0x20,0x3d,0x20,0x77,0x6f,0x72,0x6c,0x64,0x50,0x6f,0x73,0x5f,
    0x70,0x61,0x72,0x61,0x6d,0x3b,0x0a,0x20,0x20,0x74,0x69,0x6e,0x74,0x20,0x3d,0x20,
    0x74,0x69,0x6e,0x74,0x5f,0x70,0x61,0x72,0x61,0x6d,0x3b,0x0a,0x20,0x20,0x75,0x76,
    0x20,0x3d,0x20,0x75,0x76,0x5f,0x70,0x61,0x72,0x61,0x6d,0x3b,0x0a,0x20,0x20,0x61,
    0x6c,0x70,0x68,0x61,0x54,0x65,0x73,0x74,0x4f,0x75,0x74,0x20,0x3d,0x20,0x61,0x6c,
    0x70,0x68,0x61,0x54,0x65,0x73,0x74,0x4f,0x75,0x74,0x5f,0x70,0x61,0x72,0x61,0x6d,
    0x3b,0x0a,0x20,0x20,0x66,0x6f,0x67,0x46,0x61,0x63,0x74,0x6f,0x72,0x20,0x3d,0x20,
    0x66,0x6f,0x67,0x46,0x61,0x63,0x74,0x6f,0x72,0x5f,0x70,0x61,0x72,0x61,0x6d,0x3b,
    0x0a,0x20,0x20,0x6d,0x61,0x69,0x6e,0x5f,0x31,0x28,0x29,0x3b,0x0a,0x20,0x20,0x72,
    0x65,0x74,0x75,0x72,0x6e,0x20,0x6d,0x61,0x69,0x6e,0x5f,0x6f,0x75,0x74,0x28,0x66,
    0x72,0x61,0x67,0x5f,0x63,0x6f,0x6c,0x6f,0x72,0x29,0x3b,0x0a,0x7d,0x0a,0x00,
};
#endif
const sg_shader_desc* cna_skinned3d_shader_desc(sg_backend renderer) {
    #if defined(SOKOL_GLCORE)
    if (renderer == SG_BACKEND_GLCORE) {
        static sg_shader_desc desc;
        static bool valid;
        if (!valid) {
            valid = true;
            desc.vertex_func.source = (const char*)cna_skinned3d_vs_source_glsl410;
            desc.vertex_func.entry = "main";
            desc.fragment_func.source = (const char*)cna_skinned3d_fs_source_glsl410;
            desc.fragment_func.entry = "main";
            desc.attrs[0].base_type = SG_SHADERATTRBASETYPE_FLOAT;
            desc.attrs[0].glsl_name = "position";
            desc.attrs[1].base_type = SG_SHADERATTRBASETYPE_FLOAT;
            desc.attrs[1].glsl_name = "normal";
            desc.attrs[2].base_type = SG_SHADERATTRBASETYPE_FLOAT;
            desc.attrs[2].glsl_name = "texcoord0";
            desc.attrs[3].base_type = SG_SHADERATTRBASETYPE_FLOAT;
            desc.attrs[3].glsl_name = "blendweight0";
            desc.attrs[4].base_type = SG_SHADERATTRBASETYPE_UINT;
            desc.attrs[4].glsl_name = "blendindices0";
            desc.attrs[5].base_type = SG_SHADERATTRBASETYPE_FLOAT;
            desc.attrs[5].glsl_name = "color0";
            desc.uniform_blocks[0].stage = SG_SHADERSTAGE_VERTEX;
            desc.uniform_blocks[0].layout = SG_UNIFORMLAYOUT_STD140;
            desc.uniform_blocks[0].size = 4848;
            desc.uniform_blocks[0].glsl_uniforms[0].type = SG_UNIFORMTYPE_FLOAT4;
            desc.uniform_blocks[0].glsl_uniforms[0].array_count = 303;
            desc.uniform_blocks[0].glsl_uniforms[0].glsl_name = "skinned3d_vs_params";
            desc.uniform_blocks[1].stage = SG_SHADERSTAGE_FRAGMENT;
            desc.uniform_blocks[1].layout = SG_UNIFORMLAYOUT_STD140;
            desc.uniform_blocks[1].size = 256;
            desc.uniform_blocks[1].glsl_uniforms[0].type = SG_UNIFORMTYPE_FLOAT4;
            desc.uniform_blocks[1].glsl_uniforms[0].array_count = 16;
            desc.uniform_blocks[1].glsl_uniforms[0].glsl_name = "skinned3d_fs_params";
            desc.views[0].texture.stage = SG_SHADERSTAGE_FRAGMENT;
            desc.views[0].texture.image_type = SG_IMAGETYPE_2D;
            desc.views[0].texture.sample_type = SG_IMAGESAMPLETYPE_FLOAT;
            desc.views[0].texture.multisampled = false;
            desc.samplers[0].stage = SG_SHADERSTAGE_FRAGMENT;
            desc.samplers[0].sampler_type = SG_SAMPLERTYPE_FILTERING;
            desc.texture_sampler_pairs[0].stage = SG_SHADERSTAGE_FRAGMENT;
            desc.texture_sampler_pairs[0].view_slot = 0;
            desc.texture_sampler_pairs[0].sampler_slot = 0;
            desc.texture_sampler_pairs[0].glsl_name = "tex_smp";
            desc.label = "cna_skinned3d_shader";
        }
        return &desc;
    }
    #endif /* SOKOL_GLCORE */
    #if defined(SOKOL_GLES3)
    if (renderer == SG_BACKEND_GLES3) {
        static sg_shader_desc desc;
        static bool valid;
        if (!valid) {
            valid = true;
            desc.vertex_func.source = (const char*)cna_skinned3d_vs_source_glsl300es;
            desc.vertex_func.entry = "main";
            desc.fragment_func.source = (const char*)cna_skinned3d_fs_source_glsl300es;
            desc.fragment_func.entry = "main";
            desc.attrs[0].base_type = SG_SHADERATTRBASETYPE_FLOAT;
            desc.attrs[0].glsl_name = "position";
            desc.attrs[1].base_type = SG_SHADERATTRBASETYPE_FLOAT;
            desc.attrs[1].glsl_name = "normal";
            desc.attrs[2].base_type = SG_SHADERATTRBASETYPE_FLOAT;
            desc.attrs[2].glsl_name = "texcoord0";
            desc.attrs[3].base_type = SG_SHADERATTRBASETYPE_FLOAT;
            desc.attrs[3].glsl_name = "blendweight0";
            desc.attrs[4].base_type = SG_SHADERATTRBASETYPE_UINT;
            desc.attrs[4].glsl_name = "blendindices0";
            desc.attrs[5].base_type = SG_SHADERATTRBASETYPE_FLOAT;
            desc.attrs[5].glsl_name = "color0";
            desc.uniform_blocks[0].stage = SG_SHADERSTAGE_VERTEX;
            desc.uniform_blocks[0].layout = SG_UNIFORMLAYOUT_STD140;
            desc.uniform_blocks[0].size = 4848;
            desc.uniform_blocks[0].glsl_uniforms[0].type = SG_UNIFORMTYPE_FLOAT4;
            desc.uniform_blocks[0].glsl_uniforms[0].array_count = 303;
            desc.uniform_blocks[0].glsl_uniforms[0].glsl_name = "skinned3d_vs_params";
            desc.uniform_blocks[1].stage = SG_SHADERSTAGE_FRAGMENT;
            desc.uniform_blocks[1].layout = SG_UNIFORMLAYOUT_STD140;
            desc.uniform_blocks[1].size = 256;
            desc.uniform_blocks[1].glsl_uniforms[0].type = SG_UNIFORMTYPE_FLOAT4;
            desc.uniform_blocks[1].glsl_uniforms[0].array_count = 16;
            desc.uniform_blocks[1].glsl_uniforms[0].glsl_name = "skinned3d_fs_params";
            desc.views[0].texture.stage = SG_SHADERSTAGE_FRAGMENT;
            desc.views[0].texture.image_type = SG_IMAGETYPE_2D;
            desc.views[0].texture.sample_type = SG_IMAGESAMPLETYPE_FLOAT;
            desc.views[0].texture.multisampled = false;
            desc.samplers[0].stage = SG_SHADERSTAGE_FRAGMENT;
            desc.samplers[0].sampler_type = SG_SAMPLERTYPE_FILTERING;
            desc.texture_sampler_pairs[0].stage = SG_SHADERSTAGE_FRAGMENT;
            desc.texture_sampler_pairs[0].view_slot = 0;
            desc.texture_sampler_pairs[0].sampler_slot = 0;
            desc.texture_sampler_pairs[0].glsl_name = "tex_smp";
            desc.label = "cna_skinned3d_shader";
        }
        return &desc;
    }
    #endif /* SOKOL_GLES3 */
    #if defined(SOKOL_D3D11)
    if (renderer == SG_BACKEND_D3D11) {
        static sg_shader_desc desc;
        static bool valid;
        if (!valid) {
            valid = true;
            desc.vertex_func.source = (const char*)cna_skinned3d_vs_source_hlsl5;
            desc.vertex_func.d3d11_target = "vs_5_0";
            desc.vertex_func.entry = "main";
            desc.fragment_func.source = (const char*)cna_skinned3d_fs_source_hlsl5;
            desc.fragment_func.d3d11_target = "ps_5_0";
            desc.fragment_func.entry = "main";
            desc.attrs[0].base_type = SG_SHADERATTRBASETYPE_FLOAT;
            desc.attrs[0].hlsl_sem_name = "TEXCOORD";
            desc.attrs[0].hlsl_sem_index = 0;
            desc.attrs[1].base_type = SG_SHADERATTRBASETYPE_FLOAT;
            desc.attrs[1].hlsl_sem_name = "TEXCOORD";
            desc.attrs[1].hlsl_sem_index = 1;
            desc.attrs[2].base_type = SG_SHADERATTRBASETYPE_FLOAT;
            desc.attrs[2].hlsl_sem_name = "TEXCOORD";
            desc.attrs[2].hlsl_sem_index = 2;
            desc.attrs[3].base_type = SG_SHADERATTRBASETYPE_FLOAT;
            desc.attrs[3].hlsl_sem_name = "TEXCOORD";
            desc.attrs[3].hlsl_sem_index = 3;
            desc.attrs[4].base_type = SG_SHADERATTRBASETYPE_UINT;
            desc.attrs[4].hlsl_sem_name = "TEXCOORD";
            desc.attrs[4].hlsl_sem_index = 4;
            desc.attrs[5].base_type = SG_SHADERATTRBASETYPE_FLOAT;
            desc.attrs[5].hlsl_sem_name = "TEXCOORD";
            desc.attrs[5].hlsl_sem_index = 5;
            desc.uniform_blocks[0].stage = SG_SHADERSTAGE_VERTEX;
            desc.uniform_blocks[0].layout = SG_UNIFORMLAYOUT_STD140;
            desc.uniform_blocks[0].size = 4848;
            desc.uniform_blocks[0].hlsl_register_b_n = 0;
            desc.uniform_blocks[1].stage = SG_SHADERSTAGE_FRAGMENT;
            desc.uniform_blocks[1].layout = SG_UNIFORMLAYOUT_STD140;
            desc.uniform_blocks[1].size = 256;
            desc.uniform_blocks[1].hlsl_register_b_n = 1;
            desc.views[0].texture.stage = SG_SHADERSTAGE_FRAGMENT;
            desc.views[0].texture.image_type = SG_IMAGETYPE_2D;
            desc.views[0].texture.sample_type = SG_IMAGESAMPLETYPE_FLOAT;
            desc.views[0].texture.multisampled = false;
            desc.views[0].texture.hlsl_register_t_n = 0;
            desc.samplers[0].stage = SG_SHADERSTAGE_FRAGMENT;
            desc.samplers[0].sampler_type = SG_SAMPLERTYPE_FILTERING;
            desc.samplers[0].hlsl_register_s_n = 0;
            desc.texture_sampler_pairs[0].stage = SG_SHADERSTAGE_FRAGMENT;
            desc.texture_sampler_pairs[0].view_slot = 0;
            desc.texture_sampler_pairs[0].sampler_slot = 0;
            desc.label = "cna_skinned3d_shader";
        }
        return &desc;
    }
    #endif /* SOKOL_D3D11 */
    #if defined(SOKOL_METAL)
    if (renderer == SG_BACKEND_METAL_MACOS) {
        static sg_shader_desc desc;
        static bool valid;
        if (!valid) {
            valid = true;
            desc.vertex_func.source = (const char*)cna_skinned3d_vs_source_metal_macos;
            desc.vertex_func.entry = "main0";
            desc.fragment_func.source = (const char*)cna_skinned3d_fs_source_metal_macos;
            desc.fragment_func.entry = "main0";
            desc.attrs[0].base_type = SG_SHADERATTRBASETYPE_FLOAT;
            desc.attrs[1].base_type = SG_SHADERATTRBASETYPE_FLOAT;
            desc.attrs[2].base_type = SG_SHADERATTRBASETYPE_FLOAT;
            desc.attrs[3].base_type = SG_SHADERATTRBASETYPE_FLOAT;
            desc.attrs[4].base_type = SG_SHADERATTRBASETYPE_UINT;
            desc.attrs[5].base_type = SG_SHADERATTRBASETYPE_FLOAT;
            desc.uniform_blocks[0].stage = SG_SHADERSTAGE_VERTEX;
            desc.uniform_blocks[0].layout = SG_UNIFORMLAYOUT_STD140;
            desc.uniform_blocks[0].size = 4848;
            desc.uniform_blocks[0].msl_buffer_n = 0;
            desc.uniform_blocks[1].stage = SG_SHADERSTAGE_FRAGMENT;
            desc.uniform_blocks[1].layout = SG_UNIFORMLAYOUT_STD140;
            desc.uniform_blocks[1].size = 256;
            desc.uniform_blocks[1].msl_buffer_n = 1;
            desc.views[0].texture.stage = SG_SHADERSTAGE_FRAGMENT;
            desc.views[0].texture.image_type = SG_IMAGETYPE_2D;
            desc.views[0].texture.sample_type = SG_IMAGESAMPLETYPE_FLOAT;
            desc.views[0].texture.multisampled = false;
            desc.views[0].texture.msl_texture_n = 0;
            desc.samplers[0].stage = SG_SHADERSTAGE_FRAGMENT;
            desc.samplers[0].sampler_type = SG_SAMPLERTYPE_FILTERING;
            desc.samplers[0].msl_sampler_n = 0;
            desc.texture_sampler_pairs[0].stage = SG_SHADERSTAGE_FRAGMENT;
            desc.texture_sampler_pairs[0].view_slot = 0;
            desc.texture_sampler_pairs[0].sampler_slot = 0;
            desc.label = "cna_skinned3d_shader";
        }
        return &desc;
    }
    #endif /* SOKOL_METAL */
    #if defined(SOKOL_WGPU)
    if (renderer == SG_BACKEND_WGPU) {
        static sg_shader_desc desc;
        static bool valid;
        if (!valid) {
            valid = true;
            desc.vertex_func.source = (const char*)cna_skinned3d_vs_source_wgsl;
            desc.vertex_func.entry = "main";
            desc.fragment_func.source = (const char*)cna_skinned3d_fs_source_wgsl;
            desc.fragment_func.entry = "main";
            desc.attrs[0].base_type = SG_SHADERATTRBASETYPE_FLOAT;
            desc.attrs[1].base_type = SG_SHADERATTRBASETYPE_FLOAT;
            desc.attrs[2].base_type = SG_SHADERATTRBASETYPE_FLOAT;
            desc.attrs[3].base_type = SG_SHADERATTRBASETYPE_FLOAT;
            desc.attrs[4].base_type = SG_SHADERATTRBASETYPE_UINT;
            desc.attrs[5].base_type = SG_SHADERATTRBASETYPE_FLOAT;
            desc.uniform_blocks[0].stage = SG_SHADERSTAGE_VERTEX;
            desc.uniform_blocks[0].layout = SG_UNIFORMLAYOUT_STD140;
            desc.uniform_blocks[0].size = 4848;
            desc.uniform_blocks[0].wgsl_group0_binding_n = 0;
            desc.uniform_blocks[1].stage = SG_SHADERSTAGE_FRAGMENT;
            desc.uniform_blocks[1].layout = SG_UNIFORMLAYOUT_STD140;
            desc.uniform_blocks[1].size = 256;
            desc.uniform_blocks[1].wgsl_group0_binding_n = 1;
            desc.views[0].texture.stage = SG_SHADERSTAGE_FRAGMENT;
            desc.views[0].texture.image_type = SG_IMAGETYPE_2D;
            desc.views[0].texture.sample_type = SG_IMAGESAMPLETYPE_FLOAT;
            desc.views[0].texture.multisampled = false;
            desc.views[0].texture.wgsl_group1_binding_n = 0;
            desc.samplers[0].stage = SG_SHADERSTAGE_FRAGMENT;
            desc.samplers[0].sampler_type = SG_SAMPLERTYPE_FILTERING;
            desc.samplers[0].wgsl_group1_binding_n = 32;
            desc.texture_sampler_pairs[0].stage = SG_SHADERSTAGE_FRAGMENT;
            desc.texture_sampler_pairs[0].view_slot = 0;
            desc.texture_sampler_pairs[0].sampler_slot = 0;
            desc.label = "cna_skinned3d_shader";
        }
        return &desc;
    }
    #endif /* SOKOL_WGPU */
    return 0;
}
#endif // SOKOL_SHDC_IMPL
/*
    #version:1# (machine generated, don't edit!)

    Generated by sokol-shdc (https://github.com/floooh/sokol-tools)

    Overview:
    =========
    Shader program: 'instanced3d':
        Get shader desc: cna_instanced3d_shader_desc(sg_query_backend());
        Vertex Shader: instanced3d_vs
        Fragment Shader: instanced3d_fs
        Attributes:
            ATTR_cna_instanced3d_position => 0
            ATTR_cna_instanced3d_instCol0 => 1
            ATTR_cna_instanced3d_instCol1 => 2
            ATTR_cna_instanced3d_instCol2 => 3
            ATTR_cna_instanced3d_instCol3 => 4
    Bindings:
        Uniform block 'instanced3d_vs_params':
            C struct: cna_instanced3d_vs_params_t
            Bind slot: UB_cna_instanced3d_vs_params => 0
*/
#if !defined(SOKOL_GFX_INCLUDED)
#error "Please include sokol_gfx.h before instanced3d.h"
#endif
#if !defined(SOKOL_SHDC_ALIGN)
#if defined(_MSC_VER)
#define SOKOL_SHDC_ALIGN(a) __declspec(align(a))
#else
#define SOKOL_SHDC_ALIGN(a) __attribute__((aligned(a)))
#endif
#endif
const sg_shader_desc* cna_instanced3d_shader_desc(sg_backend renderer);
#define ATTR_cna_instanced3d_position (0)
#define ATTR_cna_instanced3d_instCol0 (1)
#define ATTR_cna_instanced3d_instCol1 (2)
#define ATTR_cna_instanced3d_instCol2 (3)
#define ATTR_cna_instanced3d_instCol3 (4)
#define UB_cna_instanced3d_vs_params (0)
#pragma pack(push,1)
SOKOL_SHDC_ALIGN(16) typedef struct cna_instanced3d_vs_params_t {
    float vp[16];
    float diffuseColor[4];
} cna_instanced3d_vs_params_t;
#pragma pack(pop)
#if defined(SOKOL_SHDC_IMPL)
/*
    #version 410

    uniform vec4 instanced3d_vs_params[5];
    layout(location = 1) in vec4 instCol0;
    layout(location = 2) in vec4 instCol1;
    layout(location = 3) in vec4 instCol2;
    layout(location = 4) in vec4 instCol3;
    layout(location = 0) in vec3 position;
    layout(location = 0) out vec4 fragColor;

    void main()
    {
        gl_Position = (mat4(instanced3d_vs_params[0], instanced3d_vs_params[1], instanced3d_vs_params[2], instanced3d_vs_params[3]) * mat4(instCol0, instCol1, instCol2, instCol3)) * vec4(position, 1.0);
        fragColor = instanced3d_vs_params[4];
    }

*/
#if defined(SOKOL_GLCORE)
static const uint8_t cna_instanced3d_vs_source_glsl410[549] = {
    0x23,0x76,0x65,0x72,0x73,0x69,0x6f,0x6e,0x20,0x34,0x31,0x30,0x0a,0x0a,0x75,0x6e,
    0x69,0x66,0x6f,0x72,0x6d,0x20,0x76,0x65,0x63,0x34,0x20,0x69,0x6e,0x73,0x74,0x61,
    0x6e,0x63,0x65,0x64,0x33,0x64,0x5f,0x76,0x73,0x5f,0x70,0x61,0x72,0x61,0x6d,0x73,
    0x5b,0x35,0x5d,0x3b,0x0a,0x6c,0x61,0x79,0x6f,0x75,0x74,0x28,0x6c,0x6f,0x63,0x61,
    0x74,0x69,0x6f,0x6e,0x20,0x3d,0x20,0x31,0x29,0x20,0x69,0x6e,0x20,0x76,0x65,0x63,
    0x34,0x20,0x69,0x6e,0x73,0x74,0x43,0x6f,0x6c,0x30,0x3b,0x0a,0x6c,0x61,0x79,0x6f,
    0x75,0x74,0x28,0x6c,0x6f,0x63,0x61,0x74,0x69,0x6f,0x6e,0x20,0x3d,0x20,0x32,0x29,
    0x20,0x69,0x6e,0x20,0x76,0x65,0x63,0x34,0x20,0x69,0x6e,0x73,0x74,0x43,0x6f,0x6c,
    0x31,0x3b,0x0a,0x6c,0x61,0x79,0x6f,0x75,0x74,0x28,0x6c,0x6f,0x63,0x61,0x74,0x69,
    0x6f,0x6e,0x20,0x3d,0x20,0x33,0x29,0x20,0x69,0x6e,0x20,0x76,0x65,0x63,0x34,0x20,
    0x69,0x6e,0x73,0x74,0x43,0x6f,0x6c,0x32,0x3b,0x0a,0x6c,0x61,0x79,0x6f,0x75,0x74,
    0x28,0x6c,0x6f,0x63,0x61,0x74,0x69,0x6f,0x6e,0x20,0x3d,0x20,0x34,0x29,0x20,0x69,
    0x6e,0x20,0x76,0x65,0x63,0x34,0x20,0x69,0x6e,0x73,0x74,0x43,0x6f,0x6c,0x33,0x3b,
    0x0a,0x6c,0x61,0x79,0x6f,0x75,0x74,0x28,0x6c,0x6f,0x63,0x61,0x74,0x69,0x6f,0x6e,
    0x20,0x3d,0x20,0x30,0x29,0x20,0x69,0x6e,0x20,0x76,0x65,0x63,0x33,0x20,0x70,0x6f,
    0x73,0x69,0x74,0x69,0x6f,0x6e,0x3b,0x0a,0x6c,0x61,0x79,0x6f,0x75,0x74,0x28,0x6c,
    0x6f,0x63,0x61,0x74,0x69,0x6f,0x6e,0x20,0x3d,0x20,0x30,0x29,0x20,0x6f,0x75,0x74,
    0x20,0x76,0x65,0x63,0x34,0x20,0x66,0x72,0x61,0x67,0x43,0x6f,0x6c,0x6f,0x72,0x3b,
    0x0a,0x0a,0x76,0x6f,0x69,0x64,0x20,0x6d,0x61,0x69,0x6e,0x28,0x29,0x0a,0x7b,0x0a,
    0x20,0x20,0x20,0x20,0x67,0x6c,0x5f,0x50,0x6f,0x73,0x69,0x74,0x69,0x6f,0x6e,0x20,
    0x3d,0x20,0x28,0x6d,0x61,0x74,0x34,0x28,0x69,0x6e,0x73,0x74,0x61,0x6e,0x63,0x65,
    0x64,0x33,0x64,0x5f,0x76,0x73,0x5f,0x70,0x61,0x72,0x61,0x6d,0x73,0x5b,0x30,0x5d,
    0x2c,0x20,0x69,0x6e,0x73,0x74,0x61,0x6e,0x63,0x65,0x64,0x33,0x64,0x5f,0x76,0x73,
    0x5f,0x70,0x61,0x72,0x61,0x6d,0x73,0x5b,0x31,0x5d,0x2c,0x20,0x69,0x6e,0x73,0x74,
    0x61,0x6e,0x63,0x65,0x64,0x33,0x64,0x5f,0x76,0x73,0x5f,0x70,0x61,0x72,0x61,0x6d,
    0x73,0x5b,0x32,0x5d,0x2c,0x20,0x69,0x6e,0x73,0x74,0x61,0x6e,0x63,0x65,0x64,0x33,
    0x64,0x5f,0x76,0x73,0x5f,0x70,0x61,0x72,0x61,0x6d,0x73,0x5b,0x33,0x5d,0x29,0x20,
    0x2a,0x20,0x6d,0x61,0x74,0x34,0x28,0x69,0x6e,0x73,0x74,0x43,0x6f,0x6c,0x30,0x2c,
    0x20,0x69,0x6e,0x73,0x74,0x43,0x6f,0x6c,0x31,0x2c,0x20,0x69,0x6e,0x73,0x74,0x43,
    0x6f,0x6c,0x32,0x2c,0x20,0x69,0x6e,0x73,0x74,0x43,0x6f,0x6c,0x33,0x29,0x29,0x20,
    0x2a,0x20,0x76,0x65,0x63,0x34,0x28,0x70,0x6f,0x73,0x69,0x74,0x69,0x6f,0x6e,0x2c,
    0x20,0x31,0x2e,0x30,0x29,0x3b,0x0a,0x20,0x20,0x20,0x20,0x66,0x72,0x61,0x67,0x43,
    0x6f,0x6c,0x6f,0x72,0x20,0x3d,0x20,0x69,0x6e,0x73,0x74,0x61,0x6e,0x63,0x65,0x64,
    0x33,0x64,0x5f,0x76,0x73,0x5f,0x70,0x61,0x72,0x61,0x6d,0x73,0x5b,0x34,0x5d,0x3b,
    0x0a,0x7d,0x0a,0x0a,0x00,
};
#endif
/*
    #version 410

    layout(location = 0) out vec4 frag_color;
    layout(location = 0) in vec4 fragColor;

    void main()
    {
        frag_color = fragColor;
    }

*/
#if defined(SOKOL_GLCORE)
static const uint8_t cna_instanced3d_fs_source_glsl410[143] = {
    0x23,0x76,0x65,0x72,0x73,0x69,0x6f,0x6e,0x20,0x34,0x31,0x30,0x0a,0x0a,0x6c,0x61,
    0x79,0x6f,0x75,0x74,0x28,0x6c,0x6f,0x63,0x61,0x74,0x69,0x6f,0x6e,0x20,0x3d,0x20,
    0x30,0x29,0x20,0x6f,0x75,0x74,0x20,0x76,0x65,0x63,0x34,0x20,0x66,0x72,0x61,0x67,
    0x5f,0x63,0x6f,0x6c,0x6f,0x72,0x3b,0x0a,0x6c,0x61,0x79,0x6f,0x75,0x74,0x28,0x6c,
    0x6f,0x63,0x61,0x74,0x69,0x6f,0x6e,0x20,0x3d,0x20,0x30,0x29,0x20,0x69,0x6e,0x20,
    0x76,0x65,0x63,0x34,0x20,0x66,0x72,0x61,0x67,0x43,0x6f,0x6c,0x6f,0x72,0x3b,0x0a,
    0x0a,0x76,0x6f,0x69,0x64,0x20,0x6d,0x61,0x69,0x6e,0x28,0x29,0x0a,0x7b,0x0a,0x20,
    0x20,0x20,0x20,0x66,0x72,0x61,0x67,0x5f,0x63,0x6f,0x6c,0x6f,0x72,0x20,0x3d,0x20,
    0x66,0x72,0x61,0x67,0x43,0x6f,0x6c,0x6f,0x72,0x3b,0x0a,0x7d,0x0a,0x0a,0x00,
};
#endif
/*
    #version 300 es

    uniform vec4 instanced3d_vs_params[5];
    layout(location = 1) in vec4 instCol0;
    layout(location = 2) in vec4 instCol1;
    layout(location = 3) in vec4 instCol2;
    layout(location = 4) in vec4 instCol3;
    layout(location = 0) in vec3 position;
    out vec4 fragColor;

    void main()
    {
        gl_Position = (mat4(instanced3d_vs_params[0], instanced3d_vs_params[1], instanced3d_vs_params[2], instanced3d_vs_params[3]) * mat4(instCol0, instCol1, instCol2, instCol3)) * vec4(position, 1.0);
        fragColor = instanced3d_vs_params[4];
    }

*/
#if defined(SOKOL_GLES3)
static const uint8_t cna_instanced3d_vs_source_glsl300es[531] = {
    0x23,0x76,0x65,0x72,0x73,0x69,0x6f,0x6e,0x20,0x33,0x30,0x30,0x20,0x65,0x73,0x0a,
    0x0a,0x75,0x6e,0x69,0x66,0x6f,0x72,0x6d,0x20,0x76,0x65,0x63,0x34,0x20,0x69,0x6e,
    0x73,0x74,0x61,0x6e,0x63,0x65,0x64,0x33,0x64,0x5f,0x76,0x73,0x5f,0x70,0x61,0x72,
    0x61,0x6d,0x73,0x5b,0x35,0x5d,0x3b,0x0a,0x6c,0x61,0x79,0x6f,0x75,0x74,0x28,0x6c,
    0x6f,0x63,0x61,0x74,0x69,0x6f,0x6e,0x20,0x3d,0x20,0x31,0x29,0x20,0x69,0x6e,0x20,
    0x76,0x65,0x63,0x34,0x20,0x69,0x6e,0x73,0x74,0x43,0x6f,0x6c,0x30,0x3b,0x0a,0x6c,
    0x61,0x79,0x6f,0x75,0x74,0x28,0x6c,0x6f,0x63,0x61,0x74,0x69,0x6f,0x6e,0x20,0x3d,
    0x20,0x32,0x29,0x20,0x69,0x6e,0x20,0x76,0x65,0x63,0x34,0x20,0x69,0x6e,0x73,0x74,
    0x43,0x6f,0x6c,0x31,0x3b,0x0a,0x6c,0x61,0x79,0x6f,0x75,0x74,0x28,0x6c,0x6f,0x63,
    0x61,0x74,0x69,0x6f,0x6e,0x20,0x3d,0x20,0x33,0x29,0x20,0x69,0x6e,0x20,0x76,0x65,
    0x63,0x34,0x20,0x69,0x6e,0x73,0x74,0x43,0x6f,0x6c,0x32,0x3b,0x0a,0x6c,0x61,0x79,
    0x6f,0x75,0x74,0x28,0x6c,0x6f,0x63,0x61,0x74,0x69,0x6f,0x6e,0x20,0x3d,0x20,0x34,
    0x29,0x20,0x69,0x6e,0x20,0x76,0x65,0x63,0x34,0x20,0x69,0x6e,0x73,0x74,0x43,0x6f,
    0x6c,0x33,0x3b,0x0a,0x6c,0x61,0x79,0x6f,0x75,0x74,0x28,0x6c,0x6f,0x63,0x61,0x74,
    0x69,0x6f,0x6e,0x20,0x3d,0x20,0x30,0x29,0x20,0x69,0x6e,0x20,0x76,0x65,0x63,0x33,
    0x20,0x70,0x6f,0x73,0x69,0x74,0x69,0x6f,0x6e,0x3b,0x0a,0x6f,0x75,0x74,0x20,0x76,
    0x65,0x63,0x34,0x20,0x66,0x72,0x61,0x67,0x43,0x6f,0x6c,0x6f,0x72,0x3b,0x0a,0x0a,
    0x76,0x6f,0x69,0x64,0x20,0x6d,0x61,0x69,0x6e,0x28,0x29,0x0a,0x7b,0x0a,0x20,0x20,
    0x20,0x20,0x67,0x6c,0x5f,0x50,0x6f,0x73,0x69,0x74,0x69,0x6f,0x6e,0x20,0x3d,0x20,
    0x28,0x6d,0x61,0x74,0x34,0x28,0x69,0x6e,0x73,0x74,0x61,0x6e,0x63,0x65,0x64,0x33,
    0x64,0x5f,0x76,0x73,0x5f,0x70,0x61,0x72,0x61,0x6d,0x73,0x5b,0x30,0x5d,0x2c,0x20,
    0x69,0x6e,0x73,0x74,0x61,0x6e,0x63,0x65,0x64,0x33,0x64,0x5f,0x76,0x73,0x5f,0x70,
    0x61,0x72,0x61,0x6d,0x73,0x5b,0x31,0x5d,0x2c,0x20,0x69,0x6e,0x73,0x74,0x61,0x6e,
    0x63,0x65,0x64,0x33,0x64,0x5f,0x76,0x73,0x5f,0x70,0x61,0x72,0x61,0x6d,0x73,0x5b,
    0x32,0x5d,0x2c,0x20,0x69,0x6e,0x73,0x74,0x61,0x6e,0x63,0x65,0x64,0x33,0x64,0x5f,
    0x76,0x73,0x5f,0x70,0x61,0x72,0x61,0x6d,0x73,0x5b,0x33,0x5d,0x29,0x20,0x2a,0x20,
    0x6d,0x61,0x74,0x34,0x28,0x69,0x6e,0x73,0x74,0x43,0x6f,0x6c,0x30,0x2c,0x20,0x69,
    0x6e,0x73,0x74,0x43,0x6f,0x6c,0x31,0x2c,0x20,0x69,0x6e,0x73,0x74,0x43,0x6f,0x6c,
    0x32,0x2c,0x20,0x69,0x6e,0x73,0x74,0x43,0x6f,0x6c,0x33,0x29,0x29,0x20,0x2a,0x20,
    0x76,0x65,0x63,0x34,0x28,0x70,0x6f,0x73,0x69,0x74,0x69,0x6f,0x6e,0x2c,0x20,0x31,
    0x2e,0x30,0x29,0x3b,0x0a,0x20,0x20,0x20,0x20,0x66,0x72,0x61,0x67,0x43,0x6f,0x6c,
    0x6f,0x72,0x20,0x3d,0x20,0x69,0x6e,0x73,0x74,0x61,0x6e,0x63,0x65,0x64,0x33,0x64,
    0x5f,0x76,0x73,0x5f,0x70,0x61,0x72,0x61,0x6d,0x73,0x5b,0x34,0x5d,0x3b,0x0a,0x7d,
    0x0a,0x0a,0x00,
};
#endif
/*
    #version 300 es
    precision mediump float;
    precision highp int;

    layout(location = 0) out highp vec4 frag_color;
    in highp vec4 fragColor;

    void main()
    {
        frag_color = fragColor;
    }

*/
#if defined(SOKOL_GLES3)
static const uint8_t cna_instanced3d_fs_source_glsl300es[183] = {
    0x23,0x76,0x65,0x72,0x73,0x69,0x6f,0x6e,0x20,0x33,0x30,0x30,0x20,0x65,0x73,0x0a,
    0x70,0x72,0x65,0x63,0x69,0x73,0x69,0x6f,0x6e,0x20,0x6d,0x65,0x64,0x69,0x75,0x6d,
    0x70,0x20,0x66,0x6c,0x6f,0x61,0x74,0x3b,0x0a,0x70,0x72,0x65,0x63,0x69,0x73,0x69,
    0x6f,0x6e,0x20,0x68,0x69,0x67,0x68,0x70,0x20,0x69,0x6e,0x74,0x3b,0x0a,0x0a,0x6c,
    0x61,0x79,0x6f,0x75,0x74,0x28,0x6c,0x6f,0x63,0x61,0x74,0x69,0x6f,0x6e,0x20,0x3d,
    0x20,0x30,0x29,0x20,0x6f,0x75,0x74,0x20,0x68,0x69,0x67,0x68,0x70,0x20,0x76,0x65,
    0x63,0x34,0x20,0x66,0x72,0x61,0x67,0x5f,0x63,0x6f,0x6c,0x6f,0x72,0x3b,0x0a,0x69,
    0x6e,0x20,0x68,0x69,0x67,0x68,0x70,0x20,0x76,0x65,0x63,0x34,0x20,0x66,0x72,0x61,
    0x67,0x43,0x6f,0x6c,0x6f,0x72,0x3b,0x0a,0x0a,0x76,0x6f,0x69,0x64,0x20,0x6d,0x61,
    0x69,0x6e,0x28,0x29,0x0a,0x7b,0x0a,0x20,0x20,0x20,0x20,0x66,0x72,0x61,0x67,0x5f,
    0x63,0x6f,0x6c,0x6f,0x72,0x20,0x3d,0x20,0x66,0x72,0x61,0x67,0x43,0x6f,0x6c,0x6f,
    0x72,0x3b,0x0a,0x7d,0x0a,0x0a,0x00,
};
#endif
/*
    cbuffer instanced3d_vs_params : register(b0)
    {
        row_major float4x4 _53_vp : packoffset(c0);
        float4 _53_diffuseColor : packoffset(c4);
    };


    static float4 gl_Position;
    static float4 instCol0;
    static float4 instCol1;
    static float4 instCol2;
    static float4 instCol3;
    static float3 position;
    static float4 fragColor;

    struct SPIRV_Cross_Input
    {
        float3 position : TEXCOORD0;
        float4 instCol0 : TEXCOORD1;
        float4 instCol1 : TEXCOORD2;
        float4 instCol2 : TEXCOORD3;
        float4 instCol3 : TEXCOORD4;
    };

    struct SPIRV_Cross_Output
    {
        float4 fragColor : TEXCOORD0;
        float4 gl_Position : SV_Position;
    };

    void vert_main()
    {
        gl_Position = mul(float4(position, 1.0f), mul(float4x4(instCol0, instCol1, instCol2, instCol3), _53_vp));
        fragColor = _53_diffuseColor;
    }

    SPIRV_Cross_Output main(SPIRV_Cross_Input stage_input)
    {
        instCol0 = stage_input.instCol0;
        instCol1 = stage_input.instCol1;
        instCol2 = stage_input.instCol2;
        instCol3 = stage_input.instCol3;
        position = stage_input.position;
        vert_main();
        SPIRV_Cross_Output stage_output;
        stage_output.gl_Position = gl_Position;
        stage_output.fragColor = fragColor;
        return stage_output;
    }
*/
#if defined(SOKOL_D3D11)
static const uint8_t cna_instanced3d_vs_source_hlsl5[1193] = {
    0x63,0x62,0x75,0x66,0x66,0x65,0x72,0x20,0x69,0x6e,0x73,0x74,0x61,0x6e,0x63,0x65,
    0x64,0x33,0x64,0x5f,0x76,0x73,0x5f,0x70,0x61,0x72,0x61,0x6d,0x73,0x20,0x3a,0x20,
    0x72,0x65,0x67,0x69,0x73,0x74,0x65,0x72,0x28,0x62,0x30,0x29,0x0a,0x7b,0x0a,0x20,
    0x20,0x20,0x20,0x72,0x6f,0x77,0x5f,0x6d,0x61,0x6a,0x6f,0x72,0x20,0x66,0x6c,0x6f,
    0x61,0x74,0x34,0x78,0x34,0x20,0x5f,0x35,0x33,0x5f,0x76,0x70,0x20,0x3a,0x20,0x70,
    0x61,0x63,0x6b,0x6f,0x66,0x66,0x73,0x65,0x74,0x28,0x63,0x30,0x29,0x3b,0x0a,0x20,
    0x20,0x20,0x20,0x66,0x6c,0x6f,0x61,0x74,0x34,0x20,0x5f,0x35,0x33,0x5f,0x64,0x69,
    0x66,0x66,0x75,0x73,0x65,0x43,0x6f,0x6c,0x6f,0x72,0x20,0x3a,0x20,0x70,0x61,0x63,
    0x6b,0x6f,0x66,0x66,0x73,0x65,0x74,0x28,0x63,0x34,0x29,0x3b,0x0a,0x7d,0x3b,0x0a,
    0x0a,0x0a,0x73,0x74,0x61,0x74,0x69,0x63,0x20,0x66,0x6c,0x6f,0x61,0x74,0x34,0x20,
    0x67,0x6c,0x5f,0x50,0x6f,0x73,0x69,0x74,0x69,0x6f,0x6e,0x3b,0x0a,0x73,0x74,0x61,
    0x74,0x69,0x63,0x20,0x66,0x6c,0x6f,0x61,0x74,0x34,0x20,0x69,0x6e,0x73,0x74,0x43,
    0x6f,0x6c,0x30,0x3b,0x0a,0x73,0x74,0x61,0x74,0x69,0x63,0x20,0x66,0x6c,0x6f,0x61,
    0x74,0x34,0x20,0x69,0x6e,0x73,0x74,0x43,0x6f,0x6c,0x31,0x3b,0x0a,0x73,0x74,0x61,
    0x74,0x69,0x63,0x20,0x66,0x6c,0x6f,0x61,0x74,0x34,0x20,0x69,0x6e,0x73,0x74,0x43,
    0x6f,0x6c,0x32,0x3b,0x0a,0x73,0x74,0x61,0x74,0x69,0x63,0x20,0x66,0x6c,0x6f,0x61,
    0x74,0x34,0x20,0x69,0x6e,0x73,0x74,0x43,0x6f,0x6c,0x33,0x3b,0x0a,0x73,0x74,0x61,
    0x74,0x69,0x63,0x20,0x66,0x6c,0x6f,0x61,0x74,0x33,0x20,0x70,0x6f,0x73,0x69,0x74,
    0x69,0x6f,0x6e,0x3b,0x0a,0x73,0x74,0x61,0x74,0x69,0x63,0x20,0x66,0x6c,0x6f,0x61,
    0x74,0x34,0x20,0x66,0x72,0x61,0x67,0x43,0x6f,0x6c,0x6f,0x72,0x3b,0x0a,0x0a,0x73,
    0x74,0x72,0x75,0x63,0x74,0x20,0x53,0x50,0x49,0x52,0x56,0x5f,0x43,0x72,0x6f,0x73,
    0x73,0x5f,0x49,0x6e,0x70,0x75,0x74,0x0a,0x7b,0x0a,0x20,0x20,0x20,0x20,0x66,0x6c,
    0x6f,0x61,0x74,0x33,0x20,0x70,0x6f,0x73,0x69,0x74,0x69,0x6f,0x6e,0x20,0x3a,0x20,
    0x54,0x45,0x58,0x43,0x4f,0x4f,0x52,0x44,0x30,0x3b,0x0a,0x20,0x20,0x20,0x20,0x66,
    0x6c,0x6f,0x61,0x74,0x34,0x20,0x69,0x6e,0x73,0x74,0x43,0x6f,0x6c,0x30,0x20,0x3a,
    0x20,0x54,0x45,0x58,0x43,0x4f,0x4f,0x52,0x44,0x31,0x3b,0x0a,0x20,0x20,0x20,0x20,
    0x66,0x6c,0x6f,0x61,0x74,0x34,0x20,0x69,0x6e,0x73,0x74,0x43,0x6f,0x6c,0x31,0x20,
    0x3a,0x20,0x54,0x45,0x58,0x43,0x4f,0x4f,0x52,0x44,0x32,0x3b,0x0a,0x20,0x20,0x20,
    0x20,0x66,0x6c,0x6f,0x61,0x74,0x34,0x20,0x69,0x6e,0x73,0x74,0x43,0x6f,0x6c,0x32,
    0x20,0x3a,0x20,0x54,0x45,0x58,0x43,0x4f,0x4f,0x52,0x44,0x33,0x3b,0x0a,0x20,0x20,
    0x20,0x20,0x66,0x6c,0x6f,0x61,0x74,0x34,0x20,0x69,0x6e,0x73,0x74,0x43,0x6f,0x6c,
    0x33,0x20,0x3a,0x20,0x54,0x45,0x58,0x43,0x4f,0x4f,0x52,0x44,0x34,0x3b,0x0a,0x7d,
    0x3b,0x0a,0x0a,0x73,0x74,0x72,0x75,0x63,0x74,0x20,0x53,0x50,0x49,0x52,0x56,0x5f,
    0x43,0x72,0x6f,0x73,0x73,0x5f,0x4f,0x75,0x74,0x70,0x75,0x74,0x0a,0x7b,0x0a,0x20,
    0x20,0x20,0x20,0x66,0x6c,0x6f,0x61,0x74,0x34,0x20,0x66,0x72,0x61,0x67,0x43,0x6f,
    0x6c,0x6f,0x72,0x20,0x3a,0x20,0x54,0x45,0x58,0x43,0x4f,0x4f,0x52,0x44,0x30,0x3b,
    0x0a,0x20,0x20,0x20,0x20,0x66,0x6c,0x6f,0x61,0x74,0x34,0x20,0x67,0x6c,0x5f,0x50,
    0x6f,0x73,0x69,0x74,0x69,0x6f,0x6e,0x20,0x3a,0x20,0x53,0x56,0x5f,0x50,0x6f,0x73,
    0x69,0x74,0x69,0x6f,0x6e,0x3b,0x0a,0x7d,0x3b,0x0a,0x0a,0x76,0x6f,0x69,0x64,0x20,
    0x76,0x65,0x72,0x74,0x5f,0x6d,0x61,0x69,0x6e,0x28,0x29,0x0a,0x7b,0x0a,0x20,0x20,
    0x20,0x20,0x67,0x6c,0x5f,0x50,0x6f,0x73,0x69,0x74,0x69,0x6f,0x6e,0x20,0x3d,0x20,
    0x6d,0x75,0x6c,0x28,0x66,0x6c,0x6f,0x61,0x74,0x34,0x28,0x70,0x6f,0x73,0x69,0x74,
    0x69,0x6f,0x6e,0x2c,0x20,0x31,0x2e,0x30,0x66,0x29,0x2c,0x20,0x6d,0x75,0x6c,0x28,
    0x66,0x6c,0x6f,0x61,0x74,0x34,0x78,0x34,0x28,0x69,0x6e,0x73,0x74,0x43,0x6f,0x6c,
    0x30,0x2c,0x20,0x69,0x6e,0x73,0x74,0x43,0x6f,0x6c,0x31,0x2c,0x20,0x69,0x6e,0x73,
    0x74,0x43,0x6f,0x6c,0x32,0x2c,0x20,0x69,0x6e,0x73,0x74,0x43,0x6f,0x6c,0x33,0x29,
    0x2c,0x20,0x5f,0x35,0x33,0x5f,0x76,0x70,0x29,0x29,0x3b,0x0a,0x20,0x20,0x20,0x20,
    0x66,0x72,0x61,0x67,0x43,0x6f,0x6c,0x6f,0x72,0x20,0x3d,0x20,0x5f,0x35,0x33,0x5f,
    0x64,0x69,0x66,0x66,0x75,0x73,0x65,0x43,0x6f,0x6c,0x6f,0x72,0x3b,0x0a,0x7d,0x0a,
    0x0a,0x53,0x50,0x49,0x52,0x56,0x5f,0x43,0x72,0x6f,0x73,0x73,0x5f,0x4f,0x75,0x74,
    0x70,0x75,0x74,0x20,0x6d,0x61,0x69,0x6e,0x28,0x53,0x50,0x49,0x52,0x56,0x5f,0x43,
    0x72,0x6f,0x73,0x73,0x5f,0x49,0x6e,0x70,0x75,0x74,0x20,0x73,0x74,0x61,0x67,0x65,
    0x5f,0x69,0x6e,0x70,0x75,0x74,0x29,0x0a,0x7b,0x0a,0x20,0x20,0x20,0x20,0x69,0x6e,
    0x73,0x74,0x43,0x6f,0x6c,0x30,0x20,0x3d,0x20,0x73,0x74,0x61,0x67,0x65,0x5f,0x69,
    0x6e,0x70,0x75,0x74,0x2e,0x69,0x6e,0x73,0x74,0x43,0x6f,0x6c,0x30,0x3b,0x0a,0x20,
    0x20,0x20,0x20,0x69,0x6e,0x73,0x74,0x43,0x6f,0x6c,0x31,0x20,0x3d,0x20,0x73,0x74,
    0x61,0x67,0x65,0x5f,0x69,0x6e,0x70,0x75,0x74,0x2e,0x69,0x6e,0x73,0x74,0x43,0x6f,
    0x6c,0x31,0x3b,0x0a,0x20,0x20,0x20,0x20,0x69,0x6e,0x73,0x74,0x43,0x6f,0x6c,0x32,
    0x20,0x3d,0x20,0x73,0x74,0x61,0x67,0x65,0x5f,0x69,0x6e,0x70,0x75,0x74,0x2e,0x69,
    0x6e,0x73,0x74,0x43,0x6f,0x6c,0x32,0x3b,0x0a,0x20,0x20,0x20,0x20,0x69,0x6e,0x73,
    0x74,0x43,0x6f,0x6c,0x33,0x20,0x3d,0x20,0x73,0x74,0x61,0x67,0x65,0x5f,0x69,0x6e,
    0x70,0x75,0x74,0x2e,0x69,0x6e,0x73,0x74,0x43,0x6f,0x6c,0x33,0x3b,0x0a,0x20,0x20,
    0x20,0x20,0x70,0x6f,0x73,0x69,0x74,0x69,0x6f,0x6e,0x20,0x3d,0x20,0x73,0x74,0x61,
    0x67,0x65,0x5f,0x69,0x6e,0x70,0x75,0x74,0x2e,0x70,0x6f,0x73,0x69,0x74,0x69,0x6f,
    0x6e,0x3b,0x0a,0x20,0x20,0x20,0x20,0x76,0x65,0x72,0x74,0x5f,0x6d,0x61,0x69,0x6e,
    0x28,0x29,0x3b,0x0a,0x20,0x20,0x20,0x20,0x53,0x50,0x49,0x52,0x56,0x5f,0x43,0x72,
    0x6f,0x73,0x73,0x5f,0x4f,0x75,0x74,0x70,0x75,0x74,0x20,0x73,0x74,0x61,0x67,0x65,
    0x5f,0x6f,0x75,0x74,0x70,0x75,0x74,0x3b,0x0a,0x20,0x20,0x20,0x20,0x73,0x74,0x61,
    0x67,0x65,0x5f,0x6f,0x75,0x74,0x70,0x75,0x74,0x2e,0x67,0x6c,0x5f,0x50,0x6f,0x73,
    0x69,0x74,0x69,0x6f,0x6e,0x20,0x3d,0x20,0x67,0x6c,0x5f,0x50,0x6f,0x73,0x69,0x74,
    0x69,0x6f,0x6e,0x3b,0x0a,0x20,0x20,0x20,0x20,0x73,0x74,0x61,0x67,0x65,0x5f,0x6f,
    0x75,0x74,0x70,0x75,0x74,0x2e,0x66,0x72,0x61,0x67,0x43,0x6f,0x6c,0x6f,0x72,0x20,
    0x3d,0x20,0x66,0x72,0x61,0x67,0x43,0x6f,0x6c,0x6f,0x72,0x3b,0x0a,0x20,0x20,0x20,
    0x20,0x72,0x65,0x74,0x75,0x72,0x6e,0x20,0x73,0x74,0x61,0x67,0x65,0x5f,0x6f,0x75,
    0x74,0x70,0x75,0x74,0x3b,0x0a,0x7d,0x0a,0x00,
};
#endif
/*
    static float4 frag_color;
    static float4 fragColor;

    struct SPIRV_Cross_Input
    {
        float4 fragColor : TEXCOORD0;
    };

    struct SPIRV_Cross_Output
    {
        float4 frag_color : SV_Target0;
    };

    void frag_main()
    {
        frag_color = fragColor;
    }

    SPIRV_Cross_Output main(SPIRV_Cross_Input stage_input)
    {
        fragColor = stage_input.fragColor;
        frag_main();
        SPIRV_Cross_Output stage_output;
        stage_output.frag_color = frag_color;
        return stage_output;
    }
*/
#if defined(SOKOL_D3D11)
static const uint8_t cna_instanced3d_fs_source_hlsl5[455] = {
    0x73,0x74,0x61,0x74,0x69,0x63,0x20,0x66,0x6c,0x6f,0x61,0x74,0x34,0x20,0x66,0x72,
    0x61,0x67,0x5f,0x63,0x6f,0x6c,0x6f,0x72,0x3b,0x0a,0x73,0x74,0x61,0x74,0x69,0x63,
    0x20,0x66,0x6c,0x6f,0x61,0x74,0x34,0x20,0x66,0x72,0x61,0x67,0x43,0x6f,0x6c,0x6f,
    0x72,0x3b,0x0a,0x0a,0x73,0x74,0x72,0x75,0x63,0x74,0x20,0x53,0x50,0x49,0x52,0x56,
    0x5f,0x43,0x72,0x6f,0x73,0x73,0x5f,0x49,0x6e,0x70,0x75,0x74,0x0a,0x7b,0x0a,0x20,
    0x20,0x20,0x20,0x66,0x6c,0x6f,0x61,0x74,0x34,0x20,0x66,0x72,0x61,0x67,0x43,0x6f,
    0x6c,0x6f,0x72,0x20,0x3a,0x20,0x54,0x45,0x58,0x43,0x4f,0x4f,0x52,0x44,0x30,0x3b,
    0x0a,0x7d,0x3b,0x0a,0x0a,0x73,0x74,0x72,0x75,0x63,0x74,0x20,0x53,0x50,0x49,0x52,
    0x56,0x5f,0x43,0x72,0x6f,0x73,0x73,0x5f,0x4f,0x75,0x74,0x70,0x75,0x74,0x0a,0x7b,
    0x0a,0x20,0x20,0x20,0x20,0x66,0x6c,0x6f,0x61,0x74,0x34,0x20,0x66,0x72,0x61,0x67,
    0x5f,0x63,0x6f,0x6c,0x6f,0x72,0x20,0x3a,0x20,0x53,0x56,0x5f,0x54,0x61,0x72,0x67,
    0x65,0x74,0x30,0x3b,0x0a,0x7d,0x3b,0x0a,0x0a,0x76,0x6f,0x69,0x64,0x20,0x66,0x72,
    0x61,0x67,0x5f,0x6d,0x61,0x69,0x6e,0x28,0x29,0x0a,0x7b,0x0a,0x20,0x20,0x20,0x20,
    0x66,0x72,0x61,0x67,0x5f,0x63,0x6f,0x6c,0x6f,0x72,0x20,0x3d,0x20,0x66,0x72,0x61,
    0x67,0x43,0x6f,0x6c,0x6f,0x72,0x3b,0x0a,0x7d,0x0a,0x0a,0x53,0x50,0x49,0x52,0x56,
    0x5f,0x43,0x72,0x6f,0x73,0x73,0x5f,0x4f,0x75,0x74,0x70,0x75,0x74,0x20,0x6d,0x61,
    0x69,0x6e,0x28,0x53,0x50,0x49,0x52,0x56,0x5f,0x43,0x72,0x6f,0x73,0x73,0x5f,0x49,
    0x6e,0x70,0x75,0x74,0x20,0x73,0x74,0x61,0x67,0x65,0x5f,0x69,0x6e,0x70,0x75,0x74,
    0x29,0x0a,0x7b,0x0a,0x20,0x20,0x20,0x20,0x66,0x72,0x61,0x67,0x43,0x6f,0x6c,0x6f,
    0x72,0x20,0x3d,0x20,0x73,0x74,0x61,0x67,0x65,0x5f,0x69,0x6e,0x70,0x75,0x74,0x2e,
    0x66,0x72,0x61,0x67,0x43,0x6f,0x6c,0x6f,0x72,0x3b,0x0a,0x20,0x20,0x20,0x20,0x66,
    0x72,0x61,0x67,0x5f,0x6d,0x61,0x69,0x6e,0x28,0x29,0x3b,0x0a,0x20,0x20,0x20,0x20,
    0x53,0x50,0x49,0x52,0x56,0x5f,0x43,0x72,0x6f,0x73,0x73,0x5f,0x4f,0x75,0x74,0x70,
    0x75,0x74,0x20,0x73,0x74,0x61,0x67,0x65,0x5f,0x6f,0x75,0x74,0x70,0x75,0x74,0x3b,
    0x0a,0x20,0x20,0x20,0x20,0x73,0x74,0x61,0x67,0x65,0x5f,0x6f,0x75,0x74,0x70,0x75,
    0x74,0x2e,0x66,0x72,0x61,0x67,0x5f,0x63,0x6f,0x6c,0x6f,0x72,0x20,0x3d,0x20,0x66,
    0x72,0x61,0x67,0x5f,0x63,0x6f,0x6c,0x6f,0x72,0x3b,0x0a,0x20,0x20,0x20,0x20,0x72,
    0x65,0x74,0x75,0x72,0x6e,0x20,0x73,0x74,0x61,0x67,0x65,0x5f,0x6f,0x75,0x74,0x70,
    0x75,0x74,0x3b,0x0a,0x7d,0x0a,0x00,
};
#endif
/*
    #include <metal_stdlib>
    #include <simd/simd.h>

    using namespace metal;

    struct instanced3d_vs_params
    {
        float4x4 vp;
        float4 diffuseColor;
    };

    struct main0_out
    {
        float4 fragColor [[user(locn0)]];
        float4 gl_Position [[position]];
    };

    struct main0_in
    {
        float3 position [[attribute(0)]];
        float4 instCol0 [[attribute(1)]];
        float4 instCol1 [[attribute(2)]];
        float4 instCol2 [[attribute(3)]];
        float4 instCol3 [[attribute(4)]];
    };

    vertex main0_out main0(main0_in in [[stage_in]], constant instanced3d_vs_params& _53 [[buffer(0)]])
    {
        main0_out out = {};
        out.gl_Position = (_53.vp * float4x4(in.instCol0, in.instCol1, in.instCol2, in.instCol3)) * float4(in.position, 1.0);
        out.fragColor = _53.diffuseColor;
        return out;
    }

*/
#if defined(SOKOL_METAL)
static const uint8_t cna_instanced3d_vs_source_metal_macos[765] = {
    0x23,0x69,0x6e,0x63,0x6c,0x75,0x64,0x65,0x20,0x3c,0x6d,0x65,0x74,0x61,0x6c,0x5f,
    0x73,0x74,0x64,0x6c,0x69,0x62,0x3e,0x0a,0x23,0x69,0x6e,0x63,0x6c,0x75,0x64,0x65,
    0x20,0x3c,0x73,0x69,0x6d,0x64,0x2f,0x73,0x69,0x6d,0x64,0x2e,0x68,0x3e,0x0a,0x0a,
    0x75,0x73,0x69,0x6e,0x67,0x20,0x6e,0x61,0x6d,0x65,0x73,0x70,0x61,0x63,0x65,0x20,
    0x6d,0x65,0x74,0x61,0x6c,0x3b,0x0a,0x0a,0x73,0x74,0x72,0x75,0x63,0x74,0x20,0x69,
    0x6e,0x73,0x74,0x61,0x6e,0x63,0x65,0x64,0x33,0x64,0x5f,0x76,0x73,0x5f,0x70,0x61,
    0x72,0x61,0x6d,0x73,0x0a,0x7b,0x0a,0x20,0x20,0x20,0x20,0x66,0x6c,0x6f,0x61,0x74,
    0x34,0x78,0x34,0x20,0x76,0x70,0x3b,0x0a,0x20,0x20,0x20,0x20,0x66,0x6c,0x6f,0x61,
    0x74,0x34,0x20,0x64,0x69,0x66,0x66,0x75,0x73,0x65,0x43,0x6f,0x6c,0x6f,0x72,0x3b,
    0x0a,0x7d,0x3b,0x0a,0x0a,0x73,0x74,0x72,0x75,0x63,0x74,0x20,0x6d,0x61,0x69,0x6e,
    0x30,0x5f,0x6f,0x75,0x74,0x0a,0x7b,0x0a,0x20,0x20,0x20,0x20,0x66,0x6c,0x6f,0x61,
    0x74,0x34,0x20,0x66,0x72,0x61,0x67,0x43,0x6f,0x6c,0x6f,0x72,0x20,0x5b,0x5b,0x75,
    0x73,0x65,0x72,0x28,0x6c,0x6f,0x63,0x6e,0x30,0x29,0x5d,0x5d,0x3b,0x0a,0x20,0x20,
    0x20,0x20,0x66,0x6c,0x6f,0x61,0x74,0x34,0x20,0x67,0x6c,0x5f,0x50,0x6f,0x73,0x69,
    0x74,0x69,0x6f,0x6e,0x20,0x5b,0x5b,0x70,0x6f,0x73,0x69,0x74,0x69,0x6f,0x6e,0x5d,
    0x5d,0x3b,0x0a,0x7d,0x3b,0x0a,0x0a,0x73,0x74,0x72,0x75,0x63,0x74,0x20,0x6d,0x61,
    0x69,0x6e,0x30,0x5f,0x69,0x6e,0x0a,0x7b,0x0a,0x20,0x20,0x20,0x20,0x66,0x6c,0x6f,
    0x61,0x74,0x33,0x20,0x70,0x6f,0x73,0x69,0x74,0x69,0x6f,0x6e,0x20,0x5b,0x5b,0x61,
    0x74,0x74,0x72,0x69,0x62,0x75,0x74,0x65,0x28,0x30,0x29,0x5d,0x5d,0x3b,0x0a,0x20,
    0x20,0x20,0x20,0x66,0x6c,0x6f,0x61,0x74,0x34,0x20,0x69,0x6e,0x73,0x74,0x43,0x6f,
    0x6c,0x30,0x20,0x5b,0x5b,0x61,0x74,0x74,0x72,0x69,0x62,0x75,0x74,0x65,0x28,0x31,
    0x29,0x5d,0x5d,0x3b,0x0a,0x20,0x20,0x20,0x20,0x66,0x6c,0x6f,0x61,0x74,0x34,0x20,
    0x69,0x6e,0x73,0x74,0x43,0x6f,0x6c,0x31,0x20,0x5b,0x5b,0x61,0x74,0x74,0x72,0x69,
    0x62,0x75,0x74,0x65,0x28,0x32,0x29,0x5d,0x5d,0x3b,0x0a,0x20,0x20,0x20,0x20,0x66,
    0x6c,0x6f,0x61,0x74,0x34,0x20,0x69,0x6e,0x73,0x74,0x43,0x6f,0x6c,0x32,0x20,0x5b,
    0x5b,0x61,0x74,0x74,0x72,0x69,0x62,0x75,0x74,0x65,0x28,0x33,0x29,0x5d,0x5d,0x3b,
    0x0a,0x20,0x20,0x20,0x20,0x66,0x6c,0x6f,0x61,0x74,0x34,0x20,0x69,0x6e,0x73,0x74,
    0x43,0x6f,0x6c,0x33,0x20,0x5b,0x5b,0x61,0x74,0x74,0x72,0x69,0x62,0x75,0x74,0x65,
    0x28,0x34,0x29,0x5d,0x5d,0x3b,0x0a,0x7d,0x3b,0x0a,0x0a,0x76,0x65,0x72,0x74,0x65,
    0x78,0x20,0x6d,0x61,0x69,0x6e,0x30,0x5f,0x6f,0x75,0x74,0x20,0x6d,0x61,0x69,0x6e,
    0x30,0x28,0x6d,0x61,0x69,0x6e,0x30,0x5f,0x69,0x6e,0x20,0x69,0x6e,0x20,0x5b,0x5b,
    0x73,0x74,0x61,0x67,0x65,0x5f,0x69,0x6e,0x5d,0x5d,0x2c,0x20,0x63,0x6f,0x6e,0x73,
    0x74,0x61,0x6e,0x74,0x20,0x69,0x6e,0x73,0x74,0x61,0x6e,0x63,0x65,0x64,0x33,0x64,
    0x5f,0x76,0x73,0x5f,0x70,0x61,0x72,0x61,0x6d,0x73,0x26,0x20,0x5f,0x35,0x33,0x20,
    0x5b,0x5b,0x62,0x75,0x66,0x66,0x65,0x72,0x28,0x30,0x29,0x5d,0x5d,0x29,0x0a,0x7b,
    0x0a,0x20,0x20,0x20,0x20,0x6d,0x61,0x69,0x6e,0x30,0x5f,0x6f,0x75,0x74,0x20,0x6f,
    0x75,0x74,0x20,0x3d,0x20,0x7b,0x7d,0x3b,0x0a,0x20,0x20,0x20,0x20,0x6f,0x75,0x74,
    0x2e,0x67,0x6c,0x5f,0x50,0x6f,0x73,0x69,0x74,0x69,0x6f,0x6e,0x20,0x3d,0x20,0x28,
    0x5f,0x35,0x33,0x2e,0x76,0x70,0x20,0x2a,0x20,0x66,0x6c,0x6f,0x61,0x74,0x34,0x78,
    0x34,0x28,0x69,0x6e,0x2e,0x69,0x6e,0x73,0x74,0x43,0x6f,0x6c,0x30,0x2c,0x20,0x69,
    0x6e,0x2e,0x69,0x6e,0x73,0x74,0x43,0x6f,0x6c,0x31,0x2c,0x20,0x69,0x6e,0x2e,0x69,
    0x6e,0x73,0x74,0x43,0x6f,0x6c,0x32,0x2c,0x20,0x69,0x6e,0x2e,0x69,0x6e,0x73,0x74,
    0x43,0x6f,0x6c,0x33,0x29,0x29,0x20,0x2a,0x20,0x66,0x6c,0x6f,0x61,0x74,0x34,0x28,
    0x69,0x6e,0x2e,0x70,0x6f,0x73,0x69,0x74,0x69,0x6f,0x6e,0x2c,0x20,0x31,0x2e,0x30,
    0x29,0x3b,0x0a,0x20,0x20,0x20,0x20,0x6f,0x75,0x74,0x2e,0x66,0x72,0x61,0x67,0x43,
    0x6f,0x6c,0x6f,0x72,0x20,0x3d,0x20,0x5f,0x35,0x33,0x2e,0x64,0x69,0x66,0x66,0x75,
    0x73,0x65,0x43,0x6f,0x6c,0x6f,0x72,0x3b,0x0a,0x20,0x20,0x20,0x20,0x72,0x65,0x74,
    0x75,0x72,0x6e,0x20,0x6f,0x75,0x74,0x3b,0x0a,0x7d,0x0a,0x0a,0x00,
};
#endif
/*
    #include <metal_stdlib>
    #include <simd/simd.h>

    using namespace metal;

    struct main0_out
    {
        float4 frag_color [[color(0)]];
    };

    struct main0_in
    {
        float4 fragColor [[user(locn0)]];
    };

    fragment main0_out main0(main0_in in [[stage_in]])
    {
        main0_out out = {};
        out.frag_color = in.fragColor;
        return out;
    }

*/
#if defined(SOKOL_METAL)
static const uint8_t cna_instanced3d_fs_source_metal_macos[323] = {
    0x23,0x69,0x6e,0x63,0x6c,0x75,0x64,0x65,0x20,0x3c,0x6d,0x65,0x74,0x61,0x6c,0x5f,
    0x73,0x74,0x64,0x6c,0x69,0x62,0x3e,0x0a,0x23,0x69,0x6e,0x63,0x6c,0x75,0x64,0x65,
    0x20,0x3c,0x73,0x69,0x6d,0x64,0x2f,0x73,0x69,0x6d,0x64,0x2e,0x68,0x3e,0x0a,0x0a,
    0x75,0x73,0x69,0x6e,0x67,0x20,0x6e,0x61,0x6d,0x65,0x73,0x70,0x61,0x63,0x65,0x20,
    0x6d,0x65,0x74,0x61,0x6c,0x3b,0x0a,0x0a,0x73,0x74,0x72,0x75,0x63,0x74,0x20,0x6d,
    0x61,0x69,0x6e,0x30,0x5f,0x6f,0x75,0x74,0x0a,0x7b,0x0a,0x20,0x20,0x20,0x20,0x66,
    0x6c,0x6f,0x61,0x74,0x34,0x20,0x66,0x72,0x61,0x67,0x5f,0x63,0x6f,0x6c,0x6f,0x72,
    0x20,0x5b,0x5b,0x63,0x6f,0x6c,0x6f,0x72,0x28,0x30,0x29,0x5d,0x5d,0x3b,0x0a,0x7d,
    0x3b,0x0a,0x0a,0x73,0x74,0x72,0x75,0x63,0x74,0x20,0x6d,0x61,0x69,0x6e,0x30,0x5f,
    0x69,0x6e,0x0a,0x7b,0x0a,0x20,0x20,0x20,0x20,0x66,0x6c,0x6f,0x61,0x74,0x34,0x20,
    0x66,0x72,0x61,0x67,0x43,0x6f,0x6c,0x6f,0x72,0x20,0x5b,0x5b,0x75,0x73,0x65,0x72,
    0x28,0x6c,0x6f,0x63,0x6e,0x30,0x29,0x5d,0x5d,0x3b,0x0a,0x7d,0x3b,0x0a,0x0a,0x66,
    0x72,0x61,0x67,0x6d,0x65,0x6e,0x74,0x20,0x6d,0x61,0x69,0x6e,0x30,0x5f,0x6f,0x75,
    0x74,0x20,0x6d,0x61,0x69,0x6e,0x30,0x28,0x6d,0x61,0x69,0x6e,0x30,0x5f,0x69,0x6e,
    0x20,0x69,0x6e,0x20,0x5b,0x5b,0x73,0x74,0x61,0x67,0x65,0x5f,0x69,0x6e,0x5d,0x5d,
    0x29,0x0a,0x7b,0x0a,0x20,0x20,0x20,0x20,0x6d,0x61,0x69,0x6e,0x30,0x5f,0x6f,0x75,
    0x74,0x20,0x6f,0x75,0x74,0x20,0x3d,0x20,0x7b,0x7d,0x3b,0x0a,0x20,0x20,0x20,0x20,
    0x6f,0x75,0x74,0x2e,0x66,0x72,0x61,0x67,0x5f,0x63,0x6f,0x6c,0x6f,0x72,0x20,0x3d,
    0x20,0x69,0x6e,0x2e,0x66,0x72,0x61,0x67,0x43,0x6f,0x6c,0x6f,0x72,0x3b,0x0a,0x20,
    0x20,0x20,0x20,0x72,0x65,0x74,0x75,0x72,0x6e,0x20,0x6f,0x75,0x74,0x3b,0x0a,0x7d,
    0x0a,0x0a,0x00,
};
#endif
/*
    diagnostic(off, derivative_uniformity);

    struct instanced3d_vs_params {
      /_ @offset(0) _/
      vp : mat4x4f,
      /_ @offset(64) _/
      diffuseColor : vec4f,
    }

    var<private> instCol0 : vec4f;

    var<private> instCol1 : vec4f;

    var<private> instCol2 : vec4f;

    var<private> instCol3 : vec4f;

    @binding(0) @group(0) var<uniform> x_53 : instanced3d_vs_params;

    var<private> position_1 : vec3f;

    var<private> fragColor : vec4f;

    var<private> gl_Position : vec4f;

    fn main_1() {
      gl_Position = ((x_53.vp * mat4x4f(instCol0, instCol1, instCol2, instCol3)) * vec4f(position_1.x, position_1.y, position_1.z, 1.0f));
      fragColor = x_53.diffuseColor;
      return;
    }

    struct main_out {
      @builtin(position)
      gl_Position : vec4f,
      @location(0)
      fragColor_1 : vec4f,
    }

    @vertex
    fn main(@location(1) instCol0_param : vec4f, @location(2) instCol1_param : vec4f, @location(3) instCol2_param : vec4f, @location(4) instCol3_param : vec4f, @location(0) position_1_param : vec3f) -> main_out {
      instCol0 = instCol0_param;
      instCol1 = instCol1_param;
      instCol2 = instCol2_param;
      instCol3 = instCol3_param;
      position_1 = position_1_param;
      main_1();
      return main_out(gl_Position, fragColor);
    }
*/
#if defined(SOKOL_WGPU)
static const uint8_t cna_instanced3d_vs_source_wgsl[1172] = {
    0x64,0x69,0x61,0x67,0x6e,0x6f,0x73,0x74,0x69,0x63,0x28,0x6f,0x66,0x66,0x2c,0x20,
    0x64,0x65,0x72,0x69,0x76,0x61,0x74,0x69,0x76,0x65,0x5f,0x75,0x6e,0x69,0x66,0x6f,
    0x72,0x6d,0x69,0x74,0x79,0x29,0x3b,0x0a,0x0a,0x73,0x74,0x72,0x75,0x63,0x74,0x20,
    0x69,0x6e,0x73,0x74,0x61,0x6e,0x63,0x65,0x64,0x33,0x64,0x5f,0x76,0x73,0x5f,0x70,
    0x61,0x72,0x61,0x6d,0x73,0x20,0x7b,0x0a,0x20,0x20,0x2f,0x2a,0x20,0x40,0x6f,0x66,
    0x66,0x73,0x65,0x74,0x28,0x30,0x29,0x20,0x2a,0x2f,0x0a,0x20,0x20,0x76,0x70,0x20,
    0x3a,0x20,0x6d,0x61,0x74,0x34,0x78,0x34,0x66,0x2c,0x0a,0x20,0x20,0x2f,0x2a,0x20,
    0x40,0x6f,0x66,0x66,0x73,0x65,0x74,0x28,0x36,0x34,0x29,0x20,0x2a,0x2f,0x0a,0x20,
    0x20,0x64,0x69,0x66,0x66,0x75,0x73,0x65,0x43,0x6f,0x6c,0x6f,0x72,0x20,0x3a,0x20,
    0x76,0x65,0x63,0x34,0x66,0x2c,0x0a,0x7d,0x0a,0x0a,0x76,0x61,0x72,0x3c,0x70,0x72,
    0x69,0x76,0x61,0x74,0x65,0x3e,0x20,0x69,0x6e,0x73,0x74,0x43,0x6f,0x6c,0x30,0x20,
    0x3a,0x20,0x76,0x65,0x63,0x34,0x66,0x3b,0x0a,0x0a,0x76,0x61,0x72,0x3c,0x70,0x72,
    0x69,0x76,0x61,0x74,0x65,0x3e,0x20,0x69,0x6e,0x73,0x74,0x43,0x6f,0x6c,0x31,0x20,
    0x3a,0x20,0x76,0x65,0x63,0x34,0x66,0x3b,0x0a,0x0a,0x76,0x61,0x72,0x3c,0x70,0x72,
    0x69,0x76,0x61,0x74,0x65,0x3e,0x20,0x69,0x6e,0x73,0x74,0x43,0x6f,0x6c,0x32,0x20,
    0x3a,0x20,0x76,0x65,0x63,0x34,0x66,0x3b,0x0a,0x0a,0x76,0x61,0x72,0x3c,0x70,0x72,
    0x69,0x76,0x61,0x74,0x65,0x3e,0x20,0x69,0x6e,0x73,0x74,0x43,0x6f,0x6c,0x33,0x20,
    0x3a,0x20,0x76,0x65,0x63,0x34,0x66,0x3b,0x0a,0x0a,0x40,0x62,0x69,0x6e,0x64,0x69,
    0x6e,0x67,0x28,0x30,0x29,0x20,0x40,0x67,0x72,0x6f,0x75,0x70,0x28,0x30,0x29,0x20,
    0x76,0x61,0x72,0x3c,0x75,0x6e,0x69,0x66,0x6f,0x72,0x6d,0x3e,0x20,0x78,0x5f,0x35,
    0x33,0x20,0x3a,0x20,0x69,0x6e,0x73,0x74,0x61,0x6e,0x63,0x65,0x64,0x33,0x64,0x5f,
    0x76,0x73,0x5f,0x70,0x61,0x72,0x61,0x6d,0x73,0x3b,0x0a,0x0a,0x76,0x61,0x72,0x3c,
    0x70,0x72,0x69,0x76,0x61,0x74,0x65,0x3e,0x20,0x70,0x6f,0x73,0x69,0x74,0x69,0x6f,
    0x6e,0x5f,0x31,0x20,0x3a,0x20,0x76,0x65,0x63,0x33,0x66,0x3b,0x0a,0x0a,0x76,0x61,
    0x72,0x3c,0x70,0x72,0x69,0x76,0x61,0x74,0x65,0x3e,0x20,0x66,0x72,0x61,0x67,0x43,
    0x6f,0x6c,0x6f,0x72,0x20,0x3a,0x20,0x76,0x65,0x63,0x34,0x66,0x3b,0x0a,0x0a,0x76,
    0x61,0x72,0x3c,0x70,0x72,0x69,0x76,0x61,0x74,0x65,0x3e,0x20,0x67,0x6c,0x5f,0x50,
    0x6f,0x73,0x69,0x74,0x69,0x6f,0x6e,0x20,0x3a,0x20,0x76,0x65,0x63,0x34,0x66,0x3b,
    0x0a,0x0a,0x66,0x6e,0x20,0x6d,0x61,0x69,0x6e,0x5f,0x31,0x28,0x29,0x20,0x7b,0x0a,
    0x20,0x20,0x67,0x6c,0x5f,0x50,0x6f,0x73,0x69,0x74,0x69,0x6f,0x6e,0x20,0x3d,0x20,
    0x28,0x28,0x78,0x5f,0x35,0x33,0x2e,0x76,0x70,0x20,0x2a,0x20,0x6d,0x61,0x74,0x34,
    0x78,0x34,0x66,0x28,0x69,0x6e,0x73,0x74,0x43,0x6f,0x6c,0x30,0x2c,0x20,0x69,0x6e,
    0x73,0x74,0x43,0x6f,0x6c,0x31,0x2c,0x20,0x69,0x6e,0x73,0x74,0x43,0x6f,0x6c,0x32,
    0x2c,0x20,0x69,0x6e,0x73,0x74,0x43,0x6f,0x6c,0x33,0x29,0x29,0x20,0x2a,0x20,0x76,
    0x65,0x63,0x34,0x66,0x28,0x70,0x6f,0x73,0x69,0x74,0x69,0x6f,0x6e,0x5f,0x31,0x2e,
    0x78,0x2c,0x20,0x70,0x6f,0x73,0x69,0x74,0x69,0x6f,0x6e,0x5f,0x31,0x2e,0x79,0x2c,
    0x20,0x70,0x6f,0x73,0x69,0x74,0x69,0x6f,0x6e,0x5f,0x31,0x2e,0x7a,0x2c,0x20,0x31,
    0x2e,0x30,0x66,0x29,0x29,0x3b,0x0a,0x20,0x20,0x66,0x72,0x61,0x67,0x43,0x6f,0x6c,
    0x6f,0x72,0x20,0x3d,0x20,0x78,0x5f,0x35,0x33,0x2e,0x64,0x69,0x66,0x66,0x75,0x73,
    0x65,0x43,0x6f,0x6c,0x6f,0x72,0x3b,0x0a,0x20,0x20,0x72,0x65,0x74,0x75,0x72,0x6e,
    0x3b,0x0a,0x7d,0x0a,0x0a,0x73,0x74,0x72,0x75,0x63,0x74,0x20,0x6d,0x61,0x69,0x6e,
    0x5f,0x6f,0x75,0x74,0x20,0x7b,0x0a,0x20,0x20,0x40,0x62,0x75,0x69,0x6c,0x74,0x69,
    0x6e,0x28,0x70,0x6f,0x73,0x69,0x74,0x69,0x6f,0x6e,0x29,0x0a,0x20,0x20,0x67,0x6c,
    0x5f,0x50,0x6f,0x73,0x69,0x74,0x69,0x6f,0x6e,0x20,0x3a,0x20,0x76,0x65,0x63,0x34,
    0x66,0x2c,0x0a,0x20,0x20,0x40,0x6c,0x6f,0x63,0x61,0x74,0x69,0x6f,0x6e,0x28,0x30,
    0x29,0x0a,0x20,0x20,0x66,0x72,0x61,0x67,0x43,0x6f,0x6c,0x6f,0x72,0x5f,0x31,0x20,
    0x3a,0x20,0x76,0x65,0x63,0x34,0x66,0x2c,0x0a,0x7d,0x0a,0x0a,0x40,0x76,0x65,0x72,
    0x74,0x65,0x78,0x0a,0x66,0x6e,0x20,0x6d,0x61,0x69,0x6e,0x28,0x40,0x6c,0x6f,0x63,
    0x61,0x74,0x69,0x6f,0x6e,0x28,0x31,0x29,0x20,0x69,0x6e,0x73,0x74,0x43,0x6f,0x6c,
    0x30,0x5f,0x70,0x61,0x72,0x61,0x6d,0x20,0x3a,0x20,0x76,0x65,0x63,0x34,0x66,0x2c,
    0x20,0x40,0x6c,0x6f,0x63,0x61,0x74,0x69,0x6f,0x6e,0x28,0x32,0x29,0x20,0x69,0x6e,
    0x73,0x74,0x43,0x6f,0x6c,0x31,0x5f,0x70,0x61,0x72,0x61,0x6d,0x20,0x3a,0x20,0x76,
    0x65,0x63,0x34,0x66,0x2c,0x20,0x40,0x6c,0x6f,0x63,0x61,0x74,0x69,0x6f,0x6e,0x28,
    0x33,0x29,0x20,0x69,0x6e,0x73,0x74,0x43,0x6f,0x6c,0x32,0x5f,0x70,0x61,0x72,0x61,
    0x6d,0x20,0x3a,0x20,0x76,0x65,0x63,0x34,0x66,0x2c,0x20,0x40,0x6c,0x6f,0x63,0x61,
    0x74,0x69,0x6f,0x6e,0x28,0x34,0x29,0x20,0x69,0x6e,0x73,0x74,0x43,0x6f,0x6c,0x33,
    0x5f,0x70,0x61,0x72,0x61,0x6d,0x20,0x3a,0x20,0x76,0x65,0x63,0x34,0x66,0x2c,0x20,
    0x40,0x6c,0x6f,0x63,0x61,0x74,0x69,0x6f,0x6e,0x28,0x30,0x29,0x20,0x70,0x6f,0x73,
    0x69,0x74,0x69,0x6f,0x6e,0x5f,0x31,0x5f,0x70,0x61,0x72,0x61,0x6d,0x20,0x3a,0x20,
    0x76,0x65,0x63,0x33,0x66,0x29,0x20,0x2d,0x3e,0x20,0x6d,0x61,0x69,0x6e,0x5f,0x6f,
    0x75,0x74,0x20,0x7b,0x0a,0x20,0x20,0x69,0x6e,0x73,0x74,0x43,0x6f,0x6c,0x30,0x20,
    0x3d,0x20,0x69,0x6e,0x73,0x74,0x43,0x6f,0x6c,0x30,0x5f,0x70,0x61,0x72,0x61,0x6d,
    0x3b,0x0a,0x20,0x20,0x69,0x6e,0x73,0x74,0x43,0x6f,0x6c,0x31,0x20,0x3d,0x20,0x69,
    0x6e,0x73,0x74,0x43,0x6f,0x6c,0x31,0x5f,0x70,0x61,0x72,0x61,0x6d,0x3b,0x0a,0x20,
    0x20,0x69,0x6e,0x73,0x74,0x43,0x6f,0x6c,0x32,0x20,0x3d,0x20,0x69,0x6e,0x73,0x74,
    0x43,0x6f,0x6c,0x32,0x5f,0x70,0x61,0x72,0x61,0x6d,0x3b,0x0a,0x20,0x20,0x69,0x6e,
    0x73,0x74,0x43,0x6f,0x6c,0x33,0x20,0x3d,0x20,0x69,0x6e,0x73,0x74,0x43,0x6f,0x6c,
    0x33,0x5f,0x70,0x61,0x72,0x61,0x6d,0x3b,0x0a,0x20,0x20,0x70,0x6f,0x73,0x69,0x74,
    0x69,0x6f,0x6e,0x5f,0x31,0x20,0x3d,0x20,0x70,0x6f,0x73,0x69,0x74,0x69,0x6f,0x6e,
    0x5f,0x31,0x5f,0x70,0x61,0x72,0x61,0x6d,0x3b,0x0a,0x20,0x20,0x6d,0x61,0x69,0x6e,
    0x5f,0x31,0x28,0x29,0x3b,0x0a,0x20,0x20,0x72,0x65,0x74,0x75,0x72,0x6e,0x20,0x6d,
    0x61,0x69,0x6e,0x5f,0x6f,0x75,0x74,0x28,0x67,0x6c,0x5f,0x50,0x6f,0x73,0x69,0x74,
    0x69,0x6f,0x6e,0x2c,0x20,0x66,0x72,0x61,0x67,0x43,0x6f,0x6c,0x6f,0x72,0x29,0x3b,
    0x0a,0x7d,0x0a,0x00,
};
#endif
/*
    diagnostic(off, derivative_uniformity);

    var<private> frag_color : vec4f;

    var<private> fragColor : vec4f;

    fn main_1() {
      frag_color = fragColor;
      return;
    }

    struct main_out {
      @location(0)
      frag_color_1 : vec4f,
    }

    @fragment
    fn main(@location(0) fragColor_param : vec4f) -> main_out {
      fragColor = fragColor_param;
      main_1();
      return main_out(frag_color);
    }
*/
#if defined(SOKOL_WGPU)
static const uint8_t cna_instanced3d_fs_source_wgsl[368] = {
    0x64,0x69,0x61,0x67,0x6e,0x6f,0x73,0x74,0x69,0x63,0x28,0x6f,0x66,0x66,0x2c,0x20,
    0x64,0x65,0x72,0x69,0x76,0x61,0x74,0x69,0x76,0x65,0x5f,0x75,0x6e,0x69,0x66,0x6f,
    0x72,0x6d,0x69,0x74,0x79,0x29,0x3b,0x0a,0x0a,0x76,0x61,0x72,0x3c,0x70,0x72,0x69,
    0x76,0x61,0x74,0x65,0x3e,0x20,0x66,0x72,0x61,0x67,0x5f,0x63,0x6f,0x6c,0x6f,0x72,
    0x20,0x3a,0x20,0x76,0x65,0x63,0x34,0x66,0x3b,0x0a,0x0a,0x76,0x61,0x72,0x3c,0x70,
    0x72,0x69,0x76,0x61,0x74,0x65,0x3e,0x20,0x66,0x72,0x61,0x67,0x43,0x6f,0x6c,0x6f,
    0x72,0x20,0x3a,0x20,0x76,0x65,0x63,0x34,0x66,0x3b,0x0a,0x0a,0x66,0x6e,0x20,0x6d,
    0x61,0x69,0x6e,0x5f,0x31,0x28,0x29,0x20,0x7b,0x0a,0x20,0x20,0x66,0x72,0x61,0x67,
    0x5f,0x63,0x6f,0x6c,0x6f,0x72,0x20,0x3d,0x20,0x66,0x72,0x61,0x67,0x43,0x6f,0x6c,
    0x6f,0x72,0x3b,0x0a,0x20,0x20,0x72,0x65,0x74,0x75,0x72,0x6e,0x3b,0x0a,0x7d,0x0a,
    0x0a,0x73,0x74,0x72,0x75,0x63,0x74,0x20,0x6d,0x61,0x69,0x6e,0x5f,0x6f,0x75,0x74,
    0x20,0x7b,0x0a,0x20,0x20,0x40,0x6c,0x6f,0x63,0x61,0x74,0x69,0x6f,0x6e,0x28,0x30,
    0x29,0x0a,0x20,0x20,0x66,0x72,0x61,0x67,0x5f,0x63,0x6f,0x6c,0x6f,0x72,0x5f,0x31,
    0x20,0x3a,0x20,0x76,0x65,0x63,0x34,0x66,0x2c,0x0a,0x7d,0x0a,0x0a,0x40,0x66,0x72,
    0x61,0x67,0x6d,0x65,0x6e,0x74,0x0a,0x66,0x6e,0x20,0x6d,0x61,0x69,0x6e,0x28,0x40,
    0x6c,0x6f,0x63,0x61,0x74,0x69,0x6f,0x6e,0x28,0x30,0x29,0x20,0x66,0x72,0x61,0x67,
    0x43,0x6f,0x6c,0x6f,0x72,0x5f,0x70,0x61,0x72,0x61,0x6d,0x20,0x3a,0x20,0x76,0x65,
    0x63,0x34,0x66,0x29,0x20,0x2d,0x3e,0x20,0x6d,0x61,0x69,0x6e,0x5f,0x6f,0x75,0x74,
    0x20,0x7b,0x0a,0x20,0x20,0x66,0x72,0x61,0x67,0x43,0x6f,0x6c,0x6f,0x72,0x20,0x3d,
    0x20,0x66,0x72,0x61,0x67,0x43,0x6f,0x6c,0x6f,0x72,0x5f,0x70,0x61,0x72,0x61,0x6d,
    0x3b,0x0a,0x20,0x20,0x6d,0x61,0x69,0x6e,0x5f,0x31,0x28,0x29,0x3b,0x0a,0x20,0x20,
    0x72,0x65,0x74,0x75,0x72,0x6e,0x20,0x6d,0x61,0x69,0x6e,0x5f,0x6f,0x75,0x74,0x28,
    0x66,0x72,0x61,0x67,0x5f,0x63,0x6f,0x6c,0x6f,0x72,0x29,0x3b,0x0a,0x7d,0x0a,0x00,

};
#endif
const sg_shader_desc* cna_instanced3d_shader_desc(sg_backend renderer) {
    #if defined(SOKOL_GLCORE)
    if (renderer == SG_BACKEND_GLCORE) {
        static sg_shader_desc desc;
        static bool valid;
        if (!valid) {
            valid = true;
            desc.vertex_func.source = (const char*)cna_instanced3d_vs_source_glsl410;
            desc.vertex_func.entry = "main";
            desc.fragment_func.source = (const char*)cna_instanced3d_fs_source_glsl410;
            desc.fragment_func.entry = "main";
            desc.attrs[0].base_type = SG_SHADERATTRBASETYPE_FLOAT;
            desc.attrs[0].glsl_name = "position";
            desc.attrs[1].base_type = SG_SHADERATTRBASETYPE_FLOAT;
            desc.attrs[1].glsl_name = "instCol0";
            desc.attrs[2].base_type = SG_SHADERATTRBASETYPE_FLOAT;
            desc.attrs[2].glsl_name = "instCol1";
            desc.attrs[3].base_type = SG_SHADERATTRBASETYPE_FLOAT;
            desc.attrs[3].glsl_name = "instCol2";
            desc.attrs[4].base_type = SG_SHADERATTRBASETYPE_FLOAT;
            desc.attrs[4].glsl_name = "instCol3";
            desc.uniform_blocks[0].stage = SG_SHADERSTAGE_VERTEX;
            desc.uniform_blocks[0].layout = SG_UNIFORMLAYOUT_STD140;
            desc.uniform_blocks[0].size = 80;
            desc.uniform_blocks[0].glsl_uniforms[0].type = SG_UNIFORMTYPE_FLOAT4;
            desc.uniform_blocks[0].glsl_uniforms[0].array_count = 5;
            desc.uniform_blocks[0].glsl_uniforms[0].glsl_name = "instanced3d_vs_params";
            desc.label = "cna_instanced3d_shader";
        }
        return &desc;
    }
    #endif /* SOKOL_GLCORE */
    #if defined(SOKOL_GLES3)
    if (renderer == SG_BACKEND_GLES3) {
        static sg_shader_desc desc;
        static bool valid;
        if (!valid) {
            valid = true;
            desc.vertex_func.source = (const char*)cna_instanced3d_vs_source_glsl300es;
            desc.vertex_func.entry = "main";
            desc.fragment_func.source = (const char*)cna_instanced3d_fs_source_glsl300es;
            desc.fragment_func.entry = "main";
            desc.attrs[0].base_type = SG_SHADERATTRBASETYPE_FLOAT;
            desc.attrs[0].glsl_name = "position";
            desc.attrs[1].base_type = SG_SHADERATTRBASETYPE_FLOAT;
            desc.attrs[1].glsl_name = "instCol0";
            desc.attrs[2].base_type = SG_SHADERATTRBASETYPE_FLOAT;
            desc.attrs[2].glsl_name = "instCol1";
            desc.attrs[3].base_type = SG_SHADERATTRBASETYPE_FLOAT;
            desc.attrs[3].glsl_name = "instCol2";
            desc.attrs[4].base_type = SG_SHADERATTRBASETYPE_FLOAT;
            desc.attrs[4].glsl_name = "instCol3";
            desc.uniform_blocks[0].stage = SG_SHADERSTAGE_VERTEX;
            desc.uniform_blocks[0].layout = SG_UNIFORMLAYOUT_STD140;
            desc.uniform_blocks[0].size = 80;
            desc.uniform_blocks[0].glsl_uniforms[0].type = SG_UNIFORMTYPE_FLOAT4;
            desc.uniform_blocks[0].glsl_uniforms[0].array_count = 5;
            desc.uniform_blocks[0].glsl_uniforms[0].glsl_name = "instanced3d_vs_params";
            desc.label = "cna_instanced3d_shader";
        }
        return &desc;
    }
    #endif /* SOKOL_GLES3 */
    #if defined(SOKOL_D3D11)
    if (renderer == SG_BACKEND_D3D11) {
        static sg_shader_desc desc;
        static bool valid;
        if (!valid) {
            valid = true;
            desc.vertex_func.source = (const char*)cna_instanced3d_vs_source_hlsl5;
            desc.vertex_func.d3d11_target = "vs_5_0";
            desc.vertex_func.entry = "main";
            desc.fragment_func.source = (const char*)cna_instanced3d_fs_source_hlsl5;
            desc.fragment_func.d3d11_target = "ps_5_0";
            desc.fragment_func.entry = "main";
            desc.attrs[0].base_type = SG_SHADERATTRBASETYPE_FLOAT;
            desc.attrs[0].hlsl_sem_name = "TEXCOORD";
            desc.attrs[0].hlsl_sem_index = 0;
            desc.attrs[1].base_type = SG_SHADERATTRBASETYPE_FLOAT;
            desc.attrs[1].hlsl_sem_name = "TEXCOORD";
            desc.attrs[1].hlsl_sem_index = 1;
            desc.attrs[2].base_type = SG_SHADERATTRBASETYPE_FLOAT;
            desc.attrs[2].hlsl_sem_name = "TEXCOORD";
            desc.attrs[2].hlsl_sem_index = 2;
            desc.attrs[3].base_type = SG_SHADERATTRBASETYPE_FLOAT;
            desc.attrs[3].hlsl_sem_name = "TEXCOORD";
            desc.attrs[3].hlsl_sem_index = 3;
            desc.attrs[4].base_type = SG_SHADERATTRBASETYPE_FLOAT;
            desc.attrs[4].hlsl_sem_name = "TEXCOORD";
            desc.attrs[4].hlsl_sem_index = 4;
            desc.uniform_blocks[0].stage = SG_SHADERSTAGE_VERTEX;
            desc.uniform_blocks[0].layout = SG_UNIFORMLAYOUT_STD140;
            desc.uniform_blocks[0].size = 80;
            desc.uniform_blocks[0].hlsl_register_b_n = 0;
            desc.label = "cna_instanced3d_shader";
        }
        return &desc;
    }
    #endif /* SOKOL_D3D11 */
    #if defined(SOKOL_METAL)
    if (renderer == SG_BACKEND_METAL_MACOS) {
        static sg_shader_desc desc;
        static bool valid;
        if (!valid) {
            valid = true;
            desc.vertex_func.source = (const char*)cna_instanced3d_vs_source_metal_macos;
            desc.vertex_func.entry = "main0";
            desc.fragment_func.source = (const char*)cna_instanced3d_fs_source_metal_macos;
            desc.fragment_func.entry = "main0";
            desc.attrs[0].base_type = SG_SHADERATTRBASETYPE_FLOAT;
            desc.attrs[1].base_type = SG_SHADERATTRBASETYPE_FLOAT;
            desc.attrs[2].base_type = SG_SHADERATTRBASETYPE_FLOAT;
            desc.attrs[3].base_type = SG_SHADERATTRBASETYPE_FLOAT;
            desc.attrs[4].base_type = SG_SHADERATTRBASETYPE_FLOAT;
            desc.uniform_blocks[0].stage = SG_SHADERSTAGE_VERTEX;
            desc.uniform_blocks[0].layout = SG_UNIFORMLAYOUT_STD140;
            desc.uniform_blocks[0].size = 80;
            desc.uniform_blocks[0].msl_buffer_n = 0;
            desc.label = "cna_instanced3d_shader";
        }
        return &desc;
    }
    #endif /* SOKOL_METAL */
    #if defined(SOKOL_WGPU)
    if (renderer == SG_BACKEND_WGPU) {
        static sg_shader_desc desc;
        static bool valid;
        if (!valid) {
            valid = true;
            desc.vertex_func.source = (const char*)cna_instanced3d_vs_source_wgsl;
            desc.vertex_func.entry = "main";
            desc.fragment_func.source = (const char*)cna_instanced3d_fs_source_wgsl;
            desc.fragment_func.entry = "main";
            desc.attrs[0].base_type = SG_SHADERATTRBASETYPE_FLOAT;
            desc.attrs[1].base_type = SG_SHADERATTRBASETYPE_FLOAT;
            desc.attrs[2].base_type = SG_SHADERATTRBASETYPE_FLOAT;
            desc.attrs[3].base_type = SG_SHADERATTRBASETYPE_FLOAT;
            desc.attrs[4].base_type = SG_SHADERATTRBASETYPE_FLOAT;
            desc.uniform_blocks[0].stage = SG_SHADERSTAGE_VERTEX;
            desc.uniform_blocks[0].layout = SG_UNIFORMLAYOUT_STD140;
            desc.uniform_blocks[0].size = 80;
            desc.uniform_blocks[0].wgsl_group0_binding_n = 0;
            desc.label = "cna_instanced3d_shader";
        }
        return &desc;
    }
    #endif /* SOKOL_WGPU */
    return 0;
}
#endif // SOKOL_SHDC_IMPL
/*
    #version:1# (machine generated, don't edit!)

    Generated by sokol-shdc (https://github.com/floooh/sokol-tools)

    Overview:
    =========
    Shader program: 'envmap3d':
        Get shader desc: cna_envmap3d_shader_desc(sg_query_backend());
        Vertex Shader: envmap3d_vs
        Fragment Shader: envmap3d_fs
        Attributes:
            ATTR_cna_envmap3d_position => 0
            ATTR_cna_envmap3d_normal => 1
            ATTR_cna_envmap3d_texcoord0 => 2
    Bindings:
        Uniform block 'envmap3d_vs_params':
            C struct: cna_envmap3d_vs_params_t
            Bind slot: UB_cna_envmap3d_vs_params => 0
        Uniform block 'envmap3d_fs_params':
            C struct: cna_envmap3d_fs_params_t
            Bind slot: UB_cna_envmap3d_fs_params => 2
        Texture 'tex':
            Image type: SG_IMAGETYPE_2D
            Sample type: SG_IMAGESAMPLETYPE_FLOAT
            Multisampled: false
            Bind slot: VIEW_cna_tex => 0
        Texture 'envTex':
            Image type: SG_IMAGETYPE_CUBE
            Sample type: SG_IMAGESAMPLETYPE_FLOAT
            Multisampled: false
            Bind slot: VIEW_cna_envTex => 1
        Sampler 'smp':
            Type: SG_SAMPLERTYPE_FILTERING
            Bind slot: SMP_cna_smp => 0
        Sampler 'envSmp':
            Type: SG_SAMPLERTYPE_FILTERING
            Bind slot: SMP_cna_envSmp => 1
*/
#if !defined(SOKOL_GFX_INCLUDED)
#error "Please include sokol_gfx.h before envmap3d.h"
#endif
#if !defined(SOKOL_SHDC_ALIGN)
#if defined(_MSC_VER)
#define SOKOL_SHDC_ALIGN(a) __declspec(align(a))
#else
#define SOKOL_SHDC_ALIGN(a) __attribute__((aligned(a)))
#endif
#endif
const sg_shader_desc* cna_envmap3d_shader_desc(sg_backend renderer);
#define ATTR_cna_envmap3d_position (0)
#define ATTR_cna_envmap3d_normal (1)
#define ATTR_cna_envmap3d_texcoord0 (2)
#define UB_cna_envmap3d_vs_params (0)
#define UB_cna_envmap3d_fs_params (2)
#define VIEW_cna_tex (0)
#define VIEW_cna_envTex (1)
#define SMP_cna_smp (0)
#define SMP_cna_envSmp (1)
#pragma pack(push,1)
SOKOL_SHDC_ALIGN(16) typedef struct cna_envmap3d_vs_params_t {
    float mvp[16];
    float world[16];
    float normalMatrix[16];
    float eyePosition[4];
    float flags[4];
    float fogVector[4];
} cna_envmap3d_vs_params_t;
#pragma pack(pop)
#pragma pack(push,1)
SOKOL_SHDC_ALIGN(16) typedef struct cna_envmap3d_fs_params_t {
    float diffuse[4];
    float emissiveColor[4];
    float light0Dir[4];
    float light0Diffuse[4];
    float light1Dir[4];
    float light1Diffuse[4];
    float light2Dir[4];
    float light2Diffuse[4];
    float envMapSpecular[4];
    float alphaTest[4];
    float fogColor[4];
    float rtFlipV[4];
} cna_envmap3d_fs_params_t;
#pragma pack(pop)
#if defined(SOKOL_SHDC_IMPL)
/*
    #version 410

    uniform vec4 envmap3d_vs_params[15];
    layout(location = 0) in vec3 position;
    layout(location = 1) in vec3 normal;
    layout(location = 3) out float fresnelBlend;
    layout(location = 2) out vec3 reflectDir;
    layout(location = 0) out vec3 worldNormal;
    layout(location = 1) out vec2 uv;
    layout(location = 2) in vec2 texcoord0;
    layout(location = 4) out float fogFactor;

    void main()
    {
        vec4 _31 = vec4(position, 1.0);
        gl_Position = mat4(envmap3d_vs_params[0], envmap3d_vs_params[1], envmap3d_vs_params[2], envmap3d_vs_params[3]) * _31;
        mat4 _50 = mat4(envmap3d_vs_params[8], envmap3d_vs_params[9], envmap3d_vs_params[10], envmap3d_vs_params[11]);
        vec3 _62 = normalize(mat3(_50[0].xyz, _50[1].xyz, _50[2].xyz) * normal);
        vec3 _71 = normalize(envmap3d_vs_params[12].xyz - (mat4(envmap3d_vs_params[4], envmap3d_vs_params[5], envmap3d_vs_params[6], envmap3d_vs_params[7]) * _31).xyz);
        float _87;
        if (envmap3d_vs_params[13].x > 0.5)
        {
            _87 = pow(max(1.0 - abs(dot(_71, _62)), 0.0), envmap3d_vs_params[13].y) * envmap3d_vs_params[13].z;
        }
        else
        {
            _87 = envmap3d_vs_params[13].z;
        }
        fresnelBlend = _87;
        reflectDir = reflect(-_71, _62);
        worldNormal = _62;
        uv = texcoord0;
        fogFactor = 1.0 - clamp(dot(_31, envmap3d_vs_params[14]), 0.0, 1.0);
    }

*/
#if defined(SOKOL_GLCORE)
static const uint8_t cna_envmap3d_vs_source_glsl410[1320] = {
    0x23,0x76,0x65,0x72,0x73,0x69,0x6f,0x6e,0x20,0x34,0x31,0x30,0x0a,0x0a,0x75,0x6e,
    0x69,0x66,0x6f,0x72,0x6d,0x20,0x76,0x65,0x63,0x34,0x20,0x65,0x6e,0x76,0x6d,0x61,
    0x70,0x33,0x64,0x5f,0x76,0x73,0x5f,0x70,0x61,0x72,0x61,0x6d,0x73,0x5b,0x31,0x35,
    0x5d,0x3b,0x0a,0x6c,0x61,0x79,0x6f,0x75,0x74,0x28,0x6c,0x6f,0x63,0x61,0x74,0x69,
    0x6f,0x6e,0x20,0x3d,0x20,0x30,0x29,0x20,0x69,0x6e,0x20,0x76,0x65,0x63,0x33,0x20,
    0x70,0x6f,0x73,0x69,0x74,0x69,0x6f,0x6e,0x3b,0x0a,0x6c,0x61,0x79,0x6f,0x75,0x74,
    0x28,0x6c,0x6f,0x63,0x61,0x74,0x69,0x6f,0x6e,0x20,0x3d,0x20,0x31,0x29,0x20,0x69,
    0x6e,0x20,0x76,0x65,0x63,0x33,0x20,0x6e,0x6f,0x72,0x6d,0x61,0x6c,0x3b,0x0a,0x6c,
    0x61,0x79,0x6f,0x75,0x74,0x28,0x6c,0x6f,0x63,0x61,0x74,0x69,0x6f,0x6e,0x20,0x3d,
    0x20,0x33,0x29,0x20,0x6f,0x75,0x74,0x20,0x66,0x6c,0x6f,0x61,0x74,0x20,0x66,0x72,
    0x65,0x73,0x6e,0x65,0x6c,0x42,0x6c,0x65,0x6e,0x64,0x3b,0x0a,0x6c,0x61,0x79,0x6f,
    0x75,0x74,0x28,0x6c,0x6f,0x63,0x61,0x74,0x69,0x6f,0x6e,0x20,0x3d,0x20,0x32,0x29,
    0x20,0x6f,0x75,0x74,0x20,0x76,0x65,0x63,0x33,0x20,0x72,0x65,0x66,0x6c,0x65,0x63,
    0x74,0x44,0x69,0x72,0x3b,0x0a,0x6c,0x61,0x79,0x6f,0x75,0x74,0x28,0x6c,0x6f,0x63,
    0x61,0x74,0x69,0x6f,0x6e,0x20,0x3d,0x20,0x30,0x29,0x20,0x6f,0x75,0x74,0x20,0x76,
    0x65,0x63,0x33,0x20,0x77,0x6f,0x72,0x6c,0x64,0x4e,0x6f,0x72,0x6d,0x61,0x6c,0x3b,
    0x0a,0x6c,0x61,0x79,0x6f,0x75,0x74,0x28,0x6c,0x6f,0x63,0x61,0x74,0x69,0x6f,0x6e,
    0x20,0x3d,0x20,0x31,0x29,0x20,0x6f,0x75,0x74,0x20,0x76,0x65,0x63,0x32,0x20,0x75,
    0x76,0x3b,0x0a,0x6c,0x61,0x79,0x6f,0x75,0x74,0x28,0x6c,0x6f,0x63,0x61,0x74,0x69,
    0x6f,0x6e,0x20,0x3d,0x20,0x32,0x29,0x20,0x69,0x6e,0x20,0x76,0x65,0x63,0x32,0x20,
    0x74,0x65,0x78,0x63,0x6f,0x6f,0x72,0x64,0x30,0x3b,0x0a,0x6c,0x61,0x79,0x6f,0x75,
    0x74,0x28,0x6c,0x6f,0x63,0x61,0x74,0x69,0x6f,0x6e,0x20,0x3d,0x20,0x34,0x29,0x20,
    0x6f,0x75,0x74,0x20,0x66,0x6c,0x6f,0x61,0x74,0x20,0x66,0x6f,0x67,0x46,0x61,0x63,
    0x74,0x6f,0x72,0x3b,0x0a,0x0a,0x76,0x6f,0x69,0x64,0x20,0x6d,0x61,0x69,0x6e,0x28,
    0x29,0x0a,0x7b,0x0a,0x20,0x20,0x20,0x20,0x76,0x65,0x63,0x34,0x20,0x5f,0x33,0x31,
    0x20,0x3d,0x20,0x76,0x65,0x63,0x34,0x28,0x70,0x6f,0x73,0x69,0x74,0x69,0x6f,0x6e,
    0x2c,0x20,0x31,0x2e,0x30,0x29,0x3b,0x0a,0x20,0x20,0x20,0x20,0x67,0x6c,0x5f,0x50,
    0x6f,0x73,0x69,0x74,0x69,0x6f,0x6e,0x20,0x3d,0x20,0x6d,0x61,0x74,0x34,0x28,0x65,
    0x6e,0x76,0x6d,0x61,0x70,0x33,0x64,0x5f,0x76,0x73,0x5f,0x70,0x61,0x72,0x61,0x6d,
    0x73,0x5b,0x30,0x5d,0x2c,0x20,0x65,0x6e,0x76,0x6d,0x61,0x70,0x33,0x64,0x5f,0x76,
    0x73,0x5f,0x70,0x61,0x72,0x61,0x6d,0x73,0x5b,0x31,0x5d,0x2c,0x20,0x65,0x6e,0x76,
    0x6d,0x61,0x70,0x33,0x64,0x5f,0x76,0x73,0x5f,0x70,0x61,0x72,0x61,0x6d,0x73,0x5b,
    0x32,0x5d,0x2c,0x20,0x65,0x6e,0x76,0x6d,0x61,0x70,0x33,0x64,0x5f,0x76,0x73,0x5f,
    0x70,0x61,0x72,0x61,0x6d,0x73,0x5b,0x33,0x5d,0x29,0x20,0x2a,0x20,0x5f,0x33,0x31,
    0x3b,0x0a,0x20,0x20,0x20,0x20,0x6d,0x61,0x74,0x34,0x20,0x5f,0x35,0x30,0x20,0x3d,
    0x20,0x6d,0x61,0x74,0x34,0x28,0x65,0x6e,0x76,0x6d,0x61,0x70,0x33,0x64,0x5f,0x76,
    0x73,0x5f,0x70,0x61,0x72,0x61,0x6d,0x73,0x5b,0x38,0x5d,0x2c,0x20,0x65,0x6e,0x76,
    0x6d,0x61,0x70,0x33,0x64,0x5f,0x76,0x73,0x5f,0x70,0x61,0x72,0x61,0x6d,0x73,0x5b,
    0x39,0x5d,0x2c,0x20,0x65,0x6e,0x76,0x6d,0x61,0x70,0x33,0x64,0x5f,0x76,0x73,0x5f,
    0x70,0x61,0x72,0x61,0x6d,0x73,0x5b,0x31,0x30,0x5d,0x2c,0x20,0x65,0x6e,0x76,0x6d,
    0x61,0x70,0x33,0x64,0x5f,0x76,0x73,0x5f,0x70,0x61,0x72,0x61,0x6d,0x73,0x5b,0x31,
    0x31,0x5d,0x29,0x3b,0x0a,0x20,0x20,0x20,0x20,0x76,0x65,0x63,0x33,0x20,0x5f,0x36,
    0x32,0x20,0x3d,0x20,0x6e,0x6f,0x72,0x6d,0x61,0x6c,0x69,0x7a,0x65,0x28,0x6d,0x61,
    0x74,0x33,0x28,0x5f,0x35,0x30,0x5b,0x30,0x5d,0x2e,0x78,0x79,0x7a,0x2c,0x20,0x5f,
    0x35,0x30,0x5b,0x31,0x5d,0x2e,0x78,0x79,0x7a,0x2c,0x20,0x5f,0x35,0x30,0x5b,0x32,
    0x5d,0x2e,0x78,0x79,0x7a,0x29,0x20,0x2a,0x20,0x6e,0x6f,0x72,0x6d,0x61,0x6c,0x29,
    0x3b,0x0a,0x20,0x20,0x20,0x20,0x76,0x65,0x63,0x33,0x20,0x5f,0x37,0x31,0x20,0x3d,
    0x20,0x6e,0x6f,0x72,0x6d,0x61,0x6c,0x69,0x7a,0x65,0x28,0x65,0x6e,0x76,0x6d,0x61,
    0x70,0x33,0x64,0x5f,0x76,0x73,0x5f,0x70,0x61,0x72,0x61,0x6d,0x73,0x5b,0x31,0x32,
    0x5d,0x2e,0x78,0x79,0x7a,0x20,0x2d,0x20,0x28,0x6d,0x61,0x74,0x34,0x28,0x65,0x6e,
    0x76,0x6d,0x61,0x70,0x33,0x64,0x5f,0x76,0x73,0x5f,0x70,0x61,0x72,0x61,0x6d,0x73,
    0x5b,0x34,0x5d,0x2c,0x20,0x65,0x6e,0x76,0x6d,0x61,0x70,0x33,0x64,0x5f,0x76,0x73,
    0x5f,0x70,0x61,0x72,0x61,0x6d,0x73,0x5b,0x35,0x5d,0x2c,0x20,0x65,0x6e,0x76,0x6d,
    0x61,0x70,0x33,0x64,0x5f,0x76,0x73,0x5f,0x70,0x61,0x72,0x61,0x6d,0x73,0x5b,0x36,
    0x5d,0x2c,0x20,0x65,0x6e,0x76,0x6d,0x61,0x70,0x33,0x64,0x5f,0x76,0x73,0x5f,0x70,
    0x61,0x72,0x61,0x6d,0x73,0x5b,0x37,0x5d,0x29,0x20,0x2a,0x20,0x5f,0x33,0x31,0x29,
    0x2e,0x78,0x79,0x7a,0x29,0x3b,0x0a,0x20,0x20,0x20,0x20,0x66,0x6c,0x6f,0x61,0x74,
    0x20,0x5f,0x38,0x37,0x3b,0x0a,0x20,0x20,0x20,0x20,0x69,0x66,0x20,0x28,0x65,0x6e,
    0x76,0x6d,0x61,0x70,0x33,0x64,0x5f,0x76,0x73,0x5f,0x70,0x61,0x72,0x61,0x6d,0x73,
    0x5b,0x31,0x33,0x5d,0x2e,0x78,0x20,0x3e,0x20,0x30,0x2e,0x35,0x29,0x0a,0x20,0x20,
    0x20,0x20,0x7b,0x0a,0x20,0x20,0x20,0x20,0x20,0x20,0x20,0x20,0x5f,0x38,0x37,0x20,
    0x3d,0x20,0x70,0x6f,0x77,0x28,0x6d,0x61,0x78,0x28,0x31,0x2e,0x30,0x20,0x2d,0x20,
    0x61,0x62,0x73,0x28,0x64,0x6f,0x74,0x28,0x5f,0x37,0x31,0x2c,0x20,0x5f,0x36,0x32,
    0x29,0x29,0x2c,0x20,0x30,0x2e,0x30,0x29,0x2c,0x20,0x65,0x6e,0x76,0x6d,0x61,0x70,
    0x33,0x64,0x5f,0x76,0x73,0x5f,0x70,0x61,0x72,0x61,0x6d,0x73,0x5b,0x31,0x33,0x5d,
    0x2e,0x79,0x29,0x20,0x2a,0x20,0x65,0x6e,0x76,0x6d,0x61,0x70,0x33,0x64,0x5f,0x76,
    0x73,0x5f,0x70,0x61,0x72,0x61,0x6d,0x73,0x5b,0x31,0x33,0x5d,0x2e,0x7a,0x3b,0x0a,
    0x20,0x20,0x20,0x20,0x7d,0x0a,0x20,0x20,0x20,0x20,0x65,0x6c,0x73,0x65,0x0a,0x20,
    0x20,0x20,0x20,0x7b,0x0a,0x20,0x20,0x20,0x20,0x20,0x20,0x20,0x20,0x5f,0x38,0x37,
    0x20,0x3d,0x20,0x65,0x6e,0x76,0x6d,0x61,0x70,0x33,0x64,0x5f,0x76,0x73,0x5f,0x70,
    0x61,0x72,0x61,0x6d,0x73,0x5b,0x31,0x33,0x5d,0x2e,0x7a,0x3b,0x0a,0x20,0x20,0x20,
    0x20,0x7d,0x0a,0x20,0x20,0x20,0x20,0x66,0x72,0x65,0x73,0x6e,0x65,0x6c,0x42,0x6c,
    0x65,0x6e,0x64,0x20,0x3d,0x20,0x5f,0x38,0x37,0x3b,0x0a,0x20,0x20,0x20,0x20,0x72,
    0x65,0x66,0x6c,0x65,0x63,0x74,0x44,0x69,0x72,0x20,0x3d,0x20,0x72,0x65,0x66,0x6c,
    0x65,0x63,0x74,0x28,0x2d,0x5f,0x37,0x31,0x2c,0x20,0x5f,0x36,0x32,0x29,0x3b,0x0a,
    0x20,0x20,0x20,0x20,0x77,0x6f,0x72,0x6c,0x64,0x4e,0x6f,0x72,0x6d,0x61,0x6c,0x20,
    0x3d,0x20,0x5f,0x36,0x32,0x3b,0x0a,0x20,0x20,0x20,0x20,0x75,0x76,0x20,0x3d,0x20,
    0x74,0x65,0x78,0x63,0x6f,0x6f,0x72,0x64,0x30,0x3b,0x0a,0x20,0x20,0x20,0x20,0x66,
    0x6f,0x67,0x46,0x61,0x63,0x74,0x6f,0x72,0x20,0x3d,0x20,0x31,0x2e,0x30,0x20,0x2d,
    0x20,0x63,0x6c,0x61,0x6d,0x70,0x28,0x64,0x6f,0x74,0x28,0x5f,0x33,0x31,0x2c,0x20,
    0x65,0x6e,0x76,0x6d,0x61,0x70,0x33,0x64,0x5f,0x76,0x73,0x5f,0x70,0x61,0x72,0x61,
    0x6d,0x73,0x5b,0x31,0x34,0x5d,0x29,0x2c,0x20,0x30,0x2e,0x30,0x2c,0x20,0x31,0x2e,
    0x30,0x29,0x3b,0x0a,0x7d,0x0a,0x0a,0x00,
};
#endif
/*
    #version 410

    uniform vec4 envmap3d_fs_params[12];
    uniform sampler2D tex_smp;
    uniform samplerCube envTex_envSmp;

    layout(location = 0) in vec3 worldNormal;
    layout(location = 1) in vec2 uv;
    layout(location = 2) in vec3 reflectDir;
    layout(location = 3) in float fresnelBlend;
    layout(location = 0) out vec4 frag_color;
    layout(location = 4) in float fogFactor;

    void main()
    {
        vec3 _13 = normalize(worldNormal);
        vec4 _118 = texture(tex_smp, vec2(uv.x, mix(uv.y, 1.0 - uv.y, envmap3d_fs_params[11].x)));
        vec4 _130 = texture(envTex_envSmp, reflectDir);
        float _142 = envmap3d_fs_params[0].w * _118.w;
        frag_color = vec4(mix((((((envmap3d_fs_params[3].xyz * max(dot(_13, -envmap3d_fs_params[2].xyz), 0.0)) + (envmap3d_fs_params[5].xyz * max(dot(_13, -envmap3d_fs_params[4].xyz), 0.0))) + (envmap3d_fs_params[7].xyz * max(dot(_13, -envmap3d_fs_params[6].xyz), 0.0))) * envmap3d_fs_params[0].xyz) + envmap3d_fs_params[1].xyz) * _118.xyz, _130.xyz * _142, vec3(fresnelBlend)) + ((envmap3d_fs_params[8].xyz * _130.w) * _142), _142);
        float _177;
        if (envmap3d_fs_params[9].y > 0.0)
        {
            float _190;
            if (abs(frag_color.w - envmap3d_fs_params[9].x) < envmap3d_fs_params[9].y)
            {
                _190 = envmap3d_fs_params[9].z;
            }
            else
            {
                _190 = envmap3d_fs_params[9].w;
            }
            _177 = _190;
        }
        else
        {
            float _206;
            if (frag_color.w < envmap3d_fs_params[9].x)
            {
                _206 = envmap3d_fs_params[9].z;
            }
            else
            {
                _206 = envmap3d_fs_params[9].w;
            }
            _177 = _206;
        }
        if (_177 < 0.0)
        {
            discard;
        }
        vec4 _225 = frag_color;
        vec3 _230 = mix(envmap3d_fs_params[10].xyz, _225.xyz, vec3(fogFactor));
        frag_color.x = _230.x;
        frag_color.y = _230.y;
        frag_color.z = _230.z;
    }

*/
#if defined(SOKOL_GLCORE)
static const uint8_t cna_envmap3d_fs_source_glsl410[1864] = {
    0x23,0x76,0x65,0x72,0x73,0x69,0x6f,0x6e,0x20,0x34,0x31,0x30,0x0a,0x0a,0x75,0x6e,
    0x69,0x66,0x6f,0x72,0x6d,0x20,0x76,0x65,0x63,0x34,0x20,0x65,0x6e,0x76,0x6d,0x61,
    0x70,0x33,0x64,0x5f,0x66,0x73,0x5f,0x70,0x61,0x72,0x61,0x6d,0x73,0x5b,0x31,0x32,
    0x5d,0x3b,0x0a,0x75,0x6e,0x69,0x66,0x6f,0x72,0x6d,0x20,0x73,0x61,0x6d,0x70,0x6c,
    0x65,0x72,0x32,0x44,0x20,0x74,0x65,0x78,0x5f,0x73,0x6d,0x70,0x3b,0x0a,0x75,0x6e,
    0x69,0x66,0x6f,0x72,0x6d,0x20,0x73,0x61,0x6d,0x70,0x6c,0x65,0x72,0x43,0x75,0x62,
    0x65,0x20,0x65,0x6e,0x76,0x54,0x65,0x78,0x5f,0x65,0x6e,0x76,0x53,0x6d,0x70,0x3b,
    0x0a,0x0a,0x6c,0x61,0x79,0x6f,0x75,0x74,0x28,0x6c,0x6f,0x63,0x61,0x74,0x69,0x6f,
    0x6e,0x20,0x3d,0x20,0x30,0x29,0x20,0x69,0x6e,0x20,0x76,0x65,0x63,0x33,0x20,0x77,
    0x6f,0x72,0x6c,0x64,0x4e,0x6f,0x72,0x6d,0x61,0x6c,0x3b,0x0a,0x6c,0x61,0x79,0x6f,
    0x75,0x74,0x28,0x6c,0x6f,0x63,0x61,0x74,0x69,0x6f,0x6e,0x20,0x3d,0x20,0x31,0x29,
    0x20,0x69,0x6e,0x20,0x76,0x65,0x63,0x32,0x20,0x75,0x76,0x3b,0x0a,0x6c,0x61,0x79,
    0x6f,0x75,0x74,0x28,0x6c,0x6f,0x63,0x61,0x74,0x69,0x6f,0x6e,0x20,0x3d,0x20,0x32,
    0x29,0x20,0x69,0x6e,0x20,0x76,0x65,0x63,0x33,0x20,0x72,0x65,0x66,0x6c,0x65,0x63,
    0x74,0x44,0x69,0x72,0x3b,0x0a,0x6c,0x61,0x79,0x6f,0x75,0x74,0x28,0x6c,0x6f,0x63,
    0x61,0x74,0x69,0x6f,0x6e,0x20,0x3d,0x20,0x33,0x29,0x20,0x69,0x6e,0x20,0x66,0x6c,
    0x6f,0x61,0x74,0x20,0x66,0x72,0x65,0x73,0x6e,0x65,0x6c,0x42,0x6c,0x65,0x6e,0x64,
    0x3b,0x0a,0x6c,0x61,0x79,0x6f,0x75,0x74,0x28,0x6c,0x6f,0x63,0x61,0x74,0x69,0x6f,
    0x6e,0x20,0x3d,0x20,0x30,0x29,0x20,0x6f,0x75,0x74,0x20,0x76,0x65,0x63,0x34,0x20,
    0x66,0x72,0x61,0x67,0x5f,0x63,0x6f,0x6c,0x6f,0x72,0x3b,0x0a,0x6c,0x61,0x79,0x6f,
    0x75,0x74,0x28,0x6c,0x6f,0x63,0x61,0x74,0x69,0x6f,0x6e,0x20,0x3d,0x20,0x34,0x29,
    0x20,0x69,0x6e,0x20,0x66,0x6c,0x6f,0x61,0x74,0x20,0x66,0x6f,0x67,0x46,0x61,0x63,
    0x74,0x6f,0x72,0x3b,0x0a,0x0a,0x76,0x6f,0x69,0x64,0x20,0x6d,0x61,0x69,0x6e,0x28,
    0x29,0x0a,0x7b,0x0a,0x20,0x20,0x20,0x20,0x76,0x65,0x63,0x33,0x20,0x5f,0x31,0x33,
    0x20,0x3d,0x20,0x6e,0x6f,0x72,0x6d,0x61,0x6c,0x69,0x7a,0x65,0x28,0x77,0x6f,0x72,
    0x6c,0x64,0x4e,0x6f,0x72,0x6d,0x61,0x6c,0x29,0x3b,0x0a,0x20,0x20,0x20,0x20,0x76,
    0x65,0x63,0x34,0x20,0x5f,0x31,0x31,0x38,0x20,0x3d,0x20,0x74,0x65,0x78,0x74,0x75,
    0x72,0x65,0x28,0x74,0x65,0x78,0x5f,0x73,0x6d,0x70,0x2c,0x20,0x76,0x65,0x63,0x32,
    0x28,0x75,0x76,0x2e,0x78,0x2c,0x20,0x6d,0x69,0x78,0x28,0x75,0x76,0x2e,0x79,0x2c,
    0x20,0x31,0x2e,0x30,0x20,0x2d,0x20,0x75,0x76,0x2e,0x79,0x2c,0x20,0x65,0x6e,0x76,
    0x6d,0x61,0x70,0x33,0x64,0x5f,0x66,0x73,0x5f,0x70,0x61,0x72,0x61,0x6d,0x73,0x5b,
    0x31,0x31,0x5d,0x2e,0x78,0x29,0x29,0x29,0x3b,0x0a,0x20,0x20,0x20,0x20,0x76,0x65,
    0x63,0x34,0x20,0x5f,0x31,0x33,0x30,0x20,0x3d,0x20,0x74,0x65,0x78,0x74,0x75,0x72,
    0x65,0x28,0x65,0x6e,0x76,0x54,0x65,0x78,0x5f,0x65,0x6e,0x76,0x53,0x6d,0x70,0x2c,
    0x20,0x72,0x65,0x66,0x6c,0x65,0x63,0x74,0x44,0x69,0x72,0x29,0x3b,0x0a,0x20,0x20,
    0x20,0x20,0x66,0x6c,0x6f,0x61,0x74,0x20,0x5f,0x31,0x34,0x32,0x20,0x3d,0x20,0x65,
    0x6e,0x76,0x6d,0x61,0x70,0x33,0x64,0x5f,0x66,0x73,0x5f,0x70,0x61,0x72,0x61,0x6d,
    0x73,0x5b,0x30,0x5d,0x2e,0x77,0x20,0x2a,0x20,0x5f,0x31,0x31,0x38,0x2e,0x77,0x3b,
    0x0a,0x20,0x20,0x20,0x20,0x66,0x72,0x61,0x67,0x5f,0x63,0x6f,0x6c,0x6f,0x72,0x20,
    0x3d,0x20,0x76,0x65,0x63,0x34,0x28,0x6d,0x69,0x78,0x28,0x28,0x28,0x28,0x28,0x28,
    0x65,0x6e,0x76,0x6d,0x61,0x70,0x33,0x64,0x5f,0x66,0x73,0x5f,0x70,0x61,0x72,0x61,
    0x6d,0x73,0x5b,0x33,0x5d,0x2e,0x78,0x79,0x7a,0x20,0x2a,0x20,0x6d,0x61,0x78,0x28,
    0x64,0x6f,0x74,0x28,0x5f,0x31,0x33,0x2c,0x20,0x2d,0x65,0x6e,0x76,0x6d,0x61,0x70,
    0x33,0x64,0x5f,0x66,0x73,0x5f,0x70,0x61,0x72,0x61,0x6d,0x73,0x5b,0x32,0x5d,0x2e,
    0x78,0x79,0x7a,0x29,0x2c,0x20,0x30,0x2e,0x30,0x29,0x29,0x20,0x2b,0x20,0x28,0x65,
    0x6e,0x76,0x6d,0x61,0x70,0x33,0x64,0x5f,0x66,0x73,0x5f,0x70,0x61,0x72,0x61,0x6d,
    0x73,0x5b,0x35,0x5d,0x2e,0x78,0x79,0x7a,0x20,0x2a,0x20,0x6d,0x61,0x78,0x28,0x64,
    0x6f,0x74,0x28,0x5f,0x31,0x33,0x2c,0x20,0x2d,0x65,0x6e,0x76,0x6d,0x61,0x70,0x33,
    0x64,0x5f,0x66,0x73,0x5f,0x70,0x61,0x72,0x61,0x6d,0x73,0x5b,0x34,0x5d,0x2e,0x78,
    0x79,0x7a,0x29,0x2c,0x20,0x30,0x2e,0x30,0x29,0x29,0x29,0x20,0x2b,0x20,0x28,0x65,
    0x6e,0x76,0x6d,0x61,0x70,0x33,0x64,0x5f,0x66,0x73,0x5f,0x70,0x61,0x72,0x61,0x6d,
    0x73,0x5b,0x37,0x5d,0x2e,0x78,0x79,0x7a,0x20,0x2a,0x20,0x6d,0x61,0x78,0x28,0x64,
    0x6f,0x74,0x28,0x5f,0x31,0x33,0x2c,0x20,0x2d,0x65,0x6e,0x76,0x6d,0x61,0x70,0x33,
    0x64,0x5f,0x66,0x73,0x5f,0x70,0x61,0x72,0x61,0x6d,0x73,0x5b,0x36,0x5d,0x2e,0x78,
    0x79,0x7a,0x29,0x2c,0x20,0x30,0x2e,0x30,0x29,0x29,0x29,0x20,0x2a,0x20,0x65,0x6e,
    0x76,0x6d,0x61,0x70,0x33,0x64,0x5f,0x66,0x73,0x5f,0x70,0x61,0x72,0x61,0x6d,0x73,
    0x5b,0x30,0x5d,0x2e,0x78,0x79,0x7a,0x29,0x20,0x2b,0x20,0x65,0x6e,0x76,0x6d,0x61,
    0x70,0x33,0x64,0x5f,0x66,0x73,0x5f,0x70,0x61,0x72,0x61,0x6d,0x73,0x5b,0x31,0x5d,
    0x2e,0x78,0x79,0x7a,0x29,0x20,0x2a,0x20,0x5f,0x31,0x31,0x38,0x2e,0x78,0x79,0x7a,
    0x2c,0x20,0x5f,0x31,0x33,0x30,0x2e,0x78,0x79,0x7a,0x20,0x2a,0x20,0x5f,0x31,0x34,
    0x32,0x2c,0x20,0x76,0x65,0x63,0x33,0x28,0x66,0x72,0x65,0x73,0x6e,0x65,0x6c,0x42,
    0x6c,0x65,0x6e,0x64,0x29,0x29,0x20,0x2b,0x20,0x28,0x28,0x65,0x6e,0x76,0x6d,0x61,
    0x70,0x33,0x64,0x5f,0x66,0x73,0x5f,0x70,0x61,0x72,0x61,0x6d,0x73,0x5b,0x38,0x5d,
    0x2e,0x78,0x79,0x7a,0x20,0x2a,0x20,0x5f,0x31,0x33,0x30,0x2e,0x77,0x29,0x20,0x2a,
    0x20,0x5f,0x31,0x34,0x32,0x29,0x2c,0x20,0x5f,0x31,0x34,0x32,0x29,0x3b,0x0a,0x20,
    0x20,0x20,0x20,0x66,0x6c,0x6f,0x61,0x74,0x20,0x5f,0x31,0x37,0x37,0x3b,0x0a,0x20,
    0x20,0x20,0x20,0x69,0x66,0x20,0x28,0x65,0x6e,0x76,0x6d,0x61,0x70,0x33,0x64,0x5f,
    0x66,0x73,0x5f,0x70,0x61,0x72,0x61,0x6d,0x73,0x5b,0x39,0x5d,0x2e,0x79,0x20,0x3e,
    0x20,0x30,0x2e,0x30,0x29,0x0a,0x20,0x20,0x20,0x20,0x7b,0x0a,0x20,0x20,0x20,0x20,
    0x20,0x20,0x20,0x20,0x66,0x6c,0x6f,0x61,0x74,0x20,0x5f,0x31,0x39,0x30,0x3b,0x0a,
    0x20,0x20,0x20,0x20,0x20,0x20,0x20,0x20,0x69,0x66,0x20,0x28,0x61,0x62,0x73,0x28,
    0x66,0x72,0x61,0x67,0x5f,0x63,0x6f,0x6c,0x6f,0x72,0x2e,0x77,0x20,0x2d,0x20,0x65,
    0x6e,0x76,0x6d,0x61,0x70,0x33,0x64,0x5f,0x66,0x73,0x5f,0x70,0x61,0x72,0x61,0x6d,
    0x73,0x5b,0x39,0x5d,0x2e,0x78,0x29,0x20,0x3c,0x20,0x65,0x6e,0x76,0x6d,0x61,0x70,
    0x33,0x64,0x5f,0x66,0x73,0x5f,0x70,0x61,0x72,0x61,0x6d,0x73,0x5b,0x39,0x5d,0x2e,
    0x79,0x29,0x0a,0x20,0x20,0x20,0x20,0x20,0x20,0x20,0x20,0x7b,0x0a,0x20,0x20,0x20,
    0x20,0x20,0x20,0x20,0x20,0x20,0x20,0x20,0x20,0x5f,0x31,0x39,0x30,0x20,0x3d,0x20,
    0x65,0x6e,0x76,0x6d,0x61,0x70,0x33,0x64,0x5f,0x66,0x73,0x5f,0x70,0x61,0x72,0x61,
    0x6d,0x73,0x5b,0x39,0x5d,0x2e,0x7a,0x3b,0x0a,0x20,0x20,0x20,0x20,0x20,0x20,0x20,
    0x20,0x7d,0x0a,0x20,0x20,0x20,0x20,0x20,0x20,0x20,0x20,0x65,0x6c,0x73,0x65,0x0a,
    0x20,0x20,0x20,0x20,0x20,0x20,0x20,0x20,0x7b,0x0a,0x20,0x20,0x20,0x20,0x20,0x20,
    0x20,0x20,0x20,0x20,0x20,0x20,0x5f,0x31,0x39,0x30,0x20,0x3d,0x20,0x65,0x6e,0x76,
    0x6d,0x61,0x70,0x33,0x64,0x5f,0x66,0x73,0x5f,0x70,0x61,0x72,0x61,0x6d,0x73,0x5b,
    0x39,0x5d,0x2e,0x77,0x3b,0x0a,0x20,0x20,0x20,0x20,0x20,0x20,0x20,0x20,0x7d,0x0a,
    0x20,0x20,0x20,0x20,0x20,0x20,0x20,0x20,0x5f,0x31,0x37,0x37,0x20,0x3d,0x20,0x5f,
    0x31,0x39,0x30,0x3b,0x0a,0x20,0x20,0x20,0x20,0x7d,0x0a,0x20,0x20,0x20,0x20,0x65,
    0x6c,0x73,0x65,0x0a,0x20,0x20,0x20,0x20,0x7b,0x0a,0x20,0x20,0x20,0x20,0x20,0x20,
    0x20,0x20,0x66,0x6c,0x6f,0x61,0x74,0x20,0x5f,0x32,0x30,0x36,0x3b,0x0a,0x20,0x20,
    0x20,0x20,0x20,0x20,0x20,0x20,0x69,0x66,0x20,0x28,0x66,0x72,0x61,0x67,0x5f,0x63,
    0x6f,0x6c,0x6f,0x72,0x2e,0x77,0x20,0x3c,0x20,0x65,0x6e,0x76,0x6d,0x61,0x70,0x33,
    0x64,0x5f,0x66,0x73,0x5f,0x70,0x61,0x72,0x61,0x6d,0x73,0x5b,0x39,0x5d,0x2e,0x78,
    0x29,0x0a,0x20,0x20,0x20,0x20,0x20,0x20,0x20,0x20,0x7b,0x0a,0x20,0x20,0x20,0x20,
    0x20,0x20,0x20,0x20,0x20,0x20,0x20,0x20,0x5f,0x32,0x30,0x36,0x20,0x3d,0x20,0x65,
    0x6e,0x76,0x6d,0x61,0x70,0x33,0x64,0x5f,0x66,0x73,0x5f,0x70,0x61,0x72,0x61,0x6d,
    0x73,0x5b,0x39,0x5d,0x2e,0x7a,0x3b,0x0a,0x20,0x20,0x20,0x20,0x20,0x20,0x20,0x20,
    0x7d,0x0a,0x20,0x20,0x20,0x20,0x20,0x20,0x20,0x20,0x65,0x6c,0x73,0x65,0x0a,0x20,
    0x20,0x20,0x20,0x20,0x20,0x20,0x20,0x7b,0x0a,0x20,0x20,0x20,0x20,0x20,0x20,0x20,
    0x20,0x20,0x20,0x20,0x20,0x5f,0x32,0x30,0x36,0x20,0x3d,0x20,0x65,0x6e,0x76,0x6d,
    0x61,0x70,0x33,0x64,0x5f,0x66,0x73,0x5f,0x70,0x61,0x72,0x61,0x6d,0x73,0x5b,0x39,
    0x5d,0x2e,0x77,0x3b,0x0a,0x20,0x20,0x20,0x20,0x20,0x20,0x20,0x20,0x7d,0x0a,0x20,
    0x20,0x20,0x20,0x20,0x20,0x20,0x20,0x5f,0x31,0x37,0x37,0x20,0x3d,0x20,0x5f,0x32,
    0x30,0x36,0x3b,0x0a,0x20,0x20,0x20,0x20,0x7d,0x0a,0x20,0x20,0x20,0x20,0x69,0x66,
    0x20,0x28,0x5f,0x31,0x37,0x37,0x20,0x3c,0x20,0x30,0x2e,0x30,0x29,0x0a,0x20,0x20,
    0x20,0x20,0x7b,0x0a,0x20,0x20,0x20,0x20,0x20,0x20,0x20,0x20,0x64,0x69,0x73,0x63,
    0x61,0x72,0x64,0x3b,0x0a,0x20,0x20,0x20,0x20,0x7d,0x0a,0x20,0x20,0x20,0x20,0x76,
    0x65,0x63,0x34,0x20,0x5f,0x32,0x32,0x35,0x20,0x3d,0x20,0x66,0x72,0x61,0x67,0x5f,
    0x63,0x6f,0x6c,0x6f,0x72,0x3b,0x0a,0x20,0x20,0x20,0x20,0x76,0x65,0x63,0x33,0x20,
    0x5f,0x32,0x33,0x30,0x20,0x3d,0x20,0x6d,0x69,0x78,0x28,0x65,0x6e,0x76,0x6d,0x61,
    0x70,0x33,0x64,0x5f,0x66,0x73,0x5f,0x70,0x61,0x72,0x61,0x6d,0x73,0x5b,0x31,0x30,
    0x5d,0x2e,0x78,0x79,0x7a,0x2c,0x20,0x5f,0x32,0x32,0x35,0x2e,0x78,0x79,0x7a,0x2c,
    0x20,0x76,0x65,0x63,0x33,0x28,0x66,0x6f,0x67,0x46,0x61,0x63,0x74,0x6f,0x72,0x29,
    0x29,0x3b,0x0a,0x20,0x20,0x20,0x20,0x66,0x72,0x61,0x67,0x5f,0x63,0x6f,0x6c,0x6f,
    0x72,0x2e,0x78,0x20,0x3d,0x20,0x5f,0x32,0x33,0x30,0x2e,0x78,0x3b,0x0a,0x20,0x20,
    0x20,0x20,0x66,0x72,0x61,0x67,0x5f,0x63,0x6f,0x6c,0x6f,0x72,0x2e,0x79,0x20,0x3d,
    0x20,0x5f,0x32,0x33,0x30,0x2e,0x79,0x3b,0x0a,0x20,0x20,0x20,0x20,0x66,0x72,0x61,
    0x67,0x5f,0x63,0x6f,0x6c,0x6f,0x72,0x2e,0x7a,0x20,0x3d,0x20,0x5f,0x32,0x33,0x30,
    0x2e,0x7a,0x3b,0x0a,0x7d,0x0a,0x0a,0x00,
};
#endif
/*
    #version 300 es

    uniform vec4 envmap3d_vs_params[15];
    layout(location = 0) in vec3 position;
    layout(location = 1) in vec3 normal;
    out float fresnelBlend;
    out vec3 reflectDir;
    out vec3 worldNormal;
    out vec2 uv;
    layout(location = 2) in vec2 texcoord0;
    out float fogFactor;

    void main()
    {
        vec4 _31 = vec4(position, 1.0);
        gl_Position = mat4(envmap3d_vs_params[0], envmap3d_vs_params[1], envmap3d_vs_params[2], envmap3d_vs_params[3]) * _31;
        mat4 _50 = mat4(envmap3d_vs_params[8], envmap3d_vs_params[9], envmap3d_vs_params[10], envmap3d_vs_params[11]);
        vec3 _62 = normalize(mat3(_50[0].xyz, _50[1].xyz, _50[2].xyz) * normal);
        vec3 _71 = normalize(envmap3d_vs_params[12].xyz - (mat4(envmap3d_vs_params[4], envmap3d_vs_params[5], envmap3d_vs_params[6], envmap3d_vs_params[7]) * _31).xyz);
        float _87;
        if (envmap3d_vs_params[13].x > 0.5)
        {
            _87 = pow(max(1.0 - abs(dot(_71, _62)), 0.0), envmap3d_vs_params[13].y) * envmap3d_vs_params[13].z;
        }
        else
        {
            _87 = envmap3d_vs_params[13].z;
        }
        fresnelBlend = _87;
        reflectDir = reflect(-_71, _62);
        worldNormal = _62;
        uv = texcoord0;
        fogFactor = 1.0 - clamp(dot(_31, envmap3d_vs_params[14]), 0.0, 1.0);
    }

*/
#if defined(SOKOL_GLES3)
static const uint8_t cna_envmap3d_vs_source_glsl300es[1218] = {
    0x23,0x76,0x65,0x72,0x73,0x69,0x6f,0x6e,0x20,0x33,0x30,0x30,0x20,0x65,0x73,0x0a,
    0x0a,0x75,0x6e,0x69,0x66,0x6f,0x72,0x6d,0x20,0x76,0x65,0x63,0x34,0x20,0x65,0x6e,
    0x76,0x6d,0x61,0x70,0x33,0x64,0x5f,0x76,0x73,0x5f,0x70,0x61,0x72,0x61,0x6d,0x73,
    0x5b,0x31,0x35,0x5d,0x3b,0x0a,0x6c,0x61,0x79,0x6f,0x75,0x74,0x28,0x6c,0x6f,0x63,
    0x61,0x74,0x69,0x6f,0x6e,0x20,0x3d,0x20,0x30,0x29,0x20,0x69,0x6e,0x20,0x76,0x65,
    0x63,0x33,0x20,0x70,0x6f,0x73,0x69,0x74,0x69,0x6f,0x6e,0x3b,0x0a,0x6c,0x61,0x79,
    0x6f,0x75,0x74,0x28,0x6c,0x6f,0x63,0x61,0x74,0x69,0x6f,0x6e,0x20,0x3d,0x20,0x31,
    0x29,0x20,0x69,0x6e,0x20,0x76,0x65,0x63,0x33,0x20,0x6e,0x6f,0x72,0x6d,0x61,0x6c,
    0x3b,0x0a,0x6f,0x75,0x74,0x20,0x66,0x6c,0x6f,0x61,0x74,0x20,0x66,0x72,0x65,0x73,
    0x6e,0x65,0x6c,0x42,0x6c,0x65,0x6e,0x64,0x3b,0x0a,0x6f,0x75,0x74,0x20,0x76,0x65,
    0x63,0x33,0x20,0x72,0x65,0x66,0x6c,0x65,0x63,0x74,0x44,0x69,0x72,0x3b,0x0a,0x6f,
    0x75,0x74,0x20,0x76,0x65,0x63,0x33,0x20,0x77,0x6f,0x72,0x6c,0x64,0x4e,0x6f,0x72,
    0x6d,0x61,0x6c,0x3b,0x0a,0x6f,0x75,0x74,0x20,0x76,0x65,0x63,0x32,0x20,0x75,0x76,
    0x3b,0x0a,0x6c,0x61,0x79,0x6f,0x75,0x74,0x28,0x6c,0x6f,0x63,0x61,0x74,0x69,0x6f,
    0x6e,0x20,0x3d,0x20,0x32,0x29,0x20,0x69,0x6e,0x20,0x76,0x65,0x63,0x32,0x20,0x74,
    0x65,0x78,0x63,0x6f,0x6f,0x72,0x64,0x30,0x3b,0x0a,0x6f,0x75,0x74,0x20,0x66,0x6c,
    0x6f,0x61,0x74,0x20,0x66,0x6f,0x67,0x46,0x61,0x63,0x74,0x6f,0x72,0x3b,0x0a,0x0a,
    0x76,0x6f,0x69,0x64,0x20,0x6d,0x61,0x69,0x6e,0x28,0x29,0x0a,0x7b,0x0a,0x20,0x20,
    0x20,0x20,0x76,0x65,0x63,0x34,0x20,0x5f,0x33,0x31,0x20,0x3d,0x20,0x76,0x65,0x63,
    0x34,0x28,0x70,0x6f,0x73,0x69,0x74,0x69,0x6f,0x6e,0x2c,0x20,0x31,0x2e,0x30,0x29,
    0x3b,0x0a,0x20,0x20,0x20,0x20,0x67,0x6c,0x5f,0x50,0x6f,0x73,0x69,0x74,0x69,0x6f,
    0x6e,0x20,0x3d,0x20,0x6d,0x61,0x74,0x34,0x28,0x65,0x6e,0x76,0x6d,0x61,0x70,0x33,
    0x64,0x5f,0x76,0x73,0x5f,0x70,0x61,0x72,0x61,0x6d,0x73,0x5b,0x30,0x5d,0x2c,0x20,
    0x65,0x6e,0x76,0x6d,0x61,0x70,0x33,0x64,0x5f,0x76,0x73,0x5f,0x70,0x61,0x72,0x61,
    0x6d,0x73,0x5b,0x31,0x5d,0x2c,0x20,0x65,0x6e,0x76,0x6d,0x61,0x70,0x33,0x64,0x5f,
    0x76,0x73,0x5f,0x70,0x61,0x72,0x61,0x6d,0x73,0x5b,0x32,0x5d,0x2c,0x20,0x65,0x6e,
    0x76,0x6d,0x61,0x70,0x33,0x64,0x5f,0x76,0x73,0x5f,0x70,0x61,0x72,0x61,0x6d,0x73,
    0x5b,0x33,0x5d,0x29,0x20,0x2a,0x20,0x5f,0x33,0x31,0x3b,0x0a,0x20,0x20,0x20,0x20,
    0x6d,0x61,0x74,0x34,0x20,0x5f,0x35,0x30,0x20,0x3d,0x20,0x6d,0x61,0x74,0x34,0x28,
    0x65,0x6e,0x76,0x6d,0x61,0x70,0x33,0x64,0x5f,0x76,0x73,0x5f,0x70,0x61,0x72,0x61,
    0x6d,0x73,0x5b,0x38,0x5d,0x2c,0x20,0x65,0x6e,0x76,0x6d,0x61,0x70,0x33,0x64,0x5f,
    0x76,0x73,0x5f,0x70,0x61,0x72,0x61,0x6d,0x73,0x5b,0x39,0x5d,0x2c,0x20,0x65,0x6e,
    0x76,0x6d,0x61,0x70,0x33,0x64,0x5f,0x76,0x73,0x5f,0x70,0x61,0x72,0x61,0x6d,0x73,
    0x5b,0x31,0x30,0x5d,0x2c,0x20,0x65,0x6e,0x76,0x6d,0x61,0x70,0x33,0x64,0x5f,0x76,
    0x73,0x5f,0x70,0x61,0x72,0x61,0x6d,0x73,0x5b,0x31,0x31,0x5d,0x29,0x3b,0x0a,0x20,
    0x20,0x20,0x20,0x76,0x65,0x63,0x33,0x20,0x5f,0x36,0x32,0x20,0x3d,0x20,0x6e,0x6f,
    0x72,0x6d,0x61,0x6c,0x69,0x7a,0x65,0x28,0x6d,0x61,0x74,0x33,0x28,0x5f,0x35,0x30,
    0x5b,0x30,0x5d,0x2e,0x78,0x79,0x7a,0x2c,0x20,0x5f,0x35,0x30,0x5b,0x31,0x5d,0x2e,
    0x78,0x79,0x7a,0x2c,0x20,0x5f,0x35,0x30,0x5b,0x32,0x5d,0x2e,0x78,0x79,0x7a,0x29,
    0x20,0x2a,0x20,0x6e,0x6f,0x72,0x6d,0x61,0x6c,0x29,0x3b,0x0a,0x20,0x20,0x20,0x20,
    0x76,0x65,0x63,0x33,0x20,0x5f,0x37,0x31,0x20,0x3d,0x20,0x6e,0x6f,0x72,0x6d,0x61,
    0x6c,0x69,0x7a,0x65,0x28,0x65,0x6e,0x76,0x6d,0x61,0x70,0x33,0x64,0x5f,0x76,0x73,
    0x5f,0x70,0x61,0x72,0x61,0x6d,0x73,0x5b,0x31,0x32,0x5d,0x2e,0x78,0x79,0x7a,0x20,
    0x2d,0x20,0x28,0x6d,0x61,0x74,0x34,0x28,0x65,0x6e,0x76,0x6d,0x61,0x70,0x33,0x64,
    0x5f,0x76,0x73,0x5f,0x70,0x61,0x72,0x61,0x6d,0x73,0x5b,0x34,0x5d,0x2c,0x20,0x65,
    0x6e,0x76,0x6d,0x61,0x70,0x33,0x64,0x5f,0x76,0x73,0x5f,0x70,0x61,0x72,0x61,0x6d,
    0x73,0x5b,0x35,0x5d,0x2c,0x20,0x65,0x6e,0x76,0x6d,0x61,0x70,0x33,0x64,0x5f,0x76,
    0x73,0x5f,0x70,0x61,0x72,0x61,0x6d,0x73,0x5b,0x36,0x5d,0x2c,0x20,0x65,0x6e,0x76,
    0x6d,0x61,0x70,0x33,0x64,0x5f,0x76,0x73,0x5f,0x70,0x61,0x72,0x61,0x6d,0x73,0x5b,
    0x37,0x5d,0x29,0x20,0x2a,0x20,0x5f,0x33,0x31,0x29,0x2e,0x78,0x79,0x7a,0x29,0x3b,
    0x0a,0x20,0x20,0x20,0x20,0x66,0x6c,0x6f,0x61,0x74,0x20,0x5f,0x38,0x37,0x3b,0x0a,
    0x20,0x20,0x20,0x20,0x69,0x66,0x20,0x28,0x65,0x6e,0x76,0x6d,0x61,0x70,0x33,0x64,
    0x5f,0x76,0x73,0x5f,0x70,0x61,0x72,0x61,0x6d,0x73,0x5b,0x31,0x33,0x5d,0x2e,0x78,
    0x20,0x3e,0x20,0x30,0x2e,0x35,0x29,0x0a,0x20,0x20,0x20,0x20,0x7b,0x0a,0x20,0x20,
    0x20,0x20,0x20,0x20,0x20,0x20,0x5f,0x38,0x37,0x20,0x3d,0x20,0x70,0x6f,0x77,0x28,
    0x6d,0x61,0x78,0x28,0x31,0x2e,0x30,0x20,0x2d,0x20,0x61,0x62,0x73,0x28,0x64,0x6f,
    0x74,0x28,0x5f,0x37,0x31,0x2c,0x20,0x5f,0x36,0x32,0x29,0x29,0x2c,0x20,0x30,0x2e,
    0x30,0x29,0x2c,0x20,0x65,0x6e,0x76,0x6d,0x61,0x70,0x33,0x64,0x5f,0x76,0x73,0x5f,
    0x70,0x61,0x72,0x61,0x6d,0x73,0x5b,0x31,0x33,0x5d,0x2e,0x79,0x29,0x20,0x2a,0x20,
    0x65,0x6e,0x76,0x6d,0x61,0x70,0x33,0x64,0x5f,0x76,0x73,0x5f,0x70,0x61,0x72,0x61,
    0x6d,0x73,0x5b,0x31,0x33,0x5d,0x2e,0x7a,0x3b,0x0a,0x20,0x20,0x20,0x20,0x7d,0x0a,
    0x20,0x20,0x20,0x20,0x65,0x6c,0x73,0x65,0x0a,0x20,0x20,0x20,0x20,0x7b,0x0a,0x20,
    0x20,0x20,0x20,0x20,0x20,0x20,0x20,0x5f,0x38,0x37,0x20,0x3d,0x20,0x65,0x6e,0x76,
    0x6d,0x61,0x70,0x33,0x64,0x5f,0x76,0x73,0x5f,0x70,0x61,0x72,0x61,0x6d,0x73,0x5b,
    0x31,0x33,0x5d,0x2e,0x7a,0x3b,0x0a,0x20,0x20,0x20,0x20,0x7d,0x0a,0x20,0x20,0x20,
    0x20,0x66,0x72,0x65,0x73,0x6e,0x65,0x6c,0x42,0x6c,0x65,0x6e,0x64,0x20,0x3d,0x20,
    0x5f,0x38,0x37,0x3b,0x0a,0x20,0x20,0x20,0x20,0x72,0x65,0x66,0x6c,0x65,0x63,0x74,
    0x44,0x69,0x72,0x20,0x3d,0x20,0x72,0x65,0x66,0x6c,0x65,0x63,0x74,0x28,0x2d,0x5f,
    0x37,0x31,0x2c,0x20,0x5f,0x36,0x32,0x29,0x3b,0x0a,0x20,0x20,0x20,0x20,0x77,0x6f,
    0x72,0x6c,0x64,0x4e,0x6f,0x72,0x6d,0x61,0x6c,0x20,0x3d,0x20,0x5f,0x36,0x32,0x3b,
    0x0a,0x20,0x20,0x20,0x20,0x75,0x76,0x20,0x3d,0x20,0x74,0x65,0x78,0x63,0x6f,0x6f,
    0x72,0x64,0x30,0x3b,0x0a,0x20,0x20,0x20,0x20,0x66,0x6f,0x67,0x46,0x61,0x63,0x74,
    0x6f,0x72,0x20,0x3d,0x20,0x31,0x2e,0x30,0x20,0x2d,0x20,0x63,0x6c,0x61,0x6d,0x70,
    0x28,0x64,0x6f,0x74,0x28,0x5f,0x33,0x31,0x2c,0x20,0x65,0x6e,0x76,0x6d,0x61,0x70,
    0x33,0x64,0x5f,0x76,0x73,0x5f,0x70,0x61,0x72,0x61,0x6d,0x73,0x5b,0x31,0x34,0x5d,
    0x29,0x2c,0x20,0x30,0x2e,0x30,0x2c,0x20,0x31,0x2e,0x30,0x29,0x3b,0x0a,0x7d,0x0a,
    0x0a,0x00,
};
#endif
/*
    #version 300 es
    precision mediump float;
    precision highp int;

    uniform highp vec4 envmap3d_fs_params[12];
    uniform highp sampler2D tex_smp;
    uniform highp samplerCube envTex_envSmp;

    in highp vec3 worldNormal;
    in highp vec2 uv;
    in highp vec3 reflectDir;
    in highp float fresnelBlend;
    layout(location = 0) out highp vec4 frag_color;
    in highp float fogFactor;

    void main()
    {
        highp vec3 _13 = normalize(worldNormal);
        highp vec4 _118 = texture(tex_smp, vec2(uv.x, mix(uv.y, 1.0 - uv.y, envmap3d_fs_params[11].x)));
        highp vec4 _130 = texture(envTex_envSmp, reflectDir);
        highp float _142 = envmap3d_fs_params[0].w * _118.w;
        frag_color = vec4(mix((((((envmap3d_fs_params[3].xyz * max(dot(_13, -envmap3d_fs_params[2].xyz), 0.0)) + (envmap3d_fs_params[5].xyz * max(dot(_13, -envmap3d_fs_params[4].xyz), 0.0))) + (envmap3d_fs_params[7].xyz * max(dot(_13, -envmap3d_fs_params[6].xyz), 0.0))) * envmap3d_fs_params[0].xyz) + envmap3d_fs_params[1].xyz) * _118.xyz, _130.xyz * _142, vec3(fresnelBlend)) + ((envmap3d_fs_params[8].xyz * _130.w) * _142), _142);
        highp float _177;
        if (envmap3d_fs_params[9].y > 0.0)
        {
            highp float _190;
            if (abs(frag_color.w - envmap3d_fs_params[9].x) < envmap3d_fs_params[9].y)
            {
                _190 = envmap3d_fs_params[9].z;
            }
            else
            {
                _190 = envmap3d_fs_params[9].w;
            }
            _177 = _190;
        }
        else
        {
            highp float _206;
            if (frag_color.w < envmap3d_fs_params[9].x)
            {
                _206 = envmap3d_fs_params[9].z;
            }
            else
            {
                _206 = envmap3d_fs_params[9].w;
            }
            _177 = _206;
        }
        if (_177 < 0.0)
        {
            discard;
        }
        highp vec4 _225 = frag_color;
        highp vec3 _230 = mix(envmap3d_fs_params[10].xyz, _225.xyz, vec3(fogFactor));
        frag_color.x = _230.x;
        frag_color.y = _230.y;
        frag_color.z = _230.z;
    }

*/
#if defined(SOKOL_GLES3)
static const uint8_t cna_envmap3d_fs_source_glsl300es[1916] = {
    0x23,0x76,0x65,0x72,0x73,0x69,0x6f,0x6e,0x20,0x33,0x30,0x30,0x20,0x65,0x73,0x0a,
    0x70,0x72,0x65,0x63,0x69,0x73,0x69,0x6f,0x6e,0x20,0x6d,0x65,0x64,0x69,0x75,0x6d,
    0x70,0x20,0x66,0x6c,0x6f,0x61,0x74,0x3b,0x0a,0x70,0x72,0x65,0x63,0x69,0x73,0x69,
    0x6f,0x6e,0x20,0x68,0x69,0x67,0x68,0x70,0x20,0x69,0x6e,0x74,0x3b,0x0a,0x0a,0x75,
    0x6e,0x69,0x66,0x6f,0x72,0x6d,0x20,0x68,0x69,0x67,0x68,0x70,0x20,0x76,0x65,0x63,
    0x34,0x20,0x65,0x6e,0x76,0x6d,0x61,0x70,0x33,0x64,0x5f,0x66,0x73,0x5f,0x70,0x61,
    0x72,0x61,0x6d,0x73,0x5b,0x31,0x32,0x5d,0x3b,0x0a,0x75,0x6e,0x69,0x66,0x6f,0x72,
    0x6d,0x20,0x68,0x69,0x67,0x68,0x70,0x20,0x73,0x61,0x6d,0x70,0x6c,0x65,0x72,0x32,
    0x44,0x20,0x74,0x65,0x78,0x5f,0x73,0x6d,0x70,0x3b,0x0a,0x75,0x6e,0x69,0x66,0x6f,
    0x72,0x6d,0x20,0x68,0x69,0x67,0x68,0x70,0x20,0x73,0x61,0x6d,0x70,0x6c,0x65,0x72,
    0x43,0x75,0x62,0x65,0x20,0x65,0x6e,0x76,0x54,0x65,0x78,0x5f,0x65,0x6e,0x76,0x53,
    0x6d,0x70,0x3b,0x0a,0x0a,0x69,0x6e,0x20,0x68,0x69,0x67,0x68,0x70,0x20,0x76,0x65,
    0x63,0x33,0x20,0x77,0x6f,0x72,0x6c,0x64,0x4e,0x6f,0x72,0x6d,0x61,0x6c,0x3b,0x0a,
    0x69,0x6e,0x20,0x68,0x69,0x67,0x68,0x70,0x20,0x76,0x65,0x63,0x32,0x20,0x75,0x76,
    0x3b,0x0a,0x69,0x6e,0x20,0x68,0x69,0x67,0x68,0x70,0x20,0x76,0x65,0x63,0x33,0x20,
    0x72,0x65,0x66,0x6c,0x65,0x63,0x74,0x44,0x69,0x72,0x3b,0x0a,0x69,0x6e,0x20,0x68,
    0x69,0x67,0x68,0x70,0x20,0x66,0x6c,0x6f,0x61,0x74,0x20,0x66,0x72,0x65,0x73,0x6e,
    0x65,0x6c,0x42,0x6c,0x65,0x6e,0x64,0x3b,0x0a,0x6c,0x61,0x79,0x6f,0x75,0x74,0x28,
    0x6c,0x6f,0x63,0x61,0x74,0x69,0x6f,0x6e,0x20,0x3d,0x20,0x30,0x29,0x20,0x6f,0x75,
    0x74,0x20,0x68,0x69,0x67,0x68,0x70,0x20,0x76,0x65,0x63,0x34,0x20,0x66,0x72,0x61,
    0x67,0x5f,0x63,0x6f,0x6c,0x6f,0x72,0x3b,0x0a,0x69,0x6e,0x20,0x68,0x69,0x67,0x68,
    0x70,0x20,0x66,0x6c,0x6f,0x61,0x74,0x20,0x66,0x6f,0x67,0x46,0x61,0x63,0x74,0x6f,
    0x72,0x3b,0x0a,0x0a,0x76,0x6f,0x69,0x64,0x20,0x6d,0x61,0x69,0x6e,0x28,0x29,0x0a,
    0x7b,0x0a,0x20,0x20,0x20,0x20,0x68,0x69,0x67,0x68,0x70,0x20,0x76,0x65,0x63,0x33,
    0x20,0x5f,0x31,0x33,0x20,0x3d,0x20,0x6e,0x6f,0x72,0x6d,0x61,0x6c,0x69,0x7a,0x65,
    0x28,0x77,0x6f,0x72,0x6c,0x64,0x4e,0x6f,0x72,0x6d,0x61,0x6c,0x29,0x3b,0x0a,0x20,
    0x20,0x20,0x20,0x68,0x69,0x67,0x68,0x70,0x20,0x76,0x65,0x63,0x34,0x20,0x5f,0x31,
    0x31,0x38,0x20,0x3d,0x20,0x74,0x65,0x78,0x74,0x75,0x72,0x65,0x28,0x74,0x65,0x78,
    0x5f,0x73,0x6d,0x70,0x2c,0x20,0x76,0x65,0x63,0x32,0x28,0x75,0x76,0x2e,0x78,0x2c,
    0x20,0x6d,0x69,0x78,0x28,0x75,0x76,0x2e,0x79,0x2c,0x20,0x31,0x2e,0x30,0x20,0x2d,
    0x20,0x75,0x76,0x2e,0x79,0x2c,0x20,0x65,0x6e,0x76,0x6d,0x61,0x70,0x33,0x64,0x5f,
    0x66,0x73,0x5f,0x70,0x61,0x72,0x61,0x6d,0x73,0x5b,0x31,0x31,0x5d,0x2e,0x78,0x29,
    0x29,0x29,0x3b,0x0a,0x20,0x20,0x20,0x20,0x68,0x69,0x67,0x68,0x70,0x20,0x76,0x65,
    0x63,0x34,0x20,0x5f,0x31,0x33,0x30,0x20,0x3d,0x20,0x74,0x65,0x78,0x74,0x75,0x72,
    0x65,0x28,0x65,0x6e,0x76,0x54,0x65,0x78,0x5f,0x65,0x6e,0x76,0x53,0x6d,0x70,0x2c,
    0x20,0x72,0x65,0x66,0x6c,0x65,0x63,0x74,0x44,0x69,0x72,0x29,0x3b,0x0a,0x20,0x20,
    0x20,0x20,0x68,0x69,0x67,0x68,0x70,0x20,0x66,0x6c,0x6f,0x61,0x74,0x20,0x5f,0x31,
    0x34,0x32,0x20,0x3d,0x20,0x65,0x6e,0x76,0x6d,0x61,0x70,0x33,0x64,0x5f,0x66,0x73,
    0x5f,0x70,0x61,0x72,0x61,0x6d,0x73,0x5b,0x30,0x5d,0x2e,0x77,0x20,0x2a,0x20,0x5f,
    0x31,0x31,0x38,0x2e,0x77,0x3b,0x0a,0x20,0x20,0x20,0x20,0x66,0x72,0x61,0x67,0x5f,
    0x63,0x6f,0x6c,0x6f,0x72,0x20,0x3d,0x20,0x76,0x65,0x63,0x34,0x28,0x6d,0x69,0x78,
    0x28,0x28,0x28,0x28,0x28,0x28,0x65,0x6e,0x76,0x6d,0x61,0x70,0x33,0x64,0x5f,0x66,
    0x73,0x5f,0x70,0x61,0x72,0x61,0x6d,0x73,0x5b,0x33,0x5d,0x2e,0x78,0x79,0x7a,0x20,
    0x2a,0x20,0x6d,0x61,0x78,0x28,0x64,0x6f,0x74,0x28,0x5f,0x31,0x33,0x2c,0x20,0x2d,
    0x65,0x6e,0x76,0x6d,0x61,0x70,0x33,0x64,0x5f,0x66,0x73,0x5f,0x70,0x61,0x72,0x61,
    0x6d,0x73,0x5b,0x32,0x5d,0x2e,0x78,0x79,0x7a,0x29,0x2c,0x20,0x30,0x2e,0x30,0x29,
    0x29,0x20,0x2b,0x20,0x28,0x65,0x6e,0x76,0x6d,0x61,0x70,0x33,0x64,0x5f,0x66,0x73,
    0x5f,0x70,0x61,0x72,0x61,0x6d,0x73,0x5b,0x35,0x5d,0x2e,0x78,0x79,0x7a,0x20,0x2a,
    0x20,0x6d,0x61,0x78,0x28,0x64,0x6f,0x74,0x28,0x5f,0x31,0x33,0x2c,0x20,0x2d,0x65,
    0x6e,0x76,0x6d,0x61,0x70,0x33,0x64,0x5f,0x66,0x73,0x5f,0x70,0x61,0x72,0x61,0x6d,
    0x73,0x5b,0x34,0x5d,0x2e,0x78,0x79,0x7a,0x29,0x2c,0x20,0x30,0x2e,0x30,0x29,0x29,
    0x29,0x20,0x2b,0x20,0x28,0x65,0x6e,0x76,0x6d,0x61,0x70,0x33,0x64,0x5f,0x66,0x73,
    0x5f,0x70,0x61,0x72,0x61,0x6d,0x73,0x5b,0x37,0x5d,0x2e,0x78,0x79,0x7a,0x20,0x2a,
    0x20,0x6d,0x61,0x78,0x28,0x64,0x6f,0x74,0x28,0x5f,0x31,0x33,0x2c,0x20,0x2d,0x65,
    0x6e,0x76,0x6d,0x61,0x70,0x33,0x64,0x5f,0x66,0x73,0x5f,0x70,0x61,0x72,0x61,0x6d,
    0x73,0x5b,0x36,0x5d,0x2e,0x78,0x79,0x7a,0x29,0x2c,0x20,0x30,0x2e,0x30,0x29,0x29,
    0x29,0x20,0x2a,0x20,0x65,0x6e,0x76,0x6d,0x61,0x70,0x33,0x64,0x5f,0x66,0x73,0x5f,
    0x70,0x61,0x72,0x61,0x6d,0x73,0x5b,0x30,0x5d,0x2e,0x78,0x79,0x7a,0x29,0x20,0x2b,
    0x20,0x65,0x6e,0x76,0x6d,0x61,0x70,0x33,0x64,0x5f,0x66,0x73,0x5f,0x70,0x61,0x72,
    0x61,0x6d,0x73,0x5b,0x31,0x5d,0x2e,0x78,0x79,0x7a,0x29,0x20,0x2a,0x20,0x5f,0x31,
    0x31,0x38,0x2e,0x78,0x79,0x7a,0x2c,0x20,0x5f,0x31,0x33,0x30,0x2e,0x78,0x79,0x7a,
    0x20,0x2a,0x20,0x5f,0x31,0x34,0x32,0x2c,0x20,0x76,0x65,0x63,0x33,0x28,0x66,0x72,
    0x65,0x73,0x6e,0x65,0x6c,0x42,0x6c,0x65,0x6e,0x64,0x29,0x29,0x20,0x2b,0x20,0x28,
    0x28,0x65,0x6e,0x76,0x6d,0x61,0x70,0x33,0x64,0x5f,0x66,0x73,0x5f,0x70,0x61,0x72,
    0x61,0x6d,0x73,0x5b,0x38,0x5d,0x2e,0x78,0x79,0x7a,0x20,0x2a,0x20,0x5f,0x31,0x33,
    0x30,0x2e,0x77,0x29,0x20,0x2a,0x20,0x5f,0x31,0x34,0x32,0x29,0x2c,0x20,0x5f,0x31,
    0x34,0x32,0x29,0x3b,0x0a,0x20,0x20,0x20,0x20,0x68,0x69,0x67,0x68,0x70,0x20,0x66,
    0x6c,0x6f,0x61,0x74,0x20,0x5f,0x31,0x37,0x37,0x3b,0x0a,0x20,0x20,0x20,0x20,0x69,
    0x66,0x20,0x28,0x65,0x6e,0x76,0x6d,0x61,0x70,0x33,0x64,0x5f,0x66,0x73,0x5f,0x70,
    0x61,0x72,0x61,0x6d,0x73,0x5b,0x39,0x5d,0x2e,0x79,0x20,0x3e,0x20,0x30,0x2e,0x30,
    0x29,0x0a,0x20,0x20,0x20,0x20,0x7b,0x0a,0x20,0x20,0x20,0x20,0x20,0x20,0x20,0x20,
    0x68,0x69,0x67,0x68,0x70,0x20,0x66,0x6c,0x6f,0x61,0x74,0x20,0x5f,0x31,0x39,0x30,
    0x3b,0x0a,0x20,0x20,0x20,0x20,0x20,0x20,0x20,0x20,0x69,0x66,0x20,0x28,0x61,0x62,
    0x73,0x28,0x66,0x72,0x61,0x67,0x5f,0x63,0x6f,0x6c,0x6f,0x72,0x2e,0x77,0x20,0x2d,
    0x20,0x65,0x6e,0x76,0x6d,0x61,0x70,0x33,0x64,0x5f,0x66,0x73,0x5f,0x70,0x61,0x72,
    0x61,0x6d,0x73,0x5b,0x39,0x5d,0x2e,0x78,0x29,0x20,0x3c,0x20,0x65,0x6e,0x76,0x6d,
    0x61,0x70,0x33,0x64,0x5f,0x66,0x73,0x5f,0x70,0x61,0x72,0x61,0x6d,0x73,0x5b,0x39,
    0x5d,0x2e,0x79,0x29,0x0a,0x20,0x20,0x20,0x20,0x20,0x20,0x20,0x20,0x7b,0x0a,0x20,
    0x20,0x20,0x20,0x20,0x20,0x20,0x20,0x20,0x20,0x20,0x20,0x5f,0x31,0x39,0x30,0x20,
    0x3d,0x20,0x65,0x6e,0x76,0x6d,0x61,0x70,0x33,0x64,0x5f,0x66,0x73,0x5f,0x70,0x61,
    0x72,0x61,0x6d,0x73,0x5b,0x39,0x5d,0x2e,0x7a,0x3b,0x0a,0x20,0x20,0x20,0x20,0x20,
    0x20,0x20,0x20,0x7d,0x0a,0x20,0x20,0x20,0x20,0x20,0x20,0x20,0x20,0x65,0x6c,0x73,
    0x65,0x0a,0x20,0x20,0x20,0x20,0x20,0x20,0x20,0x20,0x7b,0x0a,0x20,0x20,0x20,0x20,
    0x20,0x20,0x20,0x20,0x20,0x20,0x20,0x20,0x5f,0x31,0x39,0x30,0x20,0x3d,0x20,0x65,
    0x6e,0x76,0x6d,0x61,0x70,0x33,0x64,0x5f,0x66,0x73,0x5f,0x70,0x61,0x72,0x61,0x6d,
    0x73,0x5b,0x39,0x5d,0x2e,0x77,0x3b,0x0a,0x20,0x20,0x20,0x20,0x20,0x20,0x20,0x20,
    0x7d,0x0a,0x20,0x20,0x20,0x20,0x20,0x20,0x20,0x20,0x5f,0x31,0x37,0x37,0x20,0x3d,
    0x20,0x5f,0x31,0x39,0x30,0x3b,0x0a,0x20,0x20,0x20,0x20,0x7d,0x0a,0x20,0x20,0x20,
    0x20,0x65,0x6c,0x73,0x65,0x0a,0x20,0x20,0x20,0x20,0x7b,0x0a,0x20,0x20,0x20,0x20,
    0x20,0x20,0x20,0x20,0x68,0x69,0x67,0x68,0x70,0x20,0x66,0x6c,0x6f,0x61,0x74,0x20,
    0x5f,0x32,0x30,0x36,0x3b,0x0a,0x20,0x20,0x20,0x20,0x20,0x20,0x20,0x20,0x69,0x66,
    0x20,0x28,0x66,0x72,0x61,0x67,0x5f,0x63,0x6f,0x6c,0x6f,0x72,0x2e,0x77,0x20,0x3c,
    0x20,0x65,0x6e,0x76,0x6d,0x61,0x70,0x33,0x64,0x5f,0x66,0x73,0x5f,0x70,0x61,0x72,
    0x61,0x6d,0x73,0x5b,0x39,0x5d,0x2e,0x78,0x29,0x0a,0x20,0x20,0x20,0x20,0x20,0x20,
    0x20,0x20,0x7b,0x0a,0x20,0x20,0x20,0x20,0x20,0x20,0x20,0x20,0x20,0x20,0x20,0x20,
    0x5f,0x32,0x30,0x36,0x20,0x3d,0x20,0x65,0x6e,0x76,0x6d,0x61,0x70,0x33,0x64,0x5f,
    0x66,0x73,0x5f,0x70,0x61,0x72,0x61,0x6d,0x73,0x5b,0x39,0x5d,0x2e,0x7a,0x3b,0x0a,
    0x20,0x20,0x20,0x20,0x20,0x20,0x20,0x20,0x7d,0x0a,0x20,0x20,0x20,0x20,0x20,0x20,
    0x20,0x20,0x65,0x6c,0x73,0x65,0x0a,0x20,0x20,0x20,0x20,0x20,0x20,0x20,0x20,0x7b,
    0x0a,0x20,0x20,0x20,0x20,0x20,0x20,0x20,0x20,0x20,0x20,0x20,0x20,0x5f,0x32,0x30,
    0x36,0x20,0x3d,0x20,0x65,0x6e,0x76,0x6d,0x61,0x70,0x33,0x64,0x5f,0x66,0x73,0x5f,
    0x70,0x61,0x72,0x61,0x6d,0x73,0x5b,0x39,0x5d,0x2e,0x77,0x3b,0x0a,0x20,0x20,0x20,
    0x20,0x20,0x20,0x20,0x20,0x7d,0x0a,0x20,0x20,0x20,0x20,0x20,0x20,0x20,0x20,0x5f,
    0x31,0x37,0x37,0x20,0x3d,0x20,0x5f,0x32,0x30,0x36,0x3b,0x0a,0x20,0x20,0x20,0x20,
    0x7d,0x0a,0x20,0x20,0x20,0x20,0x69,0x66,0x20,0x28,0x5f,0x31,0x37,0x37,0x20,0x3c,
    0x20,0x30,0x2e,0x30,0x29,0x0a,0x20,0x20,0x20,0x20,0x7b,0x0a,0x20,0x20,0x20,0x20,
    0x20,0x20,0x20,0x20,0x64,0x69,0x73,0x63,0x61,0x72,0x64,0x3b,0x0a,0x20,0x20,0x20,
    0x20,0x7d,0x0a,0x20,0x20,0x20,0x20,0x68,0x69,0x67,0x68,0x70,0x20,0x76,0x65,0x63,
    0x34,0x20,0x5f,0x32,0x32,0x35,0x20,0x3d,0x20,0x66,0x72,0x61,0x67,0x5f,0x63,0x6f,
    0x6c,0x6f,0x72,0x3b,0x0a,0x20,0x20,0x20,0x20,0x68,0x69,0x67,0x68,0x70,0x20,0x76,
    0x65,0x63,0x33,0x20,0x5f,0x32,0x33,0x30,0x20,0x3d,0x20,0x6d,0x69,0x78,0x28,0x65,
    0x6e,0x76,0x6d,0x61,0x70,0x33,0x64,0x5f,0x66,0x73,0x5f,0x70,0x61,0x72,0x61,0x6d,
    0x73,0x5b,0x31,0x30,0x5d,0x2e,0x78,0x79,0x7a,0x2c,0x20,0x5f,0x32,0x32,0x35,0x2e,
    0x78,0x79,0x7a,0x2c,0x20,0x76,0x65,0x63,0x33,0x28,0x66,0x6f,0x67,0x46,0x61,0x63,
    0x74,0x6f,0x72,0x29,0x29,0x3b,0x0a,0x20,0x20,0x20,0x20,0x66,0x72,0x61,0x67,0x5f,
    0x63,0x6f,0x6c,0x6f,0x72,0x2e,0x78,0x20,0x3d,0x20,0x5f,0x32,0x33,0x30,0x2e,0x78,
    0x3b,0x0a,0x20,0x20,0x20,0x20,0x66,0x72,0x61,0x67,0x5f,0x63,0x6f,0x6c,0x6f,0x72,
    0x2e,0x79,0x20,0x3d,0x20,0x5f,0x32,0x33,0x30,0x2e,0x79,0x3b,0x0a,0x20,0x20,0x20,
    0x20,0x66,0x72,0x61,0x67,0x5f,0x63,0x6f,0x6c,0x6f,0x72,0x2e,0x7a,0x20,0x3d,0x20,
    0x5f,0x32,0x33,0x30,0x2e,0x7a,0x3b,0x0a,0x7d,0x0a,0x0a,0x00,
};
#endif
/*
    cbuffer envmap3d_vs_params : register(b0)
    {
        row_major float4x4 _19_mvp : packoffset(c0);
        row_major float4x4 _19_world : packoffset(c4);
        row_major float4x4 _19_normalMatrix : packoffset(c8);
        float4 _19_eyePosition : packoffset(c12);
        float4 _19_flags : packoffset(c13);
        float4 _19_fogVector : packoffset(c14);
    };


    static float4 gl_Position;
    static float3 position;
    static float3 normal;
    static float fresnelBlend;
    static float3 reflectDir;
    static float3 worldNormal;
    static float2 uv;
    static float2 texcoord0;
    static float fogFactor;

    struct SPIRV_Cross_Input
    {
        float3 position : TEXCOORD0;
        float3 normal : TEXCOORD1;
        float2 texcoord0 : TEXCOORD2;
    };

    struct SPIRV_Cross_Output
    {
        float3 worldNormal : TEXCOORD0;
        float2 uv : TEXCOORD1;
        float3 reflectDir : TEXCOORD2;
        float fresnelBlend : TEXCOORD3;
        float fogFactor : TEXCOORD4;
        float4 gl_Position : SV_Position;
    };

    void vert_main()
    {
        float4 _31 = float4(position, 1.0f);
        gl_Position = mul(_31, _19_mvp);
        float3 _62 = normalize(mul(normal, float3x3(_19_normalMatrix[0].xyz, _19_normalMatrix[1].xyz, _19_normalMatrix[2].xyz)));
        float3 _71 = normalize(_19_eyePosition.xyz - mul(_31, _19_world).xyz);
        float _87;
        if (_19_flags.x > 0.5f)
        {
            _87 = pow(max(1.0f - abs(dot(_71, _62)), 0.0f), _19_flags.y) * _19_flags.z;
        }
        else
        {
            _87 = _19_flags.z;
        }
        fresnelBlend = _87;
        reflectDir = reflect(-_71, _62);
        worldNormal = _62;
        uv = texcoord0;
        fogFactor = 1.0f - clamp(dot(_31, _19_fogVector), 0.0f, 1.0f);
    }

    SPIRV_Cross_Output main(SPIRV_Cross_Input stage_input)
    {
        position = stage_input.position;
        normal = stage_input.normal;
        texcoord0 = stage_input.texcoord0;
        vert_main();
        SPIRV_Cross_Output stage_output;
        stage_output.gl_Position = gl_Position;
        stage_output.fresnelBlend = fresnelBlend;
        stage_output.reflectDir = reflectDir;
        stage_output.worldNormal = worldNormal;
        stage_output.uv = uv;
        stage_output.fogFactor = fogFactor;
        return stage_output;
    }
*/
#if defined(SOKOL_D3D11)
static const uint8_t cna_envmap3d_vs_source_hlsl5[2073] = {
    0x63,0x62,0x75,0x66,0x66,0x65,0x72,0x20,0x65,0x6e,0x76,0x6d,0x61,0x70,0x33,0x64,
    0x5f,0x76,0x73,0x5f,0x70,0x61,0x72,0x61,0x6d,0x73,0x20,0x3a,0x20,0x72,0x65,0x67,
    0x69,0x73,0x74,0x65,0x72,0x28,0x62,0x30,0x29,0x0a,0x7b,0x0a,0x20,0x20,0x20,0x20,
    0x72,0x6f,0x77,0x5f,0x6d,0x61,0x6a,0x6f,0x72,0x20,0x66,0x6c,0x6f,0x61,0x74,0x34,
    0x78,0x34,0x20,0x5f,0x31,0x39,0x5f,0x6d,0x76,0x70,0x20,0x3a,0x20,0x70,0x61,0x63,
    0x6b,0x6f,0x66,0x66,0x73,0x65,0x74,0x28,0x63,0x30,0x29,0x3b,0x0a,0x20,0x20,0x20,
    0x20,0x72,0x6f,0x77,0x5f,0x6d,0x61,0x6a,0x6f,0x72,0x20,0x66,0x6c,0x6f,0x61,0x74,
    0x34,0x78,0x34,0x20,0x5f,0x31,0x39,0x5f,0x77,0x6f,0x72,0x6c,0x64,0x20,0x3a,0x20,
    0x70,0x61,0x63,0x6b,0x6f,0x66,0x66,0x73,0x65,0x74,0x28,0x63,0x34,0x29,0x3b,0x0a,
    0x20,0x20,0x20,0x20,0x72,0x6f,0x77,0x5f,0x6d,0x61,0x6a,0x6f,0x72,0x20,0x66,0x6c,
    0x6f,0x61,0x74,0x34,0x78,0x34,0x20,0x5f,0x31,0x39,0x5f,0x6e,0x6f,0x72,0x6d,0x61,
    0x6c,0x4d,0x61,0x74,0x72,0x69,0x78,0x20,0x3a,0x20,0x70,0x61,0x63,0x6b,0x6f,0x66,
    0x66,0x73,0x65,0x74,0x28,0x63,0x38,0x29,0x3b,0x0a,0x20,0x20,0x20,0x20,0x66,0x6c,
    0x6f,0x61,0x74,0x34,0x20,0x5f,0x31,0x39,0x5f,0x65,0x79,0x65,0x50,0x6f,0x73,0x69,
    0x74,0x69,0x6f,0x6e,0x20,0x3a,0x20,0x70,0x61,0x63,0x6b,0x6f,0x66,0x66,0x73,0x65,
    0x74,0x28,0x63,0x31,0x32,0x29,0x3b,0x0a,0x20,0x20,0x20,0x20,0x66,0x6c,0x6f,0x61,
    0x74,0x34,0x20,0x5f,0x31,0x39,0x5f,0x66,0x6c,0x61,0x67,0x73,0x20,0x3a,0x20,0x70,
    0x61,0x63,0x6b,0x6f,0x66,0x66,0x73,0x65,0x74,0x28,0x63,0x31,0x33,0x29,0x3b,0x0a,
    0x20,0x20,0x20,0x20,0x66,0x6c,0x6f,0x61,0x74,0x34,0x20,0x5f,0x31,0x39,0x5f,0x66,
    0x6f,0x67,0x56,0x65,0x63,0x74,0x6f,0x72,0x20,0x3a,0x20,0x70,0x61,0x63,0x6b,0x6f,
    0x66,0x66,0x73,0x65,0x74,0x28,0x63,0x31,0x34,0x29,0x3b,0x0a,0x7d,0x3b,0x0a,0x0a,
    0x0a,0x73,0x74,0x61,0x74,0x69,0x63,0x20,0x66,0x6c,0x6f,0x61,0x74,0x34,0x20,0x67,
    0x6c,0x5f,0x50,0x6f,0x73,0x69,0x74,0x69,0x6f,0x6e,0x3b,0x0a,0x73,0x74,0x61,0x74,
    0x69,0x63,0x20,0x66,0x6c,0x6f,0x61,0x74,0x33,0x20,0x70,0x6f,0x73,0x69,0x74,0x69,
    0x6f,0x6e,0x3b,0x0a,0x73,0x74,0x61,0x74,0x69,0x63,0x20,0x66,0x6c,0x6f,0x61,0x74,
    0x33,0x20,0x6e,0x6f,0x72,0x6d,0x61,0x6c,0x3b,0x0a,0x73,0x74,0x61,0x74,0x69,0x63,
    0x20,0x66,0x6c,0x6f,0x61,0x74,0x20,0x66,0x72,0x65,0x73,0x6e,0x65,0x6c,0x42,0x6c,
    0x65,0x6e,0x64,0x3b,0x0a,0x73,0x74,0x61,0x74,0x69,0x63,0x20,0x66,0x6c,0x6f,0x61,
    0x74,0x33,0x20,0x72,0x65,0x66,0x6c,0x65,0x63,0x74,0x44,0x69,0x72,0x3b,0x0a,0x73,
    0x74,0x61,0x74,0x69,0x63,0x20,0x66,0x6c,0x6f,0x61,0x74,0x33,0x20,0x77,0x6f,0x72,
    0x6c,0x64,0x4e,0x6f,0x72,0x6d,0x61,0x6c,0x3b,0x0a,0x73,0x74,0x61,0x74,0x69,0x63,
    0x20,0x66,0x6c,0x6f,0x61,0x74,0x32,0x20,0x75,0x76,0x3b,0x0a,0x73,0x74,0x61,0x74,
    0x69,0x63,0x20,0x66,0x6c,0x6f,0x61,0x74,0x32,0x20,0x74,0x65,0x78,0x63,0x6f,0x6f,
    0x72,0x64,0x30,0x3b,0x0a,0x73,0x74,0x61,0x74,0x69,0x63,0x20,0x66,0x6c,0x6f,0x61,
    0x74,0x20,0x66,0x6f,0x67,0x46,0x61,0x63,0x74,0x6f,0x72,0x3b,0x0a,0x0a,0x73,0x74,
    0x72,0x75,0x63,0x74,0x20,0x53,0x50,0x49,0x52,0x56,0x5f,0x43,0x72,0x6f,0x73,0x73,
    0x5f,0x49,0x6e,0x70,0x75,0x74,0x0a,0x7b,0x0a,0x20,0x20,0x20,0x20,0x66,0x6c,0x6f,
    0x61,0x74,0x33,0x20,0x70,0x6f,0x73,0x69,0x74,0x69,0x6f,0x6e,0x20,0x3a,0x20,0x54,
    0x45,0x58,0x43,0x4f,0x4f,0x52,0x44,0x30,0x3b,0x0a,0x20,0x20,0x20,0x20,0x66,0x6c,
    0x6f,0x61,0x74,0x33,0x20,0x6e,0x6f,0x72,0x6d,0x61,0x6c,0x20,0x3a,0x20,0x54,0x45,
    0x58,0x43,0x4f,0x4f,0x52,0x44,0x31,0x3b,0x0a,0x20,0x20,0x20,0x20,0x66,0x6c,0x6f,
    0x61,0x74,0x32,0x20,0x74,0x65,0x78,0x63,0x6f,0x6f,0x72,0x64,0x30,0x20,0x3a,0x20,
    0x54,0x45,0x58,0x43,0x4f,0x4f,0x52,0x44,0x32,0x3b,0x0a,0x7d,0x3b,0x0a,0x0a,0x73,
    0x74,0x72,0x75,0x63,0x74,0x20,0x53,0x50,0x49,0x52,0x56,0x5f,0x43,0x72,0x6f,0x73,
    0x73,0x5f,0x4f,0x75,0x74,0x70,0x75,0x74,0x0a,0x7b,0x0a,0x20,0x20,0x20,0x20,0x66,
    0x6c,0x6f,0x61,0x74,0x33,0x20,0x77,0x6f,0x72,0x6c,0x64,0x4e,0x6f,0x72,0x6d,0x61,
    0x6c,0x20,0x3a,0x20,0x54,0x45,0x58,0x43,0x4f,0x4f,0x52,0x44,0x30,0x3b,0x0a,0x20,
    0x20,0x20,0x20,0x66,0x6c,0x6f,0x61,0x74,0x32,0x20,0x75,0x76,0x20,0x3a,0x20,0x54,
    0x45,0x58,0x43,0x4f,0x4f,0x52,0x44,0x31,0x3b,0x0a,0x20,0x20,0x20,0x20,0x66,0x6c,
    0x6f,0x61,0x74,0x33,0x20,0x72,0x65,0x66,0x6c,0x65,0x63,0x74,0x44,0x69,0x72,0x20,
    0x3a,0x20,0x54,0x45,0x58,0x43,0x4f,0x4f,0x52,0x44,0x32,0x3b,0x0a,0x20,0x20,0x20,
    0x20,0x66,0x6c,0x6f,0x61,0x74,0x20,0x66,0x72,0x65,0x73,0x6e,0x65,0x6c,0x42,0x6c,
    0x65,0x6e,0x64,0x20,0x3a,0x20,0x54,0x45,0x58,0x43,0x4f,0x4f,0x52,0x44,0x33,0x3b,
    0x0a,0x20,0x20,0x20,0x20,0x66,0x6c,0x6f,0x61,0x74,0x20,0x66,0x6f,0x67,0x46,0x61,
    0x63,0x74,0x6f,0x72,0x20,0x3a,0x20,0x54,0x45,0x58,0x43,0x4f,0x4f,0x52,0x44,0x34,
    0x3b,0x0a,0x20,0x20,0x20,0x20,0x66,0x6c,0x6f,0x61,0x74,0x34,0x20,0x67,0x6c,0x5f,
    0x50,0x6f,0x73,0x69,0x74,0x69,0x6f,0x6e,0x20,0x3a,0x20,0x53,0x56,0x5f,0x50,0x6f,
    0x73,0x69,0x74,0x69,0x6f,0x6e,0x3b,0x0a,0x7d,0x3b,0x0a,0x0a,0x76,0x6f,0x69,0x64,
    0x20,0x76,0x65,0x72,0x74,0x5f,0x6d,0x61,0x69,0x6e,0x28,0x29,0x0a,0x7b,0x0a,0x20,
    0x20,0x20,0x20,0x66,0x6c,0x6f,0x61,0x74,0x34,0x20,0x5f,0x33,0x31,0x20,0x3d,0x20,
    0x66,0x6c,0x6f,0x61,0x74,0x34,0x28,0x70,0x6f,0x73,0x69,0x74,0x69,0x6f,0x6e,0x2c,
    0x20,0x31,0x2e,0x30,0x66,0x29,0x3b,0x0a,0x20,0x20,0x20,0x20,0x67,0x6c,0x5f,0x50,
    0x6f,0x73,0x69,0x74,0x69,0x6f,0x6e,0x20,0x3d,0x20,0x6d,0x75,0x6c,0x28,0x5f,0x33,
    0x31,0x2c,0x20,0x5f,0x31,0x39,0x5f,0x6d,0x76,0x70,0x29,0x3b,0x0a,0x20,0x20,0x20,
    0x20,0x66,0x6c,0x6f,0x61,0x74,0x33,0x20,0x5f,0x36,0x32,0x20,0x3d,0x20,0x6e,0x6f,
    0x72,0x6d,0x61,0x6c,0x69,0x7a,0x65,0x28,0x6d,0x75,0x6c,0x28,0x6e,0x6f,0x72,0x6d,
    0x61,0x6c,0x2c,0x20,0x66,0x6c,0x6f,0x61,0x74,0x33,0x78,0x33,0x28,0x5f,0x31,0x39,
    0x5f,0x6e,0x6f,0x72,0x6d,0x61,0x6c,0x4d,0x61,0x74,0x72,0x69,0x78,0x5b,0x30,0x5d,
    0x2e,0x78,0x79,0x7a,0x2c,0x20,0x5f,0x31,0x39,0x5f,0x6e,0x6f,0x72,0x6d,0x61,0x6c,
    0x4d,0x61,0x74,0x72,0x69,0x78,0x5b,0x31,0x5d,0x2e,0x78,0x79,0x7a,0x2c,0x20,0x5f,
    0x31,0x39,0x5f,0x6e,0x6f,0x72,0x6d,0x61,0x6c,0x4d,0x61,0x74,0x72,0x69,0x78,0x5b,
    0x32,0x5d,0x2e,0x78,0x79,0x7a,0x29,0x29,0x29,0x3b,0x0a,0x20,0x20,0x20,0x20,0x66,
    0x6c,0x6f,0x61,0x74,0x33,0x20,0x5f,0x37,0x31,0x20,0x3d,0x20,0x6e,0x6f,0x72,0x6d,
    0x61,0x6c,0x69,0x7a,0x65,0x28,0x5f,0x31,0x39,0x5f,0x65,0x79,0x65,0x50,0x6f,0x73,
    0x69,0x74,0x69,0x6f,0x6e,0x2e,0x78,0x79,0x7a,0x20,0x2d,0x20,0x6d,0x75,0x6c,0x28,
    0x5f,0x33,0x31,0x2c,0x20,0x5f,0x31,0x39,0x5f,0x77,0x6f,0x72,0x6c,0x64,0x29,0x2e,
    0x78,0x79,0x7a,0x29,0x3b,0x0a,0x20,0x20,0x20,0x20,0x66,0x6c,0x6f,0x61,0x74,0x20,
    0x5f,0x38,0x37,0x3b,0x0a,0x20,0x20,0x20,0x20,0x69,0x66,0x20,0x28,0x5f,0x31,0x39,
    0x5f,0x66,0x6c,0x61,0x67,0x73,0x2e,0x78,0x20,0x3e,0x20,0x30,0x2e,0x35,0x66,0x29,
    0x0a,0x20,0x20,0x20,0x20,0x7b,0x0a,0x20,0x20,0x20,0x20,0x20,0x20,0x20,0x20,0x5f,
    0x38,0x37,0x20,0x3d,0x20,0x70,0x6f,0x77,0x28,0x6d,0x61,0x78,0x28,0x31,0x2e,0x30,
    0x66,0x20,0x2d,0x20,0x61,0x62,0x73,0x28,0x64,0x6f,0x74,0x28,0x5f,0x37,0x31,0x2c,
    0x20,0x5f,0x36,0x32,0x29,0x29,0x2c,0x20,0x30,0x2e,0x30,0x66,0x29,0x2c,0x20,0x5f,
    0x31,0x39,0x5f,0x66,0x6c,0x61,0x67,0x73,0x2e,0x79,0x29,0x20,0x2a,0x20,0x5f,0x31,
    0x39,0x5f,0x66,0x6c,0x61,0x67,0x73,0x2e,0x7a,0x3b,0x0a,0x20,0x20,0x20,0x20,0x7d,
    0x0a,0x20,0x20,0x20,0x20,0x65,0x6c,0x73,0x65,0x0a,0x20,0x20,0x20,0x20,0x7b,0x0a,
    0x20,0x20,0x20,0x20,0x20,0x20,0x20,0x20,0x5f,0x38,0x37,0x20,0x3d,0x20,0x5f,0x31,
    0x39,0x5f,0x66,0x6c,0x61,0x67,0x73,0x2e,0x7a,0x3b,0x0a,0x20,0x20,0x20,0x20,0x7d,
    0x0a,0x20,0x20,0x20,0x20,0x66,0x72,0x65,0x73,0x6e,0x65,0x6c,0x42,0x6c,0x65,0x6e,
    0x64,0x20,0x3d,0x20,0x5f,0x38,0x37,0x3b,0x0a,0x20,0x20,0x20,0x20,0x72,0x65,0x66,
    0x6c,0x65,0x63,0x74,0x44,0x69,0x72,0x20,0x3d,0x20,0x72,0x65,0x66,0x6c,0x65,0x63,
    0x74,0x28,0x2d,0x5f,0x37,0x31,0x2c,0x20,0x5f,0x36,0x32,0x29,0x3b,0x0a,0x20,0x20,
    0x20,0x20,0x77,0x6f,0x72,0x6c,0x64,0x4e,0x6f,0x72,0x6d,0x61,0x6c,0x20,0x3d,0x20,
    0x5f,0x36,0x32,0x3b,0x0a,0x20,0x20,0x20,0x20,0x75,0x76,0x20,0x3d,0x20,0x74,0x65,
    0x78,0x63,0x6f,0x6f,0x72,0x64,0x30,0x3b,0x0a,0x20,0x20,0x20,0x20,0x66,0x6f,0x67,
    0x46,0x61,0x63,0x74,0x6f,0x72,0x20,0x3d,0x20,0x31,0x2e,0x30,0x66,0x20,0x2d,0x20,
    0x63,0x6c,0x61,0x6d,0x70,0x28,0x64,0x6f,0x74,0x28,0x5f,0x33,0x31,0x2c,0x20,0x5f,
    0x31,0x39,0x5f,0x66,0x6f,0x67,0x56,0x65,0x63,0x74,0x6f,0x72,0x29,0x2c,0x20,0x30,
    0x2e,0x30,0x66,0x2c,0x20,0x31,0x2e,0x30,0x66,0x29,0x3b,0x0a,0x7d,0x0a,0x0a,0x53,
    0x50,0x49,0x52,0x56,0x5f,0x43,0x72,0x6f,0x73,0x73,0x5f,0x4f,0x75,0x74,0x70,0x75,
    0x74,0x20,0x6d,0x61,0x69,0x6e,0x28,0x53,0x50,0x49,0x52,0x56,0x5f,0x43,0x72,0x6f,
    0x73,0x73,0x5f,0x49,0x6e,0x70,0x75,0x74,0x20,0x73,0x74,0x61,0x67,0x65,0x5f,0x69,
    0x6e,0x70,0x75,0x74,0x29,0x0a,0x7b,0x0a,0x20,0x20,0x20,0x20,0x70,0x6f,0x73,0x69,
    0x74,0x69,0x6f,0x6e,0x20,0x3d,0x20,0x73,0x74,0x61,0x67,0x65,0x5f,0x69,0x6e,0x70,
    0x75,0x74,0x2e,0x70,0x6f,0x73,0x69,0x74,0x69,0x6f,0x6e,0x3b,0x0a,0x20,0x20,0x20,
    0x20,0x6e,0x6f,0x72,0x6d,0x61,0x6c,0x20,0x3d,0x20,0x73,0x74,0x61,0x67,0x65,0x5f,
    0x69,0x6e,0x70,0x75,0x74,0x2e,0x6e,0x6f,0x72,0x6d,0x61,0x6c,0x3b,0x0a,0x20,0x20,
    0x20,0x20,0x74,0x65,0x78,0x63,0x6f,0x6f,0x72,0x64,0x30,0x20,0x3d,0x20,0x73,0x74,
    0x61,0x67,0x65,0x5f,0x69,0x6e,0x70,0x75,0x74,0x2e,0x74,0x65,0x78,0x63,0x6f,0x6f,
    0x72,0x64,0x30,0x3b,0x0a,0x20,0x20,0x20,0x20,0x76,0x65,0x72,0x74,0x5f,0x6d,0x61,
    0x69,0x6e,0x28,0x29,0x3b,0x0a,0x20,0x20,0x20,0x20,0x53,0x50,0x49,0x52,0x56,0x5f,
    0x43,0x72,0x6f,0x73,0x73,0x5f,0x4f,0x75,0x74,0x70,0x75,0x74,0x20,0x73,0x74,0x61,
    0x67,0x65,0x5f,0x6f,0x75,0x74,0x70,0x75,0x74,0x3b,0x0a,0x20,0x20,0x20,0x20,0x73,
    0x74,0x61,0x67,0x65,0x5f,0x6f,0x75,0x74,0x70,0x75,0x74,0x2e,0x67,0x6c,0x5f,0x50,
    0x6f,0x73,0x69,0x74,0x69,0x6f,0x6e,0x20,0x3d,0x20,0x67,0x6c,0x5f,0x50,0x6f,0x73,
    0x69,0x74,0x69,0x6f,0x6e,0x3b,0x0a,0x20,0x20,0x20,0x20,0x73,0x74,0x61,0x67,0x65,
    0x5f,0x6f,0x75,0x74,0x70,0x75,0x74,0x2e,0x66,0x72,0x65,0x73,0x6e,0x65,0x6c,0x42,
    0x6c,0x65,0x6e,0x64,0x20,0x3d,0x20,0x66,0x72,0x65,0x73,0x6e,0x65,0x6c,0x42,0x6c,
    0x65,0x6e,0x64,0x3b,0x0a,0x20,0x20,0x20,0x20,0x73,0x74,0x61,0x67,0x65,0x5f,0x6f,
    0x75,0x74,0x70,0x75,0x74,0x2e,0x72,0x65,0x66,0x6c,0x65,0x63,0x74,0x44,0x69,0x72,
    0x20,0x3d,0x20,0x72,0x65,0x66,0x6c,0x65,0x63,0x74,0x44,0x69,0x72,0x3b,0x0a,0x20,
    0x20,0x20,0x20,0x73,0x74,0x61,0x67,0x65,0x5f,0x6f,0x75,0x74,0x70,0x75,0x74,0x2e,
    0x77,0x6f,0x72,0x6c,0x64,0x4e,0x6f,0x72,0x6d,0x61,0x6c,0x20,0x3d,0x20,0x77,0x6f,
    0x72,0x6c,0x64,0x4e,0x6f,0x72,0x6d,0x61,0x6c,0x3b,0x0a,0x20,0x20,0x20,0x20,0x73,
    0x74,0x61,0x67,0x65,0x5f,0x6f,0x75,0x74,0x70,0x75,0x74,0x2e,0x75,0x76,0x20,0x3d,
    0x20,0x75,0x76,0x3b,0x0a,0x20,0x20,0x20,0x20,0x73,0x74,0x61,0x67,0x65,0x5f,0x6f,
    0x75,0x74,0x70,0x75,0x74,0x2e,0x66,0x6f,0x67,0x46,0x61,0x63,0x74,0x6f,0x72,0x20,
    0x3d,0x20,0x66,0x6f,0x67,0x46,0x61,0x63,0x74,0x6f,0x72,0x3b,0x0a,0x20,0x20,0x20,
    0x20,0x72,0x65,0x74,0x75,0x72,0x6e,0x20,0x73,0x74,0x61,0x67,0x65,0x5f,0x6f,0x75,
    0x74,0x70,0x75,0x74,0x3b,0x0a,0x7d,0x0a,0x00,
};
#endif
/*
    cbuffer envmap3d_fs_params : register(b2)
    {
        float4 _20_diffuse : packoffset(c0);
        float4 _20_emissiveColor : packoffset(c1);
        float4 _20_light0Dir : packoffset(c2);
        float4 _20_light0Diffuse : packoffset(c3);
        float4 _20_light1Dir : packoffset(c4);
        float4 _20_light1Diffuse : packoffset(c5);
        float4 _20_light2Dir : packoffset(c6);
        float4 _20_light2Diffuse : packoffset(c7);
        float4 _20_envMapSpecular : packoffset(c8);
        float4 _20_alphaTest : packoffset(c9);
        float4 _20_fogColor : packoffset(c10);
        float4 _20_rtFlipV : packoffset(c11);
    };

    Texture2D<float4> tex : register(t0);
    SamplerState smp : register(s0);
    TextureCube<float4> envTex : register(t1);
    SamplerState envSmp : register(s1);

    static float3 worldNormal;
    static float2 uv;
    static float3 reflectDir;
    static float fresnelBlend;
    static float4 frag_color;
    static float fogFactor;

    struct SPIRV_Cross_Input
    {
        float3 worldNormal : TEXCOORD0;
        float2 uv : TEXCOORD1;
        float3 reflectDir : TEXCOORD2;
        float fresnelBlend : TEXCOORD3;
        float fogFactor : TEXCOORD4;
    };

    struct SPIRV_Cross_Output
    {
        float4 frag_color : SV_Target0;
    };

    void frag_main()
    {
        float3 _13 = normalize(worldNormal);
        float4 _118 = tex.Sample(smp, float2(uv.x, lerp(uv.y, 1.0f - uv.y, _20_rtFlipV.x)));
        float4 _130 = envTex.Sample(envSmp, reflectDir);
        float _142 = _20_diffuse.w * _118.w;
        frag_color = float4(lerp((((((_20_light0Diffuse.xyz * max(dot(_13, -_20_light0Dir.xyz), 0.0f)) + (_20_light1Diffuse.xyz * max(dot(_13, -_20_light1Dir.xyz), 0.0f))) + (_20_light2Diffuse.xyz * max(dot(_13, -_20_light2Dir.xyz), 0.0f))) * _20_diffuse.xyz) + _20_emissiveColor.xyz) * _118.xyz, _130.xyz * _142, fresnelBlend.xxx) + ((_20_envMapSpecular.xyz * _130.w) * _142), _142);
        float _177;
        if (_20_alphaTest.y > 0.0f)
        {
            float _190;
            if (abs(frag_color.w - _20_alphaTest.x) < _20_alphaTest.y)
            {
                _190 = _20_alphaTest.z;
            }
            else
            {
                _190 = _20_alphaTest.w;
            }
            _177 = _190;
        }
        else
        {
            float _206;
            if (frag_color.w < _20_alphaTest.x)
            {
                _206 = _20_alphaTest.z;
            }
            else
            {
                _206 = _20_alphaTest.w;
            }
            _177 = _206;
        }
        if (_177 < 0.0f)
        {
            discard;
        }
        float4 _225 = frag_color;
        float3 _230 = lerp(_20_fogColor.xyz, _225.xyz, fogFactor.xxx);
        frag_color.x = _230.x;
        frag_color.y = _230.y;
        frag_color.z = _230.z;
    }

    SPIRV_Cross_Output main(SPIRV_Cross_Input stage_input)
    {
        worldNormal = stage_input.worldNormal;
        uv = stage_input.uv;
        reflectDir = stage_input.reflectDir;
        fresnelBlend = stage_input.fresnelBlend;
        fogFactor = stage_input.fogFactor;
        frag_main();
        SPIRV_Cross_Output stage_output;
        stage_output.frag_color = frag_color;
        return stage_output;
    }
*/
#if defined(SOKOL_D3D11)
static const uint8_t cna_envmap3d_fs_source_hlsl5[2901] = {
    0x63,0x62,0x75,0x66,0x66,0x65,0x72,0x20,0x65,0x6e,0x76,0x6d,0x61,0x70,0x33,0x64,
    0x5f,0x66,0x73,0x5f,0x70,0x61,0x72,0x61,0x6d,0x73,0x20,0x3a,0x20,0x72,0x65,0x67,
    0x69,0x73,0x74,0x65,0x72,0x28,0x62,0x32,0x29,0x0a,0x7b,0x0a,0x20,0x20,0x20,0x20,
    0x66,0x6c,0x6f,0x61,0x74,0x34,0x20,0x5f,0x32,0x30,0x5f,0x64,0x69,0x66,0x66,0x75,
    0x73,0x65,0x20,0x3a,0x20,0x70,0x61,0x63,0x6b,0x6f,0x66,0x66,0x73,0x65,0x74,0x28,
    0x63,0x30,0x29,0x3b,0x0a,0x20,0x20,0x20,0x20,0x66,0x6c,0x6f,0x61,0x74,0x34,0x20,
    0x5f,0x32,0x30,0x5f,0x65,0x6d,0x69,0x73,0x73,0x69,0x76,0x65,0x43,0x6f,0x6c,0x6f,
    0x72,0x20,0x3a,0x20,0x70,0x61,0x63,0x6b,0x6f,0x66,0x66,0x73,0x65,0x74,0x28,0x63,
    0x31,0x29,0x3b,0x0a,0x20,0x20,0x20,0x20,0x66,0x6c,0x6f,0x61,0x74,0x34,0x20,0x5f,
    0x32,0x30,0x5f,0x6c,0x69,0x67,0x68,0x74,0x30,0x44,0x69,0x72,0x20,0x3a,0x20,0x70,
    0x61,0x63,0x6b,0x6f,0x66,0x66,0x73,0x65,0x74,0x28,0x63,0x32,0x29,0x3b,0x0a,0x20,
    0x20,0x20,0x20,0x66,0x6c,0x6f,0x61,0x74,0x34,0x20,0x5f,0x32,0x30,0x5f,0x6c,0x69,
    0x67,0x68,0x74,0x30,0x44,0x69,0x66,0x66,0x75,0x73,0x65,0x20,0x3a,0x20,0x70,0x61,
    0x63,0x6b,0x6f,0x66,0x66,0x73,0x65,0x74,0x28,0x63,0x33,0x29,0x3b,0x0a,0x20,0x20,
    0x20,0x20,0x66,0x6c,0x6f,0x61,0x74,0x34,0x20,0x5f,0x32,0x30,0x5f,0x6c,0x69,0x67,
    0x68,0x74,0x31,0x44,0x69,0x72,0x20,0x3a,0x20,0x70,0x61,0x63,0x6b,0x6f,0x66,0x66,
    0x73,0x65,0x74,0x28,0x63,0x34,0x29,0x3b,0x0a,0x20,0x20,0x20,0x20,0x66,0x6c,0x6f,
    0x61,0x74,0x34,0x20,0x5f,0x32,0x30,0x5f,0x6c,0x69,0x67,0x68,0x74,0x31,0x44,0x69,
    0x66,0x66,0x75,0x73,0x65,0x20,0x3a,0x20,0x70,0x61,0x63,0x6b,0x6f,0x66,0x66,0x73,
    0x65,0x74,0x28,0x63,0x35,0x29,0x3b,0x0a,0x20,0x20,0x20,0x20,0x66,0x6c,0x6f,0x61,
    0x74,0x34,0x20,0x5f,0x32,0x30,0x5f,0x6c,0x69,0x67,0x68,0x74,0x32,0x44,0x69,0x72,
    0x20,0x3a,0x20,0x70,0x61,0x63,0x6b,0x6f,0x66,0x66,0x73,0x65,0x74,0x28,0x63,0x36,
    0x29,0x3b,0x0a,0x20,0x20,0x20,0x20,0x66,0x6c,0x6f,0x61,0x74,0x34,0x20,0x5f,0x32,
    0x30,0x5f,0x6c,0x69,0x67,0x68,0x74,0x32,0x44,0x69,0x66,0x66,0x75,0x73,0x65,0x20,
    0x3a,0x20,0x70,0x61,0x63,0x6b,0x6f,0x66,0x66,0x73,0x65,0x74,0x28,0x63,0x37,0x29,
    0x3b,0x0a,0x20,0x20,0x20,0x20,0x66,0x6c,0x6f,0x61,0x74,0x34,0x20,0x5f,0x32,0x30,
    0x5f,0x65,0x6e,0x76,0x4d,0x61,0x70,0x53,0x70,0x65,0x63,0x75,0x6c,0x61,0x72,0x20,
    0x3a,0x20,0x70,0x61,0x63,0x6b,0x6f,0x66,0x66,0x73,0x65,0x74,0x28,0x63,0x38,0x29,
    0x3b,0x0a,0x20,0x20,0x20,0x20,0x66,0x6c,0x6f,0x61,0x74,0x34,0x20,0x5f,0x32,0x30,
    0x5f,0x61,0x6c,0x70,0x68,0x61,0x54,0x65,0x73,0x74,0x20,0x3a,0x20,0x70,0x61,0x63,
    0x6b,0x6f,0x66,0x66,0x73,0x65,0x74,0x28,0x63,0x39,0x29,0x3b,0x0a,0x20,0x20,0x20,
    0x20,0x66,0x6c,0x6f,0x61,0x74,0x34,0x20,0x5f,0x32,0x30,0x5f,0x66,0x6f,0x67,0x43,
    0x6f,0x6c,0x6f,0x72,0x20,0x3a,0x20,0x70,0x61,0x63,0x6b,0x6f,0x66,0x66,0x73,0x65,
    0x74,0x28,0x63,0x31,0x30,0x29,0x3b,0x0a,0x20,0x20,0x20,0x20,0x66,0x6c,0x6f,0x61,
    0x74,0x34,0x20,0x5f,0x32,0x30,0x5f,0x72,0x74,0x46,0x6c,0x69,0x70,0x56,0x20,0x3a,
    0x20,0x70,0x61,0x63,0x6b,0x6f,0x66,0x66,0x73,0x65,0x74,0x28,0x63,0x31,0x31,0x29,
    0x3b,0x0a,0x7d,0x3b,0x0a,0x0a,0x54,0x65,0x78,0x74,0x75,0x72,0x65,0x32,0x44,0x3c,
    0x66,0x6c,0x6f,0x61,0x74,0x34,0x3e,0x20,0x74,0x65,0x78,0x20,0x3a,0x20,0x72,0x65,
    0x67,0x69,0x73,0x74,0x65,0x72,0x28,0x74,0x30,0x29,0x3b,0x0a,0x53,0x61,0x6d,0x70,
    0x6c,0x65,0x72,0x53,0x74,0x61,0x74,0x65,0x20,0x73,0x6d,0x70,0x20,0x3a,0x20,0x72,
    0x65,0x67,0x69,0x73,0x74,0x65,0x72,0x28,0x73,0x30,0x29,0x3b,0x0a,0x54,0x65,0x78,
    0x74,0x75,0x72,0x65,0x43,0x75,0x62,0x65,0x3c,0x66,0x6c,0x6f,0x61,0x74,0x34,0x3e,
    0x20,0x65,0x6e,0x76,0x54,0x65,0x78,0x20,0x3a,0x20,0x72,0x65,0x67,0x69,0x73,0x74,
    0x65,0x72,0x28,0x74,0x31,0x29,0x3b,0x0a,0x53,0x61,0x6d,0x70,0x6c,0x65,0x72,0x53,
    0x74,0x61,0x74,0x65,0x20,0x65,0x6e,0x76,0x53,0x6d,0x70,0x20,0x3a,0x20,0x72,0x65,
    0x67,0x69,0x73,0x74,0x65,0x72,0x28,0x73,0x31,0x29,0x3b,0x0a,0x0a,0x73,0x74,0x61,
    0x74,0x69,0x63,0x20,0x66,0x6c,0x6f,0x61,0x74,0x33,0x20,0x77,0x6f,0x72,0x6c,0x64,
    0x4e,0x6f,0x72,0x6d,0x61,0x6c,0x3b,0x0a,0x73,0x74,0x61,0x74,0x69,0x63,0x20,0x66,
    0x6c,0x6f,0x61,0x74,0x32,0x20,0x75,0x76,0x3b,0x0a,0x73,0x74,0x61,0x74,0x69,0x63,
    0x20,0x66,0x6c,0x6f,0x61,0x74,0x33,0x20,0x72,0x65,0x66,0x6c,0x65,0x63,0x74,0x44,
    0x69,0x72,0x3b,0x0a,0x73,0x74,0x61,0x74,0x69,0x63,0x20,0x66,0x6c,0x6f,0x61,0x74,
    0x20,0x66,0x72,0x65,0x73,0x6e,0x65,0x6c,0x42,0x6c,0x65,0x6e,0x64,0x3b,0x0a,0x73,
    0x74,0x61,0x74,0x69,0x63,0x20,0x66,0x6c,0x6f,0x61,0x74,0x34,0x20,0x66,0x72,0x61,
    0x67,0x5f,0x63,0x6f,0x6c,0x6f,0x72,0x3b,0x0a,0x73,0x74,0x61,0x74,0x69,0x63,0x20,
    0x66,0x6c,0x6f,0x61,0x74,0x20,0x66,0x6f,0x67,0x46,0x61,0x63,0x74,0x6f,0x72,0x3b,
    0x0a,0x0a,0x73,0x74,0x72,0x75,0x63,0x74,0x20,0x53,0x50,0x49,0x52,0x56,0x5f,0x43,
    0x72,0x6f,0x73,0x73,0x5f,0x49,0x6e,0x70,0x75,0x74,0x0a,0x7b,0x0a,0x20,0x20,0x20,
    0x20,0x66,0x6c,0x6f,0x61,0x74,0x33,0x20,0x77,0x6f,0x72,0x6c,0x64,0x4e,0x6f,0x72,
    0x6d,0x61,0x6c,0x20,0x3a,0x20,0x54,0x45,0x58,0x43,0x4f,0x4f,0x52,0x44,0x30,0x3b,
    0x0a,0x20,0x20,0x20,0x20,0x66,0x6c,0x6f,0x61,0x74,0x32,0x20,0x75,0x76,0x20,0x3a,
    0x20,0x54,0x45,0x58,0x43,0x4f,0x4f,0x52,0x44,0x31,0x3b,0x0a,0x20,0x20,0x20,0x20,
    0x66,0x6c,0x6f,0x61,0x74,0x33,0x20,0x72,0x65,0x66,0x6c,0x65,0x63,0x74,0x44,0x69,
    0x72,0x20,0x3a,0x20,0x54,0x45,0x58,0x43,0x4f,0x4f,0x52,0x44,0x32,0x3b,0x0a,0x20,
    0x20,0x20,0x20,0x66,0x6c,0x6f,0x61,0x74,0x20,0x66,0x72,0x65,0x73,0x6e,0x65,0x6c,
    0x42,0x6c,0x65,0x6e,0x64,0x20,0x3a,0x20,0x54,0x45,0x58,0x43,0x4f,0x4f,0x52,0x44,
    0x33,0x3b,0x0a,0x20,0x20,0x20,0x20,0x66,0x6c,0x6f,0x61,0x74,0x20,0x66,0x6f,0x67,
    0x46,0x61,0x63,0x74,0x6f,0x72,0x20,0x3a,0x20,0x54,0x45,0x58,0x43,0x4f,0x4f,0x52,
    0x44,0x34,0x3b,0x0a,0x7d,0x3b,0x0a,0x0a,0x73,0x74,0x72,0x75,0x63,0x74,0x20,0x53,
    0x50,0x49,0x52,0x56,0x5f,0x43,0x72,0x6f,0x73,0x73,0x5f,0x4f,0x75,0x74,0x70,0x75,
    0x74,0x0a,0x7b,0x0a,0x20,0x20,0x20,0x20,0x66,0x6c,0x6f,0x61,0x74,0x34,0x20,0x66,
    0x72,0x61,0x67,0x5f,0x63,0x6f,0x6c,0x6f,0x72,0x20,0x3a,0x20,0x53,0x56,0x5f,0x54,
    0x61,0x72,0x67,0x65,0x74,0x30,0x3b,0x0a,0x7d,0x3b,0x0a,0x0a,0x76,0x6f,0x69,0x64,
    0x20,0x66,0x72,0x61,0x67,0x5f,0x6d,0x61,0x69,0x6e,0x28,0x29,0x0a,0x7b,0x0a,0x20,
    0x20,0x20,0x20,0x66,0x6c,0x6f,0x61,0x74,0x33,0x20,0x5f,0x31,0x33,0x20,0x3d,0x20,
    0x6e,0x6f,0x72,0x6d,0x61,0x6c,0x69,0x7a,0x65,0x28,0x77,0x6f,0x72,0x6c,0x64,0x4e,
    0x6f,0x72,0x6d,0x61,0x6c,0x29,0x3b,0x0a,0x20,0x20,0x20,0x20,0x66,0x6c,0x6f,0x61,
    0x74,0x34,0x20,0x5f,0x31,0x31,0x38,0x20,0x3d,0x20,0x74,0x65,0x78,0x2e,0x53,0x61,
    0x6d,0x70,0x6c,0x65,0x28,0x73,0x6d,0x70,0x2c,0x20,0x66,0x6c,0x6f,0x61,0x74,0x32,
    0x28,0x75,0x76,0x2e,0x78,0x2c,0x20,0x6c,0x65,0x72,0x70,0x28,0x75,0x76,0x2e,0x79,
    0x2c,0x20,0x31,0x2e,0x30,0x66,0x20,0x2d,0x20,0x75,0x76,0x2e,0x79,0x2c,0x20,0x5f,
    0x32,0x30,0x5f,0x72,0x74,0x46,0x6c,0x69,0x70,0x56,0x2e,0x78,0x29,0x29,0x29,0x3b,
    0x0a,0x20,0x20,0x20,0x20,0x66,0x6c,0x6f,0x61,0x74,0x34,0x20,0x5f,0x31,0x33,0x30,
    0x20,0x3d,0x20,0x65,0x6e,0x76,0x54,0x65,0x78,0x2e,0x53,0x61,0x6d,0x70,0x6c,0x65,
    0x28,0x65,0x6e,0x76,0x53,0x6d,0x70,0x2c,0x20,0x72,0x65,0x66,0x6c,0x65,0x63,0x74,
    0x44,0x69,0x72,0x29,0x3b,0x0a,0x20,0x20,0x20,0x20,0x66,0x6c,0x6f,0x61,0x74,0x20,
    0x5f,0x31,0x34,0x32,0x20,0x3d,0x20,0x5f,0x32,0x30,0x5f,0x64,0x69,0x66,0x66,0x75,
    0x73,0x65,0x2e,0x77,0x20,0x2a,0x20,0x5f,0x31,0x31,0x38,0x2e,0x77,0x3b,0x0a,0x20,
    0x20,0x20,0x20,0x66,0x72,0x61,0x67,0x5f,0x63,0x6f,0x6c,0x6f,0x72,0x20,0x3d,0x20,
    0x66,0x6c,0x6f,0x61,0x74,0x34,0x28,0x6c,0x65,0x72,0x70,0x28,0x28,0x28,0x28,0x28,
    0x28,0x5f,0x32,0x30,0x5f,0x6c,0x69,0x67,0x68,0x74,0x30,0x44,0x69,0x66,0x66,0x75,
    0x73,0x65,0x2e,0x78,0x79,0x7a,0x20,0x2a,0x20,0x6d,0x61,0x78,0x28,0x64,0x6f,0x74,
    0x28,0x5f,0x31,0x33,0x2c,0x20,0x2d,0x5f,0x32,0x30,0x5f,0x6c,0x69,0x67,0x68,0x74,
    0x30,0x44,0x69,0x72,0x2e,0x78,0x79,0x7a,0x29,0x2c,0x20,0x30,0x2e,0x30,0x66,0x29,
    0x29,0x20,0x2b,0x20,0x28,0x5f,0x32,0x30,0x5f,0x6c,0x69,0x67,0x68,0x74,0x31,0x44,
    0x69,0x66,0x66,0x75,0x73,0x65,0x2e,0x78,0x79,0x7a,0x20,0x2a,0x20,0x6d,0x61,0x78,
    0x28,0x64,0x6f,0x74,0x28,0x5f,0x31,0x33,0x2c,0x20,0x2d,0x5f,0x32,0x30,0x5f,0x6c,
    0x69,0x67,0x68,0x74,0x31,0x44,0x69,0x72,0x2e,0x78,0x79,0x7a,0x29,0x2c,0x20,0x30,
    0x2e,0x30,0x66,0x29,0x29,0x29,0x20,0x2b,0x20,0x28,0x5f,0x32,0x30,0x5f,0x6c,0x69,
    0x67,0x68,0x74,0x32,0x44,0x69,0x66,0x66,0x75,0x73,0x65,0x2e,0x78,0x79,0x7a,0x20,
    0x2a,0x20,0x6d,0x61,0x78,0x28,0x64,0x6f,0x74,0x28,0x5f,0x31,0x33,0x2c,0x20,0x2d,
    0x5f,0x32,0x30,0x5f,0x6c,0x69,0x67,0x68,0x74,0x32,0x44,0x69,0x72,0x2e,0x78,0x79,
    0x7a,0x29,0x2c,0x20,0x30,0x2e,0x30,0x66,0x29,0x29,0x29,0x20,0x2a,0x20,0x5f,0x32,
    0x30,0x5f,0x64,0x69,0x66,0x66,0x75,0x73,0x65,0x2e,0x78,0x79,0x7a,0x29,0x20,0x2b,
    0x20,0x5f,0x32,0x30,0x5f,0x65,0x6d,0x69,0x73,0x73,0x69,0x76,0x65,0x43,0x6f,0x6c,
    0x6f,0x72,0x2e,0x78,0x79,0x7a,0x29,0x20,0x2a,0x20,0x5f,0x31,0x31,0x38,0x2e,0x78,
    0x79,0x7a,0x2c,0x20,0x5f,0x31,0x33,0x30,0x2e,0x78,0x79,0x7a,0x20,0x2a,0x20,0x5f,
    0x31,0x34,0x32,0x2c,0x20,0x66,0x72,0x65,0x73,0x6e,0x65,0x6c,0x42,0x6c,0x65,0x6e,
    0x64,0x2e,0x78,0x78,0x78,0x29,0x20,0x2b,0x20,0x28,0x28,0x5f,0x32,0x30,0x5f,0x65,
    0x6e,0x76,0x4d,0x61,0x70,0x53,0x70,0x65,0x63,0x75,0x6c,0x61,0x72,0x2e,0x78,0x79,
    0x7a,0x20,0x2a,0x20,0x5f,0x31,0x33,0x30,0x2e,0x77,0x29,0x20,0x2a,0x20,0x5f,0x31,
    0x34,0x32,0x29,0x2c,0x20,0x5f,0x31,0x34,0x32,0x29,0x3b,0x0a,0x20,0x20,0x20,0x20,
    0x66,0x6c,0x6f,0x61,0x74,0x20,0x5f,0x31,0x37,0x37,0x3b,0x0a,0x20,0x20,0x20,0x20,
    0x69,0x66,0x20,0x28,0x5f,0x32,0x30,0x5f,0x61,0x6c,0x70,0x68,0x61,0x54,0x65,0x73,
    0x74,0x2e,0x79,0x20,0x3e,0x20,0x30,0x2e,0x30,0x66,0x29,0x0a,0x20,0x20,0x20,0x20,
    0x7b,0x0a,0x20,0x20,0x20,0x20,0x20,0x20,0x20,0x20,0x66,0x6c,0x6f,0x61,0x74,0x20,
    0x5f,0x31,0x39,0x30,0x3b,0x0a,0x20,0x20,0x20,0x20,0x20,0x20,0x20,0x20,0x69,0x66,
    0x20,0x28,0x61,0x62,0x73,0x28,0x66,0x72,0x61,0x67,0x5f,0x63,0x6f,0x6c,0x6f,0x72,
    0x2e,0x77,0x20,0x2d,0x20,0x5f,0x32,0x30,0x5f,0x61,0x6c,0x70,0x68,0x61,0x54,0x65,
    0x73,0x74,0x2e,0x78,0x29,0x20,0x3c,0x20,0x5f,0x32,0x30,0x5f,0x61,0x6c,0x70,0x68,
    0x61,0x54,0x65,0x73,0x74,0x2e,0x79,0x29,0x0a,0x20,0x20,0x20,0x20,0x20,0x20,0x20,
    0x20,0x7b,0x0a,0x20,0x20,0x20,0x20,0x20,0x20,0x20,0x20,0x20,0x20,0x20,0x20,0x5f,
    0x31,0x39,0x30,0x20,0x3d,0x20,0x5f,0x32,0x30,0x5f,0x61,0x6c,0x70,0x68,0x61,0x54,
    0x65,0x73,0x74,0x2e,0x7a,0x3b,0x0a,0x20,0x20,0x20,0x20,0x20,0x20,0x20,0x20,0x7d,
    0x0a,0x20,0x20,0x20,0x20,0x20,0x20,0x20,0x20,0x65,0x6c,0x73,0x65,0x0a,0x20,0x20,
    0x20,0x20,0x20,0x20,0x20,0x20,0x7b,0x0a,0x20,0x20,0x20,0x20,0x20,0x20,0x20,0x20,
    0x20,0x20,0x20,0x20,0x5f,0x31,0x39,0x30,0x20,0x3d,0x20,0x5f,0x32,0x30,0x5f,0x61,
    0x6c,0x70,0x68,0x61,0x54,0x65,0x73,0x74,0x2e,0x77,0x3b,0x0a,0x20,0x20,0x20,0x20,
    0x20,0x20,0x20,0x20,0x7d,0x0a,0x20,0x20,0x20,0x20,0x20,0x20,0x20,0x20,0x5f,0x31,
    0x37,0x37,0x20,0x3d,0x20,0x5f,0x31,0x39,0x30,0x3b,0x0a,0x20,0x20,0x20,0x20,0x7d,
    0x0a,0x20,0x20,0x20,0x20,0x65,0x6c,0x73,0x65,0x0a,0x20,0x20,0x20,0x20,0x7b,0x0a,
    0x20,0x20,0x20,0x20,0x20,0x20,0x20,0x20,0x66,0x6c,0x6f,0x61,0x74,0x20,0x5f,0x32,
    0x30,0x36,0x3b,0x0a,0x20,0x20,0x20,0x20,0x20,0x20,0x20,0x20,0x69,0x66,0x20,0x28,
    0x66,0x72,0x61,0x67,0x5f,0x63,0x6f,0x6c,0x6f,0x72,0x2e,0x77,0x20,0x3c,0x20,0x5f,
    0x32,0x30,0x5f,0x61,0x6c,0x70,0x68,0x61,0x54,0x65,0x73,0x74,0x2e,0x78,0x29,0x0a,
    0x20,0x20,0x20,0x20,0x20,0x20,0x20,0x20,0x7b,0x0a,0x20,0x20,0x20,0x20,0x20,0x20,
    0x20,0x20,0x20,0x20,0x20,0x20,0x5f,0x32,0x30,0x36,0x20,0x3d,0x20,0x5f,0x32,0x30,
    0x5f,0x61,0x6c,0x70,0x68,0x61,0x54,0x65,0x73,0x74,0x2e,0x7a,0x3b,0x0a,0x20,0x20,
    0x20,0x20,0x20,0x20,0x20,0x20,0x7d,0x0a,0x20,0x20,0x20,0x20,0x20,0x20,0x20,0x20,
    0x65,0x6c,0x73,0x65,0x0a,0x20,0x20,0x20,0x20,0x20,0x20,0x20,0x20,0x7b,0x0a,0x20,
    0x20,0x20,0x20,0x20,0x20,0x20,0x20,0x20,0x20,0x20,0x20,0x5f,0x32,0x30,0x36,0x20,
    0x3d,0x20,0x5f,0x32,0x30,0x5f,0x61,0x6c,0x70,0x68,0x61,0x54,0x65,0x73,0x74,0x2e,
    0x77,0x3b,0x0a,0x20,0x20,0x20,0x20,0x20,0x20,0x20,0x20,0x7d,0x0a,0x20,0x20,0x20,
    0x20,0x20,0x20,0x20,0x20,0x5f,0x31,0x37,0x37,0x20,0x3d,0x20,0x5f,0x32,0x30,0x36,
    0x3b,0x0a,0x20,0x20,0x20,0x20,0x7d,0x0a,0x20,0x20,0x20,0x20,0x69,0x66,0x20,0x28,
    0x5f,0x31,0x37,0x37,0x20,0x3c,0x20,0x30,0x2e,0x30,0x66,0x29,0x0a,0x20,0x20,0x20,
    0x20,0x7b,0x0a,0x20,0x20,0x20,0x20,0x20,0x20,0x20,0x20,0x64,0x69,0x73,0x63,0x61,
    0x72,0x64,0x3b,0x0a,0x20,0x20,0x20,0x20,0x7d,0x0a,0x20,0x20,0x20,0x20,0x66,0x6c,
    0x6f,0x61,0x74,0x34,0x20,0x5f,0x32,0x32,0x35,0x20,0x3d,0x20,0x66,0x72,0x61,0x67,
    0x5f,0x63,0x6f,0x6c,0x6f,0x72,0x3b,0x0a,0x20,0x20,0x20,0x20,0x66,0x6c,0x6f,0x61,
    0x74,0x33,0x20,0x5f,0x32,0x33,0x30,0x20,0x3d,0x20,0x6c,0x65,0x72,0x70,0x28,0x5f,
    0x32,0x30,0x5f,0x66,0x6f,0x67,0x43,0x6f,0x6c,0x6f,0x72,0x2e,0x78,0x79,0x7a,0x2c,
    0x20,0x5f,0x32,0x32,0x35,0x2e,0x78,0x79,0x7a,0x2c,0x20,0x66,0x6f,0x67,0x46,0x61,
    0x63,0x74,0x6f,0x72,0x2e,0x78,0x78,0x78,0x29,0x3b,0x0a,0x20,0x20,0x20,0x20,0x66,
    0x72,0x61,0x67,0x5f,0x63,0x6f,0x6c,0x6f,0x72,0x2e,0x78,0x20,0x3d,0x20,0x5f,0x32,
    0x33,0x30,0x2e,0x78,0x3b,0x0a,0x20,0x20,0x20,0x20,0x66,0x72,0x61,0x67,0x5f,0x63,
    0x6f,0x6c,0x6f,0x72,0x2e,0x79,0x20,0x3d,0x20,0x5f,0x32,0x33,0x30,0x2e,0x79,0x3b,
    0x0a,0x20,0x20,0x20,0x20,0x66,0x72,0x61,0x67,0x5f,0x63,0x6f,0x6c,0x6f,0x72,0x2e,
    0x7a,0x20,0x3d,0x20,0x5f,0x32,0x33,0x30,0x2e,0x7a,0x3b,0x0a,0x7d,0x0a,0x0a,0x53,
    0x50,0x49,0x52,0x56,0x5f,0x43,0x72,0x6f,0x73,0x73,0x5f,0x4f,0x75,0x74,0x70,0x75,
    0x74,0x20,0x6d,0x61,0x69,0x6e,0x28,0x53,0x50,0x49,0x52,0x56,0x5f,0x43,0x72,0x6f,
    0x73,0x73,0x5f,0x49,0x6e,0x70,0x75,0x74,0x20,0x73,0x74,0x61,0x67,0x65,0x5f,0x69,
    0x6e,0x70,0x75,0x74,0x29,0x0a,0x7b,0x0a,0x20,0x20,0x20,0x20,0x77,0x6f,0x72,0x6c,
    0x64,0x4e,0x6f,0x72,0x6d,0x61,0x6c,0x20,0x3d,0x20,0x73,0x74,0x61,0x67,0x65,0x5f,
    0x69,0x6e,0x70,0x75,0x74,0x2e,0x77,0x6f,0x72,0x6c,0x64,0x4e,0x6f,0x72,0x6d,0x61,
    0x6c,0x3b,0x0a,0x20,0x20,0x20,0x20,0x75,0x76,0x20,0x3d,0x20,0x73,0x74,0x61,0x67,
    0x65,0x5f,0x69,0x6e,0x70,0x75,0x74,0x2e,0x75,0x76,0x3b,0x0a,0x20,0x20,0x20,0x20,
    0x72,0x65,0x66,0x6c,0x65,0x63,0x74,0x44,0x69,0x72,0x20,0x3d,0x20,0x73,0x74,0x61,
    0x67,0x65,0x5f,0x69,0x6e,0x70,0x75,0x74,0x2e,0x72,0x65,0x66,0x6c,0x65,0x63,0x74,
    0x44,0x69,0x72,0x3b,0x0a,0x20,0x20,0x20,0x20,0x66,0x72,0x65,0x73,0x6e,0x65,0x6c,
    0x42,0x6c,0x65,0x6e,0x64,0x20,0x3d,0x20,0x73,0x74,0x61,0x67,0x65,0x5f,0x69,0x6e,
    0x70,0x75,0x74,0x2e,0x66,0x72,0x65,0x73,0x6e,0x65,0x6c,0x42,0x6c,0x65,0x6e,0x64,
    0x3b,0x0a,0x20,0x20,0x20,0x20,0x66,0x6f,0x67,0x46,0x61,0x63,0x74,0x6f,0x72,0x20,
    0x3d,0x20,0x73,0x74,0x61,0x67,0x65,0x5f,0x69,0x6e,0x70,0x75,0x74,0x2e,0x66,0x6f,
    0x67,0x46,0x61,0x63,0x74,0x6f,0x72,0x3b,0x0a,0x20,0x20,0x20,0x20,0x66,0x72,0x61,
    0x67,0x5f,0x6d,0x61,0x69,0x6e,0x28,0x29,0x3b,0x0a,0x20,0x20,0x20,0x20,0x53,0x50,
    0x49,0x52,0x56,0x5f,0x43,0x72,0x6f,0x73,0x73,0x5f,0x4f,0x75,0x74,0x70,0x75,0x74,
    0x20,0x73,0x74,0x61,0x67,0x65,0x5f,0x6f,0x75,0x74,0x70,0x75,0x74,0x3b,0x0a,0x20,
    0x20,0x20,0x20,0x73,0x74,0x61,0x67,0x65,0x5f,0x6f,0x75,0x74,0x70,0x75,0x74,0x2e,
    0x66,0x72,0x61,0x67,0x5f,0x63,0x6f,0x6c,0x6f,0x72,0x20,0x3d,0x20,0x66,0x72,0x61,
    0x67,0x5f,0x63,0x6f,0x6c,0x6f,0x72,0x3b,0x0a,0x20,0x20,0x20,0x20,0x72,0x65,0x74,
    0x75,0x72,0x6e,0x20,0x73,0x74,0x61,0x67,0x65,0x5f,0x6f,0x75,0x74,0x70,0x75,0x74,
    0x3b,0x0a,0x7d,0x0a,0x00,
};
#endif
/*
    #include <metal_stdlib>
    #include <simd/simd.h>

    using namespace metal;

    struct envmap3d_vs_params
    {
        float4x4 mvp;
        float4x4 world;
        float4x4 normalMatrix;
        float4 eyePosition;
        float4 flags;
        float4 fogVector;
    };

    struct main0_out
    {
        float3 worldNormal [[user(locn0)]];
        float2 uv [[user(locn1)]];
        float3 reflectDir [[user(locn2)]];
        float fresnelBlend [[user(locn3)]];
        float fogFactor [[user(locn4)]];
        float4 gl_Position [[position]];
    };

    struct main0_in
    {
        float3 position [[attribute(0)]];
        float3 normal [[attribute(1)]];
        float2 texcoord0 [[attribute(2)]];
    };

    vertex main0_out main0(main0_in in [[stage_in]], constant envmap3d_vs_params& _19 [[buffer(0)]])
    {
        main0_out out = {};
        float4 _31 = float4(in.position, 1.0);
        out.gl_Position = _19.mvp * _31;
        float3 _62 = fast::normalize(float3x3(_19.normalMatrix[0].xyz, _19.normalMatrix[1].xyz, _19.normalMatrix[2].xyz) * in.normal);
        float3 _71 = fast::normalize(_19.eyePosition.xyz - (_19.world * _31).xyz);
        float _87;
        if (_19.flags.x > 0.5)
        {
            _87 = powr(fast::max(1.0 - abs(dot(_71, _62)), 0.0), _19.flags.y) * _19.flags.z;
        }
        else
        {
            _87 = _19.flags.z;
        }
        out.fresnelBlend = _87;
        out.reflectDir = reflect(-_71, _62);
        out.worldNormal = _62;
        out.uv = in.texcoord0;
        out.fogFactor = 1.0 - fast::clamp(dot(_31, _19.fogVector), 0.0, 1.0);
        return out;
    }

*/
#if defined(SOKOL_METAL)
static const uint8_t cna_envmap3d_vs_source_metal_macos[1436] = {
    0x23,0x69,0x6e,0x63,0x6c,0x75,0x64,0x65,0x20,0x3c,0x6d,0x65,0x74,0x61,0x6c,0x5f,
    0x73,0x74,0x64,0x6c,0x69,0x62,0x3e,0x0a,0x23,0x69,0x6e,0x63,0x6c,0x75,0x64,0x65,
    0x20,0x3c,0x73,0x69,0x6d,0x64,0x2f,0x73,0x69,0x6d,0x64,0x2e,0x68,0x3e,0x0a,0x0a,
    0x75,0x73,0x69,0x6e,0x67,0x20,0x6e,0x61,0x6d,0x65,0x73,0x70,0x61,0x63,0x65,0x20,
    0x6d,0x65,0x74,0x61,0x6c,0x3b,0x0a,0x0a,0x73,0x74,0x72,0x75,0x63,0x74,0x20,0x65,
    0x6e,0x76,0x6d,0x61,0x70,0x33,0x64,0x5f,0x76,0x73,0x5f,0x70,0x61,0x72,0x61,0x6d,
    0x73,0x0a,0x7b,0x0a,0x20,0x20,0x20,0x20,0x66,0x6c,0x6f,0x61,0x74,0x34,0x78,0x34,
    0x20,0x6d,0x76,0x70,0x3b,0x0a,0x20,0x20,0x20,0x20,0x66,0x6c,0x6f,0x61,0x74,0x34,
    0x78,0x34,0x20,0x77,0x6f,0x72,0x6c,0x64,0x3b,0x0a,0x20,0x20,0x20,0x20,0x66,0x6c,
    0x6f,0x61,0x74,0x34,0x78,0x34,0x20,0x6e,0x6f,0x72,0x6d,0x61,0x6c,0x4d,0x61,0x74,
    0x72,0x69,0x78,0x3b,0x0a,0x20,0x20,0x20,0x20,0x66,0x6c,0x6f,0x61,0x74,0x34,0x20,
    0x65,0x79,0x65,0x50,0x6f,0x73,0x69,0x74,0x69,0x6f,0x6e,0x3b,0x0a,0x20,0x20,0x20,
    0x20,0x66,0x6c,0x6f,0x61,0x74,0x34,0x20,0x66,0x6c,0x61,0x67,0x73,0x3b,0x0a,0x20,
    0x20,0x20,0x20,0x66,0x6c,0x6f,0x61,0x74,0x34,0x20,0x66,0x6f,0x67,0x56,0x65,0x63,
    0x74,0x6f,0x72,0x3b,0x0a,0x7d,0x3b,0x0a,0x0a,0x73,0x74,0x72,0x75,0x63,0x74,0x20,
    0x6d,0x61,0x69,0x6e,0x30,0x5f,0x6f,0x75,0x74,0x0a,0x7b,0x0a,0x20,0x20,0x20,0x20,
    0x66,0x6c,0x6f,0x61,0x74,0x33,0x20,0x77,0x6f,0x72,0x6c,0x64,0x4e,0x6f,0x72,0x6d,
    0x61,0x6c,0x20,0x5b,0x5b,0x75,0x73,0x65,0x72,0x28,0x6c,0x6f,0x63,0x6e,0x30,0x29,
    0x5d,0x5d,0x3b,0x0a,0x20,0x20,0x20,0x20,0x66,0x6c,0x6f,0x61,0x74,0x32,0x20,0x75,
    0x76,0x20,0x5b,0x5b,0x75,0x73,0x65,0x72,0x28,0x6c,0x6f,0x63,0x6e,0x31,0x29,0x5d,
    0x5d,0x3b,0x0a,0x20,0x20,0x20,0x20,0x66,0x6c,0x6f,0x61,0x74,0x33,0x20,0x72,0x65,
    0x66,0x6c,0x65,0x63,0x74,0x44,0x69,0x72,0x20,0x5b,0x5b,0x75,0x73,0x65,0x72,0x28,
    0x6c,0x6f,0x63,0x6e,0x32,0x29,0x5d,0x5d,0x3b,0x0a,0x20,0x20,0x20,0x20,0x66,0x6c,
    0x6f,0x61,0x74,0x20,0x66,0x72,0x65,0x73,0x6e,0x65,0x6c,0x42,0x6c,0x65,0x6e,0x64,
    0x20,0x5b,0x5b,0x75,0x73,0x65,0x72,0x28,0x6c,0x6f,0x63,0x6e,0x33,0x29,0x5d,0x5d,
    0x3b,0x0a,0x20,0x20,0x20,0x20,0x66,0x6c,0x6f,0x61,0x74,0x20,0x66,0x6f,0x67,0x46,
    0x61,0x63,0x74,0x6f,0x72,0x20,0x5b,0x5b,0x75,0x73,0x65,0x72,0x28,0x6c,0x6f,0x63,
    0x6e,0x34,0x29,0x5d,0x5d,0x3b,0x0a,0x20,0x20,0x20,0x20,0x66,0x6c,0x6f,0x61,0x74,
    0x34,0x20,0x67,0x6c,0x5f,0x50,0x6f,0x73,0x69,0x74,0x69,0x6f,0x6e,0x20,0x5b,0x5b,
    0x70,0x6f,0x73,0x69,0x74,0x69,0x6f,0x6e,0x5d,0x5d,0x3b,0x0a,0x7d,0x3b,0x0a,0x0a,
    0x73,0x74,0x72,0x75,0x63,0x74,0x20,0x6d,0x61,0x69,0x6e,0x30,0x5f,0x69,0x6e,0x0a,
    0x7b,0x0a,0x20,0x20,0x20,0x20,0x66,0x6c,0x6f,0x61,0x74,0x33,0x20,0x70,0x6f,0x73,
    0x69,0x74,0x69,0x6f,0x6e,0x20,0x5b,0x5b,0x61,0x74,0x74,0x72,0x69,0x62,0x75,0x74,
    0x65,0x28,0x30,0x29,0x5d,0x5d,0x3b,0x0a,0x20,0x20,0x20,0x20,0x66,0x6c,0x6f,0x61,
    0x74,0x33,0x20,0x6e,0x6f,0x72,0x6d,0x61,0x6c,0x20,0x5b,0x5b,0x61,0x74,0x74,0x72,
    0x69,0x62,0x75,0x74,0x65,0x28,0x31,0x29,0x5d,0x5d,0x3b,0x0a,0x20,0x20,0x20,0x20,
    0x66,0x6c,0x6f,0x61,0x74,0x32,0x20,0x74,0x65,0x78,0x63,0x6f,0x6f,0x72,0x64,0x30,
    0x20,0x5b,0x5b,0x61,0x74,0x74,0x72,0x69,0x62,0x75,0x74,0x65,0x28,0x32,0x29,0x5d,
    0x5d,0x3b,0x0a,0x7d,0x3b,0x0a,0x0a,0x76,0x65,0x72,0x74,0x65,0x78,0x20,0x6d,0x61,
    0x69,0x6e,0x30,0x5f,0x6f,0x75,0x74,0x20,0x6d,0x61,0x69,0x6e,0x30,0x28,0x6d,0x61,
    0x69,0x6e,0x30,0x5f,0x69,0x6e,0x20,0x69,0x6e,0x20,0x5b,0x5b,0x73,0x74,0x61,0x67,
    0x65,0x5f,0x69,0x6e,0x5d,0x5d,0x2c,0x20,0x63,0x6f,0x6e,0x73,0x74,0x61,0x6e,0x74,
    0x20,0x65,0x6e,0x76,0x6d,0x61,0x70,0x33,0x64,0x5f,0x76,0x73,0x5f,0x70,0x61,0x72,
    0x61,0x6d,0x73,0x26,0x20,0x5f,0x31,0x39,0x20,0x5b,0x5b,0x62,0x75,0x66,0x66,0x65,
    0x72,0x28,0x30,0x29,0x5d,0x5d,0x29,0x0a,0x7b,0x0a,0x20,0x20,0x20,0x20,0x6d,0x61,
    0x69,0x6e,0x30,0x5f,0x6f,0x75,0x74,0x20,0x6f,0x75,0x74,0x20,0x3d,0x20,0x7b,0x7d,
    0x3b,0x0a,0x20,0x20,0x20,0x20,0x66,0x6c,0x6f,0x61,0x74,0x34,0x20,0x5f,0x33,0x31,
    0x20,0x3d,0x20,0x66,0x6c,0x6f,0x61,0x74,0x34,0x28,0x69,0x6e,0x2e,0x70,0x6f,0x73,
    0x69,0x74,0x69,0x6f,0x6e,0x2c,0x20,0x31,0x2e,0x30,0x29,0x3b,0x0a,0x20,0x20,0x20,
    0x20,0x6f,0x75,0x74,0x2e,0x67,0x6c,0x5f,0x50,0x6f,0x73,0x69,0x74,0x69,0x6f,0x6e,
    0x20,0x3d,0x20,0x5f,0x31,0x39,0x2e,0x6d,0x76,0x70,0x20,0x2a,0x20,0x5f,0x33,0x31,
    0x3b,0x0a,0x20,0x20,0x20,0x20,0x66,0x6c,0x6f,0x61,0x74,0x33,0x20,0x5f,0x36,0x32,
    0x20,0x3d,0x20,0x66,0x61,0x73,0x74,0x3a,0x3a,0x6e,0x6f,0x72,0x6d,0x61,0x6c,0x69,
    0x7a,0x65,0x28,0x66,0x6c,0x6f,0x61,0x74,0x33,0x78,0x33,0x28,0x5f,0x31,0x39,0x2e,
    0x6e,0x6f,0x72,0x6d,0x61,0x6c,0x4d,0x61,0x74,0x72,0x69,0x78,0x5b,0x30,0x5d,0x2e,
    0x78,0x79,0x7a,0x2c,0x20,0x5f,0x31,0x39,0x2e,0x6e,0x6f,0x72,0x6d,0x61,0x6c,0x4d,
    0x61,0x74,0x72,0x69,0x78,0x5b,0x31,0x5d,0x2e,0x78,0x79,0x7a,0x2c,0x20,0x5f,0x31,
    0x39,0x2e,0x6e,0x6f,0x72,0x6d,0x61,0x6c,0x4d,0x61,0x74,0x72,0x69,0x78,0x5b,0x32,
    0x5d,0x2e,0x78,0x79,0x7a,0x29,0x20,0x2a,0x20,0x69,0x6e,0x2e,0x6e,0x6f,0x72,0x6d,
    0x61,0x6c,0x29,0x3b,0x0a,0x20,0x20,0x20,0x20,0x66,0x6c,0x6f,0x61,0x74,0x33,0x20,
    0x5f,0x37,0x31,0x20,0x3d,0x20,0x66,0x61,0x73,0x74,0x3a,0x3a,0x6e,0x6f,0x72,0x6d,
    0x61,0x6c,0x69,0x7a,0x65,0x28,0x5f,0x31,0x39,0x2e,0x65,0x79,0x65,0x50,0x6f,0x73,
    0x69,0x74,0x69,0x6f,0x6e,0x2e,0x78,0x79,0x7a,0x20,0x2d,0x20,0x28,0x5f,0x31,0x39,
    0x2e,0x77,0x6f,0x72,0x6c,0x64,0x20,0x2a,0x20,0x5f,0x33,0x31,0x29,0x2e,0x78,0x79,
    0x7a,0x29,0x3b,0x0a,0x20,0x20,0x20,0x20,0x66,0x6c,0x6f,0x61,0x74,0x20,0x5f,0x38,
    0x37,0x3b,0x0a,0x20,0x20,0x20,0x20,0x69,0x66,0x20,0x28,0x5f,0x31,0x39,0x2e,0x66,
    0x6c,0x61,0x67,0x73,0x2e,0x78,0x20,0x3e,0x20,0x30,0x2e,0x35,0x29,0x0a,0x20,0x20,
    0x20,0x20,0x7b,0x0a,0x20,0x20,0x20,0x20,0x20,0x20,0x20,0x20,0x5f,0x38,0x37,0x20,
    0x3d,0x20,0x70,0x6f,0x77,0x72,0x28,0x66,0x61,0x73,0x74,0x3a,0x3a,0x6d,0x61,0x78,
    0x28,0x31,0x2e,0x30,0x20,0x2d,0x20,0x61,0x62,0x73,0x28,0x64,0x6f,0x74,0x28,0x5f,
    0x37,0x31,0x2c,0x20,0x5f,0x36,0x32,0x29,0x29,0x2c,0x20,0x30,0x2e,0x30,0x29,0x2c,
    0x20,0x5f,0x31,0x39,0x2e,0x66,0x6c,0x61,0x67,0x73,0x2e,0x79,0x29,0x20,0x2a,0x20,
    0x5f,0x31,0x39,0x2e,0x66,0x6c,0x61,0x67,0x73,0x2e,0x7a,0x3b,0x0a,0x20,0x20,0x20,
    0x20,0x7d,0x0a,0x20,0x20,0x20,0x20,0x65,0x6c,0x73,0x65,0x0a,0x20,0x20,0x20,0x20,
    0x7b,0x0a,0x20,0x20,0x20,0x20,0x20,0x20,0x20,0x20,0x5f,0x38,0x37,0x20,0x3d,0x20,
    0x5f,0x31,0x39,0x2e,0x66,0x6c,0x61,0x67,0x73,0x2e,0x7a,0x3b,0x0a,0x20,0x20,0x20,
    0x20,0x7d,0x0a,0x20,0x20,0x20,0x20,0x6f,0x75,0x74,0x2e,0x66,0x72,0x65,0x73,0x6e,
    0x65,0x6c,0x42,0x6c,0x65,0x6e,0x64,0x20,0x3d,0x20,0x5f,0x38,0x37,0x3b,0x0a,0x20,
    0x20,0x20,0x20,0x6f,0x75,0x74,0x2e,0x72,0x65,0x66,0x6c,0x65,0x63,0x74,0x44,0x69,
    0x72,0x20,0x3d,0x20,0x72,0x65,0x66,0x6c,0x65,0x63,0x74,0x28,0x2d,0x5f,0x37,0x31,
    0x2c,0x20,0x5f,0x36,0x32,0x29,0x3b,0x0a,0x20,0x20,0x20,0x20,0x6f,0x75,0x74,0x2e,
    0x77,0x6f,0x72,0x6c,0x64,0x4e,0x6f,0x72,0x6d,0x61,0x6c,0x20,0x3d,0x20,0x5f,0x36,
    0x32,0x3b,0x0a,0x20,0x20,0x20,0x20,0x6f,0x75,0x74,0x2e,0x75,0x76,0x20,0x3d,0x20,
    0x69,0x6e,0x2e,0x74,0x65,0x78,0x63,0x6f,0x6f,0x72,0x64,0x30,0x3b,0x0a,0x20,0x20,
    0x20,0x20,0x6f,0x75,0x74,0x2e,0x66,0x6f,0x67,0x46,0x61,0x63,0x74,0x6f,0x72,0x20,
    0x3d,0x20,0x31,0x2e,0x30,0x20,0x2d,0x20,0x66,0x61,0x73,0x74,0x3a,0x3a,0x63,0x6c,
    0x61,0x6d,0x70,0x28,0x64,0x6f,0x74,0x28,0x5f,0x33,0x31,0x2c,0x20,0x5f,0x31,0x39,
    0x2e,0x66,0x6f,0x67,0x56,0x65,0x63,0x74,0x6f,0x72,0x29,0x2c,0x20,0x30,0x2e,0x30,
    0x2c,0x20,0x31,0x2e,0x30,0x29,0x3b,0x0a,0x20,0x20,0x20,0x20,0x72,0x65,0x74,0x75,
    0x72,0x6e,0x20,0x6f,0x75,0x74,0x3b,0x0a,0x7d,0x0a,0x0a,0x00,
};
#endif
/*
    #include <metal_stdlib>
    #include <simd/simd.h>

    using namespace metal;

    struct envmap3d_fs_params
    {
        float4 diffuse;
        float4 emissiveColor;
        float4 light0Dir;
        float4 light0Diffuse;
        float4 light1Dir;
        float4 light1Diffuse;
        float4 light2Dir;
        float4 light2Diffuse;
        float4 envMapSpecular;
        float4 alphaTest;
        float4 fogColor;
        float4 rtFlipV;
    };

    struct main0_out
    {
        float4 frag_color [[color(0)]];
    };

    struct main0_in
    {
        float3 worldNormal [[user(locn0)]];
        float2 uv [[user(locn1)]];
        float3 reflectDir [[user(locn2)]];
        float fresnelBlend [[user(locn3)]];
        float fogFactor [[user(locn4)]];
    };

    fragment main0_out main0(main0_in in [[stage_in]], constant envmap3d_fs_params& _20 [[buffer(2)]], texture2d<float> tex [[texture(0)]], texturecube<float> envTex [[texture(1)]], sampler smp [[sampler(0)]], sampler envSmp [[sampler(1)]])
    {
        main0_out out = {};
        float3 _13 = fast::normalize(in.worldNormal);
        float4 _118 = tex.sample(smp, float2(in.uv.x, mix(in.uv.y, 1.0 - in.uv.y, _20.rtFlipV.x)));
        float4 _130 = envTex.sample(envSmp, in.reflectDir);
        float _142 = _20.diffuse.w * _118.w;
        out.frag_color = float4(mix((((((_20.light0Diffuse.xyz * fast::max(dot(_13, -_20.light0Dir.xyz), 0.0)) + (_20.light1Diffuse.xyz * fast::max(dot(_13, -_20.light1Dir.xyz), 0.0))) + (_20.light2Diffuse.xyz * fast::max(dot(_13, -_20.light2Dir.xyz), 0.0))) * _20.diffuse.xyz) + _20.emissiveColor.xyz) * _118.xyz, _130.xyz * _142, float3(in.fresnelBlend)) + ((_20.envMapSpecular.xyz * _130.w) * _142), _142);
        float _177;
        if (_20.alphaTest.y > 0.0)
        {
            float _190;
            if (abs(out.frag_color.w - _20.alphaTest.x) < _20.alphaTest.y)
            {
                _190 = _20.alphaTest.z;
            }
            else
            {
                _190 = _20.alphaTest.w;
            }
            _177 = _190;
        }
        else
        {
            float _206;
            if (out.frag_color.w < _20.alphaTest.x)
            {
                _206 = _20.alphaTest.z;
            }
            else
            {
                _206 = _20.alphaTest.w;
            }
            _177 = _206;
        }
        if (_177 < 0.0)
        {
            discard_fragment();
        }
        float4 _225 = out.frag_color;
        float3 _230 = mix(_20.fogColor.xyz, _225.xyz, float3(in.fogFactor));
        out.frag_color.x = _230.x;
        out.frag_color.y = _230.y;
        out.frag_color.z = _230.z;
        return out;
    }

*/
#if defined(SOKOL_METAL)
static const uint8_t cna_envmap3d_fs_source_metal_macos[2375] = {
    0x23,0x69,0x6e,0x63,0x6c,0x75,0x64,0x65,0x20,0x3c,0x6d,0x65,0x74,0x61,0x6c,0x5f,
    0x73,0x74,0x64,0x6c,0x69,0x62,0x3e,0x0a,0x23,0x69,0x6e,0x63,0x6c,0x75,0x64,0x65,
    0x20,0x3c,0x73,0x69,0x6d,0x64,0x2f,0x73,0x69,0x6d,0x64,0x2e,0x68,0x3e,0x0a,0x0a,
    0x75,0x73,0x69,0x6e,0x67,0x20,0x6e,0x61,0x6d,0x65,0x73,0x70,0x61,0x63,0x65,0x20,
    0x6d,0x65,0x74,0x61,0x6c,0x3b,0x0a,0x0a,0x73,0x74,0x72,0x75,0x63,0x74,0x20,0x65,
    0x6e,0x76,0x6d,0x61,0x70,0x33,0x64,0x5f,0x66,0x73,0x5f,0x70,0x61,0x72,0x61,0x6d,
    0x73,0x0a,0x7b,0x0a,0x20,0x20,0x20,0x20,0x66,0x6c,0x6f,0x61,0x74,0x34,0x20,0x64,
    0x69,0x66,0x66,0x75,0x73,0x65,0x3b,0x0a,0x20,0x20,0x20,0x20,0x66,0x6c,0x6f,0x61,
    0x74,0x34,0x20,0x65,0x6d,0x69,0x73,0x73,0x69,0x76,0x65,0x43,0x6f,0x6c,0x6f,0x72,
    0x3b,0x0a,0x20,0x20,0x20,0x20,0x66,0x6c,0x6f,0x61,0x74,0x34,0x20,0x6c,0x69,0x67,
    0x68,0x74,0x30,0x44,0x69,0x72,0x3b,0x0a,0x20,0x20,0x20,0x20,0x66,0x6c,0x6f,0x61,
    0x74,0x34,0x20,0x6c,0x69,0x67,0x68,0x74,0x30,0x44,0x69,0x66,0x66,0x75,0x73,0x65,
    0x3b,0x0a,0x20,0x20,0x20,0x20,0x66,0x6c,0x6f,0x61,0x74,0x34,0x20,0x6c,0x69,0x67,
    0x68,0x74,0x31,0x44,0x69,0x72,0x3b,0x0a,0x20,0x20,0x20,0x20,0x66,0x6c,0x6f,0x61,
    0x74,0x34,0x20,0x6c,0x69,0x67,0x68,0x74,0x31,0x44,0x69,0x66,0x66,0x75,0x73,0x65,
    0x3b,0x0a,0x20,0x20,0x20,0x20,0x66,0x6c,0x6f,0x61,0x74,0x34,0x20,0x6c,0x69,0x67,
    0x68,0x74,0x32,0x44,0x69,0x72,0x3b,0x0a,0x20,0x20,0x20,0x20,0x66,0x6c,0x6f,0x61,
    0x74,0x34,0x20,0x6c,0x69,0x67,0x68,0x74,0x32,0x44,0x69,0x66,0x66,0x75,0x73,0x65,
    0x3b,0x0a,0x20,0x20,0x20,0x20,0x66,0x6c,0x6f,0x61,0x74,0x34,0x20,0x65,0x6e,0x76,
    0x4d,0x61,0x70,0x53,0x70,0x65,0x63,0x75,0x6c,0x61,0x72,0x3b,0x0a,0x20,0x20,0x20,
    0x20,0x66,0x6c,0x6f,0x61,0x74,0x34,0x20,0x61,0x6c,0x70,0x68,0x61,0x54,0x65,0x73,
    0x74,0x3b,0x0a,0x20,0x20,0x20,0x20,0x66,0x6c,0x6f,0x61,0x74,0x34,0x20,0x66,0x6f,
    0x67,0x43,0x6f,0x6c,0x6f,0x72,0x3b,0x0a,0x20,0x20,0x20,0x20,0x66,0x6c,0x6f,0x61,
    0x74,0x34,0x20,0x72,0x74,0x46,0x6c,0x69,0x70,0x56,0x3b,0x0a,0x7d,0x3b,0x0a,0x0a,
    0x73,0x74,0x72,0x75,0x63,0x74,0x20,0x6d,0x61,0x69,0x6e,0x30,0x5f,0x6f,0x75,0x74,
    0x0a,0x7b,0x0a,0x20,0x20,0x20,0x20,0x66,0x6c,0x6f,0x61,0x74,0x34,0x20,0x66,0x72,
    0x61,0x67,0x5f,0x63,0x6f,0x6c,0x6f,0x72,0x20,0x5b,0x5b,0x63,0x6f,0x6c,0x6f,0x72,
    0x28,0x30,0x29,0x5d,0x5d,0x3b,0x0a,0x7d,0x3b,0x0a,0x0a,0x73,0x74,0x72,0x75,0x63,
    0x74,0x20,0x6d,0x61,0x69,0x6e,0x30,0x5f,0x69,0x6e,0x0a,0x7b,0x0a,0x20,0x20,0x20,
    0x20,0x66,0x6c,0x6f,0x61,0x74,0x33,0x20,0x77,0x6f,0x72,0x6c,0x64,0x4e,0x6f,0x72,
    0x6d,0x61,0x6c,0x20,0x5b,0x5b,0x75,0x73,0x65,0x72,0x28,0x6c,0x6f,0x63,0x6e,0x30,
    0x29,0x5d,0x5d,0x3b,0x0a,0x20,0x20,0x20,0x20,0x66,0x6c,0x6f,0x61,0x74,0x32,0x20,
    0x75,0x76,0x20,0x5b,0x5b,0x75,0x73,0x65,0x72,0x28,0x6c,0x6f,0x63,0x6e,0x31,0x29,
    0x5d,0x5d,0x3b,0x0a,0x20,0x20,0x20,0x20,0x66,0x6c,0x6f,0x61,0x74,0x33,0x20,0x72,
    0x65,0x66,0x6c,0x65,0x63,0x74,0x44,0x69,0x72,0x20,0x5b,0x5b,0x75,0x73,0x65,0x72,
    0x28,0x6c,0x6f,0x63,0x6e,0x32,0x29,0x5d,0x5d,0x3b,0x0a,0x20,0x20,0x20,0x20,0x66,
    0x6c,0x6f,0x61,0x74,0x20,0x66,0x72,0x65,0x73,0x6e,0x65,0x6c,0x42,0x6c,0x65,0x6e,
    0x64,0x20,0x5b,0x5b,0x75,0x73,0x65,0x72,0x28,0x6c,0x6f,0x63,0x6e,0x33,0x29,0x5d,
    0x5d,0x3b,0x0a,0x20,0x20,0x20,0x20,0x66,0x6c,0x6f,0x61,0x74,0x20,0x66,0x6f,0x67,
    0x46,0x61,0x63,0x74,0x6f,0x72,0x20,0x5b,0x5b,0x75,0x73,0x65,0x72,0x28,0x6c,0x6f,
    0x63,0x6e,0x34,0x29,0x5d,0x5d,0x3b,0x0a,0x7d,0x3b,0x0a,0x0a,0x66,0x72,0x61,0x67,
    0x6d,0x65,0x6e,0x74,0x20,0x6d,0x61,0x69,0x6e,0x30,0x5f,0x6f,0x75,0x74,0x20,0x6d,
    0x61,0x69,0x6e,0x30,0x28,0x6d,0x61,0x69,0x6e,0x30,0x5f,0x69,0x6e,0x20,0x69,0x6e,
    0x20,0x5b,0x5b,0x73,0x74,0x61,0x67,0x65,0x5f,0x69,0x6e,0x5d,0x5d,0x2c,0x20,0x63,
    0x6f,0x6e,0x73,0x74,0x61,0x6e,0x74,0x20,0x65,0x6e,0x76,0x6d,0x61,0x70,0x33,0x64,
    0x5f,0x66,0x73,0x5f,0x70,0x61,0x72,0x61,0x6d,0x73,0x26,0x20,0x5f,0x32,0x30,0x20,
    0x5b,0x5b,0x62,0x75,0x66,0x66,0x65,0x72,0x28,0x32,0x29,0x5d,0x5d,0x2c,0x20,0x74,
    0x65,0x78,0x74,0x75,0x72,0x65,0x32,0x64,0x3c,0x66,0x6c,0x6f,0x61,0x74,0x3e,0x20,
    0x74,0x65,0x78,0x20,0x5b,0x5b,0x74,0x65,0x78,0x74,0x75,0x72,0x65,0x28,0x30,0x29,
    0x5d,0x5d,0x2c,0x20,0x74,0x65,0x78,0x74,0x75,0x72,0x65,0x63,0x75,0x62,0x65,0x3c,
    0x66,0x6c,0x6f,0x61,0x74,0x3e,0x20,0x65,0x6e,0x76,0x54,0x65,0x78,0x20,0x5b,0x5b,
    0x74,0x65,0x78,0x74,0x75,0x72,0x65,0x28,0x31,0x29,0x5d,0x5d,0x2c,0x20,0x73,0x61,
    0x6d,0x70,0x6c,0x65,0x72,0x20,0x73,0x6d,0x70,0x20,0x5b,0x5b,0x73,0x61,0x6d,0x70,
    0x6c,0x65,0x72,0x28,0x30,0x29,0x5d,0x5d,0x2c,0x20,0x73,0x61,0x6d,0x70,0x6c,0x65,
    0x72,0x20,0x65,0x6e,0x76,0x53,0x6d,0x70,0x20,0x5b,0x5b,0x73,0x61,0x6d,0x70,0x6c,
    0x65,0x72,0x28,0x31,0x29,0x5d,0x5d,0x29,0x0a,0x7b,0x0a,0x20,0x20,0x20,0x20,0x6d,
    0x61,0x69,0x6e,0x30,0x5f,0x6f,0x75,0x74,0x20,0x6f,0x75,0x74,0x20,0x3d,0x20,0x7b,
    0x7d,0x3b,0x0a,0x20,0x20,0x20,0x20,0x66,0x6c,0x6f,0x61,0x74,0x33,0x20,0x5f,0x31,
    0x33,0x20,0x3d,0x20,0x66,0x61,0x73,0x74,0x3a,0x3a,0x6e,0x6f,0x72,0x6d,0x61,0x6c,
    0x69,0x7a,0x65,0x28,0x69,0x6e,0x2e,0x77,0x6f,0x72,0x6c,0x64,0x4e,0x6f,0x72,0x6d,
    0x61,0x6c,0x29,0x3b,0x0a,0x20,0x20,0x20,0x20,0x66,0x6c,0x6f,0x61,0x74,0x34,0x20,
    0x5f,0x31,0x31,0x38,0x20,0x3d,0x20,0x74,0x65,0x78,0x2e,0x73,0x61,0x6d,0x70,0x6c,
    0x65,0x28,0x73,0x6d,0x70,0x2c,0x20,0x66,0x6c,0x6f,0x61,0x74,0x32,0x28,0x69,0x6e,
    0x2e,0x75,0x76,0x2e,0x78,0x2c,0x20,0x6d,0x69,0x78,0x28,0x69,0x6e,0x2e,0x75,0x76,
    0x2e,0x79,0x2c,0x20,0x31,0x2e,0x30,0x20,0x2d,0x20,0x69,0x6e,0x2e,0x75,0x76,0x2e,
    0x79,0x2c,0x20,0x5f,0x32,0x30,0x2e,0x72,0x74,0x46,0x6c,0x69,0x70,0x56,0x2e,0x78,
    0x29,0x29,0x29,0x3b,0x0a,0x20,0x20,0x20,0x20,0x66,0x6c,0x6f,0x61,0x74,0x34,0x20,
    0x5f,0x31,0x33,0x30,0x20,0x3d,0x20,0x65,0x6e,0x76,0x54,0x65,0x78,0x2e,0x73,0x61,
    0x6d,0x70,0x6c,0x65,0x28,0x65,0x6e,0x76,0x53,0x6d,0x70,0x2c,0x20,0x69,0x6e,0x2e,
    0x72,0x65,0x66,0x6c,0x65,0x63,0x74,0x44,0x69,0x72,0x29,0x3b,0x0a,0x20,0x20,0x20,
    0x20,0x66,0x6c,0x6f,0x61,0x74,0x20,0x5f,0x31,0x34,0x32,0x20,0x3d,0x20,0x5f,0x32,
    0x30,0x2e,0x64,0x69,0x66,0x66,0x75,0x73,0x65,0x2e,0x77,0x20,0x2a,0x20,0x5f,0x31,
    0x31,0x38,0x2e,0x77,0x3b,0x0a,0x20,0x20,0x20,0x20,0x6f,0x75,0x74,0x2e,0x66,0x72,
    0x61,0x67,0x5f,0x63,0x6f,0x6c,0x6f,0x72,0x20,0x3d,0x20,0x66,0x6c,0x6f,0x61,0x74,
    0x34,0x28,0x6d,0x69,0x78,0x28,0x28,0x28,0x28,0x28,0x28,0x5f,0x32,0x30,0x2e,0x6c,
    0x69,0x67,0x68,0x74,0x30,0x44,0x69,0x66,0x66,0x75,0x73,0x65,0x2e,0x78,0x79,0x7a,
    0x20,0x2a,0x20,0x66,0x61,0x73,0x74,0x3a,0x3a,0x6d,0x61,0x78,0x28,0x64,0x6f,0x74,
    0x28,0x5f,0x31,0x33,0x2c,0x20,0x2d,0x5f,0x32,0x30,0x2e,0x6c,0x69,0x67,0x68,0x74,
    0x30,0x44,0x69,0x72,0x2e,0x78,0x79,0x7a,0x29,0x2c,0x20,0x30,0x2e,0x30,0x29,0x29,
    0x20,0x2b,0x20,0x28,0x5f,0x32,0x30,0x2e,0x6c,0x69,0x67,0x68,0x74,0x31,0x44,0x69,
    0x66,0x66,0x75,0x73,0x65,0x2e,0x78,0x79,0x7a,0x20,0x2a,0x20,0x66,0x61,0x73,0x74,
    0x3a,0x3a,0x6d,0x61,0x78,0x28,0x64,0x6f,0x74,0x28,0x5f,0x31,0x33,0x2c,0x20,0x2d,
    0x5f,0x32,0x30,0x2e,0x6c,0x69,0x67,0x68,0x74,0x31,0x44,0x69,0x72,0x2e,0x78,0x79,
    0x7a,0x29,0x2c,0x20,0x30,0x2e,0x30,0x29,0x29,0x29,0x20,0x2b,0x20,0x28,0x5f,0x32,
    0x30,0x2e,0x6c,0x69,0x67,0x68,0x74,0x32,0x44,0x69,0x66,0x66,0x75,0x73,0x65,0x2e,
    0x78,0x79,0x7a,0x20,0x2a,0x20,0x66,0x61,0x73,0x74,0x3a,0x3a,0x6d,0x61,0x78,0x28,
    0x64,0x6f,0x74,0x28,0x5f,0x31,0x33,0x2c,0x20,0x2d,0x5f,0x32,0x30,0x2e,0x6c,0x69,
    0x67,0x68,0x74,0x32,0x44,0x69,0x72,0x2e,0x78,0x79,0x7a,0x29,0x2c,0x20,0x30,0x2e,
    0x30,0x29,0x29,0x29,0x20,0x2a,0x20,0x5f,0x32,0x30,0x2e,0x64,0x69,0x66,0x66,0x75,
    0x73,0x65,0x2e,0x78,0x79,0x7a,0x29,0x20,0x2b,0x20,0x5f,0x32,0x30,0x2e,0x65,0x6d,
    0x69,0x73,0x73,0x69,0x76,0x65,0x43,0x6f,0x6c,0x6f,0x72,0x2e,0x78,0x79,0x7a,0x29,
    0x20,0x2a,0x20,0x5f,0x31,0x31,0x38,0x2e,0x78,0x79,0x7a,0x2c,0x20,0x5f,0x31,0x33,
    0x30,0x2e,0x78,0x79,0x7a,0x20,0x2a,0x20,0x5f,0x31,0x34,0x32,0x2c,0x20,0x66,0x6c,
    0x6f,0x61,0x74,0x33,0x28,0x69,0x6e,0x2e,0x66,0x72,0x65,0x73,0x6e,0x65,0x6c,0x42,
    0x6c,0x65,0x6e,0x64,0x29,0x29,0x20,0x2b,0x20,0x28,0x28,0x5f,0x32,0x30,0x2e,0x65,
    0x6e,0x76,0x4d,0x61,0x70,0x53,0x70,0x65,0x63,0x75,0x6c,0x61,0x72,0x2e,0x78,0x79,
    0x7a,0x20,0x2a,0x20,0x5f,0x31,0x33,0x30,0x2e,0x77,0x29,0x20,0x2a,0x20,0x5f,0x31,
    0x34,0x32,0x29,0x2c,0x20,0x5f,0x31,0x34,0x32,0x29,0x3b,0x0a,0x20,0x20,0x20,0x20,
    0x66,0x6c,0x6f,0x61,0x74,0x20,0x5f,0x31,0x37,0x37,0x3b,0x0a,0x20,0x20,0x20,0x20,
    0x69,0x66,0x20,0x28,0x5f,0x32,0x30,0x2e,0x61,0x6c,0x70,0x68,0x61,0x54,0x65,0x73,
    0x74,0x2e,0x79,0x20,0x3e,0x20,0x30,0x2e,0x30,0x29,0x0a,0x20,0x20,0x20,0x20,0x7b,
    0x0a,0x20,0x20,0x20,0x20,0x20,0x20,0x20,0x20,0x66,0x6c,0x6f,0x61,0x74,0x20,0x5f,
    0x31,0x39,0x30,0x3b,0x0a,0x20,0x20,0x20,0x20,0x20,0x20,0x20,0x20,0x69,0x66,0x20,
    0x28,0x61,0x62,0x73,0x28,0x6f,0x75,0x74,0x2e,0x66,0x72,0x61,0x67,0x5f,0x63,0x6f,
    0x6c,0x6f,0x72,0x2e,0x77,0x20,0x2d,0x20,0x5f,0x32,0x30,0x2e,0x61,0x6c,0x70,0x68,
    0x61,0x54,0x65,0x73,0x74,0x2e,0x78,0x29,0x20,0x3c,0x20,0x5f,0x32,0x30,0x2e,0x61,
    0x6c,0x70,0x68,0x61,0x54,0x65,0x73,0x74,0x2e,0x79,0x29,0x0a,0x20,0x20,0x20,0x20,
    0x20,0x20,0x20,0x20,0x7b,0x0a,0x20,0x20,0x20,0x20,0x20,0x20,0x20,0x20,0x20,0x20,
    0x20,0x20,0x5f,0x31,0x39,0x30,0x20,0x3d,0x20,0x5f,0x32,0x30,0x2e,0x61,0x6c,0x70,
    0x68,0x61,0x54,0x65,0x73,0x74,0x2e,0x7a,0x3b,0x0a,0x20,0x20,0x20,0x20,0x20,0x20,
    0x20,0x20,0x7d,0x0a,0x20,0x20,0x20,0x20,0x20,0x20,0x20,0x20,0x65,0x6c,0x73,0x65,
    0x0a,0x20,0x20,0x20,0x20,0x20,0x20,0x20,0x20,0x7b,0x0a,0x20,0x20,0x20,0x20,0x20,
    0x20,0x20,0x20,0x20,0x20,0x20,0x20,0x5f,0x31,0x39,0x30,0x20,0x3d,0x20,0x5f,0x32,
    0x30,0x2e,0x61,0x6c,0x70,0x68,0x61,0x54,0x65,0x73,0x74,0x2e,0x77,0x3b,0x0a,0x20,
    0x20,0x20,0x20,0x20,0x20,0x20,0x20,0x7d,0x0a,0x20,0x20,0x20,0x20,0x20,0x20,0x20,
    0x20,0x5f,0x31,0x37,0x37,0x20,0x3d,0x20,0x5f,0x31,0x39,0x30,0x3b,0x0a,0x20,0x20,
    0x20,0x20,0x7d,0x0a,0x20,0x20,0x20,0x20,0x65,0x6c,0x73,0x65,0x0a,0x20,0x20,0x20,
    0x20,0x7b,0x0a,0x20,0x20,0x20,0x20,0x20,0x20,0x20,0x20,0x66,0x6c,0x6f,0x61,0x74,
    0x20,0x5f,0x32,0x30,0x36,0x3b,0x0a,0x20,0x20,0x20,0x20,0x20,0x20,0x20,0x20,0x69,
    0x66,0x20,0x28,0x6f,0x75,0x74,0x2e,0x66,0x72,0x61,0x67,0x5f,0x63,0x6f,0x6c,0x6f,
    0x72,0x2e,0x77,0x20,0x3c,0x20,0x5f,0x32,0x30,0x2e,0x61,0x6c,0x70,0x68,0x61,0x54,
    0x65,0x73,0x74,0x2e,0x78,0x29,0x0a,0x20,0x20,0x20,0x20,0x20,0x20,0x20,0x20,0x7b,
    0x0a,0x20,0x20,0x20,0x20,0x20,0x20,0x20,0x20,0x20,0x20,0x20,0x20,0x5f,0x32,0x30,
    0x36,0x20,0x3d,0x20,0x5f,0x32,0x30,0x2e,0x61,0x6c,0x70,0x68,0x61,0x54,0x65,0x73,
    0x74,0x2e,0x7a,0x3b,0x0a,0x20,0x20,0x20,0x20,0x20,0x20,0x20,0x20,0x7d,0x0a,0x20,
    0x20,0x20,0x20,0x20,0x20,0x20,0x20,0x65,0x6c,0x73,0x65,0x0a,0x20,0x20,0x20,0x20,
    0x20,0x20,0x20,0x20,0x7b,0x0a,0x20,0x20,0x20,0x20,0x20,0x20,0x20,0x20,0x20,0x20,
    0x20,0x20,0x5f,0x32,0x30,0x36,0x20,0x3d,0x20,0x5f,0x32,0x30,0x2e,0x61,0x6c,0x70,
    0x68,0x61,0x54,0x65,0x73,0x74,0x2e,0x77,0x3b,0x0a,0x20,0x20,0x20,0x20,0x20,0x20,
    0x20,0x20,0x7d,0x0a,0x20,0x20,0x20,0x20,0x20,0x20,0x20,0x20,0x5f,0x31,0x37,0x37,
    0x20,0x3d,0x20,0x5f,0x32,0x30,0x36,0x3b,0x0a,0x20,0x20,0x20,0x20,0x7d,0x0a,0x20,
    0x20,0x20,0x20,0x69,0x66,0x20,0x28,0x5f,0x31,0x37,0x37,0x20,0x3c,0x20,0x30,0x2e,
    0x30,0x29,0x0a,0x20,0x20,0x20,0x20,0x7b,0x0a,0x20,0x20,0x20,0x20,0x20,0x20,0x20,
    0x20,0x64,0x69,0x73,0x63,0x61,0x72,0x64,0x5f,0x66,0x72,0x61,0x67,0x6d,0x65,0x6e,
    0x74,0x28,0x29,0x3b,0x0a,0x20,0x20,0x20,0x20,0x7d,0x0a,0x20,0x20,0x20,0x20,0x66,
    0x6c,0x6f,0x61,0x74,0x34,0x20,0x5f,0x32,0x32,0x35,0x20,0x3d,0x20,0x6f,0x75,0x74,
    0x2e,0x66,0x72,0x61,0x67,0x5f,0x63,0x6f,0x6c,0x6f,0x72,0x3b,0x0a,0x20,0x20,0x20,
    0x20,0x66,0x6c,0x6f,0x61,0x74,0x33,0x20,0x5f,0x32,0x33,0x30,0x20,0x3d,0x20,0x6d,
    0x69,0x78,0x28,0x5f,0x32,0x30,0x2e,0x66,0x6f,0x67,0x43,0x6f,0x6c,0x6f,0x72,0x2e,
    0x78,0x79,0x7a,0x2c,0x20,0x5f,0x32,0x32,0x35,0x2e,0x78,0x79,0x7a,0x2c,0x20,0x66,
    0x6c,0x6f,0x61,0x74,0x33,0x28,0x69,0x6e,0x2e,0x66,0x6f,0x67,0x46,0x61,0x63,0x74,
    0x6f,0x72,0x29,0x29,0x3b,0x0a,0x20,0x20,0x20,0x20,0x6f,0x75,0x74,0x2e,0x66,0x72,
    0x61,0x67,0x5f,0x63,0x6f,0x6c,0x6f,0x72,0x2e,0x78,0x20,0x3d,0x20,0x5f,0x32,0x33,
    0x30,0x2e,0x78,0x3b,0x0a,0x20,0x20,0x20,0x20,0x6f,0x75,0x74,0x2e,0x66,0x72,0x61,
    0x67,0x5f,0x63,0x6f,0x6c,0x6f,0x72,0x2e,0x79,0x20,0x3d,0x20,0x5f,0x32,0x33,0x30,
    0x2e,0x79,0x3b,0x0a,0x20,0x20,0x20,0x20,0x6f,0x75,0x74,0x2e,0x66,0x72,0x61,0x67,
    0x5f,0x63,0x6f,0x6c,0x6f,0x72,0x2e,0x7a,0x20,0x3d,0x20,0x5f,0x32,0x33,0x30,0x2e,
    0x7a,0x3b,0x0a,0x20,0x20,0x20,0x20,0x72,0x65,0x74,0x75,0x72,0x6e,0x20,0x6f,0x75,
    0x74,0x3b,0x0a,0x7d,0x0a,0x0a,0x00,
};
#endif
/*
    diagnostic(off, derivative_uniformity);

    struct envmap3d_vs_params {
      /_ @offset(0) _/
      mvp : mat4x4f,
      /_ @offset(64) _/
      world : mat4x4f,
      /_ @offset(128) _/
      normalMatrix : mat4x4f,
      /_ @offset(192) _/
      eyePosition : vec4f,
      /_ @offset(208) _/
      flags : vec4f,
      /_ @offset(224) _/
      fogVector : vec4f,
    }

    @binding(0) @group(0) var<uniform> x_19 : envmap3d_vs_params;

    var<private> position_1 : vec3f;

    var<private> normal : vec3f;

    var<private> fresnelBlend : f32;

    var<private> reflectDir : vec3f;

    var<private> worldNormal : vec3f;

    var<private> uv : vec2f;

    var<private> texcoord0 : vec2f;

    var<private> fogFactor : f32;

    var<private> gl_Position : vec4f;

    fn main_1() {
      var x_87 : f32;
      let x_31 = vec4f(position_1.x, position_1.y, position_1.z, 1.0f);
      gl_Position = (x_19.mvp * x_31);
      let x_50 = x_19.normalMatrix;
      let x_62 = normalize((mat3x3f(x_50[0u].xyz, x_50[1u].xyz, x_50[2u].xyz) * normal));
      let x_71 = normalize((x_19.eyePosition.xyz - ((x_19.world * x_31)).xyz));
      if ((x_19.flags.x > 0.5f)) {
        x_87 = (pow(max((1.0f - abs(dot(x_71, x_62))), 0.0f), x_19.flags.y) * x_19.flags.z);
      } else {
        x_87 = x_19.flags.z;
      }
      fresnelBlend = x_87;
      reflectDir = reflect(-(x_71), x_62);
      worldNormal = x_62;
      uv = texcoord0;
      fogFactor = (1.0f - clamp(dot(x_31, x_19.fogVector), 0.0f, 1.0f));
      return;
    }

    struct main_out {
      @builtin(position)
      gl_Position : vec4f,
      @location(3)
      fresnelBlend_1 : f32,
      @location(2)
      reflectDir_1 : vec3f,
      @location(0)
      worldNormal_1 : vec3f,
      @location(1)
      uv_1 : vec2f,
      @location(4)
      fogFactor_1 : f32,
    }

    @vertex
    fn main(@location(0) position_1_param : vec3f, @location(1) normal_param : vec3f, @location(2) texcoord0_param : vec2f) -> main_out {
      position_1 = position_1_param;
      normal = normal_param;
      texcoord0 = texcoord0_param;
      main_1();
      return main_out(gl_Position, fresnelBlend, reflectDir, worldNormal, uv, fogFactor);
    }
*/
#if defined(SOKOL_WGPU)
static const uint8_t cna_envmap3d_vs_source_wgsl[1928] = {
    0x64,0x69,0x61,0x67,0x6e,0x6f,0x73,0x74,0x69,0x63,0x28,0x6f,0x66,0x66,0x2c,0x20,
    0x64,0x65,0x72,0x69,0x76,0x61,0x74,0x69,0x76,0x65,0x5f,0x75,0x6e,0x69,0x66,0x6f,
    0x72,0x6d,0x69,0x74,0x79,0x29,0x3b,0x0a,0x0a,0x73,0x74,0x72,0x75,0x63,0x74,0x20,
    0x65,0x6e,0x76,0x6d,0x61,0x70,0x33,0x64,0x5f,0x76,0x73,0x5f,0x70,0x61,0x72,0x61,
    0x6d,0x73,0x20,0x7b,0x0a,0x20,0x20,0x2f,0x2a,0x20,0x40,0x6f,0x66,0x66,0x73,0x65,
    0x74,0x28,0x30,0x29,0x20,0x2a,0x2f,0x0a,0x20,0x20,0x6d,0x76,0x70,0x20,0x3a,0x20,
    0x6d,0x61,0x74,0x34,0x78,0x34,0x66,0x2c,0x0a,0x20,0x20,0x2f,0x2a,0x20,0x40,0x6f,
    0x66,0x66,0x73,0x65,0x74,0x28,0x36,0x34,0x29,0x20,0x2a,0x2f,0x0a,0x20,0x20,0x77,
    0x6f,0x72,0x6c,0x64,0x20,0x3a,0x20,0x6d,0x61,0x74,0x34,0x78,0x34,0x66,0x2c,0x0a,
    0x20,0x20,0x2f,0x2a,0x20,0x40,0x6f,0x66,0x66,0x73,0x65,0x74,0x28,0x31,0x32,0x38,
    0x29,0x20,0x2a,0x2f,0x0a,0x20,0x20,0x6e,0x6f,0x72,0x6d,0x61,0x6c,0x4d,0x61,0x74,
    0x72,0x69,0x78,0x20,0x3a,0x20,0x6d,0x61,0x74,0x34,0x78,0x34,0x66,0x2c,0x0a,0x20,
    0x20,0x2f,0x2a,0x20,0x40,0x6f,0x66,0x66,0x73,0x65,0x74,0x28,0x31,0x39,0x32,0x29,
    0x20,0x2a,0x2f,0x0a,0x20,0x20,0x65,0x79,0x65,0x50,0x6f,0x73,0x69,0x74,0x69,0x6f,
    0x6e,0x20,0x3a,0x20,0x76,0x65,0x63,0x34,0x66,0x2c,0x0a,0x20,0x20,0x2f,0x2a,0x20,
    0x40,0x6f,0x66,0x66,0x73,0x65,0x74,0x28,0x32,0x30,0x38,0x29,0x20,0x2a,0x2f,0x0a,
    0x20,0x20,0x66,0x6c,0x61,0x67,0x73,0x20,0x3a,0x20,0x76,0x65,0x63,0x34,0x66,0x2c,
    0x0a,0x20,0x20,0x2f,0x2a,0x20,0x40,0x6f,0x66,0x66,0x73,0x65,0x74,0x28,0x32,0x32,
    0x34,0x29,0x20,0x2a,0x2f,0x0a,0x20,0x20,0x66,0x6f,0x67,0x56,0x65,0x63,0x74,0x6f,
    0x72,0x20,0x3a,0x20,0x76,0x65,0x63,0x34,0x66,0x2c,0x0a,0x7d,0x0a,0x0a,0x40,0x62,
    0x69,0x6e,0x64,0x69,0x6e,0x67,0x28,0x30,0x29,0x20,0x40,0x67,0x72,0x6f,0x75,0x70,
    0x28,0x30,0x29,0x20,0x76,0x61,0x72,0x3c,0x75,0x6e,0x69,0x66,0x6f,0x72,0x6d,0x3e,
    0x20,0x78,0x5f,0x31,0x39,0x20,0x3a,0x20,0x65,0x6e,0x76,0x6d,0x61,0x70,0x33,0x64,
    0x5f,0x76,0x73,0x5f,0x70,0x61,0x72,0x61,0x6d,0x73,0x3b,0x0a,0x0a,0x76,0x61,0x72,
    0x3c,0x70,0x72,0x69,0x76,0x61,0x74,0x65,0x3e,0x20,0x70,0x6f,0x73,0x69,0x74,0x69,
    0x6f,0x6e,0x5f,0x31,0x20,0x3a,0x20,0x76,0x65,0x63,0x33,0x66,0x3b,0x0a,0x0a,0x76,
    0x61,0x72,0x3c,0x70,0x72,0x69,0x76,0x61,0x74,0x65,0x3e,0x20,0x6e,0x6f,0x72,0x6d,
    0x61,0x6c,0x20,0x3a,0x20,0x76,0x65,0x63,0x33,0x66,0x3b,0x0a,0x0a,0x76,0x61,0x72,
    0x3c,0x70,0x72,0x69,0x76,0x61,0x74,0x65,0x3e,0x20,0x66,0x72,0x65,0x73,0x6e,0x65,
    0x6c,0x42,0x6c,0x65,0x6e,0x64,0x20,0x3a,0x20,0x66,0x33,0x32,0x3b,0x0a,0x0a,0x76,
    0x61,0x72,0x3c,0x70,0x72,0x69,0x76,0x61,0x74,0x65,0x3e,0x20,0x72,0x65,0x66,0x6c,
    0x65,0x63,0x74,0x44,0x69,0x72,0x20,0x3a,0x20,0x76,0x65,0x63,0x33,0x66,0x3b,0x0a,
    0x0a,0x76,0x61,0x72,0x3c,0x70,0x72,0x69,0x76,0x61,0x74,0x65,0x3e,0x20,0x77,0x6f,
    0x72,0x6c,0x64,0x4e,0x6f,0x72,0x6d,0x61,0x6c,0x20,0x3a,0x20,0x76,0x65,0x63,0x33,
    0x66,0x3b,0x0a,0x0a,0x76,0x61,0x72,0x3c,0x70,0x72,0x69,0x76,0x61,0x74,0x65,0x3e,
    0x20,0x75,0x76,0x20,0x3a,0x20,0x76,0x65,0x63,0x32,0x66,0x3b,0x0a,0x0a,0x76,0x61,
    0x72,0x3c,0x70,0x72,0x69,0x76,0x61,0x74,0x65,0x3e,0x20,0x74,0x65,0x78,0x63,0x6f,
    0x6f,0x72,0x64,0x30,0x20,0x3a,0x20,0x76,0x65,0x63,0x32,0x66,0x3b,0x0a,0x0a,0x76,
    0x61,0x72,0x3c,0x70,0x72,0x69,0x76,0x61,0x74,0x65,0x3e,0x20,0x66,0x6f,0x67,0x46,
    0x61,0x63,0x74,0x6f,0x72,0x20,0x3a,0x20,0x66,0x33,0x32,0x3b,0x0a,0x0a,0x76,0x61,
    0x72,0x3c,0x70,0x72,0x69,0x76,0x61,0x74,0x65,0x3e,0x20,0x67,0x6c,0x5f,0x50,0x6f,
    0x73,0x69,0x74,0x69,0x6f,0x6e,0x20,0x3a,0x20,0x76,0x65,0x63,0x34,0x66,0x3b,0x0a,
    0x0a,0x66,0x6e,0x20,0x6d,0x61,0x69,0x6e,0x5f,0x31,0x28,0x29,0x20,0x7b,0x0a,0x20,
    0x20,0x76,0x61,0x72,0x20,0x78,0x5f,0x38,0x37,0x20,0x3a,0x20,0x66,0x33,0x32,0x3b,
    0x0a,0x20,0x20,0x6c,0x65,0x74,0x20,0x78,0x5f,0x33,0x31,0x20,0x3d,0x20,0x76,0x65,
    0x63,0x34,0x66,0x28,0x70,0x6f,0x73,0x69,0x74,0x69,0x6f,0x6e,0x5f,0x31,0x2e,0x78,
    0x2c,0x20,0x70,0x6f,0x73,0x69,0x74,0x69,0x6f,0x6e,0x5f,0x31,0x2e,0x79,0x2c,0x20,
    0x70,0x6f,0x73,0x69,0x74,0x69,0x6f,0x6e,0x5f,0x31,0x2e,0x7a,0x2c,0x20,0x31,0x2e,
    0x30,0x66,0x29,0x3b,0x0a,0x20,0x20,0x67,0x6c,0x5f,0x50,0x6f,0x73,0x69,0x74,0x69,
    0x6f,0x6e,0x20,0x3d,0x20,0x28,0x78,0x5f,0x31,0x39,0x2e,0x6d,0x76,0x70,0x20,0x2a,
    0x20,0x78,0x5f,0x33,0x31,0x29,0x3b,0x0a,0x20,0x20,0x6c,0x65,0x74,0x20,0x78,0x5f,
    0x35,0x30,0x20,0x3d,0x20,0x78,0x5f,0x31,0x39,0x2e,0x6e,0x6f,0x72,0x6d,0x61,0x6c,
    0x4d,0x61,0x74,0x72,0x69,0x78,0x3b,0x0a,0x20,0x20,0x6c,0x65,0x74,0x20,0x78,0x5f,
    0x36,0x32,0x20,0x3d,0x20,0x6e,0x6f,0x72,0x6d,0x61,0x6c,0x69,0x7a,0x65,0x28,0x28,
    0x6d,0x61,0x74,0x33,0x78,0x33,0x66,0x28,0x78,0x5f,0x35,0x30,0x5b,0x30,0x75,0x5d,
    0x2e,0x78,0x79,0x7a,0x2c,0x20,0x78,0x5f,0x35,0x30,0x5b,0x31,0x75,0x5d,0x2e,0x78,
    0x79,0x7a,0x2c,0x20,0x78,0x5f,0x35,0x30,0x5b,0x32,0x75,0x5d,0x2e,0x78,0x79,0x7a,
    0x29,0x20,0x2a,0x20,0x6e,0x6f,0x72,0x6d,0x61,0x6c,0x29,0x29,0x3b,0x0a,0x20,0x20,
    0x6c,0x65,0x74,0x20,0x78,0x5f,0x37,0x31,0x20,0x3d,0x20,0x6e,0x6f,0x72,0x6d,0x61,
    0x6c,0x69,0x7a,0x65,0x28,0x28,0x78,0x5f,0x31,0x39,0x2e,0x65,0x79,0x65,0x50,0x6f,
    0x73,0x69,0x74,0x69,0x6f,0x6e,0x2e,0x78,0x79,0x7a,0x20,0x2d,0x20,0x28,0x28,0x78,
    0x5f,0x31,0x39,0x2e,0x77,0x6f,0x72,0x6c,0x64,0x20,0x2a,0x20,0x78,0x5f,0x33,0x31,
    0x29,0x29,0x2e,0x78,0x79,0x7a,0x29,0x29,0x3b,0x0a,0x20,0x20,0x69,0x66,0x20,0x28,
    0x28,0x78,0x5f,0x31,0x39,0x2e,0x66,0x6c,0x61,0x67,0x73,0x2e,0x78,0x20,0x3e,0x20,
    0x30,0x2e,0x35,0x66,0x29,0x29,0x20,0x7b,0x0a,0x20,0x20,0x20,0x20,0x78,0x5f,0x38,
    0x37,0x20,0x3d,0x20,0x28,0x70,0x6f,0x77,0x28,0x6d,0x61,0x78,0x28,0x28,0x31,0x2e,
    0x30,0x66,0x20,0x2d,0x20,0x61,0x62,0x73,0x28,0x64,0x6f,0x74,0x28,0x78,0x5f,0x37,
    0x31,0x2c,0x20,0x78,0x5f,0x36,0x32,0x29,0x29,0x29,0x2c,0x20,0x30,0x2e,0x30,0x66,
    0x29,0x2c,0x20,0x78,0x5f,0x31,0x39,0x2e,0x66,0x6c,0x61,0x67,0x73,0x2e,0x79,0x29,
    0x20,0x2a,0x20,0x78,0x5f,0x31,0x39,0x2e,0x66,0x6c,0x61,0x67,0x73,0x2e,0x7a,0x29,
    0x3b,0x0a,0x20,0x20,0x7d,0x20,0x65,0x6c,0x73,0x65,0x20,0x7b,0x0a,0x20,0x20,0x20,
    0x20,0x78,0x5f,0x38,0x37,0x20,0x3d,0x20,0x78,0x5f,0x31,0x39,0x2e,0x66,0x6c,0x61,
    0x67,0x73,0x2e,0x7a,0x3b,0x0a,0x20,0x20,0x7d,0x0a,0x20,0x20,0x66,0x72,0x65,0x73,
    0x6e,0x65,0x6c,0x42,0x6c,0x65,0x6e,0x64,0x20,0x3d,0x20,0x78,0x5f,0x38,0x37,0x3b,
    0x0a,0x20,0x20,0x72,0x65,0x66,0x6c,0x65,0x63,0x74,0x44,0x69,0x72,0x20,0x3d,0x20,
    0x72,0x65,0x66,0x6c,0x65,0x63,0x74,0x28,0x2d,0x28,0x78,0x5f,0x37,0x31,0x29,0x2c,
    0x20,0x78,0x5f,0x36,0x32,0x29,0x3b,0x0a,0x20,0x20,0x77,0x6f,0x72,0x6c,0x64,0x4e,
    0x6f,0x72,0x6d,0x61,0x6c,0x20,0x3d,0x20,0x78,0x5f,0x36,0x32,0x3b,0x0a,0x20,0x20,
    0x75,0x76,0x20,0x3d,0x20,0x74,0x65,0x78,0x63,0x6f,0x6f,0x72,0x64,0x30,0x3b,0x0a,
    0x20,0x20,0x66,0x6f,0x67,0x46,0x61,0x63,0x74,0x6f,0x72,0x20,0x3d,0x20,0x28,0x31,
    0x2e,0x30,0x66,0x20,0x2d,0x20,0x63,0x6c,0x61,0x6d,0x70,0x28,0x64,0x6f,0x74,0x28,
    0x78,0x5f,0x33,0x31,0x2c,0x20,0x78,0x5f,0x31,0x39,0x2e,0x66,0x6f,0x67,0x56,0x65,
    0x63,0x74,0x6f,0x72,0x29,0x2c,0x20,0x30,0x2e,0x30,0x66,0x2c,0x20,0x31,0x2e,0x30,
    0x66,0x29,0x29,0x3b,0x0a,0x20,0x20,0x72,0x65,0x74,0x75,0x72,0x6e,0x3b,0x0a,0x7d,
    0x0a,0x0a,0x73,0x74,0x72,0x75,0x63,0x74,0x20,0x6d,0x61,0x69,0x6e,0x5f,0x6f,0x75,
    0x74,0x20,0x7b,0x0a,0x20,0x20,0x40,0x62,0x75,0x69,0x6c,0x74,0x69,0x6e,0x28,0x70,
    0x6f,0x73,0x69,0x74,0x69,0x6f,0x6e,0x29,0x0a,0x20,0x20,0x67,0x6c,0x5f,0x50,0x6f,
    0x73,0x69,0x74,0x69,0x6f,0x6e,0x20,0x3a,0x20,0x76,0x65,0x63,0x34,0x66,0x2c,0x0a,
    0x20,0x20,0x40,0x6c,0x6f,0x63,0x61,0x74,0x69,0x6f,0x6e,0x28,0x33,0x29,0x0a,0x20,
    0x20,0x66,0x72,0x65,0x73,0x6e,0x65,0x6c,0x42,0x6c,0x65,0x6e,0x64,0x5f,0x31,0x20,
    0x3a,0x20,0x66,0x33,0x32,0x2c,0x0a,0x20,0x20,0x40,0x6c,0x6f,0x63,0x61,0x74,0x69,
    0x6f,0x6e,0x28,0x32,0x29,0x0a,0x20,0x20,0x72,0x65,0x66,0x6c,0x65,0x63,0x74,0x44,
    0x69,0x72,0x5f,0x31,0x20,0x3a,0x20,0x76,0x65,0x63,0x33,0x66,0x2c,0x0a,0x20,0x20,
    0x40,0x6c,0x6f,0x63,0x61,0x74,0x69,0x6f,0x6e,0x28,0x30,0x29,0x0a,0x20,0x20,0x77,
    0x6f,0x72,0x6c,0x64,0x4e,0x6f,0x72,0x6d,0x61,0x6c,0x5f,0x31,0x20,0x3a,0x20,0x76,
    0x65,0x63,0x33,0x66,0x2c,0x0a,0x20,0x20,0x40,0x6c,0x6f,0x63,0x61,0x74,0x69,0x6f,
    0x6e,0x28,0x31,0x29,0x0a,0x20,0x20,0x75,0x76,0x5f,0x31,0x20,0x3a,0x20,0x76,0x65,
    0x63,0x32,0x66,0x2c,0x0a,0x20,0x20,0x40,0x6c,0x6f,0x63,0x61,0x74,0x69,0x6f,0x6e,
    0x28,0x34,0x29,0x0a,0x20,0x20,0x66,0x6f,0x67,0x46,0x61,0x63,0x74,0x6f,0x72,0x5f,
    0x31,0x20,0x3a,0x20,0x66,0x33,0x32,0x2c,0x0a,0x7d,0x0a,0x0a,0x40,0x76,0x65,0x72,
    0x74,0x65,0x78,0x0a,0x66,0x6e,0x20,0x6d,0x61,0x69,0x6e,0x28,0x40,0x6c,0x6f,0x63,
    0x61,0x74,0x69,0x6f,0x6e,0x28,0x30,0x29,0x20,0x70,0x6f,0x73,0x69,0x74,0x69,0x6f,
    0x6e,0x5f,0x31,0x5f,0x70,0x61,0x72,0x61,0x6d,0x20,0x3a,0x20,0x76,0x65,0x63,0x33,
    0x66,0x2c,0x20,0x40,0x6c,0x6f,0x63,0x61,0x74,0x69,0x6f,0x6e,0x28,0x31,0x29,0x20,
    0x6e,0x6f,0x72,0x6d,0x61,0x6c,0x5f,0x70,0x61,0x72,0x61,0x6d,0x20,0x3a,0x20,0x76,
    0x65,0x63,0x33,0x66,0x2c,0x20,0x40,0x6c,0x6f,0x63,0x61,0x74,0x69,0x6f,0x6e,0x28,
    0x32,0x29,0x20,0x74,0x65,0x78,0x63,0x6f,0x6f,0x72,0x64,0x30,0x5f,0x70,0x61,0x72,
    0x61,0x6d,0x20,0x3a,0x20,0x76,0x65,0x63,0x32,0x66,0x29,0x20,0x2d,0x3e,0x20,0x6d,
    0x61,0x69,0x6e,0x5f,0x6f,0x75,0x74,0x20,0x7b,0x0a,0x20,0x20,0x70,0x6f,0x73,0x69,
    0x74,0x69,0x6f,0x6e,0x5f,0x31,0x20,0x3d,0x20,0x70,0x6f,0x73,0x69,0x74,0x69,0x6f,
    0x6e,0x5f,0x31,0x5f,0x70,0x61,0x72,0x61,0x6d,0x3b,0x0a,0x20,0x20,0x6e,0x6f,0x72,
    0x6d,0x61,0x6c,0x20,0x3d,0x20,0x6e,0x6f,0x72,0x6d,0x61,0x6c,0x5f,0x70,0x61,0x72,
    0x61,0x6d,0x3b,0x0a,0x20,0x20,0x74,0x65,0x78,0x63,0x6f,0x6f,0x72,0x64,0x30,0x20,
    0x3d,0x20,0x74,0x65,0x78,0x63,0x6f,0x6f,0x72,0x64,0x30,0x5f,0x70,0x61,0x72,0x61,
    0x6d,0x3b,0x0a,0x20,0x20,0x6d,0x61,0x69,0x6e,0x5f,0x31,0x28,0x29,0x3b,0x0a,0x20,
    0x20,0x72,0x65,0x74,0x75,0x72,0x6e,0x20,0x6d,0x61,0x69,0x6e,0x5f,0x6f,0x75,0x74,
    0x28,0x67,0x6c,0x5f,0x50,0x6f,0x73,0x69,0x74,0x69,0x6f,0x6e,0x2c,0x20,0x66,0x72,
    0x65,0x73,0x6e,0x65,0x6c,0x42,0x6c,0x65,0x6e,0x64,0x2c,0x20,0x72,0x65,0x66,0x6c,
    0x65,0x63,0x74,0x44,0x69,0x72,0x2c,0x20,0x77,0x6f,0x72,0x6c,0x64,0x4e,0x6f,0x72,
    0x6d,0x61,0x6c,0x2c,0x20,0x75,0x76,0x2c,0x20,0x66,0x6f,0x67,0x46,0x61,0x63,0x74,
    0x6f,0x72,0x29,0x3b,0x0a,0x7d,0x0a,0x00,
};
#endif
/*
    diagnostic(off, derivative_uniformity);

    struct envmap3d_fs_params {
      /_ @offset(0) _/
      diffuse : vec4f,
      /_ @offset(16) _/
      emissiveColor : vec4f,
      /_ @offset(32) _/
      light0Dir : vec4f,
      /_ @offset(48) _/
      light0Diffuse : vec4f,
      /_ @offset(64) _/
      light1Dir : vec4f,
      /_ @offset(80) _/
      light1Diffuse : vec4f,
      /_ @offset(96) _/
      light2Dir : vec4f,
      /_ @offset(112) _/
      light2Diffuse : vec4f,
      /_ @offset(128) _/
      envMapSpecular : vec4f,
      /_ @offset(144) _/
      alphaTest : vec4f,
      /_ @offset(160) _/
      fogColor : vec4f,
      /_ @offset(176) _/
      rtFlipV : vec4f,
    }

    var<private> worldNormal : vec3f;

    @binding(2) @group(0) var<uniform> x_20 : envmap3d_fs_params;

    var<private> uv : vec2f;

    @binding(0) @group(1) var tex : texture_2d<f32>;

    @binding(32) @group(1) var smp : sampler;

    @binding(1) @group(1) var envTex : texture_cube<f32>;

    @binding(33) @group(1) var envSmp : sampler;

    var<private> reflectDir : vec3f;

    var<private> fresnelBlend : f32;

    var<private> frag_color : vec4f;

    var<private> fogFactor : f32;

    fn main_1() {
      var x_177 : f32;
      var x_190 : f32;
      var x_206 : f32;
      var x_174 : f32;
      let x_13 = normalize(worldNormal);
      let x_25 = x_20.light0Dir;
      let x_35 = x_20.light1Dir;
      let x_44 = x_20.light2Dir;
      let x_52 = x_20.light0Diffuse;
      let x_58 = x_20.light1Diffuse;
      let x_65 = x_20.light2Diffuse;
      let x_74 = x_20.diffuse;
      let x_79 = x_20.emissiveColor;
      let x_91 = uv.x;
      let x_94 = uv.y;
      let x_102 = x_20.rtFlipV.x;
      let x_118 = textureSample(tex, smp, vec2f(x_91, mix(x_94, (1.0f - x_94), x_102)));
      let x_129 = reflectDir;
      let x_130 = textureSample(envTex, envSmp, x_129);
      let x_142 = (x_20.diffuse.w * x_118.w);
      let x_162 = (mix(((((((x_52.xyz * max(dot(x_13, -(x_25.xyz)), 0.0f)) + (x_58.xyz * max(dot(x_13, -(x_35.xyz)), 0.0f))) + (x_65.xyz * max(dot(x_13, -(x_44.xyz)), 0.0f))) * x_74.xyz) + x_79.xyz) * x_118.xyz), (x_130.xyz * x_142), vec3f(fresnelBlend)) + ((x_20.envMapSpecular.xyz * x_130.w) * x_142));
      frag_color = vec4f(x_162.x, x_162.y, x_162.z, x_142);
      x_174 = x_20.alphaTest.y;
      if ((x_174 > 0.0f)) {
        if ((abs((frag_color.w - x_20.alphaTest.x)) < x_174)) {
          x_190 = x_20.alphaTest.z;
        } else {
          x_190 = x_20.alphaTest.w;
        }
        x_177 = x_190;
      } else {
        if ((frag_color.w < x_20.alphaTest.x)) {
          x_206 = x_20.alphaTest.z;
        } else {
          x_206 = x_20.alphaTest.w;
        }
        x_177 = x_206;
      }
      if ((x_177 < 0.0f)) {
        discard;
      }
      let x_230 = mix(x_20.fogColor.xyz, frag_color.xyz, vec3f(fogFactor));
      frag_color.x = x_230.x;
      frag_color.y = x_230.y;
      frag_color.z = x_230.z;
      return;
    }

    struct main_out {
      @location(0)
      frag_color_1 : vec4f,
    }

    @fragment
    fn main(@location(0) worldNormal_param : vec3f, @location(1) uv_param : vec2f, @location(2) reflectDir_param : vec3f, @location(3) fresnelBlend_param : f32, @location(4) fogFactor_param : f32) -> main_out {
      worldNormal = worldNormal_param;
      uv = uv_param;
      reflectDir = reflectDir_param;
      fresnelBlend = fresnelBlend_param;
      fogFactor = fogFactor_param;
      main_1();
      return main_out(frag_color);
    }
*/
#if defined(SOKOL_WGPU)
static const uint8_t cna_envmap3d_fs_source_wgsl[3094] = {
    0x64,0x69,0x61,0x67,0x6e,0x6f,0x73,0x74,0x69,0x63,0x28,0x6f,0x66,0x66,0x2c,0x20,
    0x64,0x65,0x72,0x69,0x76,0x61,0x74,0x69,0x76,0x65,0x5f,0x75,0x6e,0x69,0x66,0x6f,
    0x72,0x6d,0x69,0x74,0x79,0x29,0x3b,0x0a,0x0a,0x73,0x74,0x72,0x75,0x63,0x74,0x20,
    0x65,0x6e,0x76,0x6d,0x61,0x70,0x33,0x64,0x5f,0x66,0x73,0x5f,0x70,0x61,0x72,0x61,
    0x6d,0x73,0x20,0x7b,0x0a,0x20,0x20,0x2f,0x2a,0x20,0x40,0x6f,0x66,0x66,0x73,0x65,
    0x74,0x28,0x30,0x29,0x20,0x2a,0x2f,0x0a,0x20,0x20,0x64,0x69,0x66,0x66,0x75,0x73,
    0x65,0x20,0x3a,0x20,0x76,0x65,0x63,0x34,0x66,0x2c,0x0a,0x20,0x20,0x2f,0x2a,0x20,
    0x40,0x6f,0x66,0x66,0x73,0x65,0x74,0x28,0x31,0x36,0x29,0x20,0x2a,0x2f,0x0a,0x20,
    0x20,0x65,0x6d,0x69,0x73,0x73,0x69,0x76,0x65,0x43,0x6f,0x6c,0x6f,0x72,0x20,0x3a,
    0x20,0x76,0x65,0x63,0x34,0x66,0x2c,0x0a,0x20,0x20,0x2f,0x2a,0x20,0x40,0x6f,0x66,
    0x66,0x73,0x65,0x74,0x28,0x33,0x32,0x29,0x20,0x2a,0x2f,0x0a,0x20,0x20,0x6c,0x69,
    0x67,0x68,0x74,0x30,0x44,0x69,0x72,0x20,0x3a,0x20,0x76,0x65,0x63,0x34,0x66,0x2c,
    0x0a,0x20,0x20,0x2f,0x2a,0x20,0x40,0x6f,0x66,0x66,0x73,0x65,0x74,0x28,0x34,0x38,
    0x29,0x20,0x2a,0x2f,0x0a,0x20,0x20,0x6c,0x69,0x67,0x68,0x74,0x30,0x44,0x69,0x66,
    0x66,0x75,0x73,0x65,0x20,0x3a,0x20,0x76,0x65,0x63,0x34,0x66,0x2c,0x0a,0x20,0x20,
    0x2f,0x2a,0x20,0x40,0x6f,0x66,0x66,0x73,0x65,0x74,0x28,0x36,0x34,0x29,0x20,0x2a,
    0x2f,0x0a,0x20,0x20,0x6c,0x69,0x67,0x68,0x74,0x31,0x44,0x69,0x72,0x20,0x3a,0x20,
    0x76,0x65,0x63,0x34,0x66,0x2c,0x0a,0x20,0x20,0x2f,0x2a,0x20,0x40,0x6f,0x66,0x66,
    0x73,0x65,0x74,0x28,0x38,0x30,0x29,0x20,0x2a,0x2f,0x0a,0x20,0x20,0x6c,0x69,0x67,
    0x68,0x74,0x31,0x44,0x69,0x66,0x66,0x75,0x73,0x65,0x20,0x3a,0x20,0x76,0x65,0x63,
    0x34,0x66,0x2c,0x0a,0x20,0x20,0x2f,0x2a,0x20,0x40,0x6f,0x66,0x66,0x73,0x65,0x74,
    0x28,0x39,0x36,0x29,0x20,0x2a,0x2f,0x0a,0x20,0x20,0x6c,0x69,0x67,0x68,0x74,0x32,
    0x44,0x69,0x72,0x20,0x3a,0x20,0x76,0x65,0x63,0x34,0x66,0x2c,0x0a,0x20,0x20,0x2f,
    0x2a,0x20,0x40,0x6f,0x66,0x66,0x73,0x65,0x74,0x28,0x31,0x31,0x32,0x29,0x20,0x2a,
    0x2f,0x0a,0x20,0x20,0x6c,0x69,0x67,0x68,0x74,0x32,0x44,0x69,0x66,0x66,0x75,0x73,
    0x65,0x20,0x3a,0x20,0x76,0x65,0x63,0x34,0x66,0x2c,0x0a,0x20,0x20,0x2f,0x2a,0x20,
    0x40,0x6f,0x66,0x66,0x73,0x65,0x74,0x28,0x31,0x32,0x38,0x29,0x20,0x2a,0x2f,0x0a,
    0x20,0x20,0x65,0x6e,0x76,0x4d,0x61,0x70,0x53,0x70,0x65,0x63,0x75,0x6c,0x61,0x72,
    0x20,0x3a,0x20,0x76,0x65,0x63,0x34,0x66,0x2c,0x0a,0x20,0x20,0x2f,0x2a,0x20,0x40,
    0x6f,0x66,0x66,0x73,0x65,0x74,0x28,0x31,0x34,0x34,0x29,0x20,0x2a,0x2f,0x0a,0x20,
    0x20,0x61,0x6c,0x70,0x68,0x61,0x54,0x65,0x73,0x74,0x20,0x3a,0x20,0x76,0x65,0x63,
    0x34,0x66,0x2c,0x0a,0x20,0x20,0x2f,0x2a,0x20,0x40,0x6f,0x66,0x66,0x73,0x65,0x74,
    0x28,0x31,0x36,0x30,0x29,0x20,0x2a,0x2f,0x0a,0x20,0x20,0x66,0x6f,0x67,0x43,0x6f,
    0x6c,0x6f,0x72,0x20,0x3a,0x20,0x76,0x65,0x63,0x34,0x66,0x2c,0x0a,0x20,0x20,0x2f,
    0x2a,0x20,0x40,0x6f,0x66,0x66,0x73,0x65,0x74,0x28,0x31,0x37,0x36,0x29,0x20,0x2a,
    0x2f,0x0a,0x20,0x20,0x72,0x74,0x46,0x6c,0x69,0x70,0x56,0x20,0x3a,0x20,0x76,0x65,
    0x63,0x34,0x66,0x2c,0x0a,0x7d,0x0a,0x0a,0x76,0x61,0x72,0x3c,0x70,0x72,0x69,0x76,
    0x61,0x74,0x65,0x3e,0x20,0x77,0x6f,0x72,0x6c,0x64,0x4e,0x6f,0x72,0x6d,0x61,0x6c,
    0x20,0x3a,0x20,0x76,0x65,0x63,0x33,0x66,0x3b,0x0a,0x0a,0x40,0x62,0x69,0x6e,0x64,
    0x69,0x6e,0x67,0x28,0x32,0x29,0x20,0x40,0x67,0x72,0x6f,0x75,0x70,0x28,0x30,0x29,
    0x20,0x76,0x61,0x72,0x3c,0x75,0x6e,0x69,0x66,0x6f,0x72,0x6d,0x3e,0x20,0x78,0x5f,
    0x32,0x30,0x20,0x3a,0x20,0x65,0x6e,0x76,0x6d,0x61,0x70,0x33,0x64,0x5f,0x66,0x73,
    0x5f,0x70,0x61,0x72,0x61,0x6d,0x73,0x3b,0x0a,0x0a,0x76,0x61,0x72,0x3c,0x70,0x72,
    0x69,0x76,0x61,0x74,0x65,0x3e,0x20,0x75,0x76,0x20,0x3a,0x20,0x76,0x65,0x63,0x32,
    0x66,0x3b,0x0a,0x0a,0x40,0x62,0x69,0x6e,0x64,0x69,0x6e,0x67,0x28,0x30,0x29,0x20,
    0x40,0x67,0x72,0x6f,0x75,0x70,0x28,0x31,0x29,0x20,0x76,0x61,0x72,0x20,0x74,0x65,
    0x78,0x20,0x3a,0x20,0x74,0x65,0x78,0x74,0x75,0x72,0x65,0x5f,0x32,0x64,0x3c,0x66,
    0x33,0x32,0x3e,0x3b,0x0a,0x0a,0x40,0x62,0x69,0x6e,0x64,0x69,0x6e,0x67,0x28,0x33,
    0x32,0x29,0x20,0x40,0x67,0x72,0x6f,0x75,0x70,0x28,0x31,0x29,0x20,0x76,0x61,0x72,
    0x20,0x73,0x6d,0x70,0x20,0x3a,0x20,0x73,0x61,0x6d,0x70,0x6c,0x65,0x72,0x3b,0x0a,
    0x0a,0x40,0x62,0x69,0x6e,0x64,0x69,0x6e,0x67,0x28,0x31,0x29,0x20,0x40,0x67,0x72,
    0x6f,0x75,0x70,0x28,0x31,0x29,0x20,0x76,0x61,0x72,0x20,0x65,0x6e,0x76,0x54,0x65,
    0x78,0x20,0x3a,0x20,0x74,0x65,0x78,0x74,0x75,0x72,0x65,0x5f,0x63,0x75,0x62,0x65,
    0x3c,0x66,0x33,0x32,0x3e,0x3b,0x0a,0x0a,0x40,0x62,0x69,0x6e,0x64,0x69,0x6e,0x67,
    0x28,0x33,0x33,0x29,0x20,0x40,0x67,0x72,0x6f,0x75,0x70,0x28,0x31,0x29,0x20,0x76,
    0x61,0x72,0x20,0x65,0x6e,0x76,0x53,0x6d,0x70,0x20,0x3a,0x20,0x73,0x61,0x6d,0x70,
    0x6c,0x65,0x72,0x3b,0x0a,0x0a,0x76,0x61,0x72,0x3c,0x70,0x72,0x69,0x76,0x61,0x74,
    0x65,0x3e,0x20,0x72,0x65,0x66,0x6c,0x65,0x63,0x74,0x44,0x69,0x72,0x20,0x3a,0x20,
    0x76,0x65,0x63,0x33,0x66,0x3b,0x0a,0x0a,0x76,0x61,0x72,0x3c,0x70,0x72,0x69,0x76,
    0x61,0x74,0x65,0x3e,0x20,0x66,0x72,0x65,0x73,0x6e,0x65,0x6c,0x42,0x6c,0x65,0x6e,
    0x64,0x20,0x3a,0x20,0x66,0x33,0x32,0x3b,0x0a,0x0a,0x76,0x61,0x72,0x3c,0x70,0x72,
    0x69,0x76,0x61,0x74,0x65,0x3e,0x20,0x66,0x72,0x61,0x67,0x5f,0x63,0x6f,0x6c,0x6f,
    0x72,0x20,0x3a,0x20,0x76,0x65,0x63,0x34,0x66,0x3b,0x0a,0x0a,0x76,0x61,0x72,0x3c,
    0x70,0x72,0x69,0x76,0x61,0x74,0x65,0x3e,0x20,0x66,0x6f,0x67,0x46,0x61,0x63,0x74,
    0x6f,0x72,0x20,0x3a,0x20,0x66,0x33,0x32,0x3b,0x0a,0x0a,0x66,0x6e,0x20,0x6d,0x61,
    0x69,0x6e,0x5f,0x31,0x28,0x29,0x20,0x7b,0x0a,0x20,0x20,0x76,0x61,0x72,0x20,0x78,
    0x5f,0x31,0x37,0x37,0x20,0x3a,0x20,0x66,0x33,0x32,0x3b,0x0a,0x20,0x20,0x76,0x61,
    0x72,0x20,0x78,0x5f,0x31,0x39,0x30,0x20,0x3a,0x20,0x66,0x33,0x32,0x3b,0x0a,0x20,
    0x20,0x76,0x61,0x72,0x20,0x78,0x5f,0x32,0x30,0x36,0x20,0x3a,0x20,0x66,0x33,0x32,
    0x3b,0x0a,0x20,0x20,0x76,0x61,0x72,0x20,0x78,0x5f,0x31,0x37,0x34,0x20,0x3a,0x20,
    0x66,0x33,0x32,0x3b,0x0a,0x20,0x20,0x6c,0x65,0x74,0x20,0x78,0x5f,0x31,0x33,0x20,
    0x3d,0x20,0x6e,0x6f,0x72,0x6d,0x61,0x6c,0x69,0x7a,0x65,0x28,0x77,0x6f,0x72,0x6c,
    0x64,0x4e,0x6f,0x72,0x6d,0x61,0x6c,0x29,0x3b,0x0a,0x20,0x20,0x6c,0x65,0x74,0x20,
    0x78,0x5f,0x32,0x35,0x20,0x3d,0x20,0x78,0x5f,0x32,0x30,0x2e,0x6c,0x69,0x67,0x68,
    0x74,0x30,0x44,0x69,0x72,0x3b,0x0a,0x20,0x20,0x6c,0x65,0x74,0x20,0x78,0x5f,0x33,
    0x35,0x20,0x3d,0x20,0x78,0x5f,0x32,0x30,0x2e,0x6c,0x69,0x67,0x68,0x74,0x31,0x44,
    0x69,0x72,0x3b,0x0a,0x20,0x20,0x6c,0x65,0x74,0x20,0x78,0x5f,0x34,0x34,0x20,0x3d,
    0x20,0x78,0x5f,0x32,0x30,0x2e,0x6c,0x69,0x67,0x68,0x74,0x32,0x44,0x69,0x72,0x3b,
    0x0a,0x20,0x20,0x6c,0x65,0x74,0x20,0x78,0x5f,0x35,0x32,0x20,0x3d,0x20,0x78,0x5f,
    0x32,0x30,0x2e,0x6c,0x69,0x67,0x68,0x74,0x30,0x44,0x69,0x66,0x66,0x75,0x73,0x65,
    0x3b,0x0a,0x20,0x20,0x6c,0x65,0x74,0x20,0x78,0x5f,0x35,0x38,0x20,0x3d,0x20,0x78,
    0x5f,0x32,0x30,0x2e,0x6c,0x69,0x67,0x68,0x74,0x31,0x44,0x69,0x66,0x66,0x75,0x73,
    0x65,0x3b,0x0a,0x20,0x20,0x6c,0x65,0x74,0x20,0x78,0x5f,0x36,0x35,0x20,0x3d,0x20,
    0x78,0x5f,0x32,0x30,0x2e,0x6c,0x69,0x67,0x68,0x74,0x32,0x44,0x69,0x66,0x66,0x75,
    0x73,0x65,0x3b,0x0a,0x20,0x20,0x6c,0x65,0x74,0x20,0x78,0x5f,0x37,0x34,0x20,0x3d,
    0x20,0x78,0x5f,0x32,0x30,0x2e,0x64,0x69,0x66,0x66,0x75,0x73,0x65,0x3b,0x0a,0x20,
    0x20,0x6c,0x65,0x74,0x20,0x78,0x5f,0x37,0x39,0x20,0x3d,0x20,0x78,0x5f,0x32,0x30,
    0x2e,0x65,0x6d,0x69,0x73,0x73,0x69,0x76,0x65,0x43,0x6f,0x6c,0x6f,0x72,0x3b,0x0a,
    0x20,0x20,0x6c,0x65,0x74,0x20,0x78,0x5f,0x39,0x31,0x20,0x3d,0x20,0x75,0x76,0x2e,
    0x78,0x3b,0x0a,0x20,0x20,0x6c,0x65,0x74,0x20,0x78,0x5f,0x39,0x34,0x20,0x3d,0x20,
    0x75,0x76,0x2e,0x79,0x3b,0x0a,0x20,0x20,0x6c,0x65,0x74,0x20,0x78,0x5f,0x31,0x30,
    0x32,0x20,0x3d,0x20,0x78,0x5f,0x32,0x30,0x2e,0x72,0x74,0x46,0x6c,0x69,0x70,0x56,
    0x2e,0x78,0x3b,0x0a,0x20,0x20,0x6c,0x65,0x74,0x20,0x78,0x5f,0x31,0x31,0x38,0x20,
    0x3d,0x20,0x74,0x65,0x78,0x74,0x75,0x72,0x65,0x53,0x61,0x6d,0x70,0x6c,0x65,0x28,
    0x74,0x65,0x78,0x2c,0x20,0x73,0x6d,0x70,0x2c,0x20,0x76,0x65,0x63,0x32,0x66,0x28,
    0x78,0x5f,0x39,0x31,0x2c,0x20,0x6d,0x69,0x78,0x28,0x78,0x5f,0x39,0x34,0x2c,0x20,
    0x28,0x31,0x2e,0x30,0x66,0x20,0x2d,0x20,0x78,0x5f,0x39,0x34,0x29,0x2c,0x20,0x78,
    0x5f,0x31,0x30,0x32,0x29,0x29,0x29,0x3b,0x0a,0x20,0x20,0x6c,0x65,0x74,0x20,0x78,
    0x5f,0x31,0x32,0x39,0x20,0x3d,0x20,0x72,0x65,0x66,0x6c,0x65,0x63,0x74,0x44,0x69,
    0x72,0x3b,0x0a,0x20,0x20,0x6c,0x65,0x74,0x20,0x78,0x5f,0x31,0x33,0x30,0x20,0x3d,
    0x20,0x74,0x65,0x78,0x74,0x75,0x72,0x65,0x53,0x61,0x6d,0x70,0x6c,0x65,0x28,0x65,
    0x6e,0x76,0x54,0x65,0x78,0x2c,0x20,0x65,0x6e,0x76,0x53,0x6d,0x70,0x2c,0x20,0x78,
    0x5f,0x31,0x32,0x39,0x29,0x3b,0x0a,0x20,0x20,0x6c,0x65,0x74,0x20,0x78,0x5f,0x31,
    0x34,0x32,0x20,0x3d,0x20,0x28,0x78,0x5f,0x32,0x30,0x2e,0x64,0x69,0x66,0x66,0x75,
    0x73,0x65,0x2e,0x77,0x20,0x2a,0x20,0x78,0x5f,0x31,0x31,0x38,0x2e,0x77,0x29,0x3b,
    0x0a,0x20,0x20,0x6c,0x65,0x74,0x20,0x78,0x5f,0x31,0x36,0x32,0x20,0x3d,0x20,0x28,
    0x6d,0x69,0x78,0x28,0x28,0x28,0x28,0x28,0x28,0x28,0x78,0x5f,0x35,0x32,0x2e,0x78,
    0x79,0x7a,0x20,0x2a,0x20,0x6d,0x61,0x78,0x28,0x64,0x6f,0x74,0x28,0x78,0x5f,0x31,
    0x33,0x2c,0x20,0x2d,0x28,0x78,0x5f,0x32,0x35,0x2e,0x78,0x79,0x7a,0x29,0x29,0x2c,
    0x20,0x30,0x2e,0x30,0x66,0x29,0x29,0x20,0x2b,0x20,0x28,0x78,0x5f,0x35,0x38,0x2e,
    0x78,0x79,0x7a,0x20,0x2a,0x20,0x6d,0x61,0x78,0x28,0x64,0x6f,0x74,0x28,0x78,0x5f,
    0x31,0x33,0x2c,0x20,0x2d,0x28,0x78,0x5f,0x33,0x35,0x2e,0x78,0x79,0x7a,0x29,0x29,
    0x2c,0x20,0x30,0x2e,0x30,0x66,0x29,0x29,0x29,0x20,0x2b,0x20,0x28,0x78,0x5f,0x36,
    0x35,0x2e,0x78,0x79,0x7a,0x20,0x2a,0x20,0x6d,0x61,0x78,0x28,0x64,0x6f,0x74,0x28,
    0x78,0x5f,0x31,0x33,0x2c,0x20,0x2d,0x28,0x78,0x5f,0x34,0x34,0x2e,0x78,0x79,0x7a,
    0x29,0x29,0x2c,0x20,0x30,0x2e,0x30,0x66,0x29,0x29,0x29,0x20,0x2a,0x20,0x78,0x5f,
    0x37,0x34,0x2e,0x78,0x79,0x7a,0x29,0x20,0x2b,0x20,0x78,0x5f,0x37,0x39,0x2e,0x78,
    0x79,0x7a,0x29,0x20,0x2a,0x20,0x78,0x5f,0x31,0x31,0x38,0x2e,0x78,0x79,0x7a,0x29,
    0x2c,0x20,0x28,0x78,0x5f,0x31,0x33,0x30,0x2e,0x78,0x79,0x7a,0x20,0x2a,0x20,0x78,
    0x5f,0x31,0x34,0x32,0x29,0x2c,0x20,0x76,0x65,0x63,0x33,0x66,0x28,0x66,0x72,0x65,
    0x73,0x6e,0x65,0x6c,0x42,0x6c,0x65,0x6e,0x64,0x29,0x29,0x20,0x2b,0x20,0x28,0x28,
    0x78,0x5f,0x32,0x30,0x2e,0x65,0x6e,0x76,0x4d,0x61,0x70,0x53,0x70,0x65,0x63,0x75,
    0x6c,0x61,0x72,0x2e,0x78,0x79,0x7a,0x20,0x2a,0x20,0x78,0x5f,0x31,0x33,0x30,0x2e,
    0x77,0x29,0x20,0x2a,0x20,0x78,0x5f,0x31,0x34,0x32,0x29,0x29,0x3b,0x0a,0x20,0x20,
    0x66,0x72,0x61,0x67,0x5f,0x63,0x6f,0x6c,0x6f,0x72,0x20,0x3d,0x20,0x76,0x65,0x63,
    0x34,0x66,0x28,0x78,0x5f,0x31,0x36,0x32,0x2e,0x78,0x2c,0x20,0x78,0x5f,0x31,0x36,
    0x32,0x2e,0x79,0x2c,0x20,0x78,0x5f,0x31,0x36,0x32,0x2e,0x7a,0x2c,0x20,0x78,0x5f,
    0x31,0x34,0x32,0x29,0x3b,0x0a,0x20,0x20,0x78,0x5f,0x31,0x37,0x34,0x20,0x3d,0x20,
    0x78,0x5f,0x32,0x30,0x2e,0x61,0x6c,0x70,0x68,0x61,0x54,0x65,0x73,0x74,0x2e,0x79,
    0x3b,0x0a,0x20,0x20,0x69,0x66,0x20,0x28,0x28,0x78,0x5f,0x31,0x37,0x34,0x20,0x3e,
    0x20,0x30,0x2e,0x30,0x66,0x29,0x29,0x20,0x7b,0x0a,0x20,0x20,0x20,0x20,0x69,0x66,
    0x20,0x28,0x28,0x61,0x62,0x73,0x28,0x28,0x66,0x72,0x61,0x67,0x5f,0x63,0x6f,0x6c,
    0x6f,0x72,0x2e,0x77,0x20,0x2d,0x20,0x78,0x5f,0x32,0x30,0x2e,0x61,0x6c,0x70,0x68,
    0x61,0x54,0x65,0x73,0x74,0x2e,0x78,0x29,0x29,0x20,0x3c,0x20,0x78,0x5f,0x31,0x37,
    0x34,0x29,0x29,0x20,0x7b,0x0a,0x20,0x20,0x20,0x20,0x20,0x20,0x78,0x5f,0x31,0x39,
    0x30,0x20,0x3d,0x20,0x78,0x5f,0x32,0x30,0x2e,0x61,0x6c,0x70,0x68,0x61,0x54,0x65,
    0x73,0x74,0x2e,0x7a,0x3b,0x0a,0x20,0x20,0x20,0x20,0x7d,0x20,0x65,0x6c,0x73,0x65,
    0x20,0x7b,0x0a,0x20,0x20,0x20,0x20,0x20,0x20,0x78,0x5f,0x31,0x39,0x30,0x20,0x3d,
    0x20,0x78,0x5f,0x32,0x30,0x2e,0x61,0x6c,0x70,0x68,0x61,0x54,0x65,0x73,0x74,0x2e,
    0x77,0x3b,0x0a,0x20,0x20,0x20,0x20,0x7d,0x0a,0x20,0x20,0x20,0x20,0x78,0x5f,0x31,
    0x37,0x37,0x20,0x3d,0x20,0x78,0x5f,0x31,0x39,0x30,0x3b,0x0a,0x20,0x20,0x7d,0x20,
    0x65,0x6c,0x73,0x65,0x20,0x7b,0x0a,0x20,0x20,0x20,0x20,0x69,0x66,0x20,0x28,0x28,
    0x66,0x72,0x61,0x67,0x5f,0x63,0x6f,0x6c,0x6f,0x72,0x2e,0x77,0x20,0x3c,0x20,0x78,
    0x5f,0x32,0x30,0x2e,0x61,0x6c,0x70,0x68,0x61,0x54,0x65,0x73,0x74,0x2e,0x78,0x29,
    0x29,0x20,0x7b,0x0a,0x20,0x20,0x20,0x20,0x20,0x20,0x78,0x5f,0x32,0x30,0x36,0x20,
    0x3d,0x20,0x78,0x5f,0x32,0x30,0x2e,0x61,0x6c,0x70,0x68,0x61,0x54,0x65,0x73,0x74,
    0x2e,0x7a,0x3b,0x0a,0x20,0x20,0x20,0x20,0x7d,0x20,0x65,0x6c,0x73,0x65,0x20,0x7b,
    0x0a,0x20,0x20,0x20,0x20,0x20,0x20,0x78,0x5f,0x32,0x30,0x36,0x20,0x3d,0x20,0x78,
    0x5f,0x32,0x30,0x2e,0x61,0x6c,0x70,0x68,0x61,0x54,0x65,0x73,0x74,0x2e,0x77,0x3b,
    0x0a,0x20,0x20,0x20,0x20,0x7d,0x0a,0x20,0x20,0x20,0x20,0x78,0x5f,0x31,0x37,0x37,
    0x20,0x3d,0x20,0x78,0x5f,0x32,0x30,0x36,0x3b,0x0a,0x20,0x20,0x7d,0x0a,0x20,0x20,
    0x69,0x66,0x20,0x28,0x28,0x78,0x5f,0x31,0x37,0x37,0x20,0x3c,0x20,0x30,0x2e,0x30,
    0x66,0x29,0x29,0x20,0x7b,0x0a,0x20,0x20,0x20,0x20,0x64,0x69,0x73,0x63,0x61,0x72,
    0x64,0x3b,0x0a,0x20,0x20,0x7d,0x0a,0x20,0x20,0x6c,0x65,0x74,0x20,0x78,0x5f,0x32,
    0x33,0x30,0x20,0x3d,0x20,0x6d,0x69,0x78,0x28,0x78,0x5f,0x32,0x30,0x2e,0x66,0x6f,
    0x67,0x43,0x6f,0x6c,0x6f,0x72,0x2e,0x78,0x79,0x7a,0x2c,0x20,0x66,0x72,0x61,0x67,
    0x5f,0x63,0x6f,0x6c,0x6f,0x72,0x2e,0x78,0x79,0x7a,0x2c,0x20,0x76,0x65,0x63,0x33,
    0x66,0x28,0x66,0x6f,0x67,0x46,0x61,0x63,0x74,0x6f,0x72,0x29,0x29,0x3b,0x0a,0x20,
    0x20,0x66,0x72,0x61,0x67,0x5f,0x63,0x6f,0x6c,0x6f,0x72,0x2e,0x78,0x20,0x3d,0x20,
    0x78,0x5f,0x32,0x33,0x30,0x2e,0x78,0x3b,0x0a,0x20,0x20,0x66,0x72,0x61,0x67,0x5f,
    0x63,0x6f,0x6c,0x6f,0x72,0x2e,0x79,0x20,0x3d,0x20,0x78,0x5f,0x32,0x33,0x30,0x2e,
    0x79,0x3b,0x0a,0x20,0x20,0x66,0x72,0x61,0x67,0x5f,0x63,0x6f,0x6c,0x6f,0x72,0x2e,
    0x7a,0x20,0x3d,0x20,0x78,0x5f,0x32,0x33,0x30,0x2e,0x7a,0x3b,0x0a,0x20,0x20,0x72,
    0x65,0x74,0x75,0x72,0x6e,0x3b,0x0a,0x7d,0x0a,0x0a,0x73,0x74,0x72,0x75,0x63,0x74,
    0x20,0x6d,0x61,0x69,0x6e,0x5f,0x6f,0x75,0x74,0x20,0x7b,0x0a,0x20,0x20,0x40,0x6c,
    0x6f,0x63,0x61,0x74,0x69,0x6f,0x6e,0x28,0x30,0x29,0x0a,0x20,0x20,0x66,0x72,0x61,
    0x67,0x5f,0x63,0x6f,0x6c,0x6f,0x72,0x5f,0x31,0x20,0x3a,0x20,0x76,0x65,0x63,0x34,
    0x66,0x2c,0x0a,0x7d,0x0a,0x0a,0x40,0x66,0x72,0x61,0x67,0x6d,0x65,0x6e,0x74,0x0a,
    0x66,0x6e,0x20,0x6d,0x61,0x69,0x6e,0x28,0x40,0x6c,0x6f,0x63,0x61,0x74,0x69,0x6f,
    0x6e,0x28,0x30,0x29,0x20,0x77,0x6f,0x72,0x6c,0x64,0x4e,0x6f,0x72,0x6d,0x61,0x6c,
    0x5f,0x70,0x61,0x72,0x61,0x6d,0x20,0x3a,0x20,0x76,0x65,0x63,0x33,0x66,0x2c,0x20,
    0x40,0x6c,0x6f,0x63,0x61,0x74,0x69,0x6f,0x6e,0x28,0x31,0x29,0x20,0x75,0x76,0x5f,
    0x70,0x61,0x72,0x61,0x6d,0x20,0x3a,0x20,0x76,0x65,0x63,0x32,0x66,0x2c,0x20,0x40,
    0x6c,0x6f,0x63,0x61,0x74,0x69,0x6f,0x6e,0x28,0x32,0x29,0x20,0x72,0x65,0x66,0x6c,
    0x65,0x63,0x74,0x44,0x69,0x72,0x5f,0x70,0x61,0x72,0x61,0x6d,0x20,0x3a,0x20,0x76,
    0x65,0x63,0x33,0x66,0x2c,0x20,0x40,0x6c,0x6f,0x63,0x61,0x74,0x69,0x6f,0x6e,0x28,
    0x33,0x29,0x20,0x66,0x72,0x65,0x73,0x6e,0x65,0x6c,0x42,0x6c,0x65,0x6e,0x64,0x5f,
    0x70,0x61,0x72,0x61,0x6d,0x20,0x3a,0x20,0x66,0x33,0x32,0x2c,0x20,0x40,0x6c,0x6f,
    0x63,0x61,0x74,0x69,0x6f,0x6e,0x28,0x34,0x29,0x20,0x66,0x6f,0x67,0x46,0x61,0x63,
    0x74,0x6f,0x72,0x5f,0x70,0x61,0x72,0x61,0x6d,0x20,0x3a,0x20,0x66,0x33,0x32,0x29,
    0x20,0x2d,0x3e,0x20,0x6d,0x61,0x69,0x6e,0x5f,0x6f,0x75,0x74,0x20,0x7b,0x0a,0x20,
    0x20,0x77,0x6f,0x72,0x6c,0x64,0x4e,0x6f,0x72,0x6d,0x61,0x6c,0x20,0x3d,0x20,0x77,
    0x6f,0x72,0x6c,0x64,0x4e,0x6f,0x72,0x6d,0x61,0x6c,0x5f,0x70,0x61,0x72,0x61,0x6d,
    0x3b,0x0a,0x20,0x20,0x75,0x76,0x20,0x3d,0x20,0x75,0x76,0x5f,0x70,0x61,0x72,0x61,
    0x6d,0x3b,0x0a,0x20,0x20,0x72,0x65,0x66,0x6c,0x65,0x63,0x74,0x44,0x69,0x72,0x20,
    0x3d,0x20,0x72,0x65,0x66,0x6c,0x65,0x63,0x74,0x44,0x69,0x72,0x5f,0x70,0x61,0x72,
    0x61,0x6d,0x3b,0x0a,0x20,0x20,0x66,0x72,0x65,0x73,0x6e,0x65,0x6c,0x42,0x6c,0x65,
    0x6e,0x64,0x20,0x3d,0x20,0x66,0x72,0x65,0x73,0x6e,0x65,0x6c,0x42,0x6c,0x65,0x6e,
    0x64,0x5f,0x70,0x61,0x72,0x61,0x6d,0x3b,0x0a,0x20,0x20,0x66,0x6f,0x67,0x46,0x61,
    0x63,0x74,0x6f,0x72,0x20,0x3d,0x20,0x66,0x6f,0x67,0x46,0x61,0x63,0x74,0x6f,0x72,
    0x5f,0x70,0x61,0x72,0x61,0x6d,0x3b,0x0a,0x20,0x20,0x6d,0x61,0x69,0x6e,0x5f,0x31,
    0x28,0x29,0x3b,0x0a,0x20,0x20,0x72,0x65,0x74,0x75,0x72,0x6e,0x20,0x6d,0x61,0x69,
    0x6e,0x5f,0x6f,0x75,0x74,0x28,0x66,0x72,0x61,0x67,0x5f,0x63,0x6f,0x6c,0x6f,0x72,
    0x29,0x3b,0x0a,0x7d,0x0a,0x00,
};
#endif
const sg_shader_desc* cna_envmap3d_shader_desc(sg_backend renderer) {
    #if defined(SOKOL_GLCORE)
    if (renderer == SG_BACKEND_GLCORE) {
        static sg_shader_desc desc;
        static bool valid;
        if (!valid) {
            valid = true;
            desc.vertex_func.source = (const char*)cna_envmap3d_vs_source_glsl410;
            desc.vertex_func.entry = "main";
            desc.fragment_func.source = (const char*)cna_envmap3d_fs_source_glsl410;
            desc.fragment_func.entry = "main";
            desc.attrs[0].base_type = SG_SHADERATTRBASETYPE_FLOAT;
            desc.attrs[0].glsl_name = "position";
            desc.attrs[1].base_type = SG_SHADERATTRBASETYPE_FLOAT;
            desc.attrs[1].glsl_name = "normal";
            desc.attrs[2].base_type = SG_SHADERATTRBASETYPE_FLOAT;
            desc.attrs[2].glsl_name = "texcoord0";
            desc.uniform_blocks[0].stage = SG_SHADERSTAGE_VERTEX;
            desc.uniform_blocks[0].layout = SG_UNIFORMLAYOUT_STD140;
            desc.uniform_blocks[0].size = 240;
            desc.uniform_blocks[0].glsl_uniforms[0].type = SG_UNIFORMTYPE_FLOAT4;
            desc.uniform_blocks[0].glsl_uniforms[0].array_count = 15;
            desc.uniform_blocks[0].glsl_uniforms[0].glsl_name = "envmap3d_vs_params";
            desc.uniform_blocks[2].stage = SG_SHADERSTAGE_FRAGMENT;
            desc.uniform_blocks[2].layout = SG_UNIFORMLAYOUT_STD140;
            desc.uniform_blocks[2].size = 192;
            desc.uniform_blocks[2].glsl_uniforms[0].type = SG_UNIFORMTYPE_FLOAT4;
            desc.uniform_blocks[2].glsl_uniforms[0].array_count = 12;
            desc.uniform_blocks[2].glsl_uniforms[0].glsl_name = "envmap3d_fs_params";
            desc.views[0].texture.stage = SG_SHADERSTAGE_FRAGMENT;
            desc.views[0].texture.image_type = SG_IMAGETYPE_2D;
            desc.views[0].texture.sample_type = SG_IMAGESAMPLETYPE_FLOAT;
            desc.views[0].texture.multisampled = false;
            desc.views[1].texture.stage = SG_SHADERSTAGE_FRAGMENT;
            desc.views[1].texture.image_type = SG_IMAGETYPE_CUBE;
            desc.views[1].texture.sample_type = SG_IMAGESAMPLETYPE_FLOAT;
            desc.views[1].texture.multisampled = false;
            desc.samplers[0].stage = SG_SHADERSTAGE_FRAGMENT;
            desc.samplers[0].sampler_type = SG_SAMPLERTYPE_FILTERING;
            desc.samplers[1].stage = SG_SHADERSTAGE_FRAGMENT;
            desc.samplers[1].sampler_type = SG_SAMPLERTYPE_FILTERING;
            desc.texture_sampler_pairs[0].stage = SG_SHADERSTAGE_FRAGMENT;
            desc.texture_sampler_pairs[0].view_slot = 0;
            desc.texture_sampler_pairs[0].sampler_slot = 0;
            desc.texture_sampler_pairs[0].glsl_name = "tex_smp";
            desc.texture_sampler_pairs[1].stage = SG_SHADERSTAGE_FRAGMENT;
            desc.texture_sampler_pairs[1].view_slot = 1;
            desc.texture_sampler_pairs[1].sampler_slot = 1;
            desc.texture_sampler_pairs[1].glsl_name = "envTex_envSmp";
            desc.label = "cna_envmap3d_shader";
        }
        return &desc;
    }
    #endif /* SOKOL_GLCORE */
    #if defined(SOKOL_GLES3)
    if (renderer == SG_BACKEND_GLES3) {
        static sg_shader_desc desc;
        static bool valid;
        if (!valid) {
            valid = true;
            desc.vertex_func.source = (const char*)cna_envmap3d_vs_source_glsl300es;
            desc.vertex_func.entry = "main";
            desc.fragment_func.source = (const char*)cna_envmap3d_fs_source_glsl300es;
            desc.fragment_func.entry = "main";
            desc.attrs[0].base_type = SG_SHADERATTRBASETYPE_FLOAT;
            desc.attrs[0].glsl_name = "position";
            desc.attrs[1].base_type = SG_SHADERATTRBASETYPE_FLOAT;
            desc.attrs[1].glsl_name = "normal";
            desc.attrs[2].base_type = SG_SHADERATTRBASETYPE_FLOAT;
            desc.attrs[2].glsl_name = "texcoord0";
            desc.uniform_blocks[0].stage = SG_SHADERSTAGE_VERTEX;
            desc.uniform_blocks[0].layout = SG_UNIFORMLAYOUT_STD140;
            desc.uniform_blocks[0].size = 240;
            desc.uniform_blocks[0].glsl_uniforms[0].type = SG_UNIFORMTYPE_FLOAT4;
            desc.uniform_blocks[0].glsl_uniforms[0].array_count = 15;
            desc.uniform_blocks[0].glsl_uniforms[0].glsl_name = "envmap3d_vs_params";
            desc.uniform_blocks[2].stage = SG_SHADERSTAGE_FRAGMENT;
            desc.uniform_blocks[2].layout = SG_UNIFORMLAYOUT_STD140;
            desc.uniform_blocks[2].size = 192;
            desc.uniform_blocks[2].glsl_uniforms[0].type = SG_UNIFORMTYPE_FLOAT4;
            desc.uniform_blocks[2].glsl_uniforms[0].array_count = 12;
            desc.uniform_blocks[2].glsl_uniforms[0].glsl_name = "envmap3d_fs_params";
            desc.views[0].texture.stage = SG_SHADERSTAGE_FRAGMENT;
            desc.views[0].texture.image_type = SG_IMAGETYPE_2D;
            desc.views[0].texture.sample_type = SG_IMAGESAMPLETYPE_FLOAT;
            desc.views[0].texture.multisampled = false;
            desc.views[1].texture.stage = SG_SHADERSTAGE_FRAGMENT;
            desc.views[1].texture.image_type = SG_IMAGETYPE_CUBE;
            desc.views[1].texture.sample_type = SG_IMAGESAMPLETYPE_FLOAT;
            desc.views[1].texture.multisampled = false;
            desc.samplers[0].stage = SG_SHADERSTAGE_FRAGMENT;
            desc.samplers[0].sampler_type = SG_SAMPLERTYPE_FILTERING;
            desc.samplers[1].stage = SG_SHADERSTAGE_FRAGMENT;
            desc.samplers[1].sampler_type = SG_SAMPLERTYPE_FILTERING;
            desc.texture_sampler_pairs[0].stage = SG_SHADERSTAGE_FRAGMENT;
            desc.texture_sampler_pairs[0].view_slot = 0;
            desc.texture_sampler_pairs[0].sampler_slot = 0;
            desc.texture_sampler_pairs[0].glsl_name = "tex_smp";
            desc.texture_sampler_pairs[1].stage = SG_SHADERSTAGE_FRAGMENT;
            desc.texture_sampler_pairs[1].view_slot = 1;
            desc.texture_sampler_pairs[1].sampler_slot = 1;
            desc.texture_sampler_pairs[1].glsl_name = "envTex_envSmp";
            desc.label = "cna_envmap3d_shader";
        }
        return &desc;
    }
    #endif /* SOKOL_GLES3 */
    #if defined(SOKOL_D3D11)
    if (renderer == SG_BACKEND_D3D11) {
        static sg_shader_desc desc;
        static bool valid;
        if (!valid) {
            valid = true;
            desc.vertex_func.source = (const char*)cna_envmap3d_vs_source_hlsl5;
            desc.vertex_func.d3d11_target = "vs_5_0";
            desc.vertex_func.entry = "main";
            desc.fragment_func.source = (const char*)cna_envmap3d_fs_source_hlsl5;
            desc.fragment_func.d3d11_target = "ps_5_0";
            desc.fragment_func.entry = "main";
            desc.attrs[0].base_type = SG_SHADERATTRBASETYPE_FLOAT;
            desc.attrs[0].hlsl_sem_name = "TEXCOORD";
            desc.attrs[0].hlsl_sem_index = 0;
            desc.attrs[1].base_type = SG_SHADERATTRBASETYPE_FLOAT;
            desc.attrs[1].hlsl_sem_name = "TEXCOORD";
            desc.attrs[1].hlsl_sem_index = 1;
            desc.attrs[2].base_type = SG_SHADERATTRBASETYPE_FLOAT;
            desc.attrs[2].hlsl_sem_name = "TEXCOORD";
            desc.attrs[2].hlsl_sem_index = 2;
            desc.uniform_blocks[0].stage = SG_SHADERSTAGE_VERTEX;
            desc.uniform_blocks[0].layout = SG_UNIFORMLAYOUT_STD140;
            desc.uniform_blocks[0].size = 240;
            desc.uniform_blocks[0].hlsl_register_b_n = 0;
            desc.uniform_blocks[2].stage = SG_SHADERSTAGE_FRAGMENT;
            desc.uniform_blocks[2].layout = SG_UNIFORMLAYOUT_STD140;
            desc.uniform_blocks[2].size = 192;
            desc.uniform_blocks[2].hlsl_register_b_n = 2;
            desc.views[0].texture.stage = SG_SHADERSTAGE_FRAGMENT;
            desc.views[0].texture.image_type = SG_IMAGETYPE_2D;
            desc.views[0].texture.sample_type = SG_IMAGESAMPLETYPE_FLOAT;
            desc.views[0].texture.multisampled = false;
            desc.views[0].texture.hlsl_register_t_n = 0;
            desc.views[1].texture.stage = SG_SHADERSTAGE_FRAGMENT;
            desc.views[1].texture.image_type = SG_IMAGETYPE_CUBE;
            desc.views[1].texture.sample_type = SG_IMAGESAMPLETYPE_FLOAT;
            desc.views[1].texture.multisampled = false;
            desc.views[1].texture.hlsl_register_t_n = 1;
            desc.samplers[0].stage = SG_SHADERSTAGE_FRAGMENT;
            desc.samplers[0].sampler_type = SG_SAMPLERTYPE_FILTERING;
            desc.samplers[0].hlsl_register_s_n = 0;
            desc.samplers[1].stage = SG_SHADERSTAGE_FRAGMENT;
            desc.samplers[1].sampler_type = SG_SAMPLERTYPE_FILTERING;
            desc.samplers[1].hlsl_register_s_n = 1;
            desc.texture_sampler_pairs[0].stage = SG_SHADERSTAGE_FRAGMENT;
            desc.texture_sampler_pairs[0].view_slot = 0;
            desc.texture_sampler_pairs[0].sampler_slot = 0;
            desc.texture_sampler_pairs[1].stage = SG_SHADERSTAGE_FRAGMENT;
            desc.texture_sampler_pairs[1].view_slot = 1;
            desc.texture_sampler_pairs[1].sampler_slot = 1;
            desc.label = "cna_envmap3d_shader";
        }
        return &desc;
    }
    #endif /* SOKOL_D3D11 */
    #if defined(SOKOL_METAL)
    if (renderer == SG_BACKEND_METAL_MACOS) {
        static sg_shader_desc desc;
        static bool valid;
        if (!valid) {
            valid = true;
            desc.vertex_func.source = (const char*)cna_envmap3d_vs_source_metal_macos;
            desc.vertex_func.entry = "main0";
            desc.fragment_func.source = (const char*)cna_envmap3d_fs_source_metal_macos;
            desc.fragment_func.entry = "main0";
            desc.attrs[0].base_type = SG_SHADERATTRBASETYPE_FLOAT;
            desc.attrs[1].base_type = SG_SHADERATTRBASETYPE_FLOAT;
            desc.attrs[2].base_type = SG_SHADERATTRBASETYPE_FLOAT;
            desc.uniform_blocks[0].stage = SG_SHADERSTAGE_VERTEX;
            desc.uniform_blocks[0].layout = SG_UNIFORMLAYOUT_STD140;
            desc.uniform_blocks[0].size = 240;
            desc.uniform_blocks[0].msl_buffer_n = 0;
            desc.uniform_blocks[2].stage = SG_SHADERSTAGE_FRAGMENT;
            desc.uniform_blocks[2].layout = SG_UNIFORMLAYOUT_STD140;
            desc.uniform_blocks[2].size = 192;
            desc.uniform_blocks[2].msl_buffer_n = 2;
            desc.views[0].texture.stage = SG_SHADERSTAGE_FRAGMENT;
            desc.views[0].texture.image_type = SG_IMAGETYPE_2D;
            desc.views[0].texture.sample_type = SG_IMAGESAMPLETYPE_FLOAT;
            desc.views[0].texture.multisampled = false;
            desc.views[0].texture.msl_texture_n = 0;
            desc.views[1].texture.stage = SG_SHADERSTAGE_FRAGMENT;
            desc.views[1].texture.image_type = SG_IMAGETYPE_CUBE;
            desc.views[1].texture.sample_type = SG_IMAGESAMPLETYPE_FLOAT;
            desc.views[1].texture.multisampled = false;
            desc.views[1].texture.msl_texture_n = 1;
            desc.samplers[0].stage = SG_SHADERSTAGE_FRAGMENT;
            desc.samplers[0].sampler_type = SG_SAMPLERTYPE_FILTERING;
            desc.samplers[0].msl_sampler_n = 0;
            desc.samplers[1].stage = SG_SHADERSTAGE_FRAGMENT;
            desc.samplers[1].sampler_type = SG_SAMPLERTYPE_FILTERING;
            desc.samplers[1].msl_sampler_n = 1;
            desc.texture_sampler_pairs[0].stage = SG_SHADERSTAGE_FRAGMENT;
            desc.texture_sampler_pairs[0].view_slot = 0;
            desc.texture_sampler_pairs[0].sampler_slot = 0;
            desc.texture_sampler_pairs[1].stage = SG_SHADERSTAGE_FRAGMENT;
            desc.texture_sampler_pairs[1].view_slot = 1;
            desc.texture_sampler_pairs[1].sampler_slot = 1;
            desc.label = "cna_envmap3d_shader";
        }
        return &desc;
    }
    #endif /* SOKOL_METAL */
    #if defined(SOKOL_WGPU)
    if (renderer == SG_BACKEND_WGPU) {
        static sg_shader_desc desc;
        static bool valid;
        if (!valid) {
            valid = true;
            desc.vertex_func.source = (const char*)cna_envmap3d_vs_source_wgsl;
            desc.vertex_func.entry = "main";
            desc.fragment_func.source = (const char*)cna_envmap3d_fs_source_wgsl;
            desc.fragment_func.entry = "main";
            desc.attrs[0].base_type = SG_SHADERATTRBASETYPE_FLOAT;
            desc.attrs[1].base_type = SG_SHADERATTRBASETYPE_FLOAT;
            desc.attrs[2].base_type = SG_SHADERATTRBASETYPE_FLOAT;
            desc.uniform_blocks[0].stage = SG_SHADERSTAGE_VERTEX;
            desc.uniform_blocks[0].layout = SG_UNIFORMLAYOUT_STD140;
            desc.uniform_blocks[0].size = 240;
            desc.uniform_blocks[0].wgsl_group0_binding_n = 0;
            desc.uniform_blocks[2].stage = SG_SHADERSTAGE_FRAGMENT;
            desc.uniform_blocks[2].layout = SG_UNIFORMLAYOUT_STD140;
            desc.uniform_blocks[2].size = 192;
            desc.uniform_blocks[2].wgsl_group0_binding_n = 2;
            desc.views[0].texture.stage = SG_SHADERSTAGE_FRAGMENT;
            desc.views[0].texture.image_type = SG_IMAGETYPE_2D;
            desc.views[0].texture.sample_type = SG_IMAGESAMPLETYPE_FLOAT;
            desc.views[0].texture.multisampled = false;
            desc.views[0].texture.wgsl_group1_binding_n = 0;
            desc.views[1].texture.stage = SG_SHADERSTAGE_FRAGMENT;
            desc.views[1].texture.image_type = SG_IMAGETYPE_CUBE;
            desc.views[1].texture.sample_type = SG_IMAGESAMPLETYPE_FLOAT;
            desc.views[1].texture.multisampled = false;
            desc.views[1].texture.wgsl_group1_binding_n = 1;
            desc.samplers[0].stage = SG_SHADERSTAGE_FRAGMENT;
            desc.samplers[0].sampler_type = SG_SAMPLERTYPE_FILTERING;
            desc.samplers[0].wgsl_group1_binding_n = 32;
            desc.samplers[1].stage = SG_SHADERSTAGE_FRAGMENT;
            desc.samplers[1].sampler_type = SG_SAMPLERTYPE_FILTERING;
            desc.samplers[1].wgsl_group1_binding_n = 33;
            desc.texture_sampler_pairs[0].stage = SG_SHADERSTAGE_FRAGMENT;
            desc.texture_sampler_pairs[0].view_slot = 0;
            desc.texture_sampler_pairs[0].sampler_slot = 0;
            desc.texture_sampler_pairs[1].stage = SG_SHADERSTAGE_FRAGMENT;
            desc.texture_sampler_pairs[1].view_slot = 1;
            desc.texture_sampler_pairs[1].sampler_slot = 1;
            desc.label = "cna_envmap3d_shader";
        }
        return &desc;
    }
    #endif /* SOKOL_WGPU */
    return 0;
}
#endif // SOKOL_SHDC_IMPL
