example_path	consumer_cmake_files
examples/additive_blend_contract_test.cpp	cmake/Tests/BgfxTests.cmake,cmake/Tests/EasyGLTests.cmake,cmake/Tests/HeadlessTests.cmake,cmake/Tests/SdlGpuTests.cmake,cmake/Tests/SoftwareTests.cmake,cmake/Tests/VulkanTests.cmake,cmake/Tests/WebGpuTests.cmake
examples/alpha_test_effect_test.cpp	cmake/Tests/EasyGLTests.cmake
examples/alpha_test_integration_test.cpp	cmake/Tests/EasyGLTests.cmake
examples/ascii_fontatlas_test.cpp	cmake/Tests/AsciiTests.cmake
examples/ascii_input_test.cpp	cmake/Tests/AsciiTests.cmake
examples/ascii_offscreentarget_test.cpp	cmake/Tests/AsciiTests.cmake
examples/ascii_present_test.cpp	cmake/Tests/AsciiTests.cmake
examples/ascii_quantizer_test.cpp	cmake/Tests/AsciiTests.cmake
examples/ascii_throwno3d_test.cpp	cmake/Tests/AsciiTests.cmake
examples/avatar_attach_part_integration_test.cpp	cmake/Tests/EasyGLTests.cmake,cmake/Tests/VulkanTests.cmake
examples/avatar_real_render_integration_test.cpp	cmake/Tests/EasyGLTests.cmake,cmake/Tests/VulkanTests.cmake
examples/avatar_tint_routing_integration_test.cpp	cmake/Tests/EasyGLTests.cmake,cmake/Tests/VulkanTests.cmake
examples/backbuffer_first_read_test.cpp	cmake/Tests/BgfxTests.cmake,cmake/Tests/EasyGLTests.cmake,cmake/Tests/HeadlessTests.cmake,cmake/Tests/LlglTests.cmake,cmake/Tests/SdlGpuTests.cmake,cmake/Tests/SkiaTests.cmake,cmake/Tests/SoftwareTests.cmake,cmake/Tests/VulkanTests.cmake,cmake/Tests/WebGpuTests.cmake
examples/backbuffer_headless_reject_test.cpp	cmake/Tests/BgfxTests.cmake,cmake/Tests/EasyGLTests.cmake,cmake/Tests/HeadlessTests.cmake,cmake/Tests/LlglTests.cmake,cmake/Tests/SdlGpuTests.cmake,cmake/Tests/SkiaTests.cmake,cmake/Tests/SoftwareTests.cmake,cmake/Tests/VulkanTests.cmake,cmake/Tests/WebGpuTests.cmake
examples/backbuffer_pass_order_test.cpp	cmake/Tests/AsciiTests.cmake,cmake/Tests/BgfxTests.cmake,cmake/Tests/CanvasTests.cmake,cmake/Tests/DirectX11Tests.cmake,cmake/Tests/DirectX12Tests.cmake,cmake/Tests/DirectX9Tests.cmake,cmake/Tests/EasyGLTests.cmake,cmake/Tests/FreeDirectTests.cmake,cmake/Tests/HeadlessTests.cmake,cmake/Tests/LlglTests.cmake,cmake/Tests/SdlGpuTests.cmake,cmake/Tests/SdlRendererTests.cmake,cmake/Tests/SoftwareTests.cmake,cmake/Tests/VulkanTests.cmake,cmake/Tests/WebGpuTests.cmake
examples/backbuffer_readback_dimension_test.cpp	cmake/Tests/BgfxTests.cmake,cmake/Tests/EasyGLTests.cmake,cmake/Tests/HeadlessTests.cmake,cmake/Tests/LlglTests.cmake,cmake/Tests/SdlGpuTests.cmake,cmake/Tests/SkiaTests.cmake,cmake/Tests/SoftwareTests.cmake,cmake/Tests/VulkanTests.cmake,cmake/Tests/WebGpuTests.cmake
examples/basic_effect_test.cpp	cmake/Tests/EasyGLTests.cmake
examples/bgfx_alphatest_comparefunction_sweep_test.cpp	cmake/Tests/BgfxTests.cmake
examples/bgfx_alphatest_fog_test.cpp	cmake/Tests/BgfxTests.cmake
examples/bgfx_alphatest_null_texture_test.cpp	cmake/Tests/BgfxTests.cmake
examples/bgfx_alphatest_vertexcolor_test.cpp	cmake/Tests/BgfxTests.cmake
examples/bgfx_basiceffect_combined_test.cpp	cmake/Tests/BgfxTests.cmake
examples/bgfx_basiceffect_emissive_test.cpp	cmake/Tests/BgfxTests.cmake
examples/bgfx_basiceffect_fog_test.cpp	cmake/Tests/BgfxTests.cmake
examples/bgfx_basiceffect_lit_fog_test.cpp	cmake/Tests/BgfxTests.cmake
examples/bgfx_basiceffect_multilight_emissive_test.cpp	cmake/Tests/BgfxTests.cmake
examples/bgfx_basiceffect_normaltransform_test.cpp	cmake/Tests/BgfxTests.cmake
examples/bgfx_basiceffect_one_light_test.cpp	cmake/Tests/BgfxTests.cmake
examples/bgfx_basiceffect_preferperpixellighting_test.cpp	cmake/Tests/BgfxTests.cmake
examples/bgfx_basiceffect_specular_test.cpp	cmake/Tests/BgfxTests.cmake
examples/bgfx_basiceffect_texture_enabled_test.cpp	cmake/Tests/BgfxTests.cmake
examples/bgfx_basiceffect_texture_vertexcolor_enabled_test.cpp	cmake/Tests/BgfxTests.cmake
examples/bgfx_basiceffect_vertexcolor_disabled_test.cpp	cmake/Tests/BgfxTests.cmake
examples/bgfx_basiceffect_vertexcolor_enabled_test.cpp	cmake/Tests/BgfxTests.cmake
examples/bgfx_blendstate_additive_test.cpp	cmake/Tests/BgfxTests.cmake
examples/bgfx_blendstate_alphablend_test.cpp	cmake/Tests/BgfxTests.cmake
examples/bgfx_blendstate_blendfactor_test.cpp	cmake/Tests/BgfxTests.cmake
examples/bgfx_blendstate_nonpremultiplied_test.cpp	cmake/Tests/BgfxTests.cmake
examples/bgfx_blendstate_opaque_test.cpp	cmake/Tests/BgfxTests.cmake
examples/bgfx_blendstate_separate_functions_test.cpp	cmake/Tests/BgfxTests.cmake
examples/bgfx_colorwritechannels_test.cpp	cmake/Tests/BgfxTests.cmake
examples/bgfx_concurrent_rendertargets_test.cpp	cmake/Tests/BgfxTests.cmake
examples/bgfx_depthstencilstate_compare_function_test.cpp	cmake/Tests/BgfxTests.cmake
examples/bgfx_depthstencilstate_stencil_mask_test.cpp	cmake/Tests/BgfxTests.cmake
examples/bgfx_depthstencilstate_stencil_ops_test.cpp	cmake/Tests/BgfxTests.cmake
examples/bgfx_depthstencilstate_stencil_twosided_test.cpp	cmake/Tests/BgfxTests.cmake
examples/bgfx_depthstencilstate_write_enable_test.cpp	cmake/Tests/BgfxTests.cmake
examples/bgfx_dual_texture_test.cpp	cmake/Tests/BgfxTests.cmake
examples/bgfx_dualtextureeffect_alpha_test.cpp	cmake/Tests/BgfxTests.cmake
examples/bgfx_dualtextureeffect_combined_test.cpp	cmake/Tests/BgfxTests.cmake
examples/bgfx_dualtextureeffect_doubling_test.cpp	cmake/Tests/BgfxTests.cmake
examples/bgfx_dualtextureeffect_fog_test.cpp	cmake/Tests/BgfxTests.cmake
examples/bgfx_dualtextureeffect_null_texture0_test.cpp	cmake/Tests/BgfxTests.cmake
examples/bgfx_dualtextureeffect_null_texture2_test.cpp	cmake/Tests/BgfxTests.cmake
examples/bgfx_env_map_test.cpp	cmake/Tests/BgfxTests.cmake
examples/bgfx_environmentmapeffect_amount_one_test.cpp	cmake/Tests/BgfxTests.cmake
examples/bgfx_environmentmapeffect_amount_zero_test.cpp	cmake/Tests/BgfxTests.cmake
examples/bgfx_environmentmapeffect_combined_test.cpp	cmake/Tests/BgfxTests.cmake
examples/bgfx_environmentmapeffect_eyeposition_test.cpp	cmake/Tests/BgfxTests.cmake
examples/bgfx_environmentmapeffect_fog_test.cpp	cmake/Tests/BgfxTests.cmake
examples/bgfx_environmentmapeffect_fresnel_test.cpp	cmake/Tests/BgfxTests.cmake
examples/bgfx_environmentmapeffect_multilight_test.cpp	cmake/Tests/BgfxTests.cmake
examples/bgfx_environmentmapeffect_specular_test.cpp	cmake/Tests/BgfxTests.cmake
examples/bgfx_environmentmapeffect_worldtransform_test.cpp	cmake/Tests/BgfxTests.cmake
examples/bgfx_gfx179_view_capacity_test.cpp	cmake/Tests/BgfxTests.cmake
examples/bgfx_gfx185_msaa_capability_test.cpp	cmake/Tests/BgfxTests.cmake
examples/bgfx_gfx196_noop_reset_test.cpp	cmake/Tests/BgfxTests.cmake
examples/bgfx_graphicsdevice_clear_stencil_test.cpp	cmake/Tests/BgfxTests.cmake
examples/bgfx_graphicsdevice_clearoptions_test.cpp	cmake/Tests/BgfxTests.cmake,cmake/Tests/VulkanTests.cmake
examples/bgfx_graphicsdevice_reference_stencil_test.cpp	cmake/Tests/BgfxTests.cmake
examples/bgfx_model_hierarchy_child_mesh_test.cpp	cmake/Tests/BgfxTests.cmake
examples/bgfx_model_json_reader_test.cpp	cmake/Tests/BgfxTests.cmake
examples/bgfx_model_two_meshes_effects_test.cpp	cmake/Tests/BgfxTests.cmake
examples/bgfx_mrt_mixed_formats_test.cpp	cmake/Tests/BgfxTests.cmake,cmake/Tests/VulkanTests.cmake
examples/bgfx_multi_viewport_test.cpp	cmake/Tests/BgfxTests.cmake
examples/bgfx_npot_texture_test.cpp	cmake/Tests/BgfxTests.cmake
examples/bgfx_occlusion_query_test.cpp	cmake/Tests/BgfxTests.cmake
examples/bgfx_occlusionquery_dispose_active_test.cpp	cmake/Tests/BgfxTests.cmake
examples/bgfx_occlusionquery_pixelcount_test.cpp	cmake/Tests/BgfxTests.cmake
examples/bgfx_pbreffect_test.cpp	cmake/Tests/BgfxTests.cmake
examples/bgfx_rasterizerstate_cullmode_test.cpp	cmake/Tests/BgfxTests.cmake
examples/bgfx_rasterizerstate_depthbias_test.cpp	cmake/Tests/BgfxTests.cmake
examples/bgfx_rasterizerstate_fillmode_wireframe_test.cpp	cmake/Tests/BgfxTests.cmake
examples/bgfx_render_target_cube_sample_test.cpp	cmake/Tests/BgfxTests.cmake
examples/bgfx_render_target_sample_test.cpp	cmake/Tests/BgfxTests.cmake
examples/bgfx_render_target_usage_test.cpp	cmake/Tests/BgfxTests.cmake
examples/bgfx_rendertarget2d_mip_test.cpp	cmake/Tests/BgfxTests.cmake
examples/bgfx_rendertarget2d_msaa_test.cpp	cmake/Tests/BgfxTests.cmake
examples/bgfx_rendertarget_effect_texture_test.cpp	cmake/Tests/BgfxTests.cmake
examples/bgfx_rendertarget_orientation_test.cpp	cmake/Tests/BgfxTests.cmake
examples/bgfx_rendertarget_scissor_test.cpp	cmake/Tests/BgfxTests.cmake
examples/bgfx_rendertarget_viewport_test.cpp	cmake/Tests/BgfxTests.cmake
examples/bgfx_rendertargetcube_depthformat_test.cpp	cmake/Tests/BgfxTests.cmake
examples/bgfx_rendertargetcube_finalize_test.cpp	cmake/Tests/BgfxTests.cmake
examples/bgfx_rendertargetcube_mip_test.cpp	cmake/Tests/BgfxTests.cmake
examples/bgfx_rendertargetcube_msaa_test.cpp	cmake/Tests/BgfxTests.cmake
examples/bgfx_scissor_test.cpp	cmake/Tests/BgfxTests.cmake
examples/bgfx_setrendertarget_null_restore_test.cpp	cmake/Tests/BgfxTests.cmake
examples/bgfx_skinnedeffect_combined_test.cpp	cmake/Tests/BgfxTests.cmake
examples/bgfx_skinnedeffect_fog_test.cpp	cmake/Tests/BgfxTests.cmake
examples/bgfx_skinnedeffect_identity_bones_test.cpp	cmake/Tests/BgfxTests.cmake
examples/bgfx_skinnedeffect_multilight_test.cpp	cmake/Tests/BgfxTests.cmake
examples/bgfx_skinnedeffect_preferperpixellighting_test.cpp	cmake/Tests/BgfxTests.cmake
examples/bgfx_skinnedeffect_specular_test.cpp	cmake/Tests/BgfxTests.cmake
examples/bgfx_skinnedeffect_translation_bone_test.cpp	cmake/Tests/BgfxTests.cmake
examples/bgfx_skinnedeffect_twobone_blend_test.cpp	cmake/Tests/BgfxTests.cmake
examples/bgfx_skinnedeffect_vertexcolor_test.cpp	cmake/Tests/BgfxTests.cmake
examples/bgfx_skinnedeffect_weightspervertex_test.cpp	cmake/Tests/BgfxTests.cmake
examples/bgfx_skinnedeffect_world_normal_test.cpp	cmake/Tests/BgfxTests.cmake
examples/bgfx_skinnedpbreffect_test.cpp	cmake/Tests/BgfxTests.cmake
examples/bgfx_sprite_effects_test.cpp	cmake/Tests/BgfxTests.cmake
examples/bgfx_spritebatch_begin_rasterizerstate_test.cpp	cmake/Tests/BgfxTests.cmake
examples/bgfx_spritebatch_layerdepth_test.cpp	cmake/Tests/BgfxTests.cmake
examples/bgfx_spritebatch_rotation_test.cpp	cmake/Tests/BgfxTests.cmake
examples/bgfx_spritebatch_scale_test.cpp	cmake/Tests/BgfxTests.cmake
examples/bgfx_spritebatch_sourcerect_test.cpp	cmake/Tests/BgfxTests.cmake
examples/bgfx_spritebatch_transform_test.cpp	cmake/Tests/BgfxTests.cmake
examples/bgfx_spritefont_default_char_test.cpp	cmake/Tests/BgfxTests.cmake
examples/bgfx_spritefont_multiglyph_newline_test.cpp	cmake/Tests/BgfxTests.cmake
examples/bgfx_spritefont_single_glyph_test.cpp	cmake/Tests/BgfxTests.cmake
examples/bgfx_texture_address_mode_mirror_test.cpp	cmake/Tests/BgfxTests.cmake
examples/bgfx_texture_address_mode_test.cpp	cmake/Tests/BgfxTests.cmake
examples/bgfx_texture_anisotropic_effect_test.cpp	cmake/Tests/BgfxTests.cmake
examples/bgfx_texture_filter_point_vs_linear_test.cpp	cmake/Tests/BgfxTests.cmake
examples/bgfx_texture_mip_filter_effect_test.cpp	cmake/Tests/BgfxTests.cmake
examples/bgfx_texturefilter_split_minmag_test.cpp	cmake/Tests/BgfxTests.cmake
examples/bgfx_transform_matrix_test.cpp	cmake/Tests/BgfxTests.cmake
examples/bgfx_vertex_format_test.cpp	cmake/Tests/BgfxTests.cmake
examples/bgfx_viewport_subregion_test.cpp	cmake/Tests/BgfxTests.cmake
examples/bgfx_viewspace_fog_test.cpp	cmake/Tests/BgfxTests.cmake
examples/bound_target_lifetime_test.cpp	cmake/Tests/BgfxTests.cmake,cmake/Tests/EasyGLTests.cmake,cmake/Tests/HeadlessTests.cmake,cmake/Tests/LlglTests.cmake,cmake/Tests/SdlGpuTests.cmake,cmake/Tests/SoftwareTests.cmake,cmake/Tests/VulkanTests.cmake,cmake/Tests/WebGpuTests.cmake
examples/canvas_graphics_capability_test.cpp	cmake/Tests/CanvasTests.cmake
examples/canvas_smoke_test.cpp	cmake/Tests/CanvasTests.cmake
examples/cnaext_settings_example.cpp	cmake/Examples.cmake
examples/colorspace_midtone_contract_test.cpp	cmake/Tests/BgfxTests.cmake,cmake/Tests/EasyGLTests.cmake,cmake/Tests/HeadlessTests.cmake,cmake/Tests/LlglTests.cmake,cmake/Tests/SdlGpuTests.cmake,cmake/Tests/SoftwareTests.cmake,cmake/Tests/VulkanTests.cmake,cmake/Tests/WebGpuTests.cmake
examples/cross_renderer_diagnostic_compare.cpp	cmake/Harnesses.cmake
examples/cross_renderer_diagnostic_scene.cpp	cmake/Tests/EasyGLTests.cmake,cmake/Tests/SoftwareTests.cmake
examples/crt_effect_demo_test.cpp	cmake/Examples.cmake
examples/deferred_scissor_capture_test.cpp	cmake/Tests/BgfxTests.cmake,cmake/Tests/DirectX11Tests.cmake,cmake/Tests/DirectX9Tests.cmake,cmake/Tests/EasyGLTests.cmake,cmake/Tests/HeadlessTests.cmake,cmake/Tests/LlglTests.cmake,cmake/Tests/SdlGpuTests.cmake,cmake/Tests/SoftwareTests.cmake,cmake/Tests/VulkanTests.cmake,cmake/Tests/WebGpuTests.cmake
examples/deferred_source_lifetime_test.cpp	cmake/Tests/BgfxTests.cmake,cmake/Tests/EasyGLTests.cmake,cmake/Tests/HeadlessTests.cmake,cmake/Tests/LlglTests.cmake,cmake/Tests/SdlGpuTests.cmake,cmake/Tests/SoftwareTests.cmake,cmake/Tests/VulkanTests.cmake,cmake/Tests/WebGpuTests.cmake
examples/deferred_viewport_capture_test.cpp	cmake/Tests/BgfxTests.cmake,cmake/Tests/DirectX11Tests.cmake,cmake/Tests/DirectX9Tests.cmake,cmake/Tests/EasyGLTests.cmake,cmake/Tests/HeadlessTests.cmake,cmake/Tests/LlglTests.cmake,cmake/Tests/SdlGpuTests.cmake,cmake/Tests/SoftwareTests.cmake,cmake/Tests/VulkanTests.cmake,cmake/Tests/WebGpuTests.cmake
examples/demo_2d/src/Game1.cpp	cmake/Examples.cmake
examples/demo_2d/src/Main.cpp	cmake/Examples.cmake
examples/demo_achievement_showcase/src/AchievementGame.cpp	cmake/Examples.cmake
examples/demo_achievement_showcase/src/Main.cpp	cmake/Examples.cmake
examples/demo_avatar/src/AvatarDemo.cpp	cmake/Examples.cmake
examples/demo_avatar/src/Main.cpp	cmake/Examples.cmake
examples/demo_avatar_animation_gallery/src/GalleryDemo.cpp	cmake/Examples.cmake
examples/demo_avatar_animation_gallery/src/Main.cpp	cmake/Examples.cmake
examples/demo_avatar_appearance_tint_studio/src/Main.cpp	cmake/Examples.cmake
examples/demo_avatar_appearance_tint_studio/src/TintStudioDemo.cpp	cmake/Examples.cmake
examples/demo_avatar_bone_state_boundary/src/BoundaryDemo.cpp	cmake/Examples.cmake
examples/demo_avatar_bone_state_boundary/src/Main.cpp	cmake/Examples.cmake
examples/demo_avatar_dual_compare/src/DualCompareDemo.cpp	cmake/Examples.cmake
examples/demo_avatar_dual_compare/src/Main.cpp	cmake/Examples.cmake
examples/demo_avatar_multi_attach_stress/src/Main.cpp	cmake/Examples.cmake
examples/demo_avatar_multi_attach_stress/src/StressDemo.cpp	cmake/Examples.cmake
examples/demo_avatar_wardrobe_hotswap/src/HotswapDemo.cpp	cmake/Examples.cmake
examples/demo_avatar_wardrobe_hotswap/src/Main.cpp	cmake/Examples.cmake
examples/demo_devices/src/DevicesDemo.cpp	cmake/Examples.cmake
examples/demo_devices/src/Main.cpp	cmake/Examples.cmake
examples/demo_friends_and_gamercard/src/FriendsGame.cpp	cmake/Examples.cmake
examples/demo_friends_and_gamercard/src/Main.cpp	cmake/Examples.cmake
examples/demo_gamer_profile_privileges/src/Main.cpp	cmake/Examples.cmake
examples/demo_gamer_profile_privileges/src/ProfileGame.cpp	cmake/Examples.cmake
examples/demo_gamer_roster_hud/src/Main.cpp	cmake/Examples.cmake
examples/demo_gamer_roster_hud/src/RosterGame.cpp	cmake/Examples.cmake
examples/demo_gamerservices_dispatcher_watchdog/src/Main.cpp	cmake/Examples.cmake
examples/demo_gamerservices_dispatcher_watchdog/src/WatchdogGame.cpp	cmake/Examples.cmake
examples/demo_gamerservices_signin_presence/src/Main.cpp	cmake/Examples.cmake
examples/demo_gamerservices_signin_presence/src/PresenceGame.cpp	cmake/Examples.cmake
examples/demo_guide_overlay_console/src/Main.cpp	cmake/Examples.cmake
examples/demo_input/src/InputDemo.cpp	cmake/Examples.cmake
examples/demo_input/src/Main.cpp	cmake/Examples.cmake
examples/demo_leaderboard_viewer/src/LeaderboardGame.cpp	cmake/Examples.cmake
examples/demo_leaderboard_viewer/src/Main.cpp	cmake/Examples.cmake
examples/demo_net_avatar_sync/src/Main.cpp	cmake/Examples.cmake
examples/demo_net_avatar_sync/src/SyncGame.cpp	cmake/Examples.cmake
examples/demo_net_client_server_arena/src/ArenaGame.cpp	cmake/Examples.cmake
examples/demo_net_client_server_arena/src/Main.cpp	cmake/Examples.cmake
examples/demo_packet_roundtrip/src/Main.cpp	cmake/Examples.cmake
examples/demo_qos_probe/src/Main.cpp	cmake/Examples.cmake
examples/demo_session_browser/src/BrowserGame.cpp	cmake/Examples.cmake
examples/demo_session_browser/src/Main.cpp	cmake/Examples.cmake
examples/demo_session_lifecycle_events/src/Main.cpp	cmake/Examples.cmake
examples/demo_simulated_network_conditions/src/Main.cpp	cmake/Examples.cmake
examples/demo_simulated_network_conditions/src/SimGame.cpp	cmake/Examples.cmake
examples/demo_sound/src/Main.cpp	cmake/Examples.cmake
examples/demo_sound/src/SoundDemo.cpp	cmake/Examples.cmake
examples/demo_xact/src/Main.cpp	cmake/Examples.cmake
examples/demo_xact/src/XactDemo.cpp	cmake/Examples.cmake
examples/depth_effect_demo_test.cpp	cmake/Examples.cmake
examples/descriptor_capacity_contract_test.cpp	cmake/Tests/BgfxTests.cmake,cmake/Tests/DirectX11Tests.cmake,cmake/Tests/DirectX12Tests.cmake,cmake/Tests/DirectX9Tests.cmake,cmake/Tests/EasyGLTests.cmake,cmake/Tests/HeadlessTests.cmake,cmake/Tests/SdlGpuTests.cmake,cmake/Tests/SoftwareTests.cmake,cmake/Tests/VulkanTests.cmake,cmake/Tests/WebGpuTests.cmake
examples/diligent_alphatest_fog_test.cpp	cmake/Tests/DiligentTests.cmake
examples/diligent_anisotropic_test.cpp	cmake/Tests/DiligentTests.cmake
examples/diligent_backbuffer_readback_bounds_test.cpp	cmake/Tests/DiligentTests.cmake
examples/diligent_capability_consistency_test.cpp	cmake/Tests/DiligentTests.cmake
examples/diligent_clear_readback_test.cpp	cmake/Tests/DiligentTests.cmake
examples/diligent_colored3d_test.cpp	cmake/Tests/DiligentTests.cmake
examples/diligent_depthbias_test.cpp	cmake/Tests/DiligentTests.cmake
examples/diligent_device_selection_integration_test.cpp	cmake/Tests/DiligentTests.cmake
examples/diligent_drawoffset_test.cpp	cmake/Tests/DiligentTests.cmake
examples/diligent_dualtexture_envmap_test.cpp	cmake/Tests/DiligentTests.cmake
examples/diligent_fillmode_test.cpp	cmake/Tests/DiligentTests.cmake
examples/diligent_instance_binding_offsets_test.cpp	cmake/Tests/DiligentTests.cmake
examples/diligent_instanced_stride_test.cpp	cmake/Tests/DiligentTests.cmake
examples/diligent_instanced_test.cpp	cmake/Tests/DiligentTests.cmake
examples/diligent_lighting_fidelity_test.cpp	cmake/Tests/DiligentTests.cmake
examples/diligent_mip_test.cpp	cmake/Tests/DiligentTests.cmake
examples/diligent_model_test.cpp	cmake/Tests/DiligentTests.cmake
examples/diligent_mrt_test.cpp	cmake/Tests/DiligentTests.cmake
examples/diligent_msaa_test.cpp	cmake/Tests/DiligentTests.cmake
examples/diligent_multisamplemask_test.cpp	cmake/Tests/DiligentTests.cmake
examples/diligent_npot_test.cpp	cmake/Tests/DiligentTests.cmake
examples/diligent_occlusionquery_test.cpp	cmake/Tests/DiligentTests.cmake
examples/diligent_pbr_test.cpp	cmake/Tests/DiligentTests.cmake
examples/diligent_referencestencil_test.cpp	cmake/Tests/DiligentTests.cmake
examples/diligent_rendertarget_mipgen_test.cpp	cmake/Tests/DiligentTests.cmake
examples/diligent_rendertarget_test.cpp	cmake/Tests/DiligentTests.cmake
examples/diligent_rendertargetcube_test.cpp	cmake/Tests/DiligentTests.cmake
examples/diligent_scissor_pipelinecache_test.cpp	cmake/Tests/DiligentTests.cmake
examples/diligent_setdataoptions_test.cpp	cmake/Tests/DiligentTests.cmake
examples/diligent_skinned_test.cpp	cmake/Tests/DiligentTests.cmake
examples/diligent_spritefont_test.cpp	cmake/Tests/DiligentTests.cmake
examples/diligent_vertexlit_test.cpp	cmake/Tests/DiligentTests.cmake
examples/direct2d_2d_parity_test.cpp	cmake/Tests/Direct2DTests.cmake
examples/direct2d_lifetime_test.cpp	cmake/Tests/Direct2DTests.cmake
examples/direct2d_smoke_test.cpp	cmake/Tests/Direct2DTests.cmake
examples/directx10_device3d_smoke_test.cpp	cmake/Tests/DirectX10Tests.cmake
examples/directx10_graphics_capability_test.cpp	cmake/Tests/DirectX10Tests.cmake
examples/directx10_mrt_test.cpp	cmake/Tests/DirectX10Tests.cmake
examples/directx10_smoke_test.cpp	cmake/Tests/DirectX10Tests.cmake
examples/directx10_spritebatch_test.cpp	cmake/Tests/DirectX10Tests.cmake
examples/directx11_common_test.cpp	cmake/Tests/DirectX11Tests.cmake
examples/directx11_pbr_vertexcolor_test.cpp	cmake/Tests/DirectX11Tests.cmake
examples/directx11_smoke_test.cpp	cmake/Tests/DirectX11Tests.cmake
examples/directx12_descriptor_allocator_test.cpp	cmake/Tests/DirectX12Tests.cmake
examples/directx12_smoke_test.cpp	cmake/Tests/DirectX12Tests.cmake
examples/directx12_swapchain_diag.cpp	cmake/Tests/DirectX12Tests.cmake
examples/directx1_blend_test.cpp	cmake/Tests/DirectX1Tests.cmake
examples/directx1_graphics_capability_test.cpp	cmake/Tests/DirectX1Tests.cmake
examples/directx1_logical_transform_test.cpp	cmake/Tests/DirectX1Tests.cmake
examples/directx1_no3d_test.cpp	cmake/Tests/DirectX1Tests.cmake
examples/directx1_sampling_test.cpp	cmake/Tests/DirectX1Tests.cmake
examples/directx1_smoke_test.cpp	cmake/Tests/DirectX1Tests.cmake
examples/directx1_spritebatch_test.cpp	cmake/Tests/DirectX1Tests.cmake
examples/directx1_spritefont_test.cpp	cmake/Tests/DirectX1Tests.cmake
examples/directx1_texture_rendertarget_test.cpp	cmake/Tests/DirectX1Tests.cmake
examples/directx2_blend_test.cpp	cmake/Tests/DirectX2Tests.cmake
examples/directx2_clipping_test.cpp	cmake/Tests/DirectX2Tests.cmake
examples/directx2_colored_primitives_test.cpp	cmake/Tests/DirectX2Tests.cmake
examples/directx2_device3d_smoke_test.cpp	cmake/Tests/DirectX2Tests.cmake
examples/directx2_graphics_capability_test.cpp	cmake/Tests/DirectX2Tests.cmake
examples/directx2_indexed_primitives_test.cpp	cmake/Tests/DirectX2Tests.cmake
examples/directx2_lighting_test.cpp	cmake/Tests/DirectX2Tests.cmake
examples/directx2_logical_transform_test.cpp	cmake/Tests/DirectX2Tests.cmake
examples/directx2_remaining_defaults_test.cpp	cmake/Tests/DirectX2Tests.cmake
examples/directx2_sampling_test.cpp	cmake/Tests/DirectX2Tests.cmake
examples/directx2_smoke_test.cpp	cmake/Tests/DirectX2Tests.cmake
examples/directx2_spritebatch_test.cpp	cmake/Tests/DirectX2Tests.cmake
examples/directx2_spritefont_test.cpp	cmake/Tests/DirectX2Tests.cmake
examples/directx2_texture3d_test.cpp	cmake/Tests/DirectX2Tests.cmake
examples/directx2_texture_rendertarget_test.cpp	cmake/Tests/DirectX2Tests.cmake
examples/directx2_vertex_index_buffer_test.cpp	cmake/Tests/DirectX2Tests.cmake
examples/directx2_wireframe_aniso_test.cpp	cmake/Tests/DirectX2Tests.cmake
examples/directx2_ztest_test.cpp	cmake/Tests/DirectX2Tests.cmake
examples/directx3_blend_test.cpp	cmake/Tests/DirectX3Tests.cmake
examples/directx3_clipping_test.cpp	cmake/Tests/DirectX3Tests.cmake
examples/directx3_colored_primitives_test.cpp	cmake/Tests/DirectX3Tests.cmake
examples/directx3_device3d_smoke_test.cpp	cmake/Tests/DirectX3Tests.cmake
examples/directx3_graphics_capability_test.cpp	cmake/Tests/DirectX3Tests.cmake
examples/directx3_indexed_primitives_test.cpp	cmake/Tests/DirectX3Tests.cmake
examples/directx3_lighting_test.cpp	cmake/Tests/DirectX3Tests.cmake
examples/directx3_logical_transform_test.cpp	cmake/Tests/DirectX3Tests.cmake
examples/directx3_remaining_defaults_test.cpp	cmake/Tests/DirectX3Tests.cmake
examples/directx3_sampling_test.cpp	cmake/Tests/DirectX3Tests.cmake
examples/directx3_smoke_test.cpp	cmake/Tests/DirectX3Tests.cmake
examples/directx3_spritebatch_test.cpp	cmake/Tests/DirectX3Tests.cmake
examples/directx3_spritefont_test.cpp	cmake/Tests/DirectX3Tests.cmake
examples/directx3_texture3d_test.cpp	cmake/Tests/DirectX3Tests.cmake
examples/directx3_texture_rendertarget_test.cpp	cmake/Tests/DirectX3Tests.cmake
examples/directx3_vertex_index_buffer_test.cpp	cmake/Tests/DirectX3Tests.cmake
examples/directx3_wireframe_aniso_test.cpp	cmake/Tests/DirectX3Tests.cmake
examples/directx3_ztest_test.cpp	cmake/Tests/DirectX3Tests.cmake
examples/directx5_blend_test.cpp	cmake/Tests/DirectX5Tests.cmake
examples/directx5_clipping_test.cpp	cmake/Tests/DirectX5Tests.cmake
examples/directx5_colored_primitives_test.cpp	cmake/Tests/DirectX5Tests.cmake
examples/directx5_device3d_smoke_test.cpp	cmake/Tests/DirectX5Tests.cmake
examples/directx5_graphics_capability_test.cpp	cmake/Tests/DirectX5Tests.cmake
examples/directx5_indexed_primitives_test.cpp	cmake/Tests/DirectX5Tests.cmake
examples/directx5_lighting_test.cpp	cmake/Tests/DirectX5Tests.cmake
examples/directx5_logical_transform_test.cpp	cmake/Tests/DirectX5Tests.cmake
examples/directx5_remaining_defaults_test.cpp	cmake/Tests/DirectX5Tests.cmake
examples/directx5_sampling_test.cpp	cmake/Tests/DirectX5Tests.cmake
examples/directx5_smoke_test.cpp	cmake/Tests/DirectX5Tests.cmake
examples/directx5_spritebatch_test.cpp	cmake/Tests/DirectX5Tests.cmake
examples/directx5_spritefont_test.cpp	cmake/Tests/DirectX5Tests.cmake
examples/directx5_texture3d_test.cpp	cmake/Tests/DirectX5Tests.cmake
examples/directx5_texture_rendertarget_test.cpp	cmake/Tests/DirectX5Tests.cmake
examples/directx5_vertex_index_buffer_test.cpp	cmake/Tests/DirectX5Tests.cmake
examples/directx5_wireframe_aniso_test.cpp	cmake/Tests/DirectX5Tests.cmake
examples/directx5_ztest_test.cpp	cmake/Tests/DirectX5Tests.cmake
examples/directx6_blend_test.cpp	cmake/Tests/DirectX6Tests.cmake
examples/directx6_clipping_test.cpp	cmake/Tests/DirectX6Tests.cmake
examples/directx6_colored_primitives_test.cpp	cmake/Tests/DirectX6Tests.cmake
examples/directx6_device3d_smoke_test.cpp	cmake/Tests/DirectX6Tests.cmake
examples/directx6_graphics_capability_test.cpp	cmake/Tests/DirectX6Tests.cmake
examples/directx6_indexed_primitives_test.cpp	cmake/Tests/DirectX6Tests.cmake
examples/directx6_lighting_test.cpp	cmake/Tests/DirectX6Tests.cmake
examples/directx6_logical_transform_test.cpp	cmake/Tests/DirectX6Tests.cmake
examples/directx6_remaining_defaults_test.cpp	cmake/Tests/DirectX6Tests.cmake
examples/directx6_sampling_test.cpp	cmake/Tests/DirectX6Tests.cmake
examples/directx6_smoke_test.cpp	cmake/Tests/DirectX6Tests.cmake
examples/directx6_spritebatch_test.cpp	cmake/Tests/DirectX6Tests.cmake
examples/directx6_spritefont_test.cpp	cmake/Tests/DirectX6Tests.cmake
examples/directx6_stencil_test.cpp	cmake/Tests/DirectX6Tests.cmake
examples/directx6_texture3d_test.cpp	cmake/Tests/DirectX6Tests.cmake
examples/directx6_texture_rendertarget_test.cpp	cmake/Tests/DirectX6Tests.cmake
examples/directx6_vertex_index_buffer_test.cpp	cmake/Tests/DirectX6Tests.cmake
examples/directx6_wireframe_aniso_test.cpp	cmake/Tests/DirectX6Tests.cmake
examples/directx6_ztest_test.cpp	cmake/Tests/DirectX6Tests.cmake
examples/directx7_blend_test.cpp	cmake/Tests/DirectX7Tests.cmake
examples/directx7_clipping_test.cpp	cmake/Tests/DirectX7Tests.cmake
examples/directx7_colored_primitives_test.cpp	cmake/Tests/DirectX7Tests.cmake
examples/directx7_device3d_smoke_test.cpp	cmake/Tests/DirectX7Tests.cmake
examples/directx7_graphics_capability_test.cpp	cmake/Tests/DirectX7Tests.cmake
examples/directx7_indexed_primitives_test.cpp	cmake/Tests/DirectX7Tests.cmake
examples/directx7_lighting_test.cpp	cmake/Tests/DirectX7Tests.cmake
examples/directx7_logical_transform_test.cpp	cmake/Tests/DirectX7Tests.cmake
examples/directx7_remaining_defaults_test.cpp	cmake/Tests/DirectX7Tests.cmake
examples/directx7_sampling_test.cpp	cmake/Tests/DirectX7Tests.cmake
examples/directx7_smoke_test.cpp	cmake/Tests/DirectX7Tests.cmake
examples/directx7_spritebatch_test.cpp	cmake/Tests/DirectX7Tests.cmake
examples/directx7_spritefont_test.cpp	cmake/Tests/DirectX7Tests.cmake
examples/directx7_stencil_test.cpp	cmake/Tests/DirectX7Tests.cmake
examples/directx7_texture3d_test.cpp	cmake/Tests/DirectX7Tests.cmake
examples/directx7_texture_rendertarget_test.cpp	cmake/Tests/DirectX7Tests.cmake
examples/directx7_vertex_index_buffer_test.cpp	cmake/Tests/DirectX7Tests.cmake
examples/directx7_wireframe_aniso_test.cpp	cmake/Tests/DirectX7Tests.cmake
examples/directx7_ztest_test.cpp	cmake/Tests/DirectX7Tests.cmake
examples/directx8_blend_test.cpp	cmake/Tests/DirectX8Tests.cmake
examples/directx8_clipping_test.cpp	cmake/Tests/DirectX8Tests.cmake
examples/directx8_colored_primitives_test.cpp	cmake/Tests/DirectX8Tests.cmake
examples/directx8_device3d_smoke_test.cpp	cmake/Tests/DirectX8Tests.cmake
examples/directx8_graphics_capability_test.cpp	cmake/Tests/DirectX8Tests.cmake
examples/directx8_indexed_primitives_test.cpp	cmake/Tests/DirectX8Tests.cmake
examples/directx8_lighting_test.cpp	cmake/Tests/DirectX8Tests.cmake
examples/directx8_logical_transform_test.cpp	cmake/Tests/DirectX8Tests.cmake
examples/directx8_remaining_defaults_test.cpp	cmake/Tests/DirectX8Tests.cmake
examples/directx8_sampling_test.cpp	cmake/Tests/DirectX8Tests.cmake
examples/directx8_smoke_test.cpp	cmake/Tests/DirectX8Tests.cmake
examples/directx8_spritebatch_test.cpp	cmake/Tests/DirectX8Tests.cmake
examples/directx8_spritefont_test.cpp	cmake/Tests/DirectX8Tests.cmake
examples/directx8_stencil_test.cpp	cmake/Tests/DirectX8Tests.cmake
examples/directx8_texture3d_test.cpp	cmake/Tests/DirectX8Tests.cmake
examples/directx8_texture_rendertarget_test.cpp	cmake/Tests/DirectX8Tests.cmake
examples/directx8_vertex_index_buffer_test.cpp	cmake/Tests/DirectX8Tests.cmake
examples/directx8_wireframe_aniso_test.cpp	cmake/Tests/DirectX8Tests.cmake
examples/directx8_ztest_test.cpp	cmake/Tests/DirectX8Tests.cmake
examples/directx9_common_test.cpp	cmake/Tests/DirectX9Tests.cmake
examples/directx9_constanttable_test.cpp	cmake/Tests/DirectX9Tests.cmake
examples/directx9_draw_test.cpp	cmake/Tests/DirectX9Tests.cmake
examples/directx9_drawex_test.cpp	cmake/Tests/DirectX9Tests.cmake
examples/directx9_drawoffset_test.cpp	cmake/Tests/DirectX9Tests.cmake
examples/directx9_effectrenderer_test.cpp	cmake/Tests/DirectX9Tests.cmake
examples/directx9_graphicsprofile_test.cpp	cmake/Tests/DirectX9Tests.cmake
examples/directx9_hresult_test.cpp	cmake/Tests/DirectX9Tests.cmake
examples/directx9_instanced_test.cpp	cmake/Tests/DirectX9Tests.cmake
examples/directx9_pbr_test.cpp	cmake/Tests/DirectX9Tests.cmake
examples/directx9_shadercache_test.cpp	cmake/Tests/DirectX9Tests.cmake
examples/directx9_shaderdispatch_test.cpp	cmake/Tests/DirectX9Tests.cmake
examples/directx9_skinnedvertexcolor_test.cpp	cmake/Tests/DirectX9Tests.cmake
examples/directx9_smoke_test.cpp	cmake/Tests/DirectX9Tests.cmake
examples/directx9_spritebatch_customeffect_test.cpp	cmake/Tests/DirectX9Tests.cmake
examples/directx9_spritebatch_test.cpp	cmake/Tests/DirectX9Tests.cmake
examples/dualtexture_slot_sampler_contract_test.cpp	cmake/Tests/BgfxTests.cmake,cmake/Tests/DirectX11Tests.cmake,cmake/Tests/DirectX12Tests.cmake,cmake/Tests/DirectX9Tests.cmake,cmake/Tests/EasyGLTests.cmake,cmake/Tests/HeadlessTests.cmake,cmake/Tests/SdlGpuTests.cmake,cmake/Tests/SoftwareTests.cmake,cmake/Tests/VulkanTests.cmake,cmake/Tests/WebGpuTests.cmake
examples/dualtextureeffect_vertexcolor_test.cpp	cmake/Tests/BgfxTests.cmake,cmake/Tests/EasyGLTests.cmake,cmake/Tests/LlglTests.cmake,cmake/Tests/SokolTests.cmake,cmake/Tests/VulkanTests.cmake
examples/dxt1_texture_test.cpp	cmake/Tests/EasyGLTests.cmake
examples/easygl_alphatest_comparefunction_sweep_test.cpp	cmake/Tests/EasyGLTests.cmake
examples/easygl_alphatest_fog_test.cpp	cmake/Tests/EasyGLTests.cmake
examples/easygl_alphatest_modes_test.cpp	cmake/Tests/EasyGLTests.cmake
examples/easygl_alphatest_null_texture_test.cpp	cmake/Tests/EasyGLTests.cmake
examples/easygl_alphatest_vertexcolor_diffuse_test.cpp	cmake/Tests/EasyGLTests.cmake
examples/easygl_alphatesteffect_golden_test.cpp	cmake/Tests/EasyGLTests.cmake,cmake/Tests/OpenGL1Tests.cmake
examples/easygl_animsprite_shader_test.cpp	cmake/Tests/EasyGLTests.cmake
examples/easygl_anisotropic_gl_state_test.cpp	cmake/Tests/EasyGLTests.cmake
examples/easygl_backbuffer_resize_test.cpp	cmake/Tests/EasyGLTests.cmake
examples/easygl_basiceffect_combinations_test.cpp	cmake/Tests/EasyGLTests.cmake
examples/easygl_basiceffect_combined_test.cpp	cmake/Tests/EasyGLTests.cmake,cmake/Tests/OpenGL1Tests.cmake
examples/easygl_basiceffect_default_lighting_test.cpp	cmake/Tests/EasyGLTests.cmake
examples/easygl_basiceffect_emissive_test.cpp	cmake/Tests/EasyGLTests.cmake
examples/easygl_basiceffect_fog_test.cpp	cmake/Tests/EasyGLTests.cmake
examples/easygl_basiceffect_golden_test.cpp	cmake/Tests/EasyGLTests.cmake,cmake/Tests/OpenGL1Tests.cmake
examples/easygl_basiceffect_multilight_emissive_test.cpp	cmake/Tests/EasyGLTests.cmake
examples/easygl_basiceffect_one_light_test.cpp	cmake/Tests/EasyGLTests.cmake
examples/easygl_basiceffect_preferperpixellighting_test.cpp	cmake/Tests/EasyGLTests.cmake
examples/easygl_basiceffect_specular_test.cpp	cmake/Tests/EasyGLTests.cmake
examples/easygl_basiceffect_texture_enabled_test.cpp	cmake/Tests/EasyGLTests.cmake,cmake/Tests/OpenGL1Tests.cmake
examples/easygl_basiceffect_texture_vertexcolor_enabled_test.cpp	cmake/Tests/EasyGLTests.cmake
examples/easygl_basiceffect_vertexcolor_disabled_test.cpp	cmake/Tests/EasyGLTests.cmake
examples/easygl_basiceffect_vertexcolor_enabled_test.cpp	cmake/Tests/EasyGLTests.cmake
examples/easygl_billboard_shader_test.cpp	cmake/Tests/EasyGLTests.cmake
examples/easygl_blendstate_additive_golden_test.cpp	cmake/Tests/EasyGLTests.cmake,cmake/Tests/OpenGL1Tests.cmake
examples/easygl_blendstate_additive_test.cpp	cmake/Tests/EasyGLTests.cmake,cmake/Tests/VulkanTests.cmake
examples/easygl_blendstate_alphablend_test.cpp	cmake/Tests/DirectX10Tests.cmake,cmake/Tests/DirectX11Tests.cmake,cmake/Tests/DirectX9Tests.cmake,cmake/Tests/EasyGLTests.cmake,cmake/Tests/VulkanTests.cmake
examples/easygl_blendstate_blendfactor_test.cpp	cmake/Tests/EasyGLTests.cmake,cmake/Tests/VulkanTests.cmake
examples/easygl_blendstate_nonpremultiplied_test.cpp	cmake/Tests/EasyGLTests.cmake,cmake/Tests/VulkanTests.cmake
examples/easygl_blendstate_opaque_test.cpp	cmake/Tests/DirectX10Tests.cmake,cmake/Tests/DirectX11Tests.cmake,cmake/Tests/DirectX9Tests.cmake,cmake/Tests/EasyGLTests.cmake,cmake/Tests/VulkanTests.cmake
examples/easygl_blendstate_separate_factors_test.cpp	cmake/Tests/EasyGLTests.cmake,cmake/Tests/VulkanTests.cmake
examples/easygl_blendstate_separate_functions_test.cpp	cmake/Tests/EasyGLTests.cmake,cmake/Tests/VulkanTests.cmake
examples/easygl_bloom_combine_test.cpp	cmake/Tests/EasyGLTests.cmake
examples/easygl_bloom_extract_test.cpp	cmake/Tests/EasyGLTests.cmake
examples/easygl_bloom_gaussianblur_test.cpp	cmake/Tests/EasyGLTests.cmake
examples/easygl_bloom_pipeline_test.cpp	cmake/Tests/EasyGLTests.cmake
examples/easygl_blur_shader_test.cpp	cmake/Tests/EasyGLTests.cmake
examples/easygl_bound_resource_dispose_test.cpp	cmake/Tests/EasyGLTests.cmake
examples/easygl_buffer_usage_test.cpp	cmake/Tests/EasyGLTests.cmake
examples/easygl_cartooneffect_lambert_shader_test.cpp	cmake/Tests/EasyGLTests.cmake
examples/easygl_cartooneffect_normaldepth_shader_test.cpp	cmake/Tests/EasyGLTests.cmake
examples/easygl_cartooneffect_toon_shader_test.cpp	cmake/Tests/EasyGLTests.cmake
examples/easygl_clear_overloads_test.cpp	cmake/Tests/EasyGLTests.cmake,cmake/Tests/SkiaTests.cmake
examples/easygl_clouds_shader_test.cpp	cmake/Tests/EasyGLTests.cmake
examples/easygl_colorwritechannels_test.cpp	cmake/Tests/EasyGLTests.cmake
examples/easygl_depth_bias_test.cpp	cmake/Tests/EasyGLTests.cmake,cmake/Tests/SokolTests.cmake
examples/easygl_depth_format_test.cpp	cmake/Tests/EasyGLTests.cmake
examples/easygl_depthstencilstate_compare_function_test.cpp	cmake/Tests/EasyGLTests.cmake,cmake/Tests/VulkanTests.cmake
examples/easygl_depthstencilstate_stencil_enable_test.cpp	cmake/Tests/DirectX10Tests.cmake,cmake/Tests/DirectX11Tests.cmake,cmake/Tests/DirectX9Tests.cmake,cmake/Tests/EasyGLTests.cmake,cmake/Tests/VulkanTests.cmake
examples/easygl_depthstencilstate_stencil_mask_test.cpp	cmake/Tests/EasyGLTests.cmake,cmake/Tests/VulkanTests.cmake
examples/easygl_depthstencilstate_stencil_ops_test.cpp	cmake/Tests/EasyGLTests.cmake,cmake/Tests/OpenGL1Tests.cmake,cmake/Tests/VulkanTests.cmake
examples/easygl_depthstencilstate_stencil_twosided_test.cpp	cmake/Tests/EasyGLTests.cmake,cmake/Tests/VulkanTests.cmake
examples/easygl_depthstencilstate_write_enable_golden_test.cpp	cmake/Tests/EasyGLTests.cmake,cmake/Tests/OpenGL1Tests.cmake
examples/easygl_depthstencilstate_write_enable_test.cpp	cmake/Tests/EasyGLTests.cmake,cmake/Tests/VulkanTests.cmake
examples/easygl_device_dispose_order_test.cpp	cmake/Tests/EasyGLTests.cmake
examples/easygl_device_reset_events_test.cpp	cmake/Tests/EasyGLTests.cmake
examples/easygl_device_validation_test.cpp	cmake/Tests/EasyGLTests.cmake,cmake/Tests/SkiaTests.cmake
examples/easygl_disposed_buffer_test.cpp	cmake/Tests/EasyGLTests.cmake
examples/easygl_disposed_resource_test.cpp	cmake/Tests/EasyGLTests.cmake,cmake/Tests/SkiaTests.cmake
examples/easygl_distort_shader_test.cpp	cmake/Tests/EasyGLTests.cmake
examples/easygl_distortblur_shader_test.cpp	cmake/Tests/EasyGLTests.cmake
examples/easygl_distorters_displacementmapped_shader_test.cpp	cmake/Tests/EasyGLTests.cmake
examples/easygl_distorters_heathaze_shader_test.cpp	cmake/Tests/EasyGLTests.cmake
examples/easygl_distorters_pullin_shader_test.cpp	cmake/Tests/EasyGLTests.cmake
examples/easygl_double_dispose_test.cpp	cmake/Tests/EasyGLTests.cmake
examples/easygl_draw_noindexbuffer_test.cpp	cmake/Tests/EasyGLTests.cmake
examples/easygl_draw_novertexbuffer_test.cpp	cmake/Tests/EasyGLTests.cmake
examples/easygl_draw_range_validation_test.cpp	cmake/Tests/EasyGLTests.cmake
examples/easygl_draw_user_indexed_primitives_32_test.cpp	cmake/Tests/EasyGLTests.cmake
examples/easygl_draw_user_indexed_primitives_vpc_test.cpp	cmake/Tests/EasyGLTests.cmake
examples/easygl_draw_user_primitives_custom_test.cpp	cmake/Tests/EasyGLTests.cmake
examples/easygl_draw_user_primitives_vpc_test.cpp	cmake/Tests/EasyGLTests.cmake
examples/easygl_dual_texture_test.cpp	cmake/Tests/EasyGLTests.cmake
examples/easygl_dualtexture_test.cpp	cmake/Tests/EasyGLTests.cmake
examples/easygl_dualtextureeffect_alpha_test.cpp	cmake/Tests/EasyGLTests.cmake
examples/easygl_dualtextureeffect_combined_test.cpp	cmake/Tests/EasyGLTests.cmake
examples/easygl_dualtextureeffect_doubling_test.cpp	cmake/Tests/EasyGLTests.cmake,cmake/Tests/OpenGL1Tests.cmake
examples/easygl_dualtextureeffect_fog_test.cpp	cmake/Tests/EasyGLTests.cmake
examples/easygl_dualtextureeffect_golden_test.cpp	cmake/Tests/EasyGLTests.cmake,cmake/Tests/OpenGL1Tests.cmake
examples/easygl_dualtextureeffect_null_texture0_test.cpp	cmake/Tests/EasyGLTests.cmake
examples/easygl_dualtextureeffect_null_texture2_test.cpp	cmake/Tests/EasyGLTests.cmake
examples/easygl_dynamic_buffer_stress_test.cpp	cmake/Tests/EasyGLTests.cmake
examples/easygl_effect_clone_test.cpp	cmake/Tests/EasyGLTests.cmake
examples/easygl_effect_current_technique_test.cpp	cmake/Tests/EasyGLTests.cmake
examples/easygl_emissive_ambient_composition_test.cpp	cmake/Tests/EasyGLTests.cmake
examples/easygl_env_map_test.cpp	cmake/Tests/EasyGLTests.cmake
examples/easygl_environmentmapeffect_amount_one_test.cpp	cmake/Tests/EasyGLTests.cmake
examples/easygl_environmentmapeffect_amount_zero_test.cpp	cmake/Tests/EasyGLTests.cmake
examples/easygl_environmentmapeffect_combined_test.cpp	cmake/Tests/EasyGLTests.cmake
examples/easygl_environmentmapeffect_eyeposition_test.cpp	cmake/Tests/EasyGLTests.cmake
examples/easygl_environmentmapeffect_fog_test.cpp	cmake/Tests/EasyGLTests.cmake
examples/easygl_environmentmapeffect_fresnel_gradient_test.cpp	cmake/Tests/EasyGLTests.cmake
examples/easygl_environmentmapeffect_fresnel_test.cpp	cmake/Tests/EasyGLTests.cmake
examples/easygl_environmentmapeffect_golden_test.cpp	cmake/Tests/EasyGLTests.cmake
examples/easygl_environmentmapeffect_multilight_test.cpp	cmake/Tests/EasyGLTests.cmake
examples/easygl_environmentmapeffect_specular_test.cpp	cmake/Tests/EasyGLTests.cmake
examples/easygl_environmentmapeffect_worldtransform_test.cpp	cmake/Tests/EasyGLTests.cmake
examples/easygl_flatshaded_shader_test.cpp	cmake/Tests/EasyGLTests.cmake
examples/easygl_fullscreen_field_test.cpp	cmake/Tests/EasyGLTests.cmake
examples/easygl_gfx164_bound_msaa_alpha_test.cpp	cmake/Tests/EasyGLTests.cmake
examples/easygl_goldenimage_smoke_test.cpp	cmake/Tests/EasyGLTests.cmake,cmake/Tests/OpenGL1Tests.cmake
examples/easygl_graphicsdevice_clear_stencil_test.cpp	cmake/Tests/EasyGLTests.cmake,cmake/Tests/VulkanTests.cmake
examples/easygl_graphicsdevice_reference_stencil_test.cpp	cmake/Tests/EasyGLTests.cmake,cmake/Tests/VulkanTests.cmake
examples/easygl_graphicsdevicemanager_vsync_test.cpp	cmake/Tests/EasyGLTests.cmake
examples/easygl_handle_release_test.cpp	cmake/Tests/EasyGLTests.cmake
examples/easygl_instancedmodel_shader_test.cpp	cmake/Tests/EasyGLTests.cmake
examples/easygl_model_draw_test.cpp	cmake/Tests/EasyGLTests.cmake
examples/easygl_model_hierarchy_child_mesh_test.cpp	cmake/Tests/EasyGLTests.cmake,cmake/Tests/VulkanTests.cmake
examples/easygl_model_json_reader_32bit_indices_test.cpp	cmake/Tests/EasyGLTests.cmake,cmake/Tests/VulkanTests.cmake
examples/easygl_model_json_reader_bone_hierarchy_test.cpp	cmake/Tests/EasyGLTests.cmake,cmake/Tests/VulkanTests.cmake
examples/easygl_model_json_reader_skeleton_test.cpp	cmake/Tests/EasyGLTests.cmake,cmake/Tests/VulkanTests.cmake
examples/easygl_model_json_reader_test.cpp	cmake/Tests/EasyGLTests.cmake,cmake/Tests/VulkanTests.cmake
examples/easygl_model_json_reader_texture_test.cpp	cmake/Tests/EasyGLTests.cmake,cmake/Tests/VulkanTests.cmake
examples/easygl_model_skinned_animation_playback_test.cpp	cmake/Tests/EasyGLTests.cmake,cmake/Tests/VulkanTests.cmake
examples/easygl_model_two_meshes_effects_test.cpp	cmake/Tests/EasyGLTests.cmake,cmake/Tests/VulkanTests.cmake
examples/easygl_move_semantics_test.cpp	cmake/Tests/EasyGLTests.cmake
examples/easygl_mrt_test.cpp	cmake/Tests/EasyGLTests.cmake,cmake/Tests/SokolTests.cmake
examples/easygl_msaa_change_test.cpp	cmake/Tests/EasyGLTests.cmake
examples/easygl_msaa_test.cpp	cmake/Tests/EasyGLTests.cmake
examples/easygl_normalmapping_shader_test.cpp	cmake/Tests/EasyGLTests.cmake
examples/easygl_npot_texture_test.cpp	cmake/Tests/EasyGLTests.cmake,cmake/Tests/VulkanTests.cmake
examples/easygl_occlusion_query_occluded_quad_test.cpp	cmake/Tests/EasyGLTests.cmake,cmake/Tests/SokolTests.cmake
examples/easygl_occlusion_query_visible_quad_test.cpp	cmake/Tests/EasyGLTests.cmake,cmake/Tests/SokolTests.cmake
examples/easygl_particleeffect_shader_test.cpp	cmake/Tests/EasyGLTests.cmake
examples/easygl_pbreffect_golden_test.cpp	cmake/Tests/EasyGLTests.cmake,cmake/Tests/VulkanTests.cmake
examples/easygl_perpixellighting_diffuseonly_shader_test.cpp	cmake/Tests/EasyGLTests.cmake
examples/easygl_perpixellighting_shader_test.cpp	cmake/Tests/EasyGLTests.cmake
examples/easygl_perpixellighting_vertexdiffuse_pixelphong_shader_test.cpp	cmake/Tests/EasyGLTests.cmake
examples/easygl_pixeltestgame_smoke_test.cpp	cmake/Tests/EasyGLTests.cmake,cmake/Tests/OpenGL1Tests.cmake
examples/easygl_postprocesseffect_shader_test.cpp	cmake/Tests/EasyGLTests.cmake
examples/easygl_present_interval_test.cpp	cmake/Tests/EasyGLTests.cmake
examples/easygl_presentation_parameters_test.cpp	cmake/Tests/EasyGLTests.cmake
examples/easygl_primitivetype_validation_test.cpp	cmake/Tests/EasyGLTests.cmake
examples/easygl_rasterizerstate_cullmode_golden_test.cpp	cmake/Tests/EasyGLTests.cmake,cmake/Tests/OpenGL1Tests.cmake
examples/easygl_rasterizerstate_cullmode_test.cpp	cmake/Tests/DirectX10Tests.cmake,cmake/Tests/DirectX11Tests.cmake,cmake/Tests/DirectX9Tests.cmake,cmake/Tests/EasyGLTests.cmake,cmake/Tests/OpenGL1Tests.cmake,cmake/Tests/VulkanTests.cmake
examples/easygl_real_window_resize_test.cpp	cmake/Tests/EasyGLTests.cmake
examples/easygl_render_target_test.cpp	cmake/Tests/EasyGLTests.cmake,cmake/Tests/SkiaTests.cmake
examples/easygl_render_target_usage_test.cpp	cmake/Tests/EasyGLTests.cmake
examples/easygl_rendertarget2d_mip_test.cpp	cmake/Tests/EasyGLTests.cmake,cmake/Tests/SkiaTests.cmake,cmake/Tests/SokolTests.cmake
examples/easygl_rendertarget2d_msaa_test.cpp	cmake/Tests/EasyGLTests.cmake,cmake/Tests/SokolTests.cmake
examples/easygl_rendertarget2d_properties_test.cpp	cmake/Tests/EasyGLTests.cmake,cmake/Tests/VulkanTests.cmake
examples/easygl_rendertargetcube_depthformat_test.cpp	cmake/Tests/EasyGLTests.cmake
examples/easygl_rendertargetcube_properties_test.cpp	cmake/Tests/EasyGLTests.cmake,cmake/Tests/SkiaTests.cmake,cmake/Tests/VulkanTests.cmake
examples/easygl_rendertargetcube_sample_test.cpp	cmake/Tests/EasyGLTests.cmake
examples/easygl_resource_events_test.cpp	cmake/Tests/EasyGLTests.cmake
examples/easygl_resource_leak_test.cpp	cmake/Tests/EasyGLTests.cmake
examples/easygl_rt_roundtrip_test.cpp	cmake/Tests/EasyGLTests.cmake
examples/easygl_sample_dualtexture_swap_test.cpp	cmake/Tests/EasyGLTests.cmake
examples/easygl_sample_keyboard_cube3d_test.cpp	cmake/Tests/EasyGLTests.cmake
examples/easygl_sample_layered_blend_test.cpp	cmake/Tests/EasyGLTests.cmake
examples/easygl_sample_moving_quad3d_test.cpp	cmake/Tests/EasyGLTests.cmake
examples/easygl_sampler_state_effect_test.cpp	cmake/Tests/EasyGLTests.cmake,cmake/Tests/VulkanTests.cmake
examples/easygl_scissor_test.cpp	cmake/Tests/EasyGLTests.cmake,cmake/Tests/OpenGL1Tests.cmake
examples/easygl_shader_effect_spritebatch_uniform_test.cpp	cmake/Tests/EasyGLTests.cmake
examples/easygl_shader_effect_test.cpp	cmake/Tests/EasyGLTests.cmake,cmake/Tests/SokolTests.cmake
examples/easygl_shadereffect_3d_test.cpp	cmake/Tests/EasyGLTests.cmake,cmake/Tests/SokolTests.cmake
examples/easygl_shadereffect_custom_vertex_layout_test.cpp	cmake/Tests/EasyGLTests.cmake
examples/easygl_shadereffect_texture3d_test.cpp	cmake/Tests/EasyGLTests.cmake
examples/easygl_shadereffect_texturecube_test.cpp	cmake/Tests/EasyGLTests.cmake
examples/easygl_shadowmapping_createshadowmap_shader_test.cpp	cmake/Tests/EasyGLTests.cmake
examples/easygl_shadowmapping_drawwithshadowmap_shader_test.cpp	cmake/Tests/EasyGLTests.cmake
examples/easygl_shattereffect_shader_test.cpp	cmake/Tests/EasyGLTests.cmake
examples/easygl_shipgame_normalmapping_shader_test.cpp	cmake/Tests/EasyGLTests.cmake
examples/easygl_shipgame_particle_shader_test.cpp	cmake/Tests/EasyGLTests.cmake
examples/easygl_skinned_effect_bones_test.cpp	cmake/Tests/EasyGLTests.cmake
examples/easygl_skinnedeffect_combined_test.cpp	cmake/Tests/EasyGLTests.cmake
examples/easygl_skinnedeffect_fog_test.cpp	cmake/Tests/EasyGLTests.cmake
examples/easygl_skinnedeffect_golden_test.cpp	cmake/Tests/EasyGLTests.cmake
examples/easygl_skinnedeffect_identity_bones_test.cpp	cmake/Tests/EasyGLTests.cmake
examples/easygl_skinnedeffect_multilight_test.cpp	cmake/Tests/EasyGLTests.cmake
examples/easygl_skinnedeffect_preferperpixellighting_test.cpp	cmake/Tests/EasyGLTests.cmake
examples/easygl_skinnedeffect_specular_test.cpp	cmake/Tests/EasyGLTests.cmake
examples/easygl_skinnedeffect_translation_bone_test.cpp	cmake/Tests/EasyGLTests.cmake
examples/easygl_skinnedeffect_twobone_blend_test.cpp	cmake/Tests/EasyGLTests.cmake
examples/easygl_skinnedeffect_vertexcolor_test.cpp	cmake/Tests/EasyGLTests.cmake,cmake/Tests/VulkanTests.cmake
examples/easygl_skinnedeffect_weightspervertex_test.cpp	cmake/Tests/EasyGLTests.cmake
examples/easygl_skinnedeffect_world_normal_test.cpp	cmake/Tests/EasyGLTests.cmake
examples/easygl_skinnedpbreffect_golden_test.cpp	cmake/Tests/EasyGLTests.cmake,cmake/Tests/VulkanTests.cmake
examples/easygl_sprite_effects_test.cpp	cmake/Tests/EasyGLTests.cmake,cmake/Tests/VulkanTests.cmake
examples/easygl_spritebatch_blendstate_leak_test.cpp	cmake/Tests/EasyGLTests.cmake
examples/easygl_spritebatch_layerdepth_test.cpp	cmake/Tests/EasyGLTests.cmake,cmake/Tests/SkiaTests.cmake,cmake/Tests/VulkanTests.cmake
examples/easygl_spritebatch_rendertarget_size_test.cpp	cmake/Tests/EasyGLTests.cmake
examples/easygl_spritebatch_rotation_golden_test.cpp	cmake/Tests/EasyGLTests.cmake,cmake/Tests/OpenGL1Tests.cmake
examples/easygl_spritebatch_rotation_test.cpp	cmake/Tests/EasyGLTests.cmake,cmake/Tests/SkiaTests.cmake,cmake/Tests/VulkanTests.cmake
examples/easygl_spritebatch_scale_test.cpp	cmake/Tests/EasyGLTests.cmake,cmake/Tests/VulkanTests.cmake
examples/easygl_spritebatch_sourcerect_test.cpp	cmake/Tests/EasyGLTests.cmake,cmake/Tests/SkiaTests.cmake,cmake/Tests/VulkanTests.cmake
examples/easygl_spritefont_default_char_test.cpp	cmake/Tests/EasyGLTests.cmake,cmake/Tests/VulkanTests.cmake
examples/easygl_spritefont_effects_flip_test.cpp	cmake/Tests/EasyGLTests.cmake
examples/easygl_spritefont_effects_rotation_scale_test.cpp	cmake/Tests/EasyGLTests.cmake
examples/easygl_spritefont_multiglyph_spacing_test.cpp	cmake/Tests/EasyGLTests.cmake,cmake/Tests/VulkanTests.cmake
examples/easygl_spritefont_newline_test.cpp	cmake/Tests/EasyGLTests.cmake,cmake/Tests/VulkanTests.cmake
examples/easygl_spritefont_single_glyph_test.cpp	cmake/Tests/EasyGLTests.cmake,cmake/Tests/SkiaTests.cmake,cmake/Tests/VulkanTests.cmake
examples/easygl_surface_format_throws_test.cpp	cmake/Tests/BgfxTests.cmake,cmake/Tests/EasyGLTests.cmake,cmake/Tests/SkiaTests.cmake,cmake/Tests/VulkanTests.cmake
examples/easygl_texture2d_anisotropic_singlelevel_test.cpp	cmake/Tests/EasyGLTests.cmake
examples/easygl_texture2d_mip_test.cpp	cmake/Tests/EasyGLTests.cmake,cmake/Tests/SkiaTests.cmake,cmake/Tests/VulkanTests.cmake
examples/easygl_texture2d_partial_rect_test.cpp	cmake/Tests/BgfxTests.cmake,cmake/Tests/EasyGLTests.cmake,cmake/Tests/SkiaTests.cmake,cmake/Tests/VulkanTests.cmake
examples/easygl_texture3d_mip_test.cpp	cmake/Tests/BgfxTests.cmake,cmake/Tests/EasyGLTests.cmake,cmake/Tests/SkiaTests.cmake,cmake/Tests/VulkanTests.cmake
examples/easygl_texture3d_partial_box_readback_test.cpp	cmake/Tests/BgfxTests.cmake,cmake/Tests/EasyGLTests.cmake,cmake/Tests/SkiaTests.cmake,cmake/Tests/VulkanTests.cmake
examples/easygl_texture3d_partial_box_test.cpp	cmake/Tests/EasyGLTests.cmake,cmake/Tests/SkiaTests.cmake
examples/easygl_texture3d_slices_test.cpp	cmake/Tests/BgfxTests.cmake,cmake/Tests/EasyGLTests.cmake,cmake/Tests/SkiaTests.cmake,cmake/Tests/VulkanTests.cmake
examples/easygl_texture_address_mode_clamp_effect_test.cpp	cmake/Tests/EasyGLTests.cmake,cmake/Tests/VulkanTests.cmake
examples/easygl_texture_address_mode_mirror_effect_test.cpp	cmake/Tests/EasyGLTests.cmake,cmake/Tests/VulkanTests.cmake
examples/easygl_texture_address_mode_mirror_test.cpp	cmake/Tests/EasyGLTests.cmake,cmake/Tests/SkiaTests.cmake
examples/easygl_texture_address_mode_test.cpp	cmake/Tests/EasyGLTests.cmake,cmake/Tests/SkiaTests.cmake
examples/easygl_texture_anisotropic_effect_test.cpp	cmake/Tests/EasyGLTests.cmake,cmake/Tests/VulkanTests.cmake
examples/easygl_texture_filter_linear_golden_test.cpp	cmake/Tests/EasyGLTests.cmake,cmake/Tests/OpenGL1Tests.cmake
examples/easygl_texture_filter_point_vs_linear_test.cpp	cmake/Tests/EasyGLTests.cmake,cmake/Tests/VulkanTests.cmake
examples/easygl_texture_mip_filter_effect_test.cpp	cmake/Tests/EasyGLTests.cmake
examples/easygl_texturecube_content_load_test.cpp	cmake/Tests/EasyGLTests.cmake,cmake/Tests/SkiaTests.cmake,cmake/Tests/VulkanTests.cmake
examples/easygl_texturecube_faces_test.cpp	cmake/Tests/EasyGLTests.cmake,cmake/Tests/SkiaTests.cmake
examples/easygl_texturecube_mip_test.cpp	cmake/Tests/BgfxTests.cmake,cmake/Tests/EasyGLTests.cmake,cmake/Tests/SkiaTests.cmake,cmake/Tests/VulkanTests.cmake
examples/easygl_texturecube_partial_rect_test.cpp	cmake/Tests/BgfxTests.cmake,cmake/Tests/EasyGLTests.cmake,cmake/Tests/SkiaTests.cmake,cmake/Tests/VulkanTests.cmake
examples/easygl_textured_quad_test.cpp	cmake/Tests/EasyGLTests.cmake,cmake/Tests/OpenGL1Tests.cmake,cmake/Tests/SkiaTests.cmake
examples/easygl_transform_matrix_test.cpp	cmake/Tests/EasyGLTests.cmake
examples/easygl_vertex_formats_test.cpp	cmake/Tests/EasyGLTests.cmake
examples/easygl_vertexbuffer_indexbuffer_getdata_test.cpp	cmake/Tests/EasyGLTests.cmake,cmake/Tests/VulkanTests.cmake
examples/easygl_vertexbuffer_setdata_test.cpp	cmake/Tests/EasyGLTests.cmake
examples/easygl_vertexlighting_diffuse_shader_test.cpp	cmake/Tests/EasyGLTests.cmake
examples/easygl_vertexlighting_diffusephong_shader_test.cpp	cmake/Tests/EasyGLTests.cmake
examples/easygl_vertexlighting_directional_shader_test.cpp	cmake/Tests/EasyGLTests.cmake
examples/easygl_viewport_state_test.cpp	cmake/Tests/EasyGLTests.cmake
examples/easygl_viewport_subregion_test.cpp	cmake/Tests/EasyGLTests.cmake
examples/easygl_viewspace_fog_test.cpp	cmake/Tests/EasyGLTests.cmake
examples/environmentmapeffect_alphascaledlerp_test.cpp	cmake/Tests/BgfxTests.cmake,cmake/Tests/EasyGLTests.cmake,cmake/Tests/LlglTests.cmake,cmake/Tests/SokolTests.cmake,cmake/Tests/VulkanTests.cmake
examples/envmap_cube_sampler_contract_test.cpp	cmake/Tests/BgfxTests.cmake,cmake/Tests/DirectX11Tests.cmake,cmake/Tests/DirectX12Tests.cmake,cmake/Tests/DirectX9Tests.cmake,cmake/Tests/EasyGLTests.cmake,cmake/Tests/HeadlessTests.cmake,cmake/Tests/SdlGpuTests.cmake,cmake/Tests/SoftwareTests.cmake,cmake/Tests/VulkanTests.cmake,cmake/Tests/WebGpuTests.cmake
examples/envmap_cube_sampler_state_test.cpp	cmake/Tests/SdlGpuTests.cmake,cmake/Tests/SoftwareTests.cmake,cmake/Tests/VulkanTests.cmake
examples/freedirect_blend_test.cpp	cmake/Tests/FreeDirectTests.cmake
examples/freedirect_graphics_capability_test.cpp	cmake/Tests/FreeDirectTests.cmake
examples/freedirect_logical_transform_test.cpp	cmake/Tests/FreeDirectTests.cmake
examples/freedirect_no3d_test.cpp	cmake/Tests/FreeDirectTests.cmake
examples/freedirect_resize_transaction_test.cpp	cmake/Tests/FreeDirectTests.cmake
examples/freedirect_sampling_test.cpp	cmake/Tests/FreeDirectTests.cmake
examples/freedirect_smoke_test.cpp	cmake/Tests/FreeDirectTests.cmake
examples/freedirect_spritebatch_test.cpp	cmake/Tests/FreeDirectTests.cmake
examples/freedirect_spritefont_test.cpp	cmake/Tests/FreeDirectTests.cmake
examples/freedirect_texture_rendertarget_test.cpp	cmake/Tests/FreeDirectTests.cmake
examples/frontface_winding_test.cpp	cmake/Tests/BgfxTests.cmake,cmake/Tests/EasyGLTests.cmake,cmake/Tests/HeadlessTests.cmake,cmake/Tests/LlglTests.cmake,cmake/Tests/SdlGpuTests.cmake,cmake/Tests/SoftwareTests.cmake,cmake/Tests/VulkanTests.cmake,cmake/Tests/WebGpuTests.cmake
examples/gdi_2d_benchmark.cpp	cmake/Tests/GdiTests.cmake
examples/gdi_2d_regression_test.cpp	cmake/Tests/GdiTests.cmake
examples/gdi_applied_state_test.cpp	cmake/Tests/GdiTests.cmake
examples/gdi_colormatrix_effect_test.cpp	cmake/Tests/GdiTests.cmake
examples/gdi_dc_release_transaction_test.cpp	cmake/Tests/GdiTests.cmake
examples/gdi_dirty_damage_test.cpp	cmake/Tests/GdiTests.cmake
examples/gdi_framebuffer_allocation_test.cpp	cmake/Tests/GdiTests.cmake
examples/gdi_msaa_contract_test.cpp	cmake/Tests/GdiTests.cmake
examples/gdi_presentation_configuration_test.cpp	cmake/Tests/GdiTests.cmake
examples/gdi_presentation_mode_transaction_test.cpp	cmake/Tests/GdiTests.cmake
examples/gdi_presentation_oracle_test.cpp	cmake/Tests/GdiTests.cmake
examples/gdi_public_api_test.cpp	cmake/Tests/GdiTests.cmake
examples/gdi_public_stencil_test.cpp	cmake/Tests/GdiTests.cmake
examples/gdi_repaint_invalidation_test.cpp	cmake/Tests/GdiTests.cmake
examples/gdi_smoke_test.cpp	cmake/Tests/GdiTests.cmake
examples/gdi_texture_allocation_test.cpp	cmake/Tests/GdiTests.cmake
examples/gdi_unsupported_features_test.cpp	cmake/Tests/GdiTests.cmake
examples/gdi_window_metrics_test.cpp	cmake/Tests/GdiTests.cmake
examples/gfx077_colorwritechannels_3d_test.cpp	cmake/Tests/LlglTests.cmake,cmake/Tests/SdlGpuTests.cmake,cmake/Tests/WebGpuTests.cmake
examples/glide_smoke_test.cpp	cmake/Tests/GlideTests.cmake
examples/graphics_renderer_benchmark.cpp	cmake/Tests/CrossRendererBenchmark.cmake
examples/graphicsdevice_clear_depth_test.cpp	cmake/Tests/BgfxTests.cmake,cmake/Tests/EasyGLTests.cmake,cmake/Tests/LlglTests.cmake,cmake/Tests/VulkanTests.cmake
examples/graphicsdevice_default_state_occlusion_test.cpp	cmake/Tests/BgfxTests.cmake,cmake/Tests/EasyGLTests.cmake,cmake/Tests/LlglTests.cmake,cmake/Tests/VulkanTests.cmake
examples/graphicsdevice_depth_contract_test.cpp	cmake/Tests/DirectX11Tests.cmake,cmake/Tests/DirectX9Tests.cmake,cmake/Tests/SoftwareTests.cmake,cmake/Tests/VulkanTests.cmake
examples/graphicsdevice_ordered_clear_test.cpp	cmake/Tests/BgfxTests.cmake,cmake/Tests/DirectX11Tests.cmake,cmake/Tests/DirectX9Tests.cmake,cmake/Tests/EasyGLTests.cmake,cmake/Tests/HeadlessTests.cmake,cmake/Tests/LlglTests.cmake,cmake/Tests/SdlGpuTests.cmake,cmake/Tests/SoftwareTests.cmake,cmake/Tests/VulkanTests.cmake,cmake/Tests/WebGpuTests.cmake
examples/headless_coverage_gaps_test.cpp	cmake/Tests/HeadlessTests.cmake
examples/headless_effects_test.cpp	cmake/Tests/HeadlessTests.cmake
examples/headless_mode_dial_test.cpp	cmake/Tests/HeadlessTests.cmake
examples/headless_resource_renderers_test.cpp	cmake/Tests/HeadlessTests.cmake
examples/headless_smoke_test.cpp	cmake/Tests/HeadlessTests.cmake
examples/headless_trace_diff_test.cpp	cmake/Tests/HeadlessTests.cmake
examples/headless_validation_extras_test.cpp	cmake/Tests/HeadlessTests.cmake
examples/house3d_demo.cpp	cmake/Examples.cmake
examples/htmldom_dispose_test.cpp	cmake/Tests/HtmlDomTests.cmake
examples/htmldom_memory_test.cpp	cmake/Tests/HtmlDomTests.cmake
examples/htmldom_pixel_verification_test.cpp	cmake/Tests/HtmlDomTests.cmake
examples/htmldom_smoke_test.cpp	cmake/Tests/HtmlDomTests.cmake
examples/htmldom_stress_test.cpp	cmake/Tests/HtmlDomTests.cmake
examples/htmldom_visual_demo.cpp	cmake/Tests/HtmlDomTests.cmake
examples/input_smoke/InputSmoke.cpp	cmake/Examples.cmake
examples/llgl_2d_test.cpp	cmake/Tests/LlglTests.cmake
examples/llgl_3d_test.cpp	cmake/Tests/LlglTests.cmake
examples/llgl_basiceffect_test.cpp	cmake/Tests/LlglTests.cmake
examples/llgl_dualtexture_test.cpp	cmake/Tests/LlglTests.cmake
examples/llgl_lighting_test.cpp	cmake/Tests/LlglTests.cmake
examples/llgl_mip_rendertargetcube_test.cpp	cmake/Tests/LlglTests.cmake
examples/llgl_mrt_msaa_test.cpp	cmake/Tests/LlglTests.cmake
examples/llgl_mrt_test.cpp	cmake/Tests/LlglTests.cmake
examples/llgl_msaa_rendertarget_test.cpp	cmake/Tests/LlglTests.cmake
examples/llgl_msaa_rendertargetcube_test.cpp	cmake/Tests/LlglTests.cmake
examples/llgl_msaa_test.cpp	cmake/Tests/LlglTests.cmake
examples/llgl_multisamplemask_test.cpp	cmake/Tests/LlglTests.cmake
examples/llgl_occlusionquery_test.cpp	cmake/Tests/LlglTests.cmake
examples/llgl_pbreffect_handderived_test.cpp	cmake/Tests/LlglTests.cmake
examples/llgl_presentation_test.cpp	cmake/Tests/LlglTests.cmake
examples/llgl_rendertarget2d_mip_test.cpp	cmake/Tests/LlglTests.cmake
examples/llgl_rendertarget_test.cpp	cmake/Tests/LlglTests.cmake
examples/llgl_rendertargetcube_test.cpp	cmake/Tests/LlglTests.cmake
examples/llgl_resize_test.cpp	cmake/Tests/LlglTests.cmake
examples/llgl_shadereffect_test.cpp	cmake/Tests/LlglTests.cmake
examples/llgl_skinnedeffect_identity_bones_test.cpp	cmake/Tests/LlglTests.cmake
examples/llgl_skinnedeffect_twobone_blend_test.cpp	cmake/Tests/LlglTests.cmake
examples/llgl_skinnedeffect_vertexcolor_test.cpp	cmake/Tests/LlglTests.cmake
examples/llgl_smoke_test.cpp	cmake/Tests/LlglTests.cmake
examples/llgl_stencil_test.cpp	cmake/Tests/LlglTests.cmake
examples/llgl_texture_readback_test.cpp	cmake/Tests/LlglTests.cmake
examples/llgl_vertexindexbuffer_grow_test.cpp	cmake/Tests/LlglTests.cmake
examples/magnum_dualtextureeffect_test.cpp	cmake/Tests/MagnumTests.cmake
examples/magnum_environmentmapeffect_test.cpp	cmake/Tests/MagnumTests.cmake
examples/magnum_meshcache_test.cpp	cmake/Tests/MagnumTests.cmake
examples/magnum_mrt_msaa_test.cpp	cmake/Tests/MagnumTests.cmake
examples/magnum_pbreffect_test.cpp	cmake/Tests/MagnumTests.cmake
examples/magnum_pervertexlighting_test.cpp	cmake/Tests/MagnumTests.cmake
examples/magnum_skinnedeffect_test.cpp	cmake/Tests/MagnumTests.cmake
examples/magnum_smoke_test.cpp	cmake/Tests/MagnumTests.cmake
examples/metal_capabilities_test.cpp	cmake/Tests/MetalTests.cmake
examples/metal_smoke_test.cpp	cmake/Tests/MetalTests.cmake
examples/occlusion_query_test.cpp	cmake/Tests/EasyGLTests.cmake,cmake/Tests/SokolTests.cmake
examples/opengl1_anisotropic_gl_state_test.cpp	cmake/Tests/OpenGL1Tests.cmake
examples/opengl1_blendalphafactor_test.cpp	cmake/Tests/OpenGL1Tests.cmake
examples/opengl1_blendequation_test.cpp	cmake/Tests/OpenGL1Tests.cmake
examples/opengl1_blendfactor_test.cpp	cmake/Tests/OpenGL1Tests.cmake
examples/opengl1_context_loss_test.cpp	cmake/Tests/OpenGL1Tests.cmake
examples/opengl1_directionallight12_test.cpp	cmake/Tests/OpenGL1Tests.cmake
examples/opengl1_environmentmapeffect_test.cpp	cmake/Tests/OpenGL1Tests.cmake
examples/opengl1_fog_alphatest_test.cpp	cmake/Tests/OpenGL1Tests.cmake
examples/opengl1_graphics_capability_test.cpp	cmake/Tests/OpenGL1Tests.cmake
examples/opengl1_mipmap_generation_test.cpp	cmake/Tests/OpenGL1Tests.cmake
examples/opengl1_msaa_test.cpp	cmake/Tests/OpenGL1Tests.cmake
examples/opengl1_presentationmode_test.cpp	cmake/Tests/OpenGL1Tests.cmake
examples/opengl1_rendertarget2d_mip_test.cpp	cmake/Tests/OpenGL1Tests.cmake
examples/opengl1_rendertarget2d_msaa_test.cpp	cmake/Tests/OpenGL1Tests.cmake
examples/opengl1_rendertargetcube_test.cpp	cmake/Tests/OpenGL1Tests.cmake
examples/opengl1_samplerstate_bind_order_test.cpp	cmake/Tests/OpenGL1Tests.cmake
examples/opengl1_specular_test.cpp	cmake/Tests/OpenGL1Tests.cmake
examples/opengl1_swapinterval_test.cpp	cmake/Tests/OpenGL1Tests.cmake
examples/opengl1_textureaddressmode_mirror_test.cpp	cmake/Tests/OpenGL1Tests.cmake
examples/opengl2_2d_test.cpp	cmake/Tests/OpenGL2Tests.cmake
examples/opengl2_3d_test.cpp	cmake/Tests/OpenGL2Tests.cmake
examples/opengl2_alphatesteffect_golden_test.cpp	cmake/Tests/OpenGL2Tests.cmake
examples/opengl2_basiceffect_golden_test.cpp	cmake/Tests/OpenGL2Tests.cmake
examples/opengl2_blendstate_additive_golden_test.cpp	cmake/Tests/OpenGL2Tests.cmake
examples/opengl2_blendstate_blendfactor_test.cpp	cmake/Tests/OpenGL2Tests.cmake
examples/opengl2_context_loss_recovery_test.cpp	cmake/Tests/OpenGL2Tests.cmake
examples/opengl2_customvertexdeclaration_test.cpp	cmake/Tests/OpenGL2Tests.cmake
examples/opengl2_depthstencilstate_write_enable_golden_test.cpp	cmake/Tests/OpenGL2Tests.cmake
examples/opengl2_dualtextureeffect_golden_test.cpp	cmake/Tests/OpenGL2Tests.cmake
examples/opengl2_dynamicbuffer_stress_test.cpp	cmake/Tests/OpenGL2Tests.cmake
examples/opengl2_effects_test.cpp	cmake/Tests/OpenGL2Tests.cmake
examples/opengl2_environmentmapeffect_golden_test.cpp	cmake/Tests/OpenGL2Tests.cmake
examples/opengl2_environmentmapeffect_test.cpp	cmake/Tests/OpenGL2Tests.cmake
examples/opengl2_goldenimage_smoke_test.cpp	cmake/Tests/OpenGL2Tests.cmake
examples/opengl2_graphics_capability_test.cpp	cmake/Tests/OpenGL2Tests.cmake
examples/opengl2_instancedmodel_test.cpp	cmake/Tests/OpenGL2Tests.cmake
examples/opengl2_mrt_depth_msaa_test.cpp	cmake/Tests/OpenGL2Tests.cmake
examples/opengl2_mrt_test.cpp	cmake/Tests/OpenGL2Tests.cmake
examples/opengl2_occlusionquery_test.cpp	cmake/Tests/OpenGL2Tests.cmake
examples/opengl2_pbreffect_golden_test.cpp	cmake/Tests/OpenGL2Tests.cmake
examples/opengl2_pbreffect_test.cpp	cmake/Tests/OpenGL2Tests.cmake
examples/opengl2_presentation_test.cpp	cmake/Tests/OpenGL2Tests.cmake
examples/opengl2_presentationmode_letterbox_test.cpp	cmake/Tests/OpenGL2Tests.cmake
examples/opengl2_presentationmode_overscan_test.cpp	cmake/Tests/OpenGL2Tests.cmake
examples/opengl2_presentationmode_stretch_test.cpp	cmake/Tests/OpenGL2Tests.cmake
examples/opengl2_rasterizerstate_cullmode_golden_test.cpp	cmake/Tests/OpenGL2Tests.cmake
examples/opengl2_referencestencil_test.cpp	cmake/Tests/OpenGL2Tests.cmake
examples/opengl2_rendertarget2d_test.cpp	cmake/Tests/OpenGL2Tests.cmake
examples/opengl2_rendertargetcube_test.cpp	cmake/Tests/OpenGL2Tests.cmake
examples/opengl2_shadereffect_test.cpp	cmake/Tests/OpenGL2Tests.cmake
examples/opengl2_skinnedeffect_golden_test.cpp	cmake/Tests/OpenGL2Tests.cmake
examples/opengl2_skinnedeffect_test.cpp	cmake/Tests/OpenGL2Tests.cmake
examples/opengl2_skinnedeffect_vertexcolor_golden_test.cpp	cmake/Tests/OpenGL2Tests.cmake
examples/opengl2_smoke_test.cpp	cmake/Tests/OpenGL2Tests.cmake
examples/opengl2_sprite_effects_test.cpp	cmake/Tests/OpenGL2Tests.cmake
examples/opengl2_spritebatch_blendstate_leak_test.cpp	cmake/Tests/OpenGL2Tests.cmake
examples/opengl2_spritebatch_customeffect_test.cpp	cmake/Tests/OpenGL2Tests.cmake
examples/opengl2_spritebatch_layerdepth_test.cpp	cmake/Tests/OpenGL2Tests.cmake
examples/opengl2_spritebatch_rotation_golden_test.cpp	cmake/Tests/OpenGL2Tests.cmake
examples/opengl2_spritebatch_scale_test.cpp	cmake/Tests/OpenGL2Tests.cmake
examples/opengl2_spritebatch_sourcerect_test.cpp	cmake/Tests/OpenGL2Tests.cmake
examples/opengl2_texture2d_anisotropic_singlelevel_test.cpp	cmake/Tests/OpenGL2Tests.cmake
examples/opengl2_texture3d_mip_test.cpp	cmake/Tests/OpenGL2Tests.cmake
examples/opengl2_texture3d_test.cpp	cmake/Tests/OpenGL2Tests.cmake
examples/opengl2_texture_filter_linear_golden_test.cpp	cmake/Tests/OpenGL2Tests.cmake
examples/opengl2_texture_mip_filter_test.cpp	cmake/Tests/OpenGL2Tests.cmake
examples/opengl2_texturecube_test.cpp	cmake/Tests/OpenGL2Tests.cmake
examples/opengl4_3d_test.cpp	cmake/Tests/OpenGL4Tests.cmake
examples/opengl4_alphatest_dualtexture_test.cpp	cmake/Tests/OpenGL4Tests.cmake
examples/opengl4_basevertex_test.cpp	cmake/Tests/OpenGL4Tests.cmake
examples/opengl4_environmentmapeffect_test.cpp	cmake/Tests/OpenGL4Tests.cmake
examples/opengl4_fog_test.cpp	cmake/Tests/OpenGL4Tests.cmake
examples/opengl4_indexbuffer32_test.cpp	cmake/Tests/OpenGL4Tests.cmake
examples/opengl4_instancedmodel_shader_test.cpp	cmake/Tests/OpenGL4Tests.cmake
examples/opengl4_mipmap_test.cpp	cmake/Tests/OpenGL4Tests.cmake
examples/opengl4_msaa_test.cpp	cmake/Tests/OpenGL4Tests.cmake
examples/opengl4_occlusionquery_test.cpp	cmake/Tests/OpenGL4Tests.cmake
examples/opengl4_pbreffect_test.cpp	cmake/Tests/OpenGL4Tests.cmake
examples/opengl4_preferperpixellighting_test.cpp	cmake/Tests/OpenGL4Tests.cmake
examples/opengl4_readback_test.cpp	cmake/Tests/OpenGL4Tests.cmake
examples/opengl4_renderstate_test.cpp	cmake/Tests/OpenGL4Tests.cmake
examples/opengl4_rendertarget2d_test.cpp	cmake/Tests/OpenGL4Tests.cmake
examples/opengl4_rendertargetcube_mrt_test.cpp	cmake/Tests/OpenGL4Tests.cmake
examples/opengl4_samplerstate_test.cpp	cmake/Tests/OpenGL4Tests.cmake
examples/opengl4_shadereffect_3d_test.cpp	cmake/Tests/OpenGL4Tests.cmake
examples/opengl4_shadereffect_spritebatch_test.cpp	cmake/Tests/OpenGL4Tests.cmake
examples/opengl4_skinnedeffect_test.cpp	cmake/Tests/OpenGL4Tests.cmake
examples/opengl4_smoke_test.cpp	cmake/Tests/OpenGL4Tests.cmake
examples/opengl4_texture3d_test.cpp	cmake/Tests/OpenGL4Tests.cmake
examples/opengl4_texturecube_test.cpp	cmake/Tests/OpenGL4Tests.cmake
examples/opengl4_textured3d_test.cpp	cmake/Tests/OpenGL4Tests.cmake
examples/opengl4_transformcoords_test.cpp	cmake/Tests/OpenGL4Tests.cmake
examples/opengles1_buffers_rendertarget_test.cpp	cmake/Tests/OpenGLES1Tests.cmake
examples/opengles1_clear_readback_test.cpp	cmake/Tests/OpenGLES1Tests.cmake
examples/opengles1_lighting_fog_alphatest_test.cpp	cmake/Tests/OpenGLES1Tests.cmake
examples/opengles1_multitexture_contextloss_test.cpp	cmake/Tests/OpenGLES1Tests.cmake
examples/opengles1_render_state_test.cpp	cmake/Tests/OpenGLES1Tests.cmake
examples/opengles1_resolution_statetoggles_test.cpp	cmake/Tests/OpenGLES1Tests.cmake
examples/opengles1_viewport_scissor_test.cpp	cmake/Tests/OpenGLES1Tests.cmake
examples/point_sampling_contract_test.cpp	cmake/Tests/BgfxTests.cmake,cmake/Tests/DirectX11Tests.cmake,cmake/Tests/DirectX12Tests.cmake,cmake/Tests/DirectX9Tests.cmake,cmake/Tests/EasyGLTests.cmake,cmake/Tests/HeadlessTests.cmake,cmake/Tests/LlglTests.cmake,cmake/Tests/SdlGpuTests.cmake,cmake/Tests/SoftwareTests.cmake,cmake/Tests/VulkanTests.cmake,cmake/Tests/WebGpuTests.cmake
examples/present_lifecycle_contract_test.cpp	cmake/Tests/BgfxTests.cmake,cmake/Tests/EasyGLTests.cmake,cmake/Tests/HeadlessTests.cmake,cmake/Tests/SdlGpuTests.cmake,cmake/Tests/SoftwareTests.cmake,cmake/Tests/VulkanTests.cmake,cmake/Tests/WebGpuTests.cmake
examples/rasterizerstate_cullmode_camera_test.cpp	cmake/Tests/BgfxTests.cmake,cmake/Tests/EasyGLTests.cmake,cmake/Tests/LlglTests.cmake,cmake/Tests/VulkanTests.cmake
examples/rasterizerstate_cullmode_indexed_basiceffect_test.cpp	cmake/Tests/BgfxTests.cmake,cmake/Tests/EasyGLTests.cmake,cmake/Tests/LlglTests.cmake,cmake/Tests/OpenGL1Tests.cmake,cmake/Tests/VulkanTests.cmake
examples/rendertarget2d_depth_test.cpp	cmake/Tests/BgfxTests.cmake,cmake/Tests/EasyGLTests.cmake,cmake/Tests/LlglTests.cmake,cmake/Tests/SokolTests.cmake,cmake/Tests/VulkanTests.cmake
examples/rendertarget2d_golden_test.cpp	cmake/Tests/EasyGLTests.cmake,cmake/Tests/SdlRendererTests.cmake,cmake/Tests/SkiaTests.cmake
examples/rendertarget_backbuffer_consumer_test.cpp	cmake/Tests/BgfxTests.cmake,cmake/Tests/EasyGLTests.cmake,cmake/Tests/HeadlessTests.cmake,cmake/Tests/LlglTests.cmake,cmake/Tests/SdlGpuTests.cmake,cmake/Tests/SoftwareTests.cmake,cmake/Tests/SokolTests.cmake,cmake/Tests/VulkanTests.cmake,cmake/Tests/WebGpuTests.cmake
examples/rendertarget_depthstencil_usage_test.cpp	cmake/Tests/AsciiTests.cmake,cmake/Tests/BgfxTests.cmake,cmake/Tests/CanvasTests.cmake,cmake/Tests/DirectX11Tests.cmake,cmake/Tests/DirectX12Tests.cmake,cmake/Tests/DirectX9Tests.cmake,cmake/Tests/EasyGLTests.cmake,cmake/Tests/FreeDirectTests.cmake,cmake/Tests/HeadlessTests.cmake,cmake/Tests/SdlGpuTests.cmake,cmake/Tests/SdlRendererTests.cmake,cmake/Tests/SoftwareTests.cmake,cmake/Tests/SokolTests.cmake,cmake/Tests/VulkanTests.cmake,cmake/Tests/WebGpuTests.cmake
examples/rendertarget_effect_source_test.cpp	cmake/Tests/BgfxTests.cmake,cmake/Tests/DirectX11Tests.cmake,cmake/Tests/DirectX12Tests.cmake,cmake/Tests/DirectX9Tests.cmake,cmake/Tests/EasyGLTests.cmake,cmake/Tests/HeadlessTests.cmake,cmake/Tests/LlglTests.cmake,cmake/Tests/SdlGpuTests.cmake,cmake/Tests/SoftwareTests.cmake,cmake/Tests/VulkanTests.cmake,cmake/Tests/WebGpuTests.cmake
examples/rendertarget_first_use_test.cpp	cmake/Tests/BgfxTests.cmake,cmake/Tests/DirectX11Tests.cmake,cmake/Tests/DirectX9Tests.cmake,cmake/Tests/EasyGLTests.cmake,cmake/Tests/HeadlessTests.cmake,cmake/Tests/LlglTests.cmake,cmake/Tests/SdlGpuTests.cmake,cmake/Tests/SoftwareTests.cmake,cmake/Tests/SokolTests.cmake,cmake/Tests/VulkanTests.cmake,cmake/Tests/WebGpuTests.cmake
examples/rendertarget_invalid_mip_level_test.cpp	cmake/Tests/BgfxTests.cmake,cmake/Tests/EasyGLTests.cmake,cmake/Tests/HeadlessTests.cmake,cmake/Tests/SdlGpuTests.cmake,cmake/Tests/SoftwareTests.cmake,cmake/Tests/VulkanTests.cmake,cmake/Tests/WebGpuTests.cmake
examples/rendertarget_msaa_depth_contract_test.cpp	cmake/Tests/BgfxTests.cmake,cmake/Tests/EasyGLTests.cmake,cmake/Tests/HeadlessTests.cmake,cmake/Tests/SdlGpuTests.cmake,cmake/Tests/SoftwareTests.cmake,cmake/Tests/VulkanTests.cmake,cmake/Tests/WebGpuTests.cmake
examples/rendertarget_msaa_first_readback_test.cpp	cmake/Tests/BgfxTests.cmake,cmake/Tests/EasyGLTests.cmake,cmake/Tests/HeadlessTests.cmake,cmake/Tests/SdlGpuTests.cmake,cmake/Tests/SoftwareTests.cmake,cmake/Tests/VulkanTests.cmake,cmake/Tests/WebGpuTests.cmake
examples/rendertarget_msaa_mip_readback_test.cpp	cmake/Tests/BgfxTests.cmake,cmake/Tests/EasyGLTests.cmake,cmake/Tests/HeadlessTests.cmake,cmake/Tests/SdlGpuTests.cmake,cmake/Tests/SoftwareTests.cmake,cmake/Tests/VulkanTests.cmake,cmake/Tests/WebGpuTests.cmake
examples/rendertarget_pass_boundary_test.cpp	cmake/Tests/AsciiTests.cmake,cmake/Tests/BgfxTests.cmake,cmake/Tests/CanvasTests.cmake,cmake/Tests/DirectX11Tests.cmake,cmake/Tests/DirectX12Tests.cmake,cmake/Tests/DirectX9Tests.cmake,cmake/Tests/EasyGLTests.cmake,cmake/Tests/FreeDirectTests.cmake,cmake/Tests/HeadlessTests.cmake,cmake/Tests/LlglTests.cmake,cmake/Tests/SdlGpuTests.cmake,cmake/Tests/SdlRendererTests.cmake,cmake/Tests/SkiaTests.cmake,cmake/Tests/SoftwareTests.cmake,cmake/Tests/SokolTests.cmake,cmake/Tests/VulkanTests.cmake,cmake/Tests/WebGpuTests.cmake
examples/rendertarget_producer_consumer_test.cpp	cmake/Tests/BgfxTests.cmake,cmake/Tests/DirectX11Tests.cmake,cmake/Tests/DirectX9Tests.cmake,cmake/Tests/EasyGLTests.cmake,cmake/Tests/HeadlessTests.cmake,cmake/Tests/LlglTests.cmake,cmake/Tests/SdlGpuTests.cmake,cmake/Tests/SoftwareTests.cmake,cmake/Tests/SokolTests.cmake,cmake/Tests/VulkanTests.cmake,cmake/Tests/WebGpuTests.cmake
examples/rendertarget_sampling_orientation_test.cpp	cmake/Tests/BgfxTests.cmake,cmake/Tests/DirectX11Tests.cmake,cmake/Tests/DirectX9Tests.cmake,cmake/Tests/EasyGLTests.cmake,cmake/Tests/HeadlessTests.cmake,cmake/Tests/LlglTests.cmake,cmake/Tests/SdlGpuTests.cmake,cmake/Tests/SoftwareTests.cmake,cmake/Tests/SokolTests.cmake,cmake/Tests/VulkanTests.cmake,cmake/Tests/WebGpuTests.cmake
examples/rendertarget_viewport_scissor_reset_test.cpp	cmake/Tests/EasyGLTests.cmake,cmake/Tests/LlglTests.cmake,cmake/Tests/SokolTests.cmake,cmake/Tests/VulkanTests.cmake
examples/rendertargetcube_getdata_contract_test.cpp	cmake/Tests/AsciiTests.cmake,cmake/Tests/BgfxTests.cmake,cmake/Tests/CanvasTests.cmake,cmake/Tests/DirectX11Tests.cmake,cmake/Tests/DirectX12Tests.cmake,cmake/Tests/DirectX9Tests.cmake,cmake/Tests/EasyGLTests.cmake,cmake/Tests/FreeDirectTests.cmake,cmake/Tests/HeadlessTests.cmake,cmake/Tests/LlglTests.cmake,cmake/Tests/SdlGpuTests.cmake,cmake/Tests/SdlRendererTests.cmake,cmake/Tests/SkiaTests.cmake,cmake/Tests/SoftwareTests.cmake,cmake/Tests/VulkanTests.cmake,cmake/Tests/WebGpuTests.cmake
examples/rendertargetcube_msaa_face_test.cpp	cmake/Tests/AsciiTests.cmake,cmake/Tests/BgfxTests.cmake,cmake/Tests/CanvasTests.cmake,cmake/Tests/DirectX11Tests.cmake,cmake/Tests/DirectX12Tests.cmake,cmake/Tests/DirectX9Tests.cmake,cmake/Tests/EasyGLTests.cmake,cmake/Tests/FreeDirectTests.cmake,cmake/Tests/HeadlessTests.cmake,cmake/Tests/LlglTests.cmake,cmake/Tests/SdlGpuTests.cmake,cmake/Tests/SdlRendererTests.cmake,cmake/Tests/SoftwareTests.cmake,cmake/Tests/SokolTests.cmake,cmake/Tests/VulkanTests.cmake,cmake/Tests/WebGpuTests.cmake
examples/rendertargetcube_plural_binding_test.cpp	cmake/Tests/BgfxTests.cmake,cmake/Tests/EasyGLTests.cmake,cmake/Tests/LlglTests.cmake,cmake/Tests/SdlGpuTests.cmake,cmake/Tests/SkiaTests.cmake,cmake/Tests/VulkanTests.cmake,cmake/Tests/WebGpuTests.cmake
examples/rendertargetcube_usage_test.cpp	cmake/Tests/AsciiTests.cmake,cmake/Tests/BgfxTests.cmake,cmake/Tests/CanvasTests.cmake,cmake/Tests/DirectX11Tests.cmake,cmake/Tests/DirectX12Tests.cmake,cmake/Tests/DirectX9Tests.cmake,cmake/Tests/EasyGLTests.cmake,cmake/Tests/FreeDirectTests.cmake,cmake/Tests/HeadlessTests.cmake,cmake/Tests/LlglTests.cmake,cmake/Tests/SdlGpuTests.cmake,cmake/Tests/SdlRendererTests.cmake,cmake/Tests/SkiaTests.cmake,cmake/Tests/SoftwareTests.cmake,cmake/Tests/VulkanTests.cmake,cmake/Tests/WebGpuTests.cmake
examples/sampler_component_isolation_contract_test.cpp	cmake/Tests/EasyGLTests.cmake,cmake/Tests/SoftwareTests.cmake
examples/sdlgpu_2d_test.cpp	cmake/Tests/SdlGpuTests.cmake
examples/sdlgpu_3d_test.cpp	cmake/Tests/SdlGpuTests.cmake
examples/sdlgpu_basiceffect_fog_test.cpp	cmake/Tests/SdlGpuTests.cmake
examples/sdlgpu_constructor_exception_safety_test.cpp	cmake/Tests/SdlGpuTests.cmake
examples/sdlgpu_depth_bias_test.cpp	cmake/Tests/SdlGpuTests.cmake
examples/sdlgpu_depthless_cube_spritebatch_compatibility_test.cpp	cmake/Tests/SdlGpuTests.cmake
examples/sdlgpu_diag_single_sprite.cpp	cmake/Tests/SdlGpuTests.cmake
examples/sdlgpu_draworder_test.cpp	cmake/Tests/SdlGpuTests.cmake
examples/sdlgpu_effects_fog_test.cpp	cmake/Tests/SdlGpuTests.cmake
examples/sdlgpu_effects_test.cpp	cmake/Tests/SdlGpuTests.cmake
examples/sdlgpu_environmentmapeffect_emissive_test.cpp	cmake/Tests/SdlGpuTests.cmake
examples/sdlgpu_envmap_test.cpp	cmake/Tests/SdlGpuTests.cmake
examples/sdlgpu_mrt_test.cpp	cmake/Tests/SdlGpuTests.cmake
examples/sdlgpu_pass_boundary_upload_test.cpp	cmake/Tests/SdlGpuTests.cmake
examples/sdlgpu_pbreffect_test.cpp	cmake/Tests/SdlGpuTests.cmake
examples/sdlgpu_renderstate_test.cpp	cmake/Tests/SdlGpuTests.cmake
examples/sdlgpu_rendertarget2d_msaa_test.cpp	cmake/Tests/SdlGpuTests.cmake
examples/sdlgpu_rendertarget2d_test.cpp	cmake/Tests/SdlGpuTests.cmake
examples/sdlgpu_rendertarget_blendfactor_test.cpp	cmake/Tests/SdlGpuTests.cmake
examples/sdlgpu_rendertarget_lifetime_test.cpp	cmake/Tests/SdlGpuTests.cmake
examples/sdlgpu_rendertarget_scissor_test.cpp	cmake/Tests/SdlGpuTests.cmake
examples/sdlgpu_rendertarget_viewport_test.cpp	cmake/Tests/SdlGpuTests.cmake
examples/sdlgpu_rendertargetcube_msaa_mip_test.cpp	cmake/Tests/SdlGpuTests.cmake
examples/sdlgpu_rendertargetcube_test.cpp	cmake/Tests/SdlGpuTests.cmake
examples/sdlgpu_samplerstate_test.cpp	cmake/Tests/SdlGpuTests.cmake
examples/sdlgpu_shadereffect_test.cpp	cmake/Tests/SdlGpuTests.cmake
examples/sdlgpu_skinned_test.cpp	cmake/Tests/SdlGpuTests.cmake
examples/sdlgpu_skinnedeffect_fog_test.cpp	cmake/Tests/SdlGpuTests.cmake
examples/sdlgpu_skinnedeffect_vertexcolor_test.cpp	cmake/Tests/SdlGpuTests.cmake
examples/sdlgpu_skinnedeffect_world_normal_test.cpp	cmake/Tests/SdlGpuTests.cmake
examples/sdlgpu_skinnedpbreffect_test.cpp	cmake/Tests/SdlGpuTests.cmake
examples/sdlgpu_smoke_test.cpp	cmake/Tests/SdlGpuTests.cmake
examples/sdlgpu_swapchain_recovery_test.cpp	cmake/Tests/SdlGpuTests.cmake
examples/sdlgpu_texture2d_mip_storage_test.cpp	cmake/Tests/SdlGpuTests.cmake
examples/sdlgpu_texture3d_test.cpp	cmake/Tests/SdlGpuTests.cmake
examples/sdlgpu_texture3d_validity_test.cpp	cmake/Tests/SdlGpuTests.cmake
examples/sdlgpu_texturecube_test.cpp	cmake/Tests/SdlGpuTests.cmake
examples/sdlgpu_viewspace_fog_test.cpp	cmake/Tests/SdlGpuTests.cmake
examples/sdlrenderer_blendstate_additive_test.cpp	cmake/Tests/SdlRendererTests.cmake,cmake/Tests/SkiaTests.cmake
examples/sdlrenderer_blendstate_alphablend_test.cpp	cmake/Tests/SdlRendererTests.cmake,cmake/Tests/SkiaTests.cmake
examples/sdlrenderer_blendstate_audit_test.cpp	cmake/Tests/SdlRendererTests.cmake
examples/sdlrenderer_blendstate_custom_test.cpp	cmake/Tests/SdlRendererTests.cmake
examples/sdlrenderer_blendstate_nonpremultiplied_test.cpp	cmake/Tests/SdlRendererTests.cmake,cmake/Tests/SkiaTests.cmake
examples/sdlrenderer_blendstate_opaque_test.cpp	cmake/Tests/SdlRendererTests.cmake,cmake/Tests/SkiaTests.cmake
examples/sdlrenderer_buffer_construction_throws_test.cpp	cmake/Tests/SdlRendererTests.cmake
examples/sdlrenderer_clearoptions_audit_test.cpp	cmake/Tests/SdlRendererTests.cmake
examples/sdlrenderer_custom_effect_throws_test.cpp	cmake/Tests/SdlRendererTests.cmake
examples/sdlrenderer_devicereset_events_test.cpp	cmake/Tests/SdlRendererTests.cmake
examples/sdlrenderer_disposed_guards_test.cpp	cmake/Tests/SdlRendererTests.cmake,cmake/Tests/SkiaTests.cmake
examples/sdlrenderer_double_dispose_test.cpp	cmake/Tests/SdlRendererTests.cmake,cmake/Tests/SkiaTests.cmake
examples/sdlrenderer_drawprimitives_throws_test.cpp	cmake/Tests/SdlRendererTests.cmake
examples/sdlrenderer_drawuserindexedprimitives_throws_test.cpp	cmake/Tests/SdlRendererTests.cmake
examples/sdlrenderer_drawuserprimitives_throws_test.cpp	cmake/Tests/SdlRendererTests.cmake
examples/sdlrenderer_fullscreen_toggle_test.cpp	cmake/Tests/SdlRendererTests.cmake
examples/sdlrenderer_getbackbufferdata_after_rt_unbind_test.cpp	cmake/Tests/SdlRendererTests.cmake,cmake/Tests/SkiaTests.cmake
examples/sdlrenderer_graphics_capability_test.cpp	cmake/Tests/SdlRendererTests.cmake
examples/sdlrenderer_model_draw_throws_test.cpp	cmake/Tests/SdlRendererTests.cmake
examples/sdlrenderer_multisamplecount_decision_test.cpp	cmake/Tests/SdlRendererTests.cmake
examples/sdlrenderer_npot_texture_test.cpp	cmake/Tests/SdlRendererTests.cmake,cmake/Tests/SkiaTests.cmake
examples/sdlrenderer_occlusionquery_throws_test.cpp	cmake/Tests/SdlRendererTests.cmake
examples/sdlrenderer_presentationparameters_resize_test.cpp	cmake/Tests/SdlRendererTests.cmake
examples/sdlrenderer_presentinterval_test.cpp	cmake/Tests/SdlRendererTests.cmake
examples/sdlrenderer_rasterizer_depthstencil_construction_test.cpp	cmake/Tests/SdlRendererTests.cmake
examples/sdlrenderer_readback_test.cpp	cmake/Tests/SdlRendererTests.cmake
examples/sdlrenderer_rendertarget2d_construction_test.cpp	cmake/Tests/SdlRendererTests.cmake
examples/sdlrenderer_rendertarget2d_sample_test.cpp	cmake/Tests/OpenGL1Tests.cmake,cmake/Tests/SdlRendererTests.cmake,cmake/Tests/SkiaTests.cmake
examples/sdlrenderer_rendertarget_depth_decision_test.cpp	cmake/Tests/SdlRendererTests.cmake
examples/sdlrenderer_rendertarget_usage_test.cpp	cmake/Tests/SdlRendererTests.cmake,cmake/Tests/SkiaTests.cmake
examples/sdlrenderer_rendertargets_mrt_throws_test.cpp	cmake/Tests/SdlRendererTests.cmake
examples/sdlrenderer_resource_leak_test.cpp	cmake/Tests/SdlRendererTests.cmake
examples/sdlrenderer_sample_animated_spritesheet_test.cpp	cmake/Tests/SdlRendererTests.cmake
examples/sdlrenderer_sample_bouncing_sprite_test.cpp	cmake/Tests/SdlRendererTests.cmake
examples/sdlrenderer_sample_keyboard_sprite_test.cpp	cmake/Tests/SdlRendererTests.cmake
examples/sdlrenderer_sample_spritefont_text_test.cpp	cmake/Tests/SdlRendererTests.cmake
examples/sdlrenderer_samplerstate_default_test.cpp	cmake/Tests/SdlRendererTests.cmake
examples/sdlrenderer_samplerstate_filter_audit_test.cpp	cmake/Tests/SdlRendererTests.cmake
examples/sdlrenderer_samplerstate_perdraw_switch_test.cpp	cmake/Tests/SdlRendererTests.cmake
examples/sdlrenderer_sprite_effects_test.cpp	cmake/Tests/SdlRendererTests.cmake,cmake/Tests/SkiaTests.cmake
examples/sdlrenderer_spritebatch_begin_end_guard_test.cpp	cmake/Tests/SdlRendererTests.cmake,cmake/Tests/SkiaTests.cmake
examples/sdlrenderer_spritebatch_deferred_order_test.cpp	cmake/Tests/SdlRendererTests.cmake,cmake/Tests/SkiaTests.cmake
examples/sdlrenderer_spritebatch_immediate_flush_test.cpp	cmake/Tests/SdlRendererTests.cmake,cmake/Tests/SkiaTests.cmake
examples/sdlrenderer_spritebatch_layerdepth_test.cpp	cmake/Tests/SdlRendererTests.cmake,cmake/Tests/SkiaTests.cmake
examples/sdlrenderer_spritebatch_overloads_test.cpp	cmake/Tests/SdlRendererTests.cmake,cmake/Tests/SkiaTests.cmake
examples/sdlrenderer_spritebatch_rotation_test.cpp	cmake/Tests/SdlRendererTests.cmake,cmake/Tests/SkiaTests.cmake
examples/sdlrenderer_spritebatch_scale_test.cpp	cmake/Tests/SdlRendererTests.cmake,cmake/Tests/SkiaTests.cmake
examples/sdlrenderer_spritebatch_sourcerect_test.cpp	cmake/Tests/SdlRendererTests.cmake,cmake/Tests/SkiaTests.cmake
examples/sdlrenderer_spritebatch_texture_sort_test.cpp	cmake/Tests/SdlRendererTests.cmake,cmake/Tests/SkiaTests.cmake
examples/sdlrenderer_spritefont_default_char_test.cpp	cmake/Tests/SdlRendererTests.cmake,cmake/Tests/SkiaTests.cmake
examples/sdlrenderer_spritefont_effects_test.cpp	cmake/Tests/SdlRendererTests.cmake,cmake/Tests/SkiaTests.cmake
examples/sdlrenderer_spritefont_multiglyph_spacing_test.cpp	cmake/Tests/SdlRendererTests.cmake,cmake/Tests/SkiaTests.cmake
examples/sdlrenderer_spritefont_newline_test.cpp	cmake/Tests/SdlRendererTests.cmake,cmake/Tests/SkiaTests.cmake
examples/sdlrenderer_spritefont_single_glyph_test.cpp	cmake/Tests/SdlRendererTests.cmake,cmake/Tests/SkiaTests.cmake
examples/sdlrenderer_stock3deffects_apply_test.cpp	cmake/Tests/SdlRendererTests.cmake
examples/sdlrenderer_texture2d_dispose_test.cpp	cmake/Tests/SdlRendererTests.cmake,cmake/Tests/SkiaTests.cmake
examples/sdlrenderer_texture2d_fromstream_test.cpp	cmake/Tests/SdlRendererTests.cmake
examples/sdlrenderer_texture2d_miplevel_throws_test.cpp	cmake/Tests/SdlRendererTests.cmake
examples/sdlrenderer_texture2d_partial_rect_test.cpp	cmake/Tests/SdlRendererTests.cmake
examples/sdlrenderer_texture2d_saveas_roundtrip_test.cpp	cmake/Tests/SdlRendererTests.cmake
examples/sdlrenderer_texture2d_setdata_getdata_test.cpp	cmake/Tests/SdlRendererTests.cmake
examples/sdlrenderer_texture2d_startindex_test.cpp	cmake/Tests/SdlRendererTests.cmake
examples/sdlrenderer_texture_address_mode_clamp_test.cpp	cmake/Tests/SdlRendererTests.cmake
examples/sdlrenderer_texture_filter_point_vs_linear_test.cpp	cmake/Tests/SdlRendererTests.cmake,cmake/Tests/SkiaTests.cmake
examples/sdlrenderer_transform_matrix_test.cpp	cmake/Tests/SdlRendererTests.cmake
examples/sdlrenderer_vertexdeclaration_construction_test.cpp	cmake/Tests/SdlRendererTests.cmake
examples/sdlrenderer_viewport_project_unproject_test.cpp	cmake/Tests/SdlRendererTests.cmake,cmake/Tests/SkiaTests.cmake
examples/skia_3d_refusal_test.cpp	cmake/Tests/SkiaTests.cmake
examples/skia_active_target_readback_test.cpp	cmake/Tests/SkiaTests.cmake
examples/skia_blend_enabled_state_test.cpp	cmake/Tests/SkiaTests.cmake
examples/skia_blend_mapping_policy_test.cpp	cmake/Tests/SkiaTests.cmake
examples/skia_blend_mapping_raster_test.cpp	cmake/Tests/SkiaTests.cmake
examples/skia_color_write_mask_raster_test.cpp	cmake/Tests/SkiaTests.cmake
examples/skia_color_write_policy_test.cpp	cmake/Tests/SkiaTests.cmake
examples/skia_context_recovery_test.cpp	cmake/Tests/SkiaTests.cmake
examples/skia_cpu_depth_raster_spike_test.cpp	cmake/Tests/SkiaTests.cmake
examples/skia_cpu_geometry_spike_test.cpp	cmake/Tests/SkiaTests.cmake
examples/skia_cpu_stencil_spike_test.cpp	cmake/Tests/SkiaTests.cmake
examples/skia_cpu_stock_effect_spike_test.cpp	cmake/Tests/SkiaTests.cmake
examples/skia_cube_rendertarget_sampling_spike_test.cpp	cmake/Tests/SkiaTests.cmake
examples/skia_cube_sampling_spike_test.cpp	cmake/Tests/SkiaTests.cmake
examples/skia_cube_volume_effect_binding_test.cpp	cmake/Tests/SkiaTests.cmake
examples/skia_cube_volume_sampling_oracle_test.cpp	cmake/Tests/SkiaTests.cmake
examples/skia_display_scale_test.cpp	cmake/Tests/SkiaTests.cmake
examples/skia_effect_boundary_test.cpp	cmake/Tests/SkiaTests.cmake
examples/skia_effect_emulation_spike_test.cpp	cmake/Tests/SkiaTests.cmake
examples/skia_ganesh_backbuffer_test.cpp	cmake/Tests/SkiaTests.cmake
examples/skia_ganesh_mode_test.cpp	cmake/Tests/SkiaTests.cmake
examples/skia_ganesh_resource_budget_test.cpp	cmake/Tests/SkiaTests.cmake
examples/skia_generated_blend_batch_modes_test.cpp	cmake/Tests/SkiaTests.cmake
examples/skia_generated_blend_public_corpus_test.cpp	cmake/Tests/SkiaTests.cmake
examples/skia_generated_blend_state_policy_test.cpp	cmake/Tests/SkiaTests.cmake
examples/skia_generated_blender_test.cpp	cmake/Tests/SkiaTests.cmake
examples/skia_glsl_translator_test.cpp	cmake/Tests/SkiaTests.cmake
examples/skia_graphics_capability_test.cpp	cmake/Tests/SkiaTests.cmake
examples/skia_lifecycle_test.cpp	cmake/Tests/SkiaTests.cmake
examples/skia_mesh_effect_abi_test.cpp	cmake/Tests/SkiaTests.cmake
examples/skia_mesh_effect_hardening_test.cpp	cmake/Tests/SkiaTests.cmake
examples/skia_mesh_effect_public_api_test.cpp	cmake/Tests/SkiaTests.cmake
examples/skia_mip_chain_2d_test.cpp	cmake/Tests/SkiaTests.cmake
examples/skia_mip_sampling_raster_test.cpp	cmake/Tests/SkiaTests.cmake
examples/skia_mipmap_policy_test.cpp	cmake/Tests/SkiaTests.cmake
examples/skia_mrt_rejection_test.cpp	cmake/Tests/SkiaTests.cmake
examples/skia_occlusion_query_feasibility_test.cpp	cmake/Tests/SkiaTests.cmake
examples/skia_ownership_test.cpp	cmake/Tests/SkiaTests.cmake
examples/skia_present_interval_test.cpp	cmake/Tests/SkiaTests.cmake
examples/skia_presentation_edge_test.cpp	cmake/Tests/SkiaTests.cmake
examples/skia_presentation_modes_test.cpp	cmake/Tests/SkiaTests.cmake
examples/skia_projected_vertices_spike_test.cpp	cmake/Tests/SkiaTests.cmake
examples/skia_raster_mode_coherence_test.cpp	cmake/Tests/SkiaTests.cmake
examples/skia_rasterizer_state_policy_test.cpp	cmake/Tests/SkiaTests.cmake
examples/skia_rendertarget2d_format_support_test.cpp	cmake/Tests/SkiaTests.cmake
examples/skia_rendertarget2d_mip_generation_test.cpp	cmake/Tests/SkiaTests.cmake
examples/skia_rendertarget2d_mip_storage_test.cpp	cmake/Tests/SkiaTests.cmake
examples/skia_rendertarget_depth_policy_test.cpp	cmake/Tests/SkiaTests.cmake
examples/skia_rendertarget_lifetime_test.cpp	cmake/Tests/SkiaTests.cmake
examples/skia_rendertarget_msaa_policy_test.cpp	cmake/Tests/SkiaTests.cmake
examples/skia_rendertarget_readback_test.cpp	cmake/Tests/SkiaTests.cmake
examples/skia_rendertarget_scissor_test.cpp	cmake/Tests/SkiaTests.cmake
examples/skia_rendertarget_setdata_test.cpp	cmake/Tests/SkiaTests.cmake
examples/skia_rendertarget_switch_test.cpp	cmake/Tests/SkiaTests.cmake
examples/skia_rendertargetcube_policy_test.cpp	cmake/Tests/SkiaTests.cmake
examples/skia_resize_presentation_test.cpp	cmake/Tests/SkiaTests.cmake
examples/skia_resource_budget_test.cpp	cmake/Tests/SkiaTests.cmake
examples/skia_runtime_blender_policy_test.cpp	cmake/Tests/SkiaTests.cmake
examples/skia_runtime_blender_raster_test.cpp	cmake/Tests/SkiaTests.cmake
examples/skia_sampler_mipmap_filter_test.cpp	cmake/Tests/SkiaTests.cmake
examples/skia_sksl_effect_prototype_test.cpp	cmake/Tests/SkiaTests.cmake
examples/skia_sksl_uniform_texture_test.cpp	cmake/Tests/SkiaTests.cmake
examples/skia_source_alpha_policy_test.cpp	cmake/Tests/SkiaTests.cmake
examples/skia_spritebatch_negative_scale_test.cpp	cmake/Tests/SkiaTests.cmake
examples/skia_spritebatch_remaining_overloads_test.cpp	cmake/Tests/SkiaTests.cmake
examples/skia_spritebatch_sampler_transition_test.cpp	cmake/Tests/SkiaTests.cmake
examples/skia_spritebatch_source_rect_linear_test.cpp	cmake/Tests/SkiaTests.cmake
examples/skia_spritebatch_stress_test.cpp	cmake/Tests/SkiaTests.cmake
examples/skia_spritebatch_tint_alpha_test.cpp	cmake/Tests/SkiaTests.cmake
examples/skia_spritebatch_viewport_test.cpp	cmake/Tests/SkiaTests.cmake
examples/skia_spriteeffect_alias_test.cpp	cmake/Tests/SkiaTests.cmake
examples/skia_startup_diagnostic_test.cpp	cmake/Tests/SkiaTests.cmake
examples/skia_state_transition_test.cpp	cmake/Tests/SkiaTests.cmake
examples/skia_stock_effect_boundary_test.cpp	cmake/Tests/SkiaTests.cmake
examples/skia_successor_resource_policy_test.cpp	cmake/Tests/SkiaTests.cmake
examples/skia_surface_raster_test.cpp	cmake/Tests/SkiaTests.cmake
examples/skia_target_binding_raster_test.cpp	cmake/Tests/SkiaTests.cmake
examples/skia_texture2d_bc7_test.cpp	cmake/Tests/SkiaTests.cmake
examples/skia_texture2d_colour_formats_test.cpp	cmake/Tests/SkiaTests.cmake
examples/skia_texture2d_compressed_formats_test.cpp	cmake/Tests/SkiaTests.cmake
examples/skia_texture2d_content_mips_test.cpp	cmake/Tests/SkiaTests.cmake
examples/skia_texture2d_float_formats_test.cpp	cmake/Tests/SkiaTests.cmake
examples/skia_texture2d_mip_construction_test.cpp	cmake/Tests/SkiaTests.cmake
examples/skia_texture2d_mip_generation_test.cpp	cmake/Tests/SkiaTests.cmake
examples/skia_texture2d_mip_transfer_test.cpp	cmake/Tests/SkiaTests.cmake
examples/skia_texture2d_packed_formats_test.cpp	cmake/Tests/SkiaTests.cmake
examples/skia_texture2d_shadow_formats_test.cpp	cmake/Tests/SkiaTests.cmake
examples/skia_texture2d_unorm_formats_test.cpp	cmake/Tests/SkiaTests.cmake
examples/skia_texture_address_axes_test.cpp	cmake/Tests/SkiaTests.cmake
examples/skia_texture_alpha_boundary_test.cpp	cmake/Tests/SkiaTests.cmake
examples/skia_texture_constraints_test.cpp	cmake/Tests/SkiaTests.cmake
examples/skia_texture_filter_minification_test.cpp	cmake/Tests/SkiaTests.cmake
examples/skia_texture_row_stride_test.cpp	cmake/Tests/SkiaTests.cmake
examples/skia_texture_storage_policy_test.cpp	cmake/Tests/SkiaTests.cmake
examples/skia_vertices_2d_spike_test.cpp	cmake/Tests/SkiaTests.cmake
examples/skia_volume_sampling_spike_test.cpp	cmake/Tests/SkiaTests.cmake
examples/skia_volume_trilinear_spike_test.cpp	cmake/Tests/SkiaTests.cmake
examples/skia_window_lifecycle_test.cpp	cmake/Tests/SkiaTests.cmake
examples/skinned_effect_integration_test.cpp	cmake/Tests/EasyGLTests.cmake,cmake/Tests/SokolTests.cmake
examples/skinned_effect_test.cpp	cmake/Tests/EasyGLTests.cmake
examples/skinnedeffect_lighting_conformance_test.cpp	cmake/Tests/BgfxTests.cmake,cmake/Tests/DirectX11Tests.cmake,cmake/Tests/EasyGLTests.cmake,cmake/Tests/LlglTests.cmake,cmake/Tests/SokolTests.cmake,cmake/Tests/VulkanTests.cmake
examples/software_3d_viewport_test.cpp	cmake/Tests/SoftwareTests.cmake,cmake/Tests/SokolTests.cmake
examples/software_clipping_test.cpp	cmake/Tests/SoftwareTests.cmake
examples/software_colorwritechannels_test.cpp	cmake/Tests/SoftwareTests.cmake
examples/software_culling_test.cpp	cmake/Tests/SoftwareTests.cmake
examples/software_depthbias_test.cpp	cmake/Tests/LlglTests.cmake,cmake/Tests/SoftwareTests.cmake
examples/software_depthstate_test.cpp	cmake/Tests/SoftwareTests.cmake
examples/software_dual_envmap_skinned_test.cpp	cmake/Tests/SoftwareTests.cmake
examples/software_effects_test.cpp	cmake/Tests/SoftwareTests.cmake
examples/software_indexed_addressing_test.cpp	cmake/Tests/SoftwareTests.cmake
examples/software_rasterizer_test.cpp	cmake/Tests/SoftwareTests.cmake
examples/software_rendertarget_readback_test.cpp	cmake/Tests/SoftwareTests.cmake
examples/software_scissor_test.cpp	cmake/Tests/SoftwareTests.cmake
examples/software_smoke_test.cpp	cmake/Tests/SoftwareTests.cmake
examples/software_spritebatch_rasterizerstate_test.cpp	cmake/Tests/SkiaTests.cmake,cmake/Tests/SoftwareTests.cmake
examples/software_spritebatch_viewport_test.cpp	cmake/Tests/SoftwareTests.cmake
examples/software_wireframe_test.cpp	cmake/Tests/SoftwareTests.cmake
examples/sokol_2d_test.cpp	cmake/Tests/SokolTests.cmake
examples/sokol_3d_test.cpp	cmake/Tests/SokolTests.cmake
examples/sokol_blendfactor_pipeline_cache_test.cpp	cmake/Tests/SokolTests.cmake
examples/sokol_customeffect_blendstate_order_test.cpp	cmake/Tests/SokolTests.cmake
examples/sokol_customeffect_texture_reupload_test.cpp	cmake/Tests/SokolTests.cmake
examples/sokol_dispose_order_occlusionquery_shadereffect_test.cpp	cmake/Tests/SokolTests.cmake
examples/sokol_gl_context_transactional_test.cpp	cmake/Tests/SokolTests.cmake
examples/sokol_lit3d_test.cpp	cmake/Tests/SokolTests.cmake
examples/sokol_rendertargetcube_mip_test.cpp	cmake/Tests/SokolTests.cmake
examples/sokol_smoke_test.cpp	cmake/Tests/SokolTests.cmake
examples/sokol_state_lifetime_regression_matrix_test.cpp	cmake/Tests/SokolTests.cmake
examples/sokol_vertexbuffer_reupload_test.cpp	cmake/Tests/SokolTests.cmake
examples/sokol_wireframe_test.cpp	cmake/Tests/SokolTests.cmake
examples/source_rectangle_orientation_test.cpp	cmake/Tests/BgfxTests.cmake,cmake/Tests/EasyGLTests.cmake,cmake/Tests/HeadlessTests.cmake,cmake/Tests/SdlGpuTests.cmake,cmake/Tests/SoftwareTests.cmake,cmake/Tests/VulkanTests.cmake,cmake/Tests/WebGpuTests.cmake
examples/sprite_font_test.cpp	cmake/Tests/EasyGLTests.cmake,cmake/Tests/SkiaTests.cmake
examples/spritebatch_3d_order_test.cpp	cmake/Tests/BgfxTests.cmake,cmake/Tests/EasyGLTests.cmake,cmake/Tests/HeadlessTests.cmake,cmake/Tests/LlglTests.cmake,cmake/Tests/SdlGpuTests.cmake,cmake/Tests/SoftwareTests.cmake,cmake/Tests/VulkanTests.cmake,cmake/Tests/WebGpuTests.cmake
examples/spritebatch_begin_rasterizerstate_scissor_test.cpp	cmake/Tests/SdlGpuTests.cmake,cmake/Tests/VulkanTests.cmake,cmake/Tests/WebGpuTests.cmake
examples/spritebatch_custom_viewport_rt_test.cpp	cmake/Tests/SdlGpuTests.cmake,cmake/Tests/VulkanTests.cmake
examples/spritebatch_custom_viewport_test.cpp	cmake/Tests/BgfxTests.cmake,cmake/Tests/DirectX11Tests.cmake,cmake/Tests/EasyGLTests.cmake,cmake/Tests/LlglTests.cmake,cmake/Tests/VulkanTests.cmake,cmake/Tests/WebGpuTests.cmake
examples/spritebatch_viewport_switch_test.cpp	cmake/Tests/EasyGLTests.cmake,cmake/Tests/LlglTests.cmake,cmake/Tests/VulkanTests.cmake,cmake/Tests/WebGpuTests.cmake
examples/stock_effect_sampler_contract_test.cpp	cmake/Tests/BgfxTests.cmake,cmake/Tests/DirectX11Tests.cmake,cmake/Tests/DirectX12Tests.cmake,cmake/Tests/DirectX9Tests.cmake,cmake/Tests/EasyGLTests.cmake,cmake/Tests/HeadlessTests.cmake,cmake/Tests/LlglTests.cmake,cmake/Tests/SdlGpuTests.cmake,cmake/Tests/SoftwareTests.cmake,cmake/Tests/VulkanTests.cmake,cmake/Tests/WebGpuTests.cmake
examples/stub_smoke_test.cpp	cmake/Tests/StubTests.cmake
examples/texture2d_getdata_contract_test.cpp	cmake/Tests/AsciiTests.cmake,cmake/Tests/BgfxTests.cmake,cmake/Tests/CanvasTests.cmake,cmake/Tests/DirectX11Tests.cmake,cmake/Tests/DirectX12Tests.cmake,cmake/Tests/DirectX9Tests.cmake,cmake/Tests/EasyGLTests.cmake,cmake/Tests/FreeDirectTests.cmake,cmake/Tests/HeadlessTests.cmake,cmake/Tests/LlglTests.cmake,cmake/Tests/SdlGpuTests.cmake,cmake/Tests/SdlRendererTests.cmake,cmake/Tests/SkiaTests.cmake,cmake/Tests/SoftwareTests.cmake,cmake/Tests/VulkanTests.cmake,cmake/Tests/WebGpuTests.cmake
examples/texture2d_getdata_transfer_range_test.cpp	cmake/Tests/AsciiTests.cmake,cmake/Tests/BgfxTests.cmake,cmake/Tests/CanvasTests.cmake,cmake/Tests/DirectX11Tests.cmake,cmake/Tests/DirectX12Tests.cmake,cmake/Tests/DirectX9Tests.cmake,cmake/Tests/EasyGLTests.cmake,cmake/Tests/FreeDirectTests.cmake,cmake/Tests/HeadlessTests.cmake,cmake/Tests/LlglTests.cmake,cmake/Tests/SdlGpuTests.cmake,cmake/Tests/SdlRendererTests.cmake,cmake/Tests/SkiaTests.cmake,cmake/Tests/SoftwareTests.cmake,cmake/Tests/VulkanTests.cmake,cmake/Tests/WebGpuTests.cmake
examples/texture_filter_mip_contract_test.cpp	cmake/Tests/BgfxTests.cmake,cmake/Tests/DirectX11Tests.cmake,cmake/Tests/DirectX12Tests.cmake,cmake/Tests/DirectX9Tests.cmake,cmake/Tests/EasyGLTests.cmake,cmake/Tests/HeadlessTests.cmake,cmake/Tests/SdlGpuTests.cmake,cmake/Tests/SoftwareTests.cmake,cmake/Tests/VulkanTests.cmake,cmake/Tests/WebGpuTests.cmake
examples/texture_filter_ordinal_contract_test.cpp	cmake/Tests/BgfxTests.cmake,cmake/Tests/DirectX11Tests.cmake,cmake/Tests/DirectX12Tests.cmake,cmake/Tests/DirectX9Tests.cmake,cmake/Tests/EasyGLTests.cmake,cmake/Tests/HeadlessTests.cmake,cmake/Tests/LlglTests.cmake,cmake/Tests/SdlGpuTests.cmake,cmake/Tests/SoftwareTests.cmake,cmake/Tests/VulkanTests.cmake,cmake/Tests/WebGpuTests.cmake
examples/texturecube_texture3d_getdata_contract_test.cpp	cmake/Tests/AsciiTests.cmake,cmake/Tests/BgfxTests.cmake,cmake/Tests/CanvasTests.cmake,cmake/Tests/DirectX11Tests.cmake,cmake/Tests/DirectX12Tests.cmake,cmake/Tests/DirectX9Tests.cmake,cmake/Tests/EasyGLTests.cmake,cmake/Tests/FreeDirectTests.cmake,cmake/Tests/HeadlessTests.cmake,cmake/Tests/LlglTests.cmake,cmake/Tests/SdlGpuTests.cmake,cmake/Tests/SdlRendererTests.cmake,cmake/Tests/SkiaTests.cmake,cmake/Tests/SoftwareTests.cmake,cmake/Tests/VulkanTests.cmake,cmake/Tests/WebGpuTests.cmake
examples/texturecube_texture3d_setdata_contract_test.cpp	cmake/Tests/AsciiTests.cmake,cmake/Tests/BgfxTests.cmake,cmake/Tests/CanvasTests.cmake,cmake/Tests/DirectX11Tests.cmake,cmake/Tests/DirectX12Tests.cmake,cmake/Tests/DirectX9Tests.cmake,cmake/Tests/EasyGLTests.cmake,cmake/Tests/FreeDirectTests.cmake,cmake/Tests/HeadlessTests.cmake,cmake/Tests/LlglTests.cmake,cmake/Tests/SdlGpuTests.cmake,cmake/Tests/SdlRendererTests.cmake,cmake/Tests/SkiaTests.cmake,cmake/Tests/SoftwareTests.cmake,cmake/Tests/VulkanTests.cmake,cmake/Tests/WebGpuTests.cmake
examples/triangle_strip_winding_test.cpp	cmake/Tests/BgfxTests.cmake,cmake/Tests/EasyGLTests.cmake,cmake/Tests/HeadlessTests.cmake,cmake/Tests/SdlGpuTests.cmake,cmake/Tests/SoftwareTests.cmake,cmake/Tests/VulkanTests.cmake,cmake/Tests/WebGpuTests.cmake
examples/unsupported_3d_call_behavior_test.cpp	cmake/Tests/AsciiTests.cmake,cmake/Tests/CanvasTests.cmake,cmake/Tests/FreeDirectTests.cmake,cmake/Tests/SdlRendererTests.cmake
examples/viewport_reset_after_resize_test.cpp	cmake/Tests/BgfxTests.cmake,cmake/Tests/EasyGLTests.cmake,cmake/Tests/LlglTests.cmake,cmake/Tests/SkiaTests.cmake,cmake/Tests/VulkanTests.cmake
examples/vulkan_alphatest_comparefunction_sweep_test.cpp	cmake/Tests/VulkanTests.cmake
examples/vulkan_alphatest_fog_test.cpp	cmake/Tests/DirectX11Tests.cmake,cmake/Tests/DirectX9Tests.cmake,cmake/Tests/VulkanTests.cmake
examples/vulkan_alphatest_null_texture_test.cpp	cmake/Tests/VulkanTests.cmake
examples/vulkan_alphatest_vertexcolor_test.cpp	cmake/Tests/VulkanTests.cmake
examples/vulkan_basiceffect_colored3d_fog_test.cpp	cmake/Tests/VulkanTests.cmake
examples/vulkan_basiceffect_coloredtextured3d_fog_test.cpp	cmake/Tests/VulkanTests.cmake
examples/vulkan_basiceffect_combined_test.cpp	cmake/Tests/VulkanTests.cmake
examples/vulkan_basiceffect_emissive_test.cpp	cmake/Tests/VulkanTests.cmake
examples/vulkan_basiceffect_fog_test.cpp	cmake/Tests/VulkanTests.cmake
examples/vulkan_basiceffect_multilight_emissive_test.cpp	cmake/Tests/VulkanTests.cmake
examples/vulkan_basiceffect_one_light_test.cpp	cmake/Tests/VulkanTests.cmake
examples/vulkan_basiceffect_preferperpixellighting_test.cpp	cmake/Tests/VulkanTests.cmake
examples/vulkan_basiceffect_specular_test.cpp	cmake/Tests/VulkanTests.cmake
examples/vulkan_basiceffect_texture_enabled_test.cpp	cmake/Tests/VulkanTests.cmake
examples/vulkan_basiceffect_texture_vertexcolor_enabled_test.cpp	cmake/Tests/VulkanTests.cmake
examples/vulkan_basiceffect_textured3d_fog_test.cpp	cmake/Tests/VulkanTests.cmake
examples/vulkan_basiceffect_textured_msaa_test.cpp	cmake/Tests/VulkanTests.cmake
examples/vulkan_basiceffect_vertexcolor_disabled_test.cpp	cmake/Tests/VulkanTests.cmake
examples/vulkan_basiceffect_vertexcolor_enabled_test.cpp	cmake/Tests/VulkanTests.cmake
examples/vulkan_colorwritechannels_test.cpp	cmake/Tests/VulkanTests.cmake
examples/vulkan_cube_face_readback_dependency_test.cpp	cmake/Tests/VulkanTests.cmake
examples/vulkan_cube_mrt_binding_test.cpp	cmake/Tests/VulkanTests.cmake
examples/vulkan_deferred_resource_lifetime_test.cpp	cmake/Tests/VulkanTests.cmake
examples/vulkan_depth_bias_test.cpp	cmake/Tests/VulkanTests.cmake
examples/vulkan_dual_texture_test.cpp	cmake/Tests/VulkanTests.cmake
examples/vulkan_dualtextureeffect_alpha_test.cpp	cmake/Tests/VulkanTests.cmake
examples/vulkan_dualtextureeffect_combined_test.cpp	cmake/Tests/VulkanTests.cmake
examples/vulkan_dualtextureeffect_doubling_test.cpp	cmake/Tests/VulkanTests.cmake
examples/vulkan_dualtextureeffect_fog_test.cpp	cmake/Tests/DirectX11Tests.cmake,cmake/Tests/DirectX9Tests.cmake,cmake/Tests/VulkanTests.cmake
examples/vulkan_dualtextureeffect_null_texture0_test.cpp	cmake/Tests/VulkanTests.cmake
examples/vulkan_dualtextureeffect_null_texture2_test.cpp	cmake/Tests/VulkanTests.cmake
examples/vulkan_effect_descriptor_cache_identity_test.cpp	cmake/Tests/VulkanTests.cmake
examples/vulkan_env_map_test.cpp	cmake/Tests/VulkanTests.cmake
examples/vulkan_environmentmapeffect_amount_one_test.cpp	cmake/Tests/VulkanTests.cmake
examples/vulkan_environmentmapeffect_amount_zero_test.cpp	cmake/Tests/DirectX11Tests.cmake,cmake/Tests/VulkanTests.cmake
examples/vulkan_environmentmapeffect_combined_test.cpp	cmake/Tests/VulkanTests.cmake
examples/vulkan_environmentmapeffect_eyeposition_test.cpp	cmake/Tests/VulkanTests.cmake
examples/vulkan_environmentmapeffect_fog_test.cpp	cmake/Tests/DirectX11Tests.cmake,cmake/Tests/DirectX9Tests.cmake,cmake/Tests/VulkanTests.cmake
examples/vulkan_environmentmapeffect_fresnel_test.cpp	cmake/Tests/VulkanTests.cmake
examples/vulkan_environmentmapeffect_multilight_test.cpp	cmake/Tests/VulkanTests.cmake
examples/vulkan_environmentmapeffect_specular_test.cpp	cmake/Tests/VulkanTests.cmake
examples/vulkan_environmentmapeffect_worldtransform_test.cpp	cmake/Tests/VulkanTests.cmake
examples/vulkan_fill_mode_test.cpp	cmake/Tests/EasyGLTests.cmake,cmake/Tests/VulkanTests.cmake
examples/vulkan_instanced_test.cpp	cmake/Tests/VulkanTests.cmake
examples/vulkan_instanced_vertex_color_cardinality_test.cpp	cmake/Tests/VulkanTests.cmake
examples/vulkan_mrt_mip_finalization_test.cpp	cmake/Tests/VulkanTests.cmake
examples/vulkan_mrt_msaa_test.cpp	cmake/Tests/VulkanTests.cmake
examples/vulkan_msaa_test.cpp	cmake/Tests/VulkanTests.cmake
examples/vulkan_occlusionquery_pixelcount_test.cpp	cmake/Tests/VulkanTests.cmake
examples/vulkan_orientation_calibration_test.cpp	cmake/Tests/VulkanTests.cmake
examples/vulkan_orientation_effects_test.cpp	cmake/Tests/VulkanTests.cmake
examples/vulkan_orientation_rendertarget_test.cpp	cmake/Tests/VulkanTests.cmake
examples/vulkan_pbreffect_handderived_test.cpp	cmake/Tests/VulkanTests.cmake
examples/vulkan_render_target_usage_test.cpp	cmake/Tests/VulkanTests.cmake
examples/vulkan_rendertarget2d_mip_test.cpp	cmake/Tests/VulkanTests.cmake
examples/vulkan_rendertarget2d_msaa_test.cpp	cmake/Tests/VulkanTests.cmake
examples/vulkan_rendertarget_blendfactor_test.cpp	cmake/Tests/VulkanTests.cmake
examples/vulkan_rendertarget_depthformat_fidelity_test.cpp	cmake/Tests/VulkanTests.cmake
examples/vulkan_rendertarget_getdata_lifetime_test.cpp	cmake/Tests/VulkanTests.cmake
examples/vulkan_rendertarget_scissor_test.cpp	cmake/Tests/VulkanTests.cmake
examples/vulkan_rendertarget_viewport_test.cpp	cmake/Tests/VulkanTests.cmake
examples/vulkan_rendertargetcube_mip_test.cpp	cmake/Tests/VulkanTests.cmake
examples/vulkan_rendertargetcube_msaa_test.cpp	cmake/Tests/VulkanTests.cmake
examples/vulkan_rendertargetcube_sample_test.cpp	cmake/Tests/VulkanTests.cmake
examples/vulkan_rt2d_test.cpp	cmake/Tests/VulkanTests.cmake
examples/vulkan_rt_roundtrip_test.cpp	cmake/Tests/VulkanTests.cmake
examples/vulkan_rtcube_test.cpp	cmake/Tests/VulkanTests.cmake
examples/vulkan_scissor_test.cpp	cmake/Tests/VulkanTests.cmake
examples/vulkan_shader_effect_test.cpp	cmake/Tests/VulkanTests.cmake
examples/vulkan_skinnedeffect_combined_test.cpp	cmake/Tests/VulkanTests.cmake
examples/vulkan_skinnedeffect_fog_test.cpp	cmake/Tests/DirectX11Tests.cmake,cmake/Tests/DirectX9Tests.cmake,cmake/Tests/VulkanTests.cmake
examples/vulkan_skinnedeffect_identity_bones_test.cpp	cmake/Tests/VulkanTests.cmake
examples/vulkan_skinnedeffect_multilight_test.cpp	cmake/Tests/VulkanTests.cmake
examples/vulkan_skinnedeffect_preferperpixellighting_test.cpp	cmake/Tests/VulkanTests.cmake
examples/vulkan_skinnedeffect_specular_test.cpp	cmake/Tests/VulkanTests.cmake
examples/vulkan_skinnedeffect_translation_bone_test.cpp	cmake/Tests/VulkanTests.cmake
examples/vulkan_skinnedeffect_twobone_blend_test.cpp	cmake/Tests/VulkanTests.cmake
examples/vulkan_skinnedeffect_vertexcolor_test.cpp	cmake/Tests/VulkanTests.cmake
examples/vulkan_skinnedeffect_weightspervertex_test.cpp	cmake/Tests/VulkanTests.cmake
examples/vulkan_skinnedeffect_world_normal_test.cpp	cmake/Tests/DirectX11Tests.cmake,cmake/Tests/VulkanTests.cmake
examples/vulkan_spritebatch_blendstate_test.cpp	cmake/Tests/VulkanTests.cmake
examples/vulkan_spritebatch_multi_begin_end_test.cpp	cmake/Tests/VulkanTests.cmake
examples/vulkan_swapchain_sync_test.cpp	cmake/Tests/VulkanTests.cmake
examples/vulkan_texture3d_mip_layout_test.cpp	cmake/Tests/VulkanTests.cmake
examples/vulkan_texture_address_mode_test.cpp	cmake/Tests/VulkanTests.cmake
examples/vulkan_texture_mip_filter_effect_test.cpp	cmake/Tests/VulkanTests.cmake
examples/vulkan_texture_srgb_test.cpp	cmake/Tests/VulkanTests.cmake
examples/vulkan_transform_matrix_test.cpp	cmake/Tests/SkiaTests.cmake,cmake/Tests/VulkanTests.cmake
examples/vulkan_vertex_format_test.cpp	cmake/Tests/VulkanTests.cmake
examples/vulkan_viewport_subregion_test.cpp	cmake/Tests/VulkanTests.cmake
examples/vulkan_viewspace_fog_test.cpp	cmake/Tests/DirectX11Tests.cmake,cmake/Tests/DirectX9Tests.cmake,cmake/Tests/VulkanTests.cmake
examples/webgpu_alphatest3d_test.cpp	cmake/Tests/WebGpuTests.cmake
examples/webgpu_basiceffect_preferperpixellighting_test.cpp	cmake/Tests/WebGpuTests.cmake
examples/webgpu_clear_readback_test.cpp	cmake/Tests/WebGpuTests.cmake
examples/webgpu_colored3d_test.cpp	cmake/Tests/WebGpuTests.cmake
examples/webgpu_coloredtextured3d_test.cpp	cmake/Tests/WebGpuTests.cmake
examples/webgpu_draw_order_cardinality_test.cpp	cmake/Tests/WebGpuTests.cmake
examples/webgpu_drawprimitivesex_test.cpp	cmake/Tests/WebGpuTests.cmake
examples/webgpu_dualtexture3d_test.cpp	cmake/Tests/WebGpuTests.cmake
examples/webgpu_environmentmapeffect_emissive_test.cpp	cmake/Tests/WebGpuTests.cmake
examples/webgpu_environmentmapeffect_fog_test.cpp	cmake/Tests/WebGpuTests.cmake
examples/webgpu_envmap3d_test.cpp	cmake/Tests/WebGpuTests.cmake
examples/webgpu_graphicsstate_test.cpp	cmake/Tests/WebGpuTests.cmake
examples/webgpu_instanced3d_test.cpp	cmake/Tests/SokolTests.cmake,cmake/Tests/WebGpuTests.cmake
examples/webgpu_instanced_offset_frequency_cardinality_test.cpp	cmake/Tests/WebGpuTests.cmake
examples/webgpu_instanced_vertex_color_cardinality_test.cpp	cmake/Tests/WebGpuTests.cmake
examples/webgpu_littextured3d_test.cpp	cmake/Tests/WebGpuTests.cmake
examples/webgpu_mipgen_test.cpp	cmake/Tests/WebGpuTests.cmake
examples/webgpu_msaa_test.cpp	cmake/Tests/WebGpuTests.cmake
examples/webgpu_pbr3d_test.cpp	cmake/Tests/WebGpuTests.cmake
examples/webgpu_rendertarget2d_test.cpp	cmake/Tests/WebGpuTests.cmake
examples/webgpu_rendertargetcube_test.cpp	cmake/Tests/WebGpuTests.cmake
examples/webgpu_scissor_cardinality_test.cpp	cmake/Tests/WebGpuTests.cmake
examples/webgpu_skinned3d_test.cpp	cmake/Tests/WebGpuTests.cmake
examples/webgpu_skinnedeffect_material_test.cpp	cmake/Tests/WebGpuTests.cmake
examples/webgpu_skinnedeffect_world_normal_test.cpp	cmake/Tests/WebGpuTests.cmake
examples/webgpu_skinnedpbr3d_test.cpp	cmake/Tests/WebGpuTests.cmake
examples/webgpu_spritebatch_blendstate_test.cpp	cmake/Tests/WebGpuTests.cmake
examples/webgpu_spritebatch_rendertarget_test.cpp	cmake/Tests/WebGpuTests.cmake
examples/webgpu_texture2d_getdata_test.cpp	cmake/Tests/WebGpuTests.cmake
examples/webgpu_texture3d_test.cpp	cmake/Tests/WebGpuTests.cmake
examples/webgpu_texturecube_getdata_test.cpp	cmake/Tests/WebGpuTests.cmake
examples/webgpu_textured3d_test.cpp	cmake/Tests/WebGpuTests.cmake
examples/webgpu_viewport_cardinality_test.cpp	cmake/Tests/WebGpuTests.cmake
