cmake_file	target	example_sources
cmake/Examples.cmake	cna_crt_effect_demo	examples/crt_effect_demo_test.cpp
cmake/Examples.cmake	cna_demo_2d	examples/demo_2d/src/Main.cpp;examples/demo_2d/src/Game1.cpp
cmake/Examples.cmake	cna_demo_achievement_showcase	examples/demo_achievement_showcase/src/Main.cpp;examples/demo_achievement_showcase/src/AchievementGame.cpp
cmake/Examples.cmake	cna_demo_avatar	examples/demo_avatar/src/Main.cpp;examples/demo_avatar/src/AvatarDemo.cpp
cmake/Examples.cmake	cna_demo_avatar_animation_gallery	examples/demo_avatar_animation_gallery/src/Main.cpp;examples/demo_avatar_animation_gallery/src/GalleryDemo.cpp
cmake/Examples.cmake	cna_demo_avatar_appearance_tint_studio	examples/demo_avatar_appearance_tint_studio/src/Main.cpp;examples/demo_avatar_appearance_tint_studio/src/TintStudioDemo.cpp
cmake/Examples.cmake	cna_demo_avatar_bone_state_boundary	examples/demo_avatar_bone_state_boundary/src/Main.cpp;examples/demo_avatar_bone_state_boundary/src/BoundaryDemo.cpp
cmake/Examples.cmake	cna_demo_avatar_dual_compare	examples/demo_avatar_dual_compare/src/Main.cpp;examples/demo_avatar_dual_compare/src/DualCompareDemo.cpp
cmake/Examples.cmake	cna_demo_avatar_multi_attach_stress	examples/demo_avatar_multi_attach_stress/src/Main.cpp;examples/demo_avatar_multi_attach_stress/src/StressDemo.cpp
cmake/Examples.cmake	cna_demo_avatar_wardrobe_hotswap	examples/demo_avatar_wardrobe_hotswap/src/Main.cpp;examples/demo_avatar_wardrobe_hotswap/src/HotswapDemo.cpp
cmake/Examples.cmake	cna_demo_devices	examples/demo_devices/src/Main.cpp;examples/demo_devices/src/DevicesDemo.cpp
cmake/Examples.cmake	cna_demo_friends_and_gamercard	examples/demo_friends_and_gamercard/src/Main.cpp;examples/demo_friends_and_gamercard/src/FriendsGame.cpp
cmake/Examples.cmake	cna_demo_gamer_profile_privileges	examples/demo_gamer_profile_privileges/src/Main.cpp;examples/demo_gamer_profile_privileges/src/ProfileGame.cpp
cmake/Examples.cmake	cna_demo_gamer_roster_hud	examples/demo_gamer_roster_hud/src/Main.cpp;examples/demo_gamer_roster_hud/src/RosterGame.cpp
cmake/Examples.cmake	cna_demo_gamerservices_dispatcher_watchdog	examples/demo_gamerservices_dispatcher_watchdog/src/Main.cpp;examples/demo_gamerservices_dispatcher_watchdog/src/WatchdogGame.cpp
cmake/Examples.cmake	cna_demo_gamerservices_signin_presence	examples/demo_gamerservices_signin_presence/src/Main.cpp;examples/demo_gamerservices_signin_presence/src/PresenceGame.cpp
cmake/Examples.cmake	cna_demo_guide_overlay_console	examples/demo_guide_overlay_console/src/Main.cpp
cmake/Examples.cmake	cna_demo_input	examples/demo_input/src/Main.cpp;examples/demo_input/src/InputDemo.cpp
cmake/Examples.cmake	cna_demo_leaderboard_viewer	examples/demo_leaderboard_viewer/src/Main.cpp;examples/demo_leaderboard_viewer/src/LeaderboardGame.cpp
cmake/Examples.cmake	cna_demo_net_avatar_sync	examples/demo_net_avatar_sync/src/Main.cpp;examples/demo_net_avatar_sync/src/SyncGame.cpp
cmake/Examples.cmake	cna_demo_net_client_server_arena	examples/demo_net_client_server_arena/src/Main.cpp;examples/demo_net_client_server_arena/src/ArenaGame.cpp
cmake/Examples.cmake	cna_demo_packet_roundtrip	examples/demo_packet_roundtrip/src/Main.cpp
cmake/Examples.cmake	cna_demo_qos_probe	examples/demo_qos_probe/src/Main.cpp
cmake/Examples.cmake	cna_demo_session_browser	examples/demo_session_browser/src/Main.cpp;examples/demo_session_browser/src/BrowserGame.cpp
cmake/Examples.cmake	cna_demo_session_lifecycle_events	examples/demo_session_lifecycle_events/src/Main.cpp
cmake/Examples.cmake	cna_demo_simulated_network_conditions	examples/demo_simulated_network_conditions/src/Main.cpp;examples/demo_simulated_network_conditions/src/SimGame.cpp
cmake/Examples.cmake	cna_demo_sound	examples/demo_sound/src/Main.cpp;examples/demo_sound/src/SoundDemo.cpp
cmake/Examples.cmake	cna_demo_xact	examples/demo_xact/src/Main.cpp;examples/demo_xact/src/XactDemo.cpp
cmake/Examples.cmake	cna_depth_effect_demo	examples/depth_effect_demo_test.cpp
cmake/Examples.cmake	cna_example_cnaext_settings	examples/cnaext_settings_example.cpp
cmake/Examples.cmake	cna_house3d_demo	examples/house3d_demo.cpp
cmake/Examples.cmake	cna_input_smoke	examples/input_smoke/InputSmoke.cpp
cmake/Harnesses.cmake	cna_diag_compare	examples/cross_renderer_diagnostic_compare.cpp
cmake/Tests/AsciiTests.cmake	cna_test_ascii_backbuffer_pass_order	examples/backbuffer_pass_order_test.cpp
cmake/Tests/AsciiTests.cmake	cna_test_ascii_cube_volume_getdata_contract	examples/texturecube_texture3d_getdata_contract_test.cpp
cmake/Tests/AsciiTests.cmake	cna_test_ascii_cube_volume_setdata_contract	examples/texturecube_texture3d_setdata_contract_test.cpp
cmake/Tests/AsciiTests.cmake	cna_test_ascii_fontatlas	examples/ascii_fontatlas_test.cpp
cmake/Tests/AsciiTests.cmake	cna_test_ascii_input	examples/ascii_input_test.cpp
cmake/Tests/AsciiTests.cmake	cna_test_ascii_offscreentarget	examples/ascii_offscreentarget_test.cpp
cmake/Tests/AsciiTests.cmake	cna_test_ascii_present	examples/ascii_present_test.cpp
cmake/Tests/AsciiTests.cmake	cna_test_ascii_quantizer	examples/ascii_quantizer_test.cpp
cmake/Tests/AsciiTests.cmake	cna_test_ascii_rendertarget_depthstencil_usage	examples/rendertarget_depthstencil_usage_test.cpp
cmake/Tests/AsciiTests.cmake	cna_test_ascii_rendertarget_pass_boundary	examples/rendertarget_pass_boundary_test.cpp
cmake/Tests/AsciiTests.cmake	cna_test_ascii_rendertargetcube_getdata_contract	examples/rendertargetcube_getdata_contract_test.cpp
cmake/Tests/AsciiTests.cmake	cna_test_ascii_rendertargetcube_msaa_face	examples/rendertargetcube_msaa_face_test.cpp
cmake/Tests/AsciiTests.cmake	cna_test_ascii_rendertargetcube_usage	examples/rendertargetcube_usage_test.cpp
cmake/Tests/AsciiTests.cmake	cna_test_ascii_texture2d_getdata_contract	examples/texture2d_getdata_contract_test.cpp
cmake/Tests/AsciiTests.cmake	cna_test_ascii_texture2d_getdata_transfer_range	examples/texture2d_getdata_transfer_range_test.cpp
cmake/Tests/AsciiTests.cmake	cna_test_ascii_throwno3d	examples/ascii_throwno3d_test.cpp
cmake/Tests/AsciiTests.cmake	cna_test_ascii_unsupported_3d_behavior	examples/unsupported_3d_call_behavior_test.cpp
cmake/Tests/BgfxTests.cmake	cna_test_bgfx_additive_blend_contract	examples/additive_blend_contract_test.cpp
cmake/Tests/BgfxTests.cmake	cna_test_bgfx_alphatest_comparefunction_sweep	examples/bgfx_alphatest_comparefunction_sweep_test.cpp
cmake/Tests/BgfxTests.cmake	cna_test_bgfx_alphatest_fog	examples/bgfx_alphatest_fog_test.cpp
cmake/Tests/BgfxTests.cmake	cna_test_bgfx_alphatest_null_texture	examples/bgfx_alphatest_null_texture_test.cpp
cmake/Tests/BgfxTests.cmake	cna_test_bgfx_alphatest_vertexcolor	examples/bgfx_alphatest_vertexcolor_test.cpp
cmake/Tests/BgfxTests.cmake	cna_test_bgfx_backbuffer_first_read	examples/backbuffer_first_read_test.cpp
cmake/Tests/BgfxTests.cmake	cna_test_bgfx_backbuffer_pass_order	examples/backbuffer_pass_order_test.cpp
cmake/Tests/BgfxTests.cmake	cna_test_bgfx_backbuffer_readback_dimension	examples/backbuffer_readback_dimension_test.cpp
cmake/Tests/BgfxTests.cmake	cna_test_bgfx_backbuffer_reject	examples/backbuffer_headless_reject_test.cpp
cmake/Tests/BgfxTests.cmake	cna_test_bgfx_basiceffect_combined	examples/bgfx_basiceffect_combined_test.cpp
cmake/Tests/BgfxTests.cmake	cna_test_bgfx_basiceffect_emissive	examples/bgfx_basiceffect_emissive_test.cpp
cmake/Tests/BgfxTests.cmake	cna_test_bgfx_basiceffect_fog	examples/bgfx_basiceffect_fog_test.cpp
cmake/Tests/BgfxTests.cmake	cna_test_bgfx_basiceffect_lit_fog	examples/bgfx_basiceffect_lit_fog_test.cpp
cmake/Tests/BgfxTests.cmake	cna_test_bgfx_basiceffect_multilight_emissive	examples/bgfx_basiceffect_multilight_emissive_test.cpp
cmake/Tests/BgfxTests.cmake	cna_test_bgfx_basiceffect_normaltransform	examples/bgfx_basiceffect_normaltransform_test.cpp
cmake/Tests/BgfxTests.cmake	cna_test_bgfx_basiceffect_one_light	examples/bgfx_basiceffect_one_light_test.cpp
cmake/Tests/BgfxTests.cmake	cna_test_bgfx_basiceffect_preferperpixellighting	examples/bgfx_basiceffect_preferperpixellighting_test.cpp
cmake/Tests/BgfxTests.cmake	cna_test_bgfx_basiceffect_specular	examples/bgfx_basiceffect_specular_test.cpp
cmake/Tests/BgfxTests.cmake	cna_test_bgfx_basiceffect_texture_enabled	examples/bgfx_basiceffect_texture_enabled_test.cpp
cmake/Tests/BgfxTests.cmake	cna_test_bgfx_basiceffect_texture_vertexcolor_enabled	examples/bgfx_basiceffect_texture_vertexcolor_enabled_test.cpp
cmake/Tests/BgfxTests.cmake	cna_test_bgfx_basiceffect_vertexcolor_disabled	examples/bgfx_basiceffect_vertexcolor_disabled_test.cpp
cmake/Tests/BgfxTests.cmake	cna_test_bgfx_basiceffect_vertexcolor_enabled	examples/bgfx_basiceffect_vertexcolor_enabled_test.cpp
cmake/Tests/BgfxTests.cmake	cna_test_bgfx_blendstate_additive	examples/bgfx_blendstate_additive_test.cpp
cmake/Tests/BgfxTests.cmake	cna_test_bgfx_blendstate_alphablend	examples/bgfx_blendstate_alphablend_test.cpp
cmake/Tests/BgfxTests.cmake	cna_test_bgfx_blendstate_blendfactor	examples/bgfx_blendstate_blendfactor_test.cpp
cmake/Tests/BgfxTests.cmake	cna_test_bgfx_blendstate_nonpremultiplied	examples/bgfx_blendstate_nonpremultiplied_test.cpp
cmake/Tests/BgfxTests.cmake	cna_test_bgfx_blendstate_opaque	examples/bgfx_blendstate_opaque_test.cpp
cmake/Tests/BgfxTests.cmake	cna_test_bgfx_blendstate_separate_functions	examples/bgfx_blendstate_separate_functions_test.cpp
cmake/Tests/BgfxTests.cmake	cna_test_bgfx_bound_target_lifetime	examples/bound_target_lifetime_test.cpp
cmake/Tests/BgfxTests.cmake	cna_test_bgfx_colorspace_midtone	examples/colorspace_midtone_contract_test.cpp
cmake/Tests/BgfxTests.cmake	cna_test_bgfx_colorwritechannels	examples/bgfx_colorwritechannels_test.cpp
cmake/Tests/BgfxTests.cmake	cna_test_bgfx_concurrent_rendertargets	examples/bgfx_concurrent_rendertargets_test.cpp
cmake/Tests/BgfxTests.cmake	cna_test_bgfx_cube_volume_getdata_contract	examples/texturecube_texture3d_getdata_contract_test.cpp
cmake/Tests/BgfxTests.cmake	cna_test_bgfx_cube_volume_setdata_contract	examples/texturecube_texture3d_setdata_contract_test.cpp
cmake/Tests/BgfxTests.cmake	cna_test_bgfx_deferred_scissor	examples/deferred_scissor_capture_test.cpp
cmake/Tests/BgfxTests.cmake	cna_test_bgfx_deferred_source_lifetime	examples/deferred_source_lifetime_test.cpp
cmake/Tests/BgfxTests.cmake	cna_test_bgfx_deferred_viewport	examples/deferred_viewport_capture_test.cpp
cmake/Tests/BgfxTests.cmake	cna_test_bgfx_depthstencilstate_compare_function	examples/bgfx_depthstencilstate_compare_function_test.cpp
cmake/Tests/BgfxTests.cmake	cna_test_bgfx_depthstencilstate_stencil_mask	examples/bgfx_depthstencilstate_stencil_mask_test.cpp
cmake/Tests/BgfxTests.cmake	cna_test_bgfx_depthstencilstate_stencil_ops	examples/bgfx_depthstencilstate_stencil_ops_test.cpp
cmake/Tests/BgfxTests.cmake	cna_test_bgfx_depthstencilstate_stencil_twosided	examples/bgfx_depthstencilstate_stencil_twosided_test.cpp
cmake/Tests/BgfxTests.cmake	cna_test_bgfx_depthstencilstate_write_enable	examples/bgfx_depthstencilstate_write_enable_test.cpp
cmake/Tests/BgfxTests.cmake	cna_test_bgfx_descriptor_capacity	examples/descriptor_capacity_contract_test.cpp
cmake/Tests/BgfxTests.cmake	cna_test_bgfx_dual_texture	examples/bgfx_dual_texture_test.cpp
cmake/Tests/BgfxTests.cmake	cna_test_bgfx_dualtexture_slot_sampler	examples/dualtexture_slot_sampler_contract_test.cpp
cmake/Tests/BgfxTests.cmake	cna_test_bgfx_dualtextureeffect_alpha	examples/bgfx_dualtextureeffect_alpha_test.cpp
cmake/Tests/BgfxTests.cmake	cna_test_bgfx_dualtextureeffect_combined	examples/bgfx_dualtextureeffect_combined_test.cpp
cmake/Tests/BgfxTests.cmake	cna_test_bgfx_dualtextureeffect_doubling	examples/bgfx_dualtextureeffect_doubling_test.cpp
cmake/Tests/BgfxTests.cmake	cna_test_bgfx_dualtextureeffect_fog	examples/bgfx_dualtextureeffect_fog_test.cpp
cmake/Tests/BgfxTests.cmake	cna_test_bgfx_dualtextureeffect_null_texture0	examples/bgfx_dualtextureeffect_null_texture0_test.cpp
cmake/Tests/BgfxTests.cmake	cna_test_bgfx_dualtextureeffect_null_texture2	examples/bgfx_dualtextureeffect_null_texture2_test.cpp
cmake/Tests/BgfxTests.cmake	cna_test_bgfx_dualtextureeffect_vertexcolor	examples/dualtextureeffect_vertexcolor_test.cpp
cmake/Tests/BgfxTests.cmake	cna_test_bgfx_env_map	examples/bgfx_env_map_test.cpp
cmake/Tests/BgfxTests.cmake	cna_test_bgfx_environmentmapeffect_alphascaledlerp	examples/environmentmapeffect_alphascaledlerp_test.cpp
cmake/Tests/BgfxTests.cmake	cna_test_bgfx_environmentmapeffect_amount_one	examples/bgfx_environmentmapeffect_amount_one_test.cpp
cmake/Tests/BgfxTests.cmake	cna_test_bgfx_environmentmapeffect_amount_zero	examples/bgfx_environmentmapeffect_amount_zero_test.cpp
cmake/Tests/BgfxTests.cmake	cna_test_bgfx_environmentmapeffect_combined	examples/bgfx_environmentmapeffect_combined_test.cpp
cmake/Tests/BgfxTests.cmake	cna_test_bgfx_environmentmapeffect_eyeposition	examples/bgfx_environmentmapeffect_eyeposition_test.cpp
cmake/Tests/BgfxTests.cmake	cna_test_bgfx_environmentmapeffect_fog	examples/bgfx_environmentmapeffect_fog_test.cpp
cmake/Tests/BgfxTests.cmake	cna_test_bgfx_environmentmapeffect_fresnel	examples/bgfx_environmentmapeffect_fresnel_test.cpp
cmake/Tests/BgfxTests.cmake	cna_test_bgfx_environmentmapeffect_multilight	examples/bgfx_environmentmapeffect_multilight_test.cpp
cmake/Tests/BgfxTests.cmake	cna_test_bgfx_environmentmapeffect_specular	examples/bgfx_environmentmapeffect_specular_test.cpp
cmake/Tests/BgfxTests.cmake	cna_test_bgfx_environmentmapeffect_worldtransform	examples/bgfx_environmentmapeffect_worldtransform_test.cpp
cmake/Tests/BgfxTests.cmake	cna_test_bgfx_envmap_cube_sampler	examples/envmap_cube_sampler_contract_test.cpp
cmake/Tests/BgfxTests.cmake	cna_test_bgfx_frontface_winding	examples/frontface_winding_test.cpp
cmake/Tests/BgfxTests.cmake	cna_test_bgfx_gfx138_rendertargetcube_finalize	examples/bgfx_rendertargetcube_finalize_test.cpp
cmake/Tests/BgfxTests.cmake	cna_test_bgfx_gfx153_source_rectangle	examples/source_rectangle_orientation_test.cpp
cmake/Tests/BgfxTests.cmake	cna_test_bgfx_gfx179_view_capacity	examples/bgfx_gfx179_view_capacity_test.cpp
cmake/Tests/BgfxTests.cmake	cna_test_bgfx_gfx185_msaa_capability	examples/bgfx_gfx185_msaa_capability_test.cpp
cmake/Tests/BgfxTests.cmake	cna_test_bgfx_gfx196_noop_reset	examples/bgfx_gfx196_noop_reset_test.cpp
cmake/Tests/BgfxTests.cmake	cna_test_bgfx_graphicsdevice_clear_depth	examples/graphicsdevice_clear_depth_test.cpp
cmake/Tests/BgfxTests.cmake	cna_test_bgfx_graphicsdevice_clear_stencil	examples/bgfx_graphicsdevice_clear_stencil_test.cpp
cmake/Tests/BgfxTests.cmake	cna_test_bgfx_graphicsdevice_clearoptions	examples/bgfx_graphicsdevice_clearoptions_test.cpp
cmake/Tests/BgfxTests.cmake	cna_test_bgfx_graphicsdevice_default_state_occlusion	examples/graphicsdevice_default_state_occlusion_test.cpp
cmake/Tests/BgfxTests.cmake	cna_test_bgfx_graphicsdevice_reference_stencil	examples/bgfx_graphicsdevice_reference_stencil_test.cpp
cmake/Tests/BgfxTests.cmake	cna_test_bgfx_invalid_mip_level	examples/rendertarget_invalid_mip_level_test.cpp
cmake/Tests/BgfxTests.cmake	cna_test_bgfx_model_hierarchy_child_mesh	examples/bgfx_model_hierarchy_child_mesh_test.cpp
cmake/Tests/BgfxTests.cmake	cna_test_bgfx_model_json_reader	examples/bgfx_model_json_reader_test.cpp
cmake/Tests/BgfxTests.cmake	cna_test_bgfx_model_two_meshes_effects	examples/bgfx_model_two_meshes_effects_test.cpp
cmake/Tests/BgfxTests.cmake	cna_test_bgfx_mrt_mixed_formats	examples/bgfx_mrt_mixed_formats_test.cpp
cmake/Tests/BgfxTests.cmake	cna_test_bgfx_msaa_depth_contract	examples/rendertarget_msaa_depth_contract_test.cpp
cmake/Tests/BgfxTests.cmake	cna_test_bgfx_msaa_first_readback	examples/rendertarget_msaa_first_readback_test.cpp
cmake/Tests/BgfxTests.cmake	cna_test_bgfx_msaa_mip_readback	examples/rendertarget_msaa_mip_readback_test.cpp
cmake/Tests/BgfxTests.cmake	cna_test_bgfx_multi_viewport	examples/bgfx_multi_viewport_test.cpp
cmake/Tests/BgfxTests.cmake	cna_test_bgfx_npot_texture	examples/bgfx_npot_texture_test.cpp
cmake/Tests/BgfxTests.cmake	cna_test_bgfx_occlusion_query	examples/bgfx_occlusion_query_test.cpp
cmake/Tests/BgfxTests.cmake	cna_test_bgfx_occlusionquery_dispose_active	examples/bgfx_occlusionquery_dispose_active_test.cpp
cmake/Tests/BgfxTests.cmake	cna_test_bgfx_occlusionquery_pixelcount	examples/bgfx_occlusionquery_pixelcount_test.cpp
cmake/Tests/BgfxTests.cmake	cna_test_bgfx_ordered_clear	examples/graphicsdevice_ordered_clear_test.cpp
cmake/Tests/BgfxTests.cmake	cna_test_bgfx_pbreffect	examples/bgfx_pbreffect_test.cpp
cmake/Tests/BgfxTests.cmake	cna_test_bgfx_point_sampling	examples/point_sampling_contract_test.cpp
cmake/Tests/BgfxTests.cmake	cna_test_bgfx_present_lifecycle	examples/present_lifecycle_contract_test.cpp
cmake/Tests/BgfxTests.cmake	cna_test_bgfx_rasterizerstate_cullmode	examples/bgfx_rasterizerstate_cullmode_test.cpp
cmake/Tests/BgfxTests.cmake	cna_test_bgfx_rasterizerstate_cullmode_camera	examples/rasterizerstate_cullmode_camera_test.cpp
cmake/Tests/BgfxTests.cmake	cna_test_bgfx_rasterizerstate_cullmode_indexed_basiceffect	examples/rasterizerstate_cullmode_indexed_basiceffect_test.cpp
cmake/Tests/BgfxTests.cmake	cna_test_bgfx_rasterizerstate_depthbias	examples/bgfx_rasterizerstate_depthbias_test.cpp
cmake/Tests/BgfxTests.cmake	cna_test_bgfx_rasterizerstate_fillmode_wireframe	examples/bgfx_rasterizerstate_fillmode_wireframe_test.cpp
cmake/Tests/BgfxTests.cmake	cna_test_bgfx_render_target_cube_sample	examples/bgfx_render_target_cube_sample_test.cpp
cmake/Tests/BgfxTests.cmake	cna_test_bgfx_render_target_sample	examples/bgfx_render_target_sample_test.cpp
cmake/Tests/BgfxTests.cmake	cna_test_bgfx_render_target_usage	examples/bgfx_render_target_usage_test.cpp
cmake/Tests/BgfxTests.cmake	cna_test_bgfx_rendertarget2d_depth	examples/rendertarget2d_depth_test.cpp
cmake/Tests/BgfxTests.cmake	cna_test_bgfx_rendertarget2d_mip	examples/bgfx_rendertarget2d_mip_test.cpp
cmake/Tests/BgfxTests.cmake	cna_test_bgfx_rendertarget2d_msaa	examples/bgfx_rendertarget2d_msaa_test.cpp
cmake/Tests/BgfxTests.cmake	cna_test_bgfx_rendertarget_depthstencil_usage	examples/rendertarget_depthstencil_usage_test.cpp
cmake/Tests/BgfxTests.cmake	cna_test_bgfx_rendertarget_effect_texture	examples/bgfx_rendertarget_effect_texture_test.cpp
cmake/Tests/BgfxTests.cmake	cna_test_bgfx_rendertarget_orientation	examples/bgfx_rendertarget_orientation_test.cpp
cmake/Tests/BgfxTests.cmake	cna_test_bgfx_rendertarget_pass_boundary	examples/rendertarget_pass_boundary_test.cpp
cmake/Tests/BgfxTests.cmake	cna_test_bgfx_rendertarget_scissor	examples/bgfx_rendertarget_scissor_test.cpp
cmake/Tests/BgfxTests.cmake	cna_test_bgfx_rendertarget_viewport	examples/bgfx_rendertarget_viewport_test.cpp
cmake/Tests/BgfxTests.cmake	cna_test_bgfx_rendertargetcube_depthformat	examples/bgfx_rendertargetcube_depthformat_test.cpp
cmake/Tests/BgfxTests.cmake	cna_test_bgfx_rendertargetcube_getdata_contract	examples/rendertargetcube_getdata_contract_test.cpp
cmake/Tests/BgfxTests.cmake	cna_test_bgfx_rendertargetcube_mip	examples/bgfx_rendertargetcube_mip_test.cpp
cmake/Tests/BgfxTests.cmake	cna_test_bgfx_rendertargetcube_msaa	examples/bgfx_rendertargetcube_msaa_test.cpp
cmake/Tests/BgfxTests.cmake	cna_test_bgfx_rendertargetcube_msaa_face	examples/rendertargetcube_msaa_face_test.cpp
cmake/Tests/BgfxTests.cmake	cna_test_bgfx_rendertargetcube_plural_binding	examples/rendertargetcube_plural_binding_test.cpp
cmake/Tests/BgfxTests.cmake	cna_test_bgfx_rendertargetcube_usage	examples/rendertargetcube_usage_test.cpp
cmake/Tests/BgfxTests.cmake	cna_test_bgfx_rt_backbuffer_consumer	examples/rendertarget_backbuffer_consumer_test.cpp
cmake/Tests/BgfxTests.cmake	cna_test_bgfx_rt_effect_source	examples/rendertarget_effect_source_test.cpp
cmake/Tests/BgfxTests.cmake	cna_test_bgfx_rt_first_use	examples/rendertarget_first_use_test.cpp
cmake/Tests/BgfxTests.cmake	cna_test_bgfx_rt_producer_consumer	examples/rendertarget_producer_consumer_test.cpp
cmake/Tests/BgfxTests.cmake	cna_test_bgfx_rt_sampling_orientation	examples/rendertarget_sampling_orientation_test.cpp
cmake/Tests/BgfxTests.cmake	cna_test_bgfx_scissor	examples/bgfx_scissor_test.cpp
cmake/Tests/BgfxTests.cmake	cna_test_bgfx_setrendertarget_null_restore	examples/bgfx_setrendertarget_null_restore_test.cpp
cmake/Tests/BgfxTests.cmake	cna_test_bgfx_skinnedeffect_combined	examples/bgfx_skinnedeffect_combined_test.cpp
cmake/Tests/BgfxTests.cmake	cna_test_bgfx_skinnedeffect_fog	examples/bgfx_skinnedeffect_fog_test.cpp
cmake/Tests/BgfxTests.cmake	cna_test_bgfx_skinnedeffect_identity_bones	examples/bgfx_skinnedeffect_identity_bones_test.cpp
cmake/Tests/BgfxTests.cmake	cna_test_bgfx_skinnedeffect_lighting_conformance	examples/skinnedeffect_lighting_conformance_test.cpp
cmake/Tests/BgfxTests.cmake	cna_test_bgfx_skinnedeffect_multilight	examples/bgfx_skinnedeffect_multilight_test.cpp
cmake/Tests/BgfxTests.cmake	cna_test_bgfx_skinnedeffect_preferperpixellighting	examples/bgfx_skinnedeffect_preferperpixellighting_test.cpp
cmake/Tests/BgfxTests.cmake	cna_test_bgfx_skinnedeffect_specular	examples/bgfx_skinnedeffect_specular_test.cpp
cmake/Tests/BgfxTests.cmake	cna_test_bgfx_skinnedeffect_translation_bone	examples/bgfx_skinnedeffect_translation_bone_test.cpp
cmake/Tests/BgfxTests.cmake	cna_test_bgfx_skinnedeffect_twobone_blend	examples/bgfx_skinnedeffect_twobone_blend_test.cpp
cmake/Tests/BgfxTests.cmake	cna_test_bgfx_skinnedeffect_vertexcolor	examples/bgfx_skinnedeffect_vertexcolor_test.cpp
cmake/Tests/BgfxTests.cmake	cna_test_bgfx_skinnedeffect_weightspervertex	examples/bgfx_skinnedeffect_weightspervertex_test.cpp
cmake/Tests/BgfxTests.cmake	cna_test_bgfx_skinnedeffect_world_normal	examples/bgfx_skinnedeffect_world_normal_test.cpp
cmake/Tests/BgfxTests.cmake	cna_test_bgfx_skinnedpbreffect	examples/bgfx_skinnedpbreffect_test.cpp
cmake/Tests/BgfxTests.cmake	cna_test_bgfx_sprite_effects	examples/bgfx_sprite_effects_test.cpp
cmake/Tests/BgfxTests.cmake	cna_test_bgfx_spritebatch_3d_order	examples/spritebatch_3d_order_test.cpp
cmake/Tests/BgfxTests.cmake	cna_test_bgfx_spritebatch_begin_rasterizerstate	examples/bgfx_spritebatch_begin_rasterizerstate_test.cpp
cmake/Tests/BgfxTests.cmake	cna_test_bgfx_spritebatch_custom_viewport	examples/spritebatch_custom_viewport_test.cpp
cmake/Tests/BgfxTests.cmake	cna_test_bgfx_spritebatch_layerdepth	examples/bgfx_spritebatch_layerdepth_test.cpp
cmake/Tests/BgfxTests.cmake	cna_test_bgfx_spritebatch_rotation	examples/bgfx_spritebatch_rotation_test.cpp
cmake/Tests/BgfxTests.cmake	cna_test_bgfx_spritebatch_scale	examples/bgfx_spritebatch_scale_test.cpp
cmake/Tests/BgfxTests.cmake	cna_test_bgfx_spritebatch_sourcerect	examples/bgfx_spritebatch_sourcerect_test.cpp
cmake/Tests/BgfxTests.cmake	cna_test_bgfx_spritebatch_transform	examples/bgfx_spritebatch_transform_test.cpp
cmake/Tests/BgfxTests.cmake	cna_test_bgfx_spritefont_default_char	examples/bgfx_spritefont_default_char_test.cpp
cmake/Tests/BgfxTests.cmake	cna_test_bgfx_spritefont_multiglyph_newline	examples/bgfx_spritefont_multiglyph_newline_test.cpp
cmake/Tests/BgfxTests.cmake	cna_test_bgfx_spritefont_single_glyph	examples/bgfx_spritefont_single_glyph_test.cpp
cmake/Tests/BgfxTests.cmake	cna_test_bgfx_stock_effect_sampler	examples/stock_effect_sampler_contract_test.cpp
cmake/Tests/BgfxTests.cmake	cna_test_bgfx_surface_format_throws	examples/easygl_surface_format_throws_test.cpp
cmake/Tests/BgfxTests.cmake	cna_test_bgfx_texture2d_getdata_contract	examples/texture2d_getdata_contract_test.cpp
cmake/Tests/BgfxTests.cmake	cna_test_bgfx_texture2d_getdata_transfer_range	examples/texture2d_getdata_transfer_range_test.cpp
cmake/Tests/BgfxTests.cmake	cna_test_bgfx_texture2d_partial_rect	examples/easygl_texture2d_partial_rect_test.cpp
cmake/Tests/BgfxTests.cmake	cna_test_bgfx_texture3d_mip	examples/easygl_texture3d_mip_test.cpp
cmake/Tests/BgfxTests.cmake	cna_test_bgfx_texture3d_partial_box_readback	examples/easygl_texture3d_partial_box_readback_test.cpp
cmake/Tests/BgfxTests.cmake	cna_test_bgfx_texture3d_slices	examples/easygl_texture3d_slices_test.cpp
cmake/Tests/BgfxTests.cmake	cna_test_bgfx_texture_address_mode	examples/bgfx_texture_address_mode_test.cpp
cmake/Tests/BgfxTests.cmake	cna_test_bgfx_texture_address_mode_mirror	examples/bgfx_texture_address_mode_mirror_test.cpp
cmake/Tests/BgfxTests.cmake	cna_test_bgfx_texture_anisotropic_effect	examples/bgfx_texture_anisotropic_effect_test.cpp
cmake/Tests/BgfxTests.cmake	cna_test_bgfx_texture_filter_mip_contract	examples/texture_filter_mip_contract_test.cpp
cmake/Tests/BgfxTests.cmake	cna_test_bgfx_texture_filter_ordinal	examples/texture_filter_ordinal_contract_test.cpp
cmake/Tests/BgfxTests.cmake	cna_test_bgfx_texture_filter_point_vs_linear	examples/bgfx_texture_filter_point_vs_linear_test.cpp
cmake/Tests/BgfxTests.cmake	cna_test_bgfx_texture_mip_filter_effect	examples/bgfx_texture_mip_filter_effect_test.cpp
cmake/Tests/BgfxTests.cmake	cna_test_bgfx_texturecube_mip	examples/easygl_texturecube_mip_test.cpp
cmake/Tests/BgfxTests.cmake	cna_test_bgfx_texturecube_partial_rect	examples/easygl_texturecube_partial_rect_test.cpp
cmake/Tests/BgfxTests.cmake	cna_test_bgfx_texturefilter_split_minmag	examples/bgfx_texturefilter_split_minmag_test.cpp
cmake/Tests/BgfxTests.cmake	cna_test_bgfx_transform_matrix	examples/bgfx_transform_matrix_test.cpp
cmake/Tests/BgfxTests.cmake	cna_test_bgfx_triangle_strip_winding	examples/triangle_strip_winding_test.cpp
cmake/Tests/BgfxTests.cmake	cna_test_bgfx_vertex_format	examples/bgfx_vertex_format_test.cpp
cmake/Tests/BgfxTests.cmake	cna_test_bgfx_viewport_reset_after_resize	examples/viewport_reset_after_resize_test.cpp
cmake/Tests/BgfxTests.cmake	cna_test_bgfx_viewport_subregion	examples/bgfx_viewport_subregion_test.cpp
cmake/Tests/BgfxTests.cmake	cna_test_bgfx_viewspace_fog	examples/bgfx_viewspace_fog_test.cpp
cmake/Tests/CanvasTests.cmake	cna_test_canvas_backbuffer_pass_order	examples/backbuffer_pass_order_test.cpp
cmake/Tests/CanvasTests.cmake	cna_test_canvas_cube_volume_getdata_contract	examples/texturecube_texture3d_getdata_contract_test.cpp
cmake/Tests/CanvasTests.cmake	cna_test_canvas_cube_volume_setdata_contract	examples/texturecube_texture3d_setdata_contract_test.cpp
cmake/Tests/CanvasTests.cmake	cna_test_canvas_graphics_capability	examples/canvas_graphics_capability_test.cpp
cmake/Tests/CanvasTests.cmake	cna_test_canvas_rendertarget_depthstencil_usage	examples/rendertarget_depthstencil_usage_test.cpp
cmake/Tests/CanvasTests.cmake	cna_test_canvas_rendertarget_pass_boundary	examples/rendertarget_pass_boundary_test.cpp
cmake/Tests/CanvasTests.cmake	cna_test_canvas_rendertargetcube_getdata_contract	examples/rendertargetcube_getdata_contract_test.cpp
cmake/Tests/CanvasTests.cmake	cna_test_canvas_rendertargetcube_msaa_face	examples/rendertargetcube_msaa_face_test.cpp
cmake/Tests/CanvasTests.cmake	cna_test_canvas_rendertargetcube_usage	examples/rendertargetcube_usage_test.cpp
cmake/Tests/CanvasTests.cmake	cna_test_canvas_smoke	examples/canvas_smoke_test.cpp
cmake/Tests/CanvasTests.cmake	cna_test_canvas_texture2d_getdata_contract	examples/texture2d_getdata_contract_test.cpp
cmake/Tests/CanvasTests.cmake	cna_test_canvas_texture2d_getdata_transfer_range	examples/texture2d_getdata_transfer_range_test.cpp
cmake/Tests/CanvasTests.cmake	cna_test_canvas_unsupported_3d_behavior	examples/unsupported_3d_call_behavior_test.cpp
cmake/Tests/CrossRendererBenchmark.cmake	cna_bench_graphics_renderer	examples/graphics_renderer_benchmark.cpp
cmake/Tests/DiligentTests.cmake	cna_test_diligent_alphatest_fog	examples/diligent_alphatest_fog_test.cpp
cmake/Tests/DiligentTests.cmake	cna_test_diligent_anisotropic	examples/diligent_anisotropic_test.cpp
cmake/Tests/DiligentTests.cmake	cna_test_diligent_backbuffer_readback_bounds	examples/diligent_backbuffer_readback_bounds_test.cpp
cmake/Tests/DiligentTests.cmake	cna_test_diligent_capability_consistency	examples/diligent_capability_consistency_test.cpp
cmake/Tests/DiligentTests.cmake	cna_test_diligent_clear_readback	examples/diligent_clear_readback_test.cpp
cmake/Tests/DiligentTests.cmake	cna_test_diligent_colored3d	examples/diligent_colored3d_test.cpp
cmake/Tests/DiligentTests.cmake	cna_test_diligent_depthbias	examples/diligent_depthbias_test.cpp
cmake/Tests/DiligentTests.cmake	cna_test_diligent_device_selection_integration	examples/diligent_device_selection_integration_test.cpp
cmake/Tests/DiligentTests.cmake	cna_test_diligent_drawoffset	examples/diligent_drawoffset_test.cpp
cmake/Tests/DiligentTests.cmake	cna_test_diligent_dualtexture_envmap	examples/diligent_dualtexture_envmap_test.cpp
cmake/Tests/DiligentTests.cmake	cna_test_diligent_fillmode	examples/diligent_fillmode_test.cpp
cmake/Tests/DiligentTests.cmake	cna_test_diligent_instance_binding_offsets	examples/diligent_instance_binding_offsets_test.cpp
cmake/Tests/DiligentTests.cmake	cna_test_diligent_instanced	examples/diligent_instanced_test.cpp
cmake/Tests/DiligentTests.cmake	cna_test_diligent_instanced_stride	examples/diligent_instanced_stride_test.cpp
cmake/Tests/DiligentTests.cmake	cna_test_diligent_lighting_fidelity	examples/diligent_lighting_fidelity_test.cpp
cmake/Tests/DiligentTests.cmake	cna_test_diligent_mip	examples/diligent_mip_test.cpp
cmake/Tests/DiligentTests.cmake	cna_test_diligent_model	examples/diligent_model_test.cpp
cmake/Tests/DiligentTests.cmake	cna_test_diligent_mrt	examples/diligent_mrt_test.cpp
cmake/Tests/DiligentTests.cmake	cna_test_diligent_msaa	examples/diligent_msaa_test.cpp
cmake/Tests/DiligentTests.cmake	cna_test_diligent_multisamplemask	examples/diligent_multisamplemask_test.cpp
cmake/Tests/DiligentTests.cmake	cna_test_diligent_npot	examples/diligent_npot_test.cpp
cmake/Tests/DiligentTests.cmake	cna_test_diligent_occlusionquery	examples/diligent_occlusionquery_test.cpp
cmake/Tests/DiligentTests.cmake	cna_test_diligent_pbr	examples/diligent_pbr_test.cpp
cmake/Tests/DiligentTests.cmake	cna_test_diligent_referencestencil	examples/diligent_referencestencil_test.cpp
cmake/Tests/DiligentTests.cmake	cna_test_diligent_rendertarget	examples/diligent_rendertarget_test.cpp
cmake/Tests/DiligentTests.cmake	cna_test_diligent_rendertarget_mipgen	examples/diligent_rendertarget_mipgen_test.cpp
cmake/Tests/DiligentTests.cmake	cna_test_diligent_rendertargetcube	examples/diligent_rendertargetcube_test.cpp
cmake/Tests/DiligentTests.cmake	cna_test_diligent_scissor_pipelinecache	examples/diligent_scissor_pipelinecache_test.cpp
cmake/Tests/DiligentTests.cmake	cna_test_diligent_setdataoptions	examples/diligent_setdataoptions_test.cpp
cmake/Tests/DiligentTests.cmake	cna_test_diligent_skinned	examples/diligent_skinned_test.cpp
cmake/Tests/DiligentTests.cmake	cna_test_diligent_spritefont	examples/diligent_spritefont_test.cpp
cmake/Tests/DiligentTests.cmake	cna_test_diligent_vertexlit	examples/diligent_vertexlit_test.cpp
cmake/Tests/Direct2DTests.cmake	cna_test_direct2d_2d_parity	examples/direct2d_2d_parity_test.cpp
cmake/Tests/Direct2DTests.cmake	cna_test_direct2d_lifetime	examples/direct2d_lifetime_test.cpp
cmake/Tests/Direct2DTests.cmake	cna_test_direct2d_smoke	examples/direct2d_smoke_test.cpp
cmake/Tests/DirectX10Tests.cmake	cna_test_directx10_blendstate_alphablend	examples/easygl_blendstate_alphablend_test.cpp
cmake/Tests/DirectX10Tests.cmake	cna_test_directx10_blendstate_opaque	examples/easygl_blendstate_opaque_test.cpp
cmake/Tests/DirectX10Tests.cmake	cna_test_directx10_depthstencilstate_stencil_enable	examples/easygl_depthstencilstate_stencil_enable_test.cpp
cmake/Tests/DirectX10Tests.cmake	cna_test_directx10_device3d_smoke	examples/directx10_device3d_smoke_test.cpp
cmake/Tests/DirectX10Tests.cmake	cna_test_directx10_graphics_capability	examples/directx10_graphics_capability_test.cpp
cmake/Tests/DirectX10Tests.cmake	cna_test_directx10_mrt	examples/directx10_mrt_test.cpp
cmake/Tests/DirectX10Tests.cmake	cna_test_directx10_rasterizerstate_cullmode	examples/easygl_rasterizerstate_cullmode_test.cpp
cmake/Tests/DirectX10Tests.cmake	cna_test_directx10_smoke	examples/directx10_smoke_test.cpp
cmake/Tests/DirectX10Tests.cmake	cna_test_directx10_spritebatch	examples/directx10_spritebatch_test.cpp
cmake/Tests/DirectX11Tests.cmake	cna_test_directx11_alphatest_fog	examples/vulkan_alphatest_fog_test.cpp
cmake/Tests/DirectX11Tests.cmake	cna_test_directx11_backbuffer_pass_order	examples/backbuffer_pass_order_test.cpp
cmake/Tests/DirectX11Tests.cmake	cna_test_directx11_blendstate_alphablend	examples/easygl_blendstate_alphablend_test.cpp
cmake/Tests/DirectX11Tests.cmake	cna_test_directx11_blendstate_opaque	examples/easygl_blendstate_opaque_test.cpp
cmake/Tests/DirectX11Tests.cmake	cna_test_directx11_common	examples/directx11_common_test.cpp
cmake/Tests/DirectX11Tests.cmake	cna_test_directx11_cube_volume_getdata_contract	examples/texturecube_texture3d_getdata_contract_test.cpp
cmake/Tests/DirectX11Tests.cmake	cna_test_directx11_cube_volume_setdata_contract	examples/texturecube_texture3d_setdata_contract_test.cpp
cmake/Tests/DirectX11Tests.cmake	cna_test_directx11_deferred_scissor	examples/deferred_scissor_capture_test.cpp
cmake/Tests/DirectX11Tests.cmake	cna_test_directx11_deferred_viewport	examples/deferred_viewport_capture_test.cpp
cmake/Tests/DirectX11Tests.cmake	cna_test_directx11_depth_contract	examples/graphicsdevice_depth_contract_test.cpp
cmake/Tests/DirectX11Tests.cmake	cna_test_directx11_depthstencilstate_stencil_enable	examples/easygl_depthstencilstate_stencil_enable_test.cpp
cmake/Tests/DirectX11Tests.cmake	cna_test_directx11_descriptor_capacity	examples/descriptor_capacity_contract_test.cpp
cmake/Tests/DirectX11Tests.cmake	cna_test_directx11_dualtexture_fog	examples/vulkan_dualtextureeffect_fog_test.cpp
cmake/Tests/DirectX11Tests.cmake	cna_test_directx11_dualtexture_slot_sampler	examples/dualtexture_slot_sampler_contract_test.cpp
cmake/Tests/DirectX11Tests.cmake	cna_test_directx11_environmentmap_fog	examples/vulkan_environmentmapeffect_fog_test.cpp
cmake/Tests/DirectX11Tests.cmake	cna_test_directx11_environmentmapeffect_amount_zero	examples/vulkan_environmentmapeffect_amount_zero_test.cpp
cmake/Tests/DirectX11Tests.cmake	cna_test_directx11_envmap_cube_sampler	examples/envmap_cube_sampler_contract_test.cpp
cmake/Tests/DirectX11Tests.cmake	cna_test_directx11_ordered_clear	examples/graphicsdevice_ordered_clear_test.cpp
cmake/Tests/DirectX11Tests.cmake	cna_test_directx11_pbr_vertexcolor	examples/directx11_pbr_vertexcolor_test.cpp
cmake/Tests/DirectX11Tests.cmake	cna_test_directx11_point_sampling	examples/point_sampling_contract_test.cpp
cmake/Tests/DirectX11Tests.cmake	cna_test_directx11_rasterizerstate_cullmode	examples/easygl_rasterizerstate_cullmode_test.cpp
cmake/Tests/DirectX11Tests.cmake	cna_test_directx11_rendertarget_depthstencil_usage	examples/rendertarget_depthstencil_usage_test.cpp
cmake/Tests/DirectX11Tests.cmake	cna_test_directx11_rendertarget_pass_boundary	examples/rendertarget_pass_boundary_test.cpp
cmake/Tests/DirectX11Tests.cmake	cna_test_directx11_rendertargetcube_getdata_contract	examples/rendertargetcube_getdata_contract_test.cpp
cmake/Tests/DirectX11Tests.cmake	cna_test_directx11_rendertargetcube_msaa_face	examples/rendertargetcube_msaa_face_test.cpp
cmake/Tests/DirectX11Tests.cmake	cna_test_directx11_rendertargetcube_usage	examples/rendertargetcube_usage_test.cpp
cmake/Tests/DirectX11Tests.cmake	cna_test_directx11_rt_effect_source	examples/rendertarget_effect_source_test.cpp
cmake/Tests/DirectX11Tests.cmake	cna_test_directx11_rt_first_use	examples/rendertarget_first_use_test.cpp
cmake/Tests/DirectX11Tests.cmake	cna_test_directx11_rt_producer_consumer	examples/rendertarget_producer_consumer_test.cpp
cmake/Tests/DirectX11Tests.cmake	cna_test_directx11_rt_sampling_orientation	examples/rendertarget_sampling_orientation_test.cpp
cmake/Tests/DirectX11Tests.cmake	cna_test_directx11_skinnedeffect_fog	examples/vulkan_skinnedeffect_fog_test.cpp
cmake/Tests/DirectX11Tests.cmake	cna_test_directx11_skinnedeffect_lighting_conformance	examples/skinnedeffect_lighting_conformance_test.cpp
cmake/Tests/DirectX11Tests.cmake	cna_test_directx11_skinnedeffect_world_normal	examples/vulkan_skinnedeffect_world_normal_test.cpp
cmake/Tests/DirectX11Tests.cmake	cna_test_directx11_smoke	examples/directx11_smoke_test.cpp
cmake/Tests/DirectX11Tests.cmake	cna_test_directx11_spritebatch_custom_viewport	examples/spritebatch_custom_viewport_test.cpp
cmake/Tests/DirectX11Tests.cmake	cna_test_directx11_stock_effect_sampler	examples/stock_effect_sampler_contract_test.cpp
cmake/Tests/DirectX11Tests.cmake	cna_test_directx11_texture2d_getdata_contract	examples/texture2d_getdata_contract_test.cpp
cmake/Tests/DirectX11Tests.cmake	cna_test_directx11_texture2d_getdata_transfer_range	examples/texture2d_getdata_transfer_range_test.cpp
cmake/Tests/DirectX11Tests.cmake	cna_test_directx11_texture_filter_mip_contract	examples/texture_filter_mip_contract_test.cpp
cmake/Tests/DirectX11Tests.cmake	cna_test_directx11_texture_filter_ordinal	examples/texture_filter_ordinal_contract_test.cpp
cmake/Tests/DirectX11Tests.cmake	cna_test_directx11_viewspace_fog	examples/vulkan_viewspace_fog_test.cpp
cmake/Tests/DirectX12Tests.cmake	cna_diag_d3d12_swapchain	examples/directx12_swapchain_diag.cpp
cmake/Tests/DirectX12Tests.cmake	cna_test_directx12_backbuffer_pass_order	examples/backbuffer_pass_order_test.cpp
cmake/Tests/DirectX12Tests.cmake	cna_test_directx12_cube_volume_getdata_contract	examples/texturecube_texture3d_getdata_contract_test.cpp
cmake/Tests/DirectX12Tests.cmake	cna_test_directx12_cube_volume_setdata_contract	examples/texturecube_texture3d_setdata_contract_test.cpp
cmake/Tests/DirectX12Tests.cmake	cna_test_directx12_descriptor_allocator	examples/directx12_descriptor_allocator_test.cpp
cmake/Tests/DirectX12Tests.cmake	cna_test_directx12_descriptor_capacity	examples/descriptor_capacity_contract_test.cpp
cmake/Tests/DirectX12Tests.cmake	cna_test_directx12_dualtexture_slot_sampler	examples/dualtexture_slot_sampler_contract_test.cpp
cmake/Tests/DirectX12Tests.cmake	cna_test_directx12_envmap_cube_sampler	examples/envmap_cube_sampler_contract_test.cpp
cmake/Tests/DirectX12Tests.cmake	cna_test_directx12_point_sampling	examples/point_sampling_contract_test.cpp
cmake/Tests/DirectX12Tests.cmake	cna_test_directx12_rendertarget_depthstencil_usage	examples/rendertarget_depthstencil_usage_test.cpp
cmake/Tests/DirectX12Tests.cmake	cna_test_directx12_rendertarget_pass_boundary	examples/rendertarget_pass_boundary_test.cpp
cmake/Tests/DirectX12Tests.cmake	cna_test_directx12_rendertargetcube_getdata_contract	examples/rendertargetcube_getdata_contract_test.cpp
cmake/Tests/DirectX12Tests.cmake	cna_test_directx12_rendertargetcube_msaa_face	examples/rendertargetcube_msaa_face_test.cpp
cmake/Tests/DirectX12Tests.cmake	cna_test_directx12_rendertargetcube_usage	examples/rendertargetcube_usage_test.cpp
cmake/Tests/DirectX12Tests.cmake	cna_test_directx12_rt_effect_source	examples/rendertarget_effect_source_test.cpp
cmake/Tests/DirectX12Tests.cmake	cna_test_directx12_smoke	examples/directx12_smoke_test.cpp
cmake/Tests/DirectX12Tests.cmake	cna_test_directx12_stock_effect_sampler	examples/stock_effect_sampler_contract_test.cpp
cmake/Tests/DirectX12Tests.cmake	cna_test_directx12_texture2d_getdata_contract	examples/texture2d_getdata_contract_test.cpp
cmake/Tests/DirectX12Tests.cmake	cna_test_directx12_texture2d_getdata_transfer_range	examples/texture2d_getdata_transfer_range_test.cpp
cmake/Tests/DirectX12Tests.cmake	cna_test_directx12_texture_filter_mip_contract	examples/texture_filter_mip_contract_test.cpp
cmake/Tests/DirectX12Tests.cmake	cna_test_directx12_texture_filter_ordinal	examples/texture_filter_ordinal_contract_test.cpp
cmake/Tests/DirectX1Tests.cmake	cna_test_directx1_blend	examples/directx1_blend_test.cpp
cmake/Tests/DirectX1Tests.cmake	cna_test_directx1_graphics_capability	examples/directx1_graphics_capability_test.cpp
cmake/Tests/DirectX1Tests.cmake	cna_test_directx1_logical_transform	examples/directx1_logical_transform_test.cpp
cmake/Tests/DirectX1Tests.cmake	cna_test_directx1_no3d	examples/directx1_no3d_test.cpp
cmake/Tests/DirectX1Tests.cmake	cna_test_directx1_sampling	examples/directx1_sampling_test.cpp
cmake/Tests/DirectX1Tests.cmake	cna_test_directx1_smoke	examples/directx1_smoke_test.cpp
cmake/Tests/DirectX1Tests.cmake	cna_test_directx1_spritebatch	examples/directx1_spritebatch_test.cpp
cmake/Tests/DirectX1Tests.cmake	cna_test_directx1_spritefont	examples/directx1_spritefont_test.cpp
cmake/Tests/DirectX1Tests.cmake	cna_test_directx1_texture_rendertarget	examples/directx1_texture_rendertarget_test.cpp
cmake/Tests/DirectX2Tests.cmake	cna_test_directx2_blend	examples/directx2_blend_test.cpp
cmake/Tests/DirectX2Tests.cmake	cna_test_directx2_clipping	examples/directx2_clipping_test.cpp
cmake/Tests/DirectX2Tests.cmake	cna_test_directx2_colored_primitives	examples/directx2_colored_primitives_test.cpp
cmake/Tests/DirectX2Tests.cmake	cna_test_directx2_device3d_smoke	examples/directx2_device3d_smoke_test.cpp
cmake/Tests/DirectX2Tests.cmake	cna_test_directx2_graphics_capability	examples/directx2_graphics_capability_test.cpp
cmake/Tests/DirectX2Tests.cmake	cna_test_directx2_indexed_primitives	examples/directx2_indexed_primitives_test.cpp
cmake/Tests/DirectX2Tests.cmake	cna_test_directx2_lighting	examples/directx2_lighting_test.cpp
cmake/Tests/DirectX2Tests.cmake	cna_test_directx2_logical_transform	examples/directx2_logical_transform_test.cpp
cmake/Tests/DirectX2Tests.cmake	cna_test_directx2_remaining_defaults	examples/directx2_remaining_defaults_test.cpp
cmake/Tests/DirectX2Tests.cmake	cna_test_directx2_sampling	examples/directx2_sampling_test.cpp
cmake/Tests/DirectX2Tests.cmake	cna_test_directx2_smoke	examples/directx2_smoke_test.cpp
cmake/Tests/DirectX2Tests.cmake	cna_test_directx2_spritebatch	examples/directx2_spritebatch_test.cpp
cmake/Tests/DirectX2Tests.cmake	cna_test_directx2_spritefont	examples/directx2_spritefont_test.cpp
cmake/Tests/DirectX2Tests.cmake	cna_test_directx2_texture3d	examples/directx2_texture3d_test.cpp
cmake/Tests/DirectX2Tests.cmake	cna_test_directx2_texture_rendertarget	examples/directx2_texture_rendertarget_test.cpp
cmake/Tests/DirectX2Tests.cmake	cna_test_directx2_vertex_index_buffer	examples/directx2_vertex_index_buffer_test.cpp
cmake/Tests/DirectX2Tests.cmake	cna_test_directx2_wireframe_aniso	examples/directx2_wireframe_aniso_test.cpp
cmake/Tests/DirectX2Tests.cmake	cna_test_directx2_ztest	examples/directx2_ztest_test.cpp
cmake/Tests/DirectX3Tests.cmake	cna_test_directx3_blend	examples/directx3_blend_test.cpp
cmake/Tests/DirectX3Tests.cmake	cna_test_directx3_clipping	examples/directx3_clipping_test.cpp
cmake/Tests/DirectX3Tests.cmake	cna_test_directx3_colored_primitives	examples/directx3_colored_primitives_test.cpp
cmake/Tests/DirectX3Tests.cmake	cna_test_directx3_device3d_smoke	examples/directx3_device3d_smoke_test.cpp
cmake/Tests/DirectX3Tests.cmake	cna_test_directx3_graphics_capability	examples/directx3_graphics_capability_test.cpp
cmake/Tests/DirectX3Tests.cmake	cna_test_directx3_indexed_primitives	examples/directx3_indexed_primitives_test.cpp
cmake/Tests/DirectX3Tests.cmake	cna_test_directx3_lighting	examples/directx3_lighting_test.cpp
cmake/Tests/DirectX3Tests.cmake	cna_test_directx3_logical_transform	examples/directx3_logical_transform_test.cpp
cmake/Tests/DirectX3Tests.cmake	cna_test_directx3_remaining_defaults	examples/directx3_remaining_defaults_test.cpp
cmake/Tests/DirectX3Tests.cmake	cna_test_directx3_sampling	examples/directx3_sampling_test.cpp
cmake/Tests/DirectX3Tests.cmake	cna_test_directx3_smoke	examples/directx3_smoke_test.cpp
cmake/Tests/DirectX3Tests.cmake	cna_test_directx3_spritebatch	examples/directx3_spritebatch_test.cpp
cmake/Tests/DirectX3Tests.cmake	cna_test_directx3_spritefont	examples/directx3_spritefont_test.cpp
cmake/Tests/DirectX3Tests.cmake	cna_test_directx3_texture3d	examples/directx3_texture3d_test.cpp
cmake/Tests/DirectX3Tests.cmake	cna_test_directx3_texture_rendertarget	examples/directx3_texture_rendertarget_test.cpp
cmake/Tests/DirectX3Tests.cmake	cna_test_directx3_vertex_index_buffer	examples/directx3_vertex_index_buffer_test.cpp
cmake/Tests/DirectX3Tests.cmake	cna_test_directx3_wireframe_aniso	examples/directx3_wireframe_aniso_test.cpp
cmake/Tests/DirectX3Tests.cmake	cna_test_directx3_ztest	examples/directx3_ztest_test.cpp
cmake/Tests/DirectX5Tests.cmake	cna_test_directx5_blend	examples/directx5_blend_test.cpp
cmake/Tests/DirectX5Tests.cmake	cna_test_directx5_clipping	examples/directx5_clipping_test.cpp
cmake/Tests/DirectX5Tests.cmake	cna_test_directx5_colored_primitives	examples/directx5_colored_primitives_test.cpp
cmake/Tests/DirectX5Tests.cmake	cna_test_directx5_device3d_smoke	examples/directx5_device3d_smoke_test.cpp
cmake/Tests/DirectX5Tests.cmake	cna_test_directx5_graphics_capability	examples/directx5_graphics_capability_test.cpp
cmake/Tests/DirectX5Tests.cmake	cna_test_directx5_indexed_primitives	examples/directx5_indexed_primitives_test.cpp
cmake/Tests/DirectX5Tests.cmake	cna_test_directx5_lighting	examples/directx5_lighting_test.cpp
cmake/Tests/DirectX5Tests.cmake	cna_test_directx5_logical_transform	examples/directx5_logical_transform_test.cpp
cmake/Tests/DirectX5Tests.cmake	cna_test_directx5_remaining_defaults	examples/directx5_remaining_defaults_test.cpp
cmake/Tests/DirectX5Tests.cmake	cna_test_directx5_sampling	examples/directx5_sampling_test.cpp
cmake/Tests/DirectX5Tests.cmake	cna_test_directx5_smoke	examples/directx5_smoke_test.cpp
cmake/Tests/DirectX5Tests.cmake	cna_test_directx5_spritebatch	examples/directx5_spritebatch_test.cpp
cmake/Tests/DirectX5Tests.cmake	cna_test_directx5_spritefont	examples/directx5_spritefont_test.cpp
cmake/Tests/DirectX5Tests.cmake	cna_test_directx5_texture3d	examples/directx5_texture3d_test.cpp
cmake/Tests/DirectX5Tests.cmake	cna_test_directx5_texture_rendertarget	examples/directx5_texture_rendertarget_test.cpp
cmake/Tests/DirectX5Tests.cmake	cna_test_directx5_vertex_index_buffer	examples/directx5_vertex_index_buffer_test.cpp
cmake/Tests/DirectX5Tests.cmake	cna_test_directx5_wireframe_aniso	examples/directx5_wireframe_aniso_test.cpp
cmake/Tests/DirectX5Tests.cmake	cna_test_directx5_ztest	examples/directx5_ztest_test.cpp
cmake/Tests/DirectX6Tests.cmake	cna_test_directx6_blend	examples/directx6_blend_test.cpp
cmake/Tests/DirectX6Tests.cmake	cna_test_directx6_clipping	examples/directx6_clipping_test.cpp
cmake/Tests/DirectX6Tests.cmake	cna_test_directx6_colored_primitives	examples/directx6_colored_primitives_test.cpp
cmake/Tests/DirectX6Tests.cmake	cna_test_directx6_device3d_smoke	examples/directx6_device3d_smoke_test.cpp
cmake/Tests/DirectX6Tests.cmake	cna_test_directx6_graphics_capability	examples/directx6_graphics_capability_test.cpp
cmake/Tests/DirectX6Tests.cmake	cna_test_directx6_indexed_primitives	examples/directx6_indexed_primitives_test.cpp
cmake/Tests/DirectX6Tests.cmake	cna_test_directx6_lighting	examples/directx6_lighting_test.cpp
cmake/Tests/DirectX6Tests.cmake	cna_test_directx6_logical_transform	examples/directx6_logical_transform_test.cpp
cmake/Tests/DirectX6Tests.cmake	cna_test_directx6_remaining_defaults	examples/directx6_remaining_defaults_test.cpp
cmake/Tests/DirectX6Tests.cmake	cna_test_directx6_sampling	examples/directx6_sampling_test.cpp
cmake/Tests/DirectX6Tests.cmake	cna_test_directx6_smoke	examples/directx6_smoke_test.cpp
cmake/Tests/DirectX6Tests.cmake	cna_test_directx6_spritebatch	examples/directx6_spritebatch_test.cpp
cmake/Tests/DirectX6Tests.cmake	cna_test_directx6_spritefont	examples/directx6_spritefont_test.cpp
cmake/Tests/DirectX6Tests.cmake	cna_test_directx6_stencil	examples/directx6_stencil_test.cpp
cmake/Tests/DirectX6Tests.cmake	cna_test_directx6_texture3d	examples/directx6_texture3d_test.cpp
cmake/Tests/DirectX6Tests.cmake	cna_test_directx6_texture_rendertarget	examples/directx6_texture_rendertarget_test.cpp
cmake/Tests/DirectX6Tests.cmake	cna_test_directx6_vertex_index_buffer	examples/directx6_vertex_index_buffer_test.cpp
cmake/Tests/DirectX6Tests.cmake	cna_test_directx6_wireframe_aniso	examples/directx6_wireframe_aniso_test.cpp
cmake/Tests/DirectX6Tests.cmake	cna_test_directx6_ztest	examples/directx6_ztest_test.cpp
cmake/Tests/DirectX7Tests.cmake	cna_test_directx7_blend	examples/directx7_blend_test.cpp
cmake/Tests/DirectX7Tests.cmake	cna_test_directx7_clipping	examples/directx7_clipping_test.cpp
cmake/Tests/DirectX7Tests.cmake	cna_test_directx7_colored_primitives	examples/directx7_colored_primitives_test.cpp
cmake/Tests/DirectX7Tests.cmake	cna_test_directx7_device3d_smoke	examples/directx7_device3d_smoke_test.cpp
cmake/Tests/DirectX7Tests.cmake	cna_test_directx7_graphics_capability	examples/directx7_graphics_capability_test.cpp
cmake/Tests/DirectX7Tests.cmake	cna_test_directx7_indexed_primitives	examples/directx7_indexed_primitives_test.cpp
cmake/Tests/DirectX7Tests.cmake	cna_test_directx7_lighting	examples/directx7_lighting_test.cpp
cmake/Tests/DirectX7Tests.cmake	cna_test_directx7_logical_transform	examples/directx7_logical_transform_test.cpp
cmake/Tests/DirectX7Tests.cmake	cna_test_directx7_remaining_defaults	examples/directx7_remaining_defaults_test.cpp
cmake/Tests/DirectX7Tests.cmake	cna_test_directx7_sampling	examples/directx7_sampling_test.cpp
cmake/Tests/DirectX7Tests.cmake	cna_test_directx7_smoke	examples/directx7_smoke_test.cpp
cmake/Tests/DirectX7Tests.cmake	cna_test_directx7_spritebatch	examples/directx7_spritebatch_test.cpp
cmake/Tests/DirectX7Tests.cmake	cna_test_directx7_spritefont	examples/directx7_spritefont_test.cpp
cmake/Tests/DirectX7Tests.cmake	cna_test_directx7_stencil	examples/directx7_stencil_test.cpp
cmake/Tests/DirectX7Tests.cmake	cna_test_directx7_texture3d	examples/directx7_texture3d_test.cpp
cmake/Tests/DirectX7Tests.cmake	cna_test_directx7_texture_rendertarget	examples/directx7_texture_rendertarget_test.cpp
cmake/Tests/DirectX7Tests.cmake	cna_test_directx7_vertex_index_buffer	examples/directx7_vertex_index_buffer_test.cpp
cmake/Tests/DirectX7Tests.cmake	cna_test_directx7_wireframe_aniso	examples/directx7_wireframe_aniso_test.cpp
cmake/Tests/DirectX7Tests.cmake	cna_test_directx7_ztest	examples/directx7_ztest_test.cpp
cmake/Tests/DirectX8Tests.cmake	cna_test_directx8_blend	examples/directx8_blend_test.cpp
cmake/Tests/DirectX8Tests.cmake	cna_test_directx8_clipping	examples/directx8_clipping_test.cpp
cmake/Tests/DirectX8Tests.cmake	cna_test_directx8_colored_primitives	examples/directx8_colored_primitives_test.cpp
cmake/Tests/DirectX8Tests.cmake	cna_test_directx8_device3d_smoke	examples/directx8_device3d_smoke_test.cpp
cmake/Tests/DirectX8Tests.cmake	cna_test_directx8_graphics_capability	examples/directx8_graphics_capability_test.cpp
cmake/Tests/DirectX8Tests.cmake	cna_test_directx8_indexed_primitives	examples/directx8_indexed_primitives_test.cpp
cmake/Tests/DirectX8Tests.cmake	cna_test_directx8_lighting	examples/directx8_lighting_test.cpp
cmake/Tests/DirectX8Tests.cmake	cna_test_directx8_logical_transform	examples/directx8_logical_transform_test.cpp
cmake/Tests/DirectX8Tests.cmake	cna_test_directx8_remaining_defaults	examples/directx8_remaining_defaults_test.cpp
cmake/Tests/DirectX8Tests.cmake	cna_test_directx8_sampling	examples/directx8_sampling_test.cpp
cmake/Tests/DirectX8Tests.cmake	cna_test_directx8_smoke	examples/directx8_smoke_test.cpp
cmake/Tests/DirectX8Tests.cmake	cna_test_directx8_spritebatch	examples/directx8_spritebatch_test.cpp
cmake/Tests/DirectX8Tests.cmake	cna_test_directx8_spritefont	examples/directx8_spritefont_test.cpp
cmake/Tests/DirectX8Tests.cmake	cna_test_directx8_stencil	examples/directx8_stencil_test.cpp
cmake/Tests/DirectX8Tests.cmake	cna_test_directx8_texture3d	examples/directx8_texture3d_test.cpp
cmake/Tests/DirectX8Tests.cmake	cna_test_directx8_texture_rendertarget	examples/directx8_texture_rendertarget_test.cpp
cmake/Tests/DirectX8Tests.cmake	cna_test_directx8_vertex_index_buffer	examples/directx8_vertex_index_buffer_test.cpp
cmake/Tests/DirectX8Tests.cmake	cna_test_directx8_wireframe_aniso	examples/directx8_wireframe_aniso_test.cpp
cmake/Tests/DirectX8Tests.cmake	cna_test_directx8_ztest	examples/directx8_ztest_test.cpp
cmake/Tests/DirectX9Tests.cmake	cna_test_directx9_alphatest_fog	examples/vulkan_alphatest_fog_test.cpp
cmake/Tests/DirectX9Tests.cmake	cna_test_directx9_backbuffer_pass_order	examples/backbuffer_pass_order_test.cpp
cmake/Tests/DirectX9Tests.cmake	cna_test_directx9_blendstate_alphablend	examples/easygl_blendstate_alphablend_test.cpp
cmake/Tests/DirectX9Tests.cmake	cna_test_directx9_blendstate_opaque	examples/easygl_blendstate_opaque_test.cpp
cmake/Tests/DirectX9Tests.cmake	cna_test_directx9_common	examples/directx9_common_test.cpp
cmake/Tests/DirectX9Tests.cmake	cna_test_directx9_constanttable	examples/directx9_constanttable_test.cpp
cmake/Tests/DirectX9Tests.cmake	cna_test_directx9_cube_volume_getdata_contract	examples/texturecube_texture3d_getdata_contract_test.cpp
cmake/Tests/DirectX9Tests.cmake	cna_test_directx9_cube_volume_setdata_contract	examples/texturecube_texture3d_setdata_contract_test.cpp
cmake/Tests/DirectX9Tests.cmake	cna_test_directx9_deferred_scissor	examples/deferred_scissor_capture_test.cpp
cmake/Tests/DirectX9Tests.cmake	cna_test_directx9_deferred_viewport	examples/deferred_viewport_capture_test.cpp
cmake/Tests/DirectX9Tests.cmake	cna_test_directx9_depth_contract	examples/graphicsdevice_depth_contract_test.cpp
cmake/Tests/DirectX9Tests.cmake	cna_test_directx9_depthstencilstate_stencil_enable	examples/easygl_depthstencilstate_stencil_enable_test.cpp
cmake/Tests/DirectX9Tests.cmake	cna_test_directx9_descriptor_capacity	examples/descriptor_capacity_contract_test.cpp
cmake/Tests/DirectX9Tests.cmake	cna_test_directx9_draw	examples/directx9_draw_test.cpp
cmake/Tests/DirectX9Tests.cmake	cna_test_directx9_drawex	examples/directx9_drawex_test.cpp
cmake/Tests/DirectX9Tests.cmake	cna_test_directx9_drawoffset	examples/directx9_drawoffset_test.cpp
cmake/Tests/DirectX9Tests.cmake	cna_test_directx9_dualtexture_fog	examples/vulkan_dualtextureeffect_fog_test.cpp
cmake/Tests/DirectX9Tests.cmake	cna_test_directx9_dualtexture_slot_sampler	examples/dualtexture_slot_sampler_contract_test.cpp
cmake/Tests/DirectX9Tests.cmake	cna_test_directx9_effectbackend	examples/directx9_effectrenderer_test.cpp
cmake/Tests/DirectX9Tests.cmake	cna_test_directx9_environmentmap_fog	examples/vulkan_environmentmapeffect_fog_test.cpp
cmake/Tests/DirectX9Tests.cmake	cna_test_directx9_envmap_cube_sampler	examples/envmap_cube_sampler_contract_test.cpp
cmake/Tests/DirectX9Tests.cmake	cna_test_directx9_graphicsprofile	examples/directx9_graphicsprofile_test.cpp
cmake/Tests/DirectX9Tests.cmake	cna_test_directx9_hresult	examples/directx9_hresult_test.cpp
cmake/Tests/DirectX9Tests.cmake	cna_test_directx9_instanced	examples/directx9_instanced_test.cpp
cmake/Tests/DirectX9Tests.cmake	cna_test_directx9_ordered_clear	examples/graphicsdevice_ordered_clear_test.cpp
cmake/Tests/DirectX9Tests.cmake	cna_test_directx9_pbr	examples/directx9_pbr_test.cpp
cmake/Tests/DirectX9Tests.cmake	cna_test_directx9_point_sampling	examples/point_sampling_contract_test.cpp
cmake/Tests/DirectX9Tests.cmake	cna_test_directx9_rasterizerstate_cullmode	examples/easygl_rasterizerstate_cullmode_test.cpp
cmake/Tests/DirectX9Tests.cmake	cna_test_directx9_rendertarget_depthstencil_usage	examples/rendertarget_depthstencil_usage_test.cpp
cmake/Tests/DirectX9Tests.cmake	cna_test_directx9_rendertarget_pass_boundary	examples/rendertarget_pass_boundary_test.cpp
cmake/Tests/DirectX9Tests.cmake	cna_test_directx9_rendertargetcube_getdata_contract	examples/rendertargetcube_getdata_contract_test.cpp
cmake/Tests/DirectX9Tests.cmake	cna_test_directx9_rendertargetcube_msaa_face	examples/rendertargetcube_msaa_face_test.cpp
cmake/Tests/DirectX9Tests.cmake	cna_test_directx9_rendertargetcube_usage	examples/rendertargetcube_usage_test.cpp
cmake/Tests/DirectX9Tests.cmake	cna_test_directx9_rt_effect_source	examples/rendertarget_effect_source_test.cpp
cmake/Tests/DirectX9Tests.cmake	cna_test_directx9_rt_first_use	examples/rendertarget_first_use_test.cpp
cmake/Tests/DirectX9Tests.cmake	cna_test_directx9_rt_producer_consumer	examples/rendertarget_producer_consumer_test.cpp
cmake/Tests/DirectX9Tests.cmake	cna_test_directx9_rt_sampling_orientation	examples/rendertarget_sampling_orientation_test.cpp
cmake/Tests/DirectX9Tests.cmake	cna_test_directx9_shadercache	examples/directx9_shadercache_test.cpp
cmake/Tests/DirectX9Tests.cmake	cna_test_directx9_shaderdispatch	examples/directx9_shaderdispatch_test.cpp
cmake/Tests/DirectX9Tests.cmake	cna_test_directx9_skinnedeffect_fog	examples/vulkan_skinnedeffect_fog_test.cpp
cmake/Tests/DirectX9Tests.cmake	cna_test_directx9_skinnedvertexcolor	examples/directx9_skinnedvertexcolor_test.cpp
cmake/Tests/DirectX9Tests.cmake	cna_test_directx9_smoke	examples/directx9_smoke_test.cpp
cmake/Tests/DirectX9Tests.cmake	cna_test_directx9_spritebatch	examples/directx9_spritebatch_test.cpp
cmake/Tests/DirectX9Tests.cmake	cna_test_directx9_spritebatch_customeffect	examples/directx9_spritebatch_customeffect_test.cpp
cmake/Tests/DirectX9Tests.cmake	cna_test_directx9_stock_effect_sampler	examples/stock_effect_sampler_contract_test.cpp
cmake/Tests/DirectX9Tests.cmake	cna_test_directx9_texture2d_getdata_contract	examples/texture2d_getdata_contract_test.cpp
cmake/Tests/DirectX9Tests.cmake	cna_test_directx9_texture2d_getdata_transfer_range	examples/texture2d_getdata_transfer_range_test.cpp
cmake/Tests/DirectX9Tests.cmake	cna_test_directx9_texture_filter_mip_contract	examples/texture_filter_mip_contract_test.cpp
cmake/Tests/DirectX9Tests.cmake	cna_test_directx9_texture_filter_ordinal	examples/texture_filter_ordinal_contract_test.cpp
cmake/Tests/DirectX9Tests.cmake	cna_test_directx9_viewspace_fog	examples/vulkan_viewspace_fog_test.cpp
cmake/Tests/EasyGLTests.cmake	cna_diag_easygl	examples/cross_renderer_diagnostic_scene.cpp
cmake/Tests/EasyGLTests.cmake	cna_test_alpha_test_effect	examples/alpha_test_effect_test.cpp
cmake/Tests/EasyGLTests.cmake	cna_test_alpha_test_integration	examples/alpha_test_integration_test.cpp
cmake/Tests/EasyGLTests.cmake	cna_test_avatar_attach_part	examples/avatar_attach_part_integration_test.cpp
cmake/Tests/EasyGLTests.cmake	cna_test_avatar_real_render	examples/avatar_real_render_integration_test.cpp
cmake/Tests/EasyGLTests.cmake	cna_test_avatar_tint_routing	examples/avatar_tint_routing_integration_test.cpp
cmake/Tests/EasyGLTests.cmake	cna_test_basic_effect	examples/basic_effect_test.cpp
cmake/Tests/EasyGLTests.cmake	cna_test_dxt1_texture	examples/dxt1_texture_test.cpp
cmake/Tests/EasyGLTests.cmake	cna_test_easygl_additive_blend_contract	examples/additive_blend_contract_test.cpp
cmake/Tests/EasyGLTests.cmake	cna_test_easygl_alphatest_comparefunction_sweep	examples/easygl_alphatest_comparefunction_sweep_test.cpp
cmake/Tests/EasyGLTests.cmake	cna_test_easygl_alphatest_fog	examples/easygl_alphatest_fog_test.cpp
cmake/Tests/EasyGLTests.cmake	cna_test_easygl_alphatest_modes	examples/easygl_alphatest_modes_test.cpp
cmake/Tests/EasyGLTests.cmake	cna_test_easygl_alphatest_null_texture	examples/easygl_alphatest_null_texture_test.cpp
cmake/Tests/EasyGLTests.cmake	cna_test_easygl_alphatest_vertexcolor_diffuse	examples/easygl_alphatest_vertexcolor_diffuse_test.cpp
cmake/Tests/EasyGLTests.cmake	cna_test_easygl_alphatesteffect_golden	examples/easygl_alphatesteffect_golden_test.cpp
cmake/Tests/EasyGLTests.cmake	cna_test_easygl_animsprite_shader	examples/easygl_animsprite_shader_test.cpp
cmake/Tests/EasyGLTests.cmake	cna_test_easygl_anisotropic_gl_state	examples/easygl_anisotropic_gl_state_test.cpp
cmake/Tests/EasyGLTests.cmake	cna_test_easygl_backbuffer_first_read	examples/backbuffer_first_read_test.cpp
cmake/Tests/EasyGLTests.cmake	cna_test_easygl_backbuffer_pass_order	examples/backbuffer_pass_order_test.cpp
cmake/Tests/EasyGLTests.cmake	cna_test_easygl_backbuffer_readback_dimension	examples/backbuffer_readback_dimension_test.cpp
cmake/Tests/EasyGLTests.cmake	cna_test_easygl_backbuffer_reject	examples/backbuffer_headless_reject_test.cpp
cmake/Tests/EasyGLTests.cmake	cna_test_easygl_backbuffer_resize	examples/easygl_backbuffer_resize_test.cpp
cmake/Tests/EasyGLTests.cmake	cna_test_easygl_basiceffect_combinations	examples/easygl_basiceffect_combinations_test.cpp
cmake/Tests/EasyGLTests.cmake	cna_test_easygl_basiceffect_combined	examples/easygl_basiceffect_combined_test.cpp
cmake/Tests/EasyGLTests.cmake	cna_test_easygl_basiceffect_default_lighting	examples/easygl_basiceffect_default_lighting_test.cpp
cmake/Tests/EasyGLTests.cmake	cna_test_easygl_basiceffect_emissive	examples/easygl_basiceffect_emissive_test.cpp
cmake/Tests/EasyGLTests.cmake	cna_test_easygl_basiceffect_fog	examples/easygl_basiceffect_fog_test.cpp
cmake/Tests/EasyGLTests.cmake	cna_test_easygl_basiceffect_golden	examples/easygl_basiceffect_golden_test.cpp
cmake/Tests/EasyGLTests.cmake	cna_test_easygl_basiceffect_multilight_emissive	examples/easygl_basiceffect_multilight_emissive_test.cpp
cmake/Tests/EasyGLTests.cmake	cna_test_easygl_basiceffect_one_light	examples/easygl_basiceffect_one_light_test.cpp
cmake/Tests/EasyGLTests.cmake	cna_test_easygl_basiceffect_preferperpixellighting	examples/easygl_basiceffect_preferperpixellighting_test.cpp
cmake/Tests/EasyGLTests.cmake	cna_test_easygl_basiceffect_specular	examples/easygl_basiceffect_specular_test.cpp
cmake/Tests/EasyGLTests.cmake	cna_test_easygl_basiceffect_texture_enabled	examples/easygl_basiceffect_texture_enabled_test.cpp
cmake/Tests/EasyGLTests.cmake	cna_test_easygl_basiceffect_texture_vertexcolor_enabled	examples/easygl_basiceffect_texture_vertexcolor_enabled_test.cpp
cmake/Tests/EasyGLTests.cmake	cna_test_easygl_basiceffect_vertexcolor_disabled	examples/easygl_basiceffect_vertexcolor_disabled_test.cpp
cmake/Tests/EasyGLTests.cmake	cna_test_easygl_basiceffect_vertexcolor_enabled	examples/easygl_basiceffect_vertexcolor_enabled_test.cpp
cmake/Tests/EasyGLTests.cmake	cna_test_easygl_billboard_shader	examples/easygl_billboard_shader_test.cpp
cmake/Tests/EasyGLTests.cmake	cna_test_easygl_blendstate_additive	examples/easygl_blendstate_additive_test.cpp
cmake/Tests/EasyGLTests.cmake	cna_test_easygl_blendstate_additive_golden	examples/easygl_blendstate_additive_golden_test.cpp
cmake/Tests/EasyGLTests.cmake	cna_test_easygl_blendstate_alphablend	examples/easygl_blendstate_alphablend_test.cpp
cmake/Tests/EasyGLTests.cmake	cna_test_easygl_blendstate_blendfactor	examples/easygl_blendstate_blendfactor_test.cpp
cmake/Tests/EasyGLTests.cmake	cna_test_easygl_blendstate_nonpremultiplied	examples/easygl_blendstate_nonpremultiplied_test.cpp
cmake/Tests/EasyGLTests.cmake	cna_test_easygl_blendstate_opaque	examples/easygl_blendstate_opaque_test.cpp
cmake/Tests/EasyGLTests.cmake	cna_test_easygl_blendstate_separate_factors	examples/easygl_blendstate_separate_factors_test.cpp
cmake/Tests/EasyGLTests.cmake	cna_test_easygl_blendstate_separate_functions	examples/easygl_blendstate_separate_functions_test.cpp
cmake/Tests/EasyGLTests.cmake	cna_test_easygl_bloom_combine	examples/easygl_bloom_combine_test.cpp
cmake/Tests/EasyGLTests.cmake	cna_test_easygl_bloom_extract	examples/easygl_bloom_extract_test.cpp
cmake/Tests/EasyGLTests.cmake	cna_test_easygl_bloom_gaussianblur	examples/easygl_bloom_gaussianblur_test.cpp
cmake/Tests/EasyGLTests.cmake	cna_test_easygl_bloom_pipeline	examples/easygl_bloom_pipeline_test.cpp
cmake/Tests/EasyGLTests.cmake	cna_test_easygl_blur_shader	examples/easygl_blur_shader_test.cpp
cmake/Tests/EasyGLTests.cmake	cna_test_easygl_bound_resource_dispose	examples/easygl_bound_resource_dispose_test.cpp
cmake/Tests/EasyGLTests.cmake	cna_test_easygl_bound_target_lifetime	examples/bound_target_lifetime_test.cpp
cmake/Tests/EasyGLTests.cmake	cna_test_easygl_buffer_usage	examples/easygl_buffer_usage_test.cpp
cmake/Tests/EasyGLTests.cmake	cna_test_easygl_cartooneffect_lambert_shader	examples/easygl_cartooneffect_lambert_shader_test.cpp
cmake/Tests/EasyGLTests.cmake	cna_test_easygl_cartooneffect_normaldepth_shader	examples/easygl_cartooneffect_normaldepth_shader_test.cpp
cmake/Tests/EasyGLTests.cmake	cna_test_easygl_cartooneffect_toon_shader	examples/easygl_cartooneffect_toon_shader_test.cpp
cmake/Tests/EasyGLTests.cmake	cna_test_easygl_clear_overloads	examples/easygl_clear_overloads_test.cpp
cmake/Tests/EasyGLTests.cmake	cna_test_easygl_clouds_shader	examples/easygl_clouds_shader_test.cpp
cmake/Tests/EasyGLTests.cmake	cna_test_easygl_colorspace_midtone	examples/colorspace_midtone_contract_test.cpp
cmake/Tests/EasyGLTests.cmake	cna_test_easygl_colorwritechannels	examples/easygl_colorwritechannels_test.cpp
cmake/Tests/EasyGLTests.cmake	cna_test_easygl_cube_volume_getdata_contract	examples/texturecube_texture3d_getdata_contract_test.cpp
cmake/Tests/EasyGLTests.cmake	cna_test_easygl_cube_volume_setdata_contract	examples/texturecube_texture3d_setdata_contract_test.cpp
cmake/Tests/EasyGLTests.cmake	cna_test_easygl_deferred_scissor	examples/deferred_scissor_capture_test.cpp
cmake/Tests/EasyGLTests.cmake	cna_test_easygl_deferred_source_lifetime	examples/deferred_source_lifetime_test.cpp
cmake/Tests/EasyGLTests.cmake	cna_test_easygl_deferred_viewport	examples/deferred_viewport_capture_test.cpp
cmake/Tests/EasyGLTests.cmake	cna_test_easygl_depth_bias	examples/easygl_depth_bias_test.cpp
cmake/Tests/EasyGLTests.cmake	cna_test_easygl_depth_format	examples/easygl_depth_format_test.cpp
cmake/Tests/EasyGLTests.cmake	cna_test_easygl_depthstencilstate_compare_function	examples/easygl_depthstencilstate_compare_function_test.cpp
cmake/Tests/EasyGLTests.cmake	cna_test_easygl_depthstencilstate_stencil_enable	examples/easygl_depthstencilstate_stencil_enable_test.cpp
cmake/Tests/EasyGLTests.cmake	cna_test_easygl_depthstencilstate_stencil_mask	examples/easygl_depthstencilstate_stencil_mask_test.cpp
cmake/Tests/EasyGLTests.cmake	cna_test_easygl_depthstencilstate_stencil_ops	examples/easygl_depthstencilstate_stencil_ops_test.cpp
cmake/Tests/EasyGLTests.cmake	cna_test_easygl_depthstencilstate_stencil_twosided	examples/easygl_depthstencilstate_stencil_twosided_test.cpp
cmake/Tests/EasyGLTests.cmake	cna_test_easygl_depthstencilstate_write_enable	examples/easygl_depthstencilstate_write_enable_test.cpp
cmake/Tests/EasyGLTests.cmake	cna_test_easygl_depthstencilstate_write_enable_golden	examples/easygl_depthstencilstate_write_enable_golden_test.cpp
cmake/Tests/EasyGLTests.cmake	cna_test_easygl_descriptor_capacity	examples/descriptor_capacity_contract_test.cpp
cmake/Tests/EasyGLTests.cmake	cna_test_easygl_device_dispose_order	examples/easygl_device_dispose_order_test.cpp
cmake/Tests/EasyGLTests.cmake	cna_test_easygl_device_reset_events	examples/easygl_device_reset_events_test.cpp
cmake/Tests/EasyGLTests.cmake	cna_test_easygl_device_validation	examples/easygl_device_validation_test.cpp
cmake/Tests/EasyGLTests.cmake	cna_test_easygl_disposed_buffer	examples/easygl_disposed_buffer_test.cpp
cmake/Tests/EasyGLTests.cmake	cna_test_easygl_disposed_resource	examples/easygl_disposed_resource_test.cpp
cmake/Tests/EasyGLTests.cmake	cna_test_easygl_distort_shader	examples/easygl_distort_shader_test.cpp
cmake/Tests/EasyGLTests.cmake	cna_test_easygl_distortblur_shader	examples/easygl_distortblur_shader_test.cpp
cmake/Tests/EasyGLTests.cmake	cna_test_easygl_distorters_displacementmapped_shader	examples/easygl_distorters_displacementmapped_shader_test.cpp
cmake/Tests/EasyGLTests.cmake	cna_test_easygl_distorters_heathaze_shader	examples/easygl_distorters_heathaze_shader_test.cpp
cmake/Tests/EasyGLTests.cmake	cna_test_easygl_distorters_pullin_shader	examples/easygl_distorters_pullin_shader_test.cpp
cmake/Tests/EasyGLTests.cmake	cna_test_easygl_double_dispose	examples/easygl_double_dispose_test.cpp
cmake/Tests/EasyGLTests.cmake	cna_test_easygl_draw_noindexbuffer	examples/easygl_draw_noindexbuffer_test.cpp
cmake/Tests/EasyGLTests.cmake	cna_test_easygl_draw_novertexbuffer	examples/easygl_draw_novertexbuffer_test.cpp
cmake/Tests/EasyGLTests.cmake	cna_test_easygl_draw_range_validation	examples/easygl_draw_range_validation_test.cpp
cmake/Tests/EasyGLTests.cmake	cna_test_easygl_draw_user_indexed_primitives_32	examples/easygl_draw_user_indexed_primitives_32_test.cpp
cmake/Tests/EasyGLTests.cmake	cna_test_easygl_draw_user_indexed_primitives_vpc	examples/easygl_draw_user_indexed_primitives_vpc_test.cpp
cmake/Tests/EasyGLTests.cmake	cna_test_easygl_draw_user_primitives_custom	examples/easygl_draw_user_primitives_custom_test.cpp
cmake/Tests/EasyGLTests.cmake	cna_test_easygl_draw_user_primitives_vpc	examples/easygl_draw_user_primitives_vpc_test.cpp
cmake/Tests/EasyGLTests.cmake	cna_test_easygl_dual_texture	examples/easygl_dual_texture_test.cpp
cmake/Tests/EasyGLTests.cmake	cna_test_easygl_dualtexture	examples/easygl_dualtexture_test.cpp
cmake/Tests/EasyGLTests.cmake	cna_test_easygl_dualtexture_slot_sampler	examples/dualtexture_slot_sampler_contract_test.cpp
cmake/Tests/EasyGLTests.cmake	cna_test_easygl_dualtextureeffect_alpha	examples/easygl_dualtextureeffect_alpha_test.cpp
cmake/Tests/EasyGLTests.cmake	cna_test_easygl_dualtextureeffect_combined	examples/easygl_dualtextureeffect_combined_test.cpp
cmake/Tests/EasyGLTests.cmake	cna_test_easygl_dualtextureeffect_doubling	examples/easygl_dualtextureeffect_doubling_test.cpp
cmake/Tests/EasyGLTests.cmake	cna_test_easygl_dualtextureeffect_fog	examples/easygl_dualtextureeffect_fog_test.cpp
cmake/Tests/EasyGLTests.cmake	cna_test_easygl_dualtextureeffect_golden	examples/easygl_dualtextureeffect_golden_test.cpp
cmake/Tests/EasyGLTests.cmake	cna_test_easygl_dualtextureeffect_null_texture0	examples/easygl_dualtextureeffect_null_texture0_test.cpp
cmake/Tests/EasyGLTests.cmake	cna_test_easygl_dualtextureeffect_null_texture2	examples/easygl_dualtextureeffect_null_texture2_test.cpp
cmake/Tests/EasyGLTests.cmake	cna_test_easygl_dualtextureeffect_vertexcolor	examples/dualtextureeffect_vertexcolor_test.cpp
cmake/Tests/EasyGLTests.cmake	cna_test_easygl_dynamic_buffer_stress	examples/easygl_dynamic_buffer_stress_test.cpp
cmake/Tests/EasyGLTests.cmake	cna_test_easygl_effect_clone	examples/easygl_effect_clone_test.cpp
cmake/Tests/EasyGLTests.cmake	cna_test_easygl_effect_current_technique	examples/easygl_effect_current_technique_test.cpp
cmake/Tests/EasyGLTests.cmake	cna_test_easygl_emissive_ambient_composition	examples/easygl_emissive_ambient_composition_test.cpp
cmake/Tests/EasyGLTests.cmake	cna_test_easygl_env_map	examples/easygl_env_map_test.cpp
cmake/Tests/EasyGLTests.cmake	cna_test_easygl_environmentmapeffect_alphascaledlerp	examples/environmentmapeffect_alphascaledlerp_test.cpp
cmake/Tests/EasyGLTests.cmake	cna_test_easygl_environmentmapeffect_amount_one	examples/easygl_environmentmapeffect_amount_one_test.cpp
cmake/Tests/EasyGLTests.cmake	cna_test_easygl_environmentmapeffect_amount_zero	examples/easygl_environmentmapeffect_amount_zero_test.cpp
cmake/Tests/EasyGLTests.cmake	cna_test_easygl_environmentmapeffect_combined	examples/easygl_environmentmapeffect_combined_test.cpp
cmake/Tests/EasyGLTests.cmake	cna_test_easygl_environmentmapeffect_eyeposition	examples/easygl_environmentmapeffect_eyeposition_test.cpp
cmake/Tests/EasyGLTests.cmake	cna_test_easygl_environmentmapeffect_fog	examples/easygl_environmentmapeffect_fog_test.cpp
cmake/Tests/EasyGLTests.cmake	cna_test_easygl_environmentmapeffect_fresnel	examples/easygl_environmentmapeffect_fresnel_test.cpp
cmake/Tests/EasyGLTests.cmake	cna_test_easygl_environmentmapeffect_fresnel_gradient	examples/easygl_environmentmapeffect_fresnel_gradient_test.cpp
cmake/Tests/EasyGLTests.cmake	cna_test_easygl_environmentmapeffect_golden	examples/easygl_environmentmapeffect_golden_test.cpp
cmake/Tests/EasyGLTests.cmake	cna_test_easygl_environmentmapeffect_multilight	examples/easygl_environmentmapeffect_multilight_test.cpp
cmake/Tests/EasyGLTests.cmake	cna_test_easygl_environmentmapeffect_specular	examples/easygl_environmentmapeffect_specular_test.cpp
cmake/Tests/EasyGLTests.cmake	cna_test_easygl_environmentmapeffect_worldtransform	examples/easygl_environmentmapeffect_worldtransform_test.cpp
cmake/Tests/EasyGLTests.cmake	cna_test_easygl_envmap_cube_sampler	examples/envmap_cube_sampler_contract_test.cpp
cmake/Tests/EasyGLTests.cmake	cna_test_easygl_fill_mode	examples/vulkan_fill_mode_test.cpp
cmake/Tests/EasyGLTests.cmake	cna_test_easygl_flatshaded_shader	examples/easygl_flatshaded_shader_test.cpp
cmake/Tests/EasyGLTests.cmake	cna_test_easygl_frontface_winding	examples/frontface_winding_test.cpp
cmake/Tests/EasyGLTests.cmake	cna_test_easygl_fullscreen_field	examples/easygl_fullscreen_field_test.cpp
cmake/Tests/EasyGLTests.cmake	cna_test_easygl_gfx153_source_rectangle	examples/source_rectangle_orientation_test.cpp
cmake/Tests/EasyGLTests.cmake	cna_test_easygl_gfx164_bound_msaa_alpha	examples/easygl_gfx164_bound_msaa_alpha_test.cpp
cmake/Tests/EasyGLTests.cmake	cna_test_easygl_goldenimage_smoke	examples/easygl_goldenimage_smoke_test.cpp
cmake/Tests/EasyGLTests.cmake	cna_test_easygl_graphicsdevice_clear_depth	examples/graphicsdevice_clear_depth_test.cpp
cmake/Tests/EasyGLTests.cmake	cna_test_easygl_graphicsdevice_clear_stencil	examples/easygl_graphicsdevice_clear_stencil_test.cpp
cmake/Tests/EasyGLTests.cmake	cna_test_easygl_graphicsdevice_default_state_occlusion	examples/graphicsdevice_default_state_occlusion_test.cpp
cmake/Tests/EasyGLTests.cmake	cna_test_easygl_graphicsdevice_reference_stencil	examples/easygl_graphicsdevice_reference_stencil_test.cpp
cmake/Tests/EasyGLTests.cmake	cna_test_easygl_graphicsdevicemanager_vsync	examples/easygl_graphicsdevicemanager_vsync_test.cpp
cmake/Tests/EasyGLTests.cmake	cna_test_easygl_handle_release	examples/easygl_handle_release_test.cpp
cmake/Tests/EasyGLTests.cmake	cna_test_easygl_instancedmodel_shader	examples/easygl_instancedmodel_shader_test.cpp
cmake/Tests/EasyGLTests.cmake	cna_test_easygl_invalid_mip_level	examples/rendertarget_invalid_mip_level_test.cpp
cmake/Tests/EasyGLTests.cmake	cna_test_easygl_model_draw	examples/easygl_model_draw_test.cpp
cmake/Tests/EasyGLTests.cmake	cna_test_easygl_model_hierarchy_child_mesh	examples/easygl_model_hierarchy_child_mesh_test.cpp
cmake/Tests/EasyGLTests.cmake	cna_test_easygl_model_json_reader	examples/easygl_model_json_reader_test.cpp
cmake/Tests/EasyGLTests.cmake	cna_test_easygl_model_json_reader_32bit_indices	examples/easygl_model_json_reader_32bit_indices_test.cpp
cmake/Tests/EasyGLTests.cmake	cna_test_easygl_model_json_reader_bone_hierarchy	examples/easygl_model_json_reader_bone_hierarchy_test.cpp
cmake/Tests/EasyGLTests.cmake	cna_test_easygl_model_json_reader_skeleton	examples/easygl_model_json_reader_skeleton_test.cpp
cmake/Tests/EasyGLTests.cmake	cna_test_easygl_model_json_reader_texture	examples/easygl_model_json_reader_texture_test.cpp
cmake/Tests/EasyGLTests.cmake	cna_test_easygl_model_skinned_animation_playback	examples/easygl_model_skinned_animation_playback_test.cpp
cmake/Tests/EasyGLTests.cmake	cna_test_easygl_model_two_meshes_effects	examples/easygl_model_two_meshes_effects_test.cpp
cmake/Tests/EasyGLTests.cmake	cna_test_easygl_move_semantics	examples/easygl_move_semantics_test.cpp
cmake/Tests/EasyGLTests.cmake	cna_test_easygl_mrt	examples/easygl_mrt_test.cpp
cmake/Tests/EasyGLTests.cmake	cna_test_easygl_msaa	examples/easygl_msaa_test.cpp
cmake/Tests/EasyGLTests.cmake	cna_test_easygl_msaa_change	examples/easygl_msaa_change_test.cpp
cmake/Tests/EasyGLTests.cmake	cna_test_easygl_msaa_depth_contract	examples/rendertarget_msaa_depth_contract_test.cpp
cmake/Tests/EasyGLTests.cmake	cna_test_easygl_msaa_first_readback	examples/rendertarget_msaa_first_readback_test.cpp
cmake/Tests/EasyGLTests.cmake	cna_test_easygl_msaa_mip_readback	examples/rendertarget_msaa_mip_readback_test.cpp
cmake/Tests/EasyGLTests.cmake	cna_test_easygl_normalmapping_shader	examples/easygl_normalmapping_shader_test.cpp
cmake/Tests/EasyGLTests.cmake	cna_test_easygl_npot_texture	examples/easygl_npot_texture_test.cpp
cmake/Tests/EasyGLTests.cmake	cna_test_easygl_occlusion_query_occluded_quad	examples/easygl_occlusion_query_occluded_quad_test.cpp
cmake/Tests/EasyGLTests.cmake	cna_test_easygl_occlusion_query_visible_quad	examples/easygl_occlusion_query_visible_quad_test.cpp
cmake/Tests/EasyGLTests.cmake	cna_test_easygl_ordered_clear	examples/graphicsdevice_ordered_clear_test.cpp
cmake/Tests/EasyGLTests.cmake	cna_test_easygl_particleeffect_shader	examples/easygl_particleeffect_shader_test.cpp
cmake/Tests/EasyGLTests.cmake	cna_test_easygl_pbreffect_golden	examples/easygl_pbreffect_golden_test.cpp
cmake/Tests/EasyGLTests.cmake	cna_test_easygl_perpixellighting_diffuseonly_shader	examples/easygl_perpixellighting_diffuseonly_shader_test.cpp
cmake/Tests/EasyGLTests.cmake	cna_test_easygl_perpixellighting_shader	examples/easygl_perpixellighting_shader_test.cpp
cmake/Tests/EasyGLTests.cmake	cna_test_easygl_perpixellighting_vertexdiffuse_pixelphong_shader	examples/easygl_perpixellighting_vertexdiffuse_pixelphong_shader_test.cpp
cmake/Tests/EasyGLTests.cmake	cna_test_easygl_pixeltestgame_smoke	examples/easygl_pixeltestgame_smoke_test.cpp
cmake/Tests/EasyGLTests.cmake	cna_test_easygl_point_sampling	examples/point_sampling_contract_test.cpp
cmake/Tests/EasyGLTests.cmake	cna_test_easygl_postprocesseffect_shader	examples/easygl_postprocesseffect_shader_test.cpp
cmake/Tests/EasyGLTests.cmake	cna_test_easygl_present_interval	examples/easygl_present_interval_test.cpp
cmake/Tests/EasyGLTests.cmake	cna_test_easygl_present_lifecycle	examples/present_lifecycle_contract_test.cpp
cmake/Tests/EasyGLTests.cmake	cna_test_easygl_presentation_parameters	examples/easygl_presentation_parameters_test.cpp
cmake/Tests/EasyGLTests.cmake	cna_test_easygl_primitivetype_validation	examples/easygl_primitivetype_validation_test.cpp
cmake/Tests/EasyGLTests.cmake	cna_test_easygl_rasterizerstate_cullmode	examples/easygl_rasterizerstate_cullmode_test.cpp
cmake/Tests/EasyGLTests.cmake	cna_test_easygl_rasterizerstate_cullmode_camera	examples/rasterizerstate_cullmode_camera_test.cpp
cmake/Tests/EasyGLTests.cmake	cna_test_easygl_rasterizerstate_cullmode_golden	examples/easygl_rasterizerstate_cullmode_golden_test.cpp
cmake/Tests/EasyGLTests.cmake	cna_test_easygl_rasterizerstate_cullmode_indexed_basiceffect	examples/rasterizerstate_cullmode_indexed_basiceffect_test.cpp
cmake/Tests/EasyGLTests.cmake	cna_test_easygl_real_window_resize	examples/easygl_real_window_resize_test.cpp
cmake/Tests/EasyGLTests.cmake	cna_test_easygl_render_target	examples/easygl_render_target_test.cpp
cmake/Tests/EasyGLTests.cmake	cna_test_easygl_render_target_usage	examples/easygl_render_target_usage_test.cpp
cmake/Tests/EasyGLTests.cmake	cna_test_easygl_rendertarget2d_depth	examples/rendertarget2d_depth_test.cpp
cmake/Tests/EasyGLTests.cmake	cna_test_easygl_rendertarget2d_mip	examples/easygl_rendertarget2d_mip_test.cpp
cmake/Tests/EasyGLTests.cmake	cna_test_easygl_rendertarget2d_msaa	examples/easygl_rendertarget2d_msaa_test.cpp
cmake/Tests/EasyGLTests.cmake	cna_test_easygl_rendertarget2d_properties	examples/easygl_rendertarget2d_properties_test.cpp
cmake/Tests/EasyGLTests.cmake	cna_test_easygl_rendertarget_depthstencil_usage	examples/rendertarget_depthstencil_usage_test.cpp
cmake/Tests/EasyGLTests.cmake	cna_test_easygl_rendertarget_golden	examples/rendertarget2d_golden_test.cpp
cmake/Tests/EasyGLTests.cmake	cna_test_easygl_rendertarget_pass_boundary	examples/rendertarget_pass_boundary_test.cpp
cmake/Tests/EasyGLTests.cmake	cna_test_easygl_rendertarget_viewport_scissor_reset	examples/rendertarget_viewport_scissor_reset_test.cpp
cmake/Tests/EasyGLTests.cmake	cna_test_easygl_rendertargetcube_depthformat	examples/easygl_rendertargetcube_depthformat_test.cpp
cmake/Tests/EasyGLTests.cmake	cna_test_easygl_rendertargetcube_getdata_contract	examples/rendertargetcube_getdata_contract_test.cpp
cmake/Tests/EasyGLTests.cmake	cna_test_easygl_rendertargetcube_msaa_face	examples/rendertargetcube_msaa_face_test.cpp
cmake/Tests/EasyGLTests.cmake	cna_test_easygl_rendertargetcube_plural_binding	examples/rendertargetcube_plural_binding_test.cpp
cmake/Tests/EasyGLTests.cmake	cna_test_easygl_rendertargetcube_properties	examples/easygl_rendertargetcube_properties_test.cpp
cmake/Tests/EasyGLTests.cmake	cna_test_easygl_rendertargetcube_sample	examples/easygl_rendertargetcube_sample_test.cpp
cmake/Tests/EasyGLTests.cmake	cna_test_easygl_rendertargetcube_usage	examples/rendertargetcube_usage_test.cpp
cmake/Tests/EasyGLTests.cmake	cna_test_easygl_resource_events	examples/easygl_resource_events_test.cpp
cmake/Tests/EasyGLTests.cmake	cna_test_easygl_resource_leak	examples/easygl_resource_leak_test.cpp
cmake/Tests/EasyGLTests.cmake	cna_test_easygl_rt_backbuffer_consumer	examples/rendertarget_backbuffer_consumer_test.cpp
cmake/Tests/EasyGLTests.cmake	cna_test_easygl_rt_effect_source	examples/rendertarget_effect_source_test.cpp
cmake/Tests/EasyGLTests.cmake	cna_test_easygl_rt_first_use	examples/rendertarget_first_use_test.cpp
cmake/Tests/EasyGLTests.cmake	cna_test_easygl_rt_producer_consumer	examples/rendertarget_producer_consumer_test.cpp
cmake/Tests/EasyGLTests.cmake	cna_test_easygl_rt_roundtrip	examples/easygl_rt_roundtrip_test.cpp
cmake/Tests/EasyGLTests.cmake	cna_test_easygl_rt_sampling_orientation	examples/rendertarget_sampling_orientation_test.cpp
cmake/Tests/EasyGLTests.cmake	cna_test_easygl_sample_dualtexture_swap	examples/easygl_sample_dualtexture_swap_test.cpp
cmake/Tests/EasyGLTests.cmake	cna_test_easygl_sample_keyboard_cube3d	examples/easygl_sample_keyboard_cube3d_test.cpp
cmake/Tests/EasyGLTests.cmake	cna_test_easygl_sample_layered_blend	examples/easygl_sample_layered_blend_test.cpp
cmake/Tests/EasyGLTests.cmake	cna_test_easygl_sample_moving_quad3d	examples/easygl_sample_moving_quad3d_test.cpp
cmake/Tests/EasyGLTests.cmake	cna_test_easygl_sampler_component_isolation	examples/sampler_component_isolation_contract_test.cpp
cmake/Tests/EasyGLTests.cmake	cna_test_easygl_sampler_state_effect	examples/easygl_sampler_state_effect_test.cpp
cmake/Tests/EasyGLTests.cmake	cna_test_easygl_scissor	examples/easygl_scissor_test.cpp
cmake/Tests/EasyGLTests.cmake	cna_test_easygl_shader_effect	examples/easygl_shader_effect_test.cpp
cmake/Tests/EasyGLTests.cmake	cna_test_easygl_shader_effect_spritebatch_uniform	examples/easygl_shader_effect_spritebatch_uniform_test.cpp
cmake/Tests/EasyGLTests.cmake	cna_test_easygl_shadereffect_3d	examples/easygl_shadereffect_3d_test.cpp
cmake/Tests/EasyGLTests.cmake	cna_test_easygl_shadereffect_custom_vertex_layout	examples/easygl_shadereffect_custom_vertex_layout_test.cpp
cmake/Tests/EasyGLTests.cmake	cna_test_easygl_shadereffect_texture3d	examples/easygl_shadereffect_texture3d_test.cpp
cmake/Tests/EasyGLTests.cmake	cna_test_easygl_shadereffect_texturecube	examples/easygl_shadereffect_texturecube_test.cpp
cmake/Tests/EasyGLTests.cmake	cna_test_easygl_shadowmapping_createshadowmap_shader	examples/easygl_shadowmapping_createshadowmap_shader_test.cpp
cmake/Tests/EasyGLTests.cmake	cna_test_easygl_shadowmapping_drawwithshadowmap_shader	examples/easygl_shadowmapping_drawwithshadowmap_shader_test.cpp
cmake/Tests/EasyGLTests.cmake	cna_test_easygl_shattereffect_shader	examples/easygl_shattereffect_shader_test.cpp
cmake/Tests/EasyGLTests.cmake	cna_test_easygl_shipgame_normalmapping_shader	examples/easygl_shipgame_normalmapping_shader_test.cpp
cmake/Tests/EasyGLTests.cmake	cna_test_easygl_shipgame_particle_shader	examples/easygl_shipgame_particle_shader_test.cpp
cmake/Tests/EasyGLTests.cmake	cna_test_easygl_skinned_effect_bones	examples/easygl_skinned_effect_bones_test.cpp
cmake/Tests/EasyGLTests.cmake	cna_test_easygl_skinnedeffect_combined	examples/easygl_skinnedeffect_combined_test.cpp
cmake/Tests/EasyGLTests.cmake	cna_test_easygl_skinnedeffect_fog	examples/easygl_skinnedeffect_fog_test.cpp
cmake/Tests/EasyGLTests.cmake	cna_test_easygl_skinnedeffect_golden	examples/easygl_skinnedeffect_golden_test.cpp
cmake/Tests/EasyGLTests.cmake	cna_test_easygl_skinnedeffect_identity_bones	examples/easygl_skinnedeffect_identity_bones_test.cpp
cmake/Tests/EasyGLTests.cmake	cna_test_easygl_skinnedeffect_lighting_conformance	examples/skinnedeffect_lighting_conformance_test.cpp
cmake/Tests/EasyGLTests.cmake	cna_test_easygl_skinnedeffect_multilight	examples/easygl_skinnedeffect_multilight_test.cpp
cmake/Tests/EasyGLTests.cmake	cna_test_easygl_skinnedeffect_preferperpixellighting	examples/easygl_skinnedeffect_preferperpixellighting_test.cpp
cmake/Tests/EasyGLTests.cmake	cna_test_easygl_skinnedeffect_specular	examples/easygl_skinnedeffect_specular_test.cpp
cmake/Tests/EasyGLTests.cmake	cna_test_easygl_skinnedeffect_translation_bone	examples/easygl_skinnedeffect_translation_bone_test.cpp
cmake/Tests/EasyGLTests.cmake	cna_test_easygl_skinnedeffect_twobone_blend	examples/easygl_skinnedeffect_twobone_blend_test.cpp
cmake/Tests/EasyGLTests.cmake	cna_test_easygl_skinnedeffect_vertexcolor	examples/easygl_skinnedeffect_vertexcolor_test.cpp
cmake/Tests/EasyGLTests.cmake	cna_test_easygl_skinnedeffect_weightspervertex	examples/easygl_skinnedeffect_weightspervertex_test.cpp
cmake/Tests/EasyGLTests.cmake	cna_test_easygl_skinnedeffect_world_normal	examples/easygl_skinnedeffect_world_normal_test.cpp
cmake/Tests/EasyGLTests.cmake	cna_test_easygl_skinnedpbreffect_golden	examples/easygl_skinnedpbreffect_golden_test.cpp
cmake/Tests/EasyGLTests.cmake	cna_test_easygl_sprite_effects	examples/easygl_sprite_effects_test.cpp
cmake/Tests/EasyGLTests.cmake	cna_test_easygl_spritebatch_3d_order	examples/spritebatch_3d_order_test.cpp
cmake/Tests/EasyGLTests.cmake	cna_test_easygl_spritebatch_blendstate_leak	examples/easygl_spritebatch_blendstate_leak_test.cpp
cmake/Tests/EasyGLTests.cmake	cna_test_easygl_spritebatch_custom_viewport	examples/spritebatch_custom_viewport_test.cpp
cmake/Tests/EasyGLTests.cmake	cna_test_easygl_spritebatch_layerdepth	examples/easygl_spritebatch_layerdepth_test.cpp
cmake/Tests/EasyGLTests.cmake	cna_test_easygl_spritebatch_rendertarget_size	examples/easygl_spritebatch_rendertarget_size_test.cpp
cmake/Tests/EasyGLTests.cmake	cna_test_easygl_spritebatch_rotation	examples/easygl_spritebatch_rotation_test.cpp
cmake/Tests/EasyGLTests.cmake	cna_test_easygl_spritebatch_rotation_golden	examples/easygl_spritebatch_rotation_golden_test.cpp
cmake/Tests/EasyGLTests.cmake	cna_test_easygl_spritebatch_scale	examples/easygl_spritebatch_scale_test.cpp
cmake/Tests/EasyGLTests.cmake	cna_test_easygl_spritebatch_sourcerect	examples/easygl_spritebatch_sourcerect_test.cpp
cmake/Tests/EasyGLTests.cmake	cna_test_easygl_spritebatch_viewport_switch	examples/spritebatch_viewport_switch_test.cpp
cmake/Tests/EasyGLTests.cmake	cna_test_easygl_spritefont_default_char	examples/easygl_spritefont_default_char_test.cpp
cmake/Tests/EasyGLTests.cmake	cna_test_easygl_spritefont_effects_flip	examples/easygl_spritefont_effects_flip_test.cpp
cmake/Tests/EasyGLTests.cmake	cna_test_easygl_spritefont_effects_rotation_scale	examples/easygl_spritefont_effects_rotation_scale_test.cpp
cmake/Tests/EasyGLTests.cmake	cna_test_easygl_spritefont_multiglyph_spacing	examples/easygl_spritefont_multiglyph_spacing_test.cpp
cmake/Tests/EasyGLTests.cmake	cna_test_easygl_spritefont_newline	examples/easygl_spritefont_newline_test.cpp
cmake/Tests/EasyGLTests.cmake	cna_test_easygl_spritefont_single_glyph	examples/easygl_spritefont_single_glyph_test.cpp
cmake/Tests/EasyGLTests.cmake	cna_test_easygl_stock_effect_sampler	examples/stock_effect_sampler_contract_test.cpp
cmake/Tests/EasyGLTests.cmake	cna_test_easygl_surface_format_throws	examples/easygl_surface_format_throws_test.cpp
cmake/Tests/EasyGLTests.cmake	cna_test_easygl_texture2d_anisotropic_singlelevel	examples/easygl_texture2d_anisotropic_singlelevel_test.cpp
cmake/Tests/EasyGLTests.cmake	cna_test_easygl_texture2d_getdata_contract	examples/texture2d_getdata_contract_test.cpp
cmake/Tests/EasyGLTests.cmake	cna_test_easygl_texture2d_getdata_transfer_range	examples/texture2d_getdata_transfer_range_test.cpp
cmake/Tests/EasyGLTests.cmake	cna_test_easygl_texture2d_mip	examples/easygl_texture2d_mip_test.cpp
cmake/Tests/EasyGLTests.cmake	cna_test_easygl_texture2d_partial_rect	examples/easygl_texture2d_partial_rect_test.cpp
cmake/Tests/EasyGLTests.cmake	cna_test_easygl_texture3d_mip	examples/easygl_texture3d_mip_test.cpp
cmake/Tests/EasyGLTests.cmake	cna_test_easygl_texture3d_partial_box	examples/easygl_texture3d_partial_box_test.cpp
cmake/Tests/EasyGLTests.cmake	cna_test_easygl_texture3d_partial_box_readback	examples/easygl_texture3d_partial_box_readback_test.cpp
cmake/Tests/EasyGLTests.cmake	cna_test_easygl_texture3d_slices	examples/easygl_texture3d_slices_test.cpp
cmake/Tests/EasyGLTests.cmake	cna_test_easygl_texture_address_mode	examples/easygl_texture_address_mode_test.cpp
cmake/Tests/EasyGLTests.cmake	cna_test_easygl_texture_address_mode_clamp_effect	examples/easygl_texture_address_mode_clamp_effect_test.cpp
cmake/Tests/EasyGLTests.cmake	cna_test_easygl_texture_address_mode_mirror	examples/easygl_texture_address_mode_mirror_test.cpp
cmake/Tests/EasyGLTests.cmake	cna_test_easygl_texture_address_mode_mirror_effect	examples/easygl_texture_address_mode_mirror_effect_test.cpp
cmake/Tests/EasyGLTests.cmake	cna_test_easygl_texture_anisotropic_effect	examples/easygl_texture_anisotropic_effect_test.cpp
cmake/Tests/EasyGLTests.cmake	cna_test_easygl_texture_filter_linear_golden	examples/easygl_texture_filter_linear_golden_test.cpp
cmake/Tests/EasyGLTests.cmake	cna_test_easygl_texture_filter_mip_contract	examples/texture_filter_mip_contract_test.cpp
cmake/Tests/EasyGLTests.cmake	cna_test_easygl_texture_filter_ordinal	examples/texture_filter_ordinal_contract_test.cpp
cmake/Tests/EasyGLTests.cmake	cna_test_easygl_texture_filter_point_vs_linear	examples/easygl_texture_filter_point_vs_linear_test.cpp
cmake/Tests/EasyGLTests.cmake	cna_test_easygl_texture_mip_filter_effect	examples/easygl_texture_mip_filter_effect_test.cpp
cmake/Tests/EasyGLTests.cmake	cna_test_easygl_texturecube_content_load	examples/easygl_texturecube_content_load_test.cpp
cmake/Tests/EasyGLTests.cmake	cna_test_easygl_texturecube_faces	examples/easygl_texturecube_faces_test.cpp
cmake/Tests/EasyGLTests.cmake	cna_test_easygl_texturecube_mip	examples/easygl_texturecube_mip_test.cpp
cmake/Tests/EasyGLTests.cmake	cna_test_easygl_texturecube_partial_rect	examples/easygl_texturecube_partial_rect_test.cpp
cmake/Tests/EasyGLTests.cmake	cna_test_easygl_textured_quad	examples/easygl_textured_quad_test.cpp
cmake/Tests/EasyGLTests.cmake	cna_test_easygl_transform_matrix	examples/easygl_transform_matrix_test.cpp
cmake/Tests/EasyGLTests.cmake	cna_test_easygl_triangle_strip_winding	examples/triangle_strip_winding_test.cpp
cmake/Tests/EasyGLTests.cmake	cna_test_easygl_vertex_formats	examples/easygl_vertex_formats_test.cpp
cmake/Tests/EasyGLTests.cmake	cna_test_easygl_vertexbuffer_indexbuffer_getdata	examples/easygl_vertexbuffer_indexbuffer_getdata_test.cpp
cmake/Tests/EasyGLTests.cmake	cna_test_easygl_vertexbuffer_setdata	examples/easygl_vertexbuffer_setdata_test.cpp
cmake/Tests/EasyGLTests.cmake	cna_test_easygl_vertexlighting_diffuse_shader	examples/easygl_vertexlighting_diffuse_shader_test.cpp
cmake/Tests/EasyGLTests.cmake	cna_test_easygl_vertexlighting_diffusephong_shader	examples/easygl_vertexlighting_diffusephong_shader_test.cpp
cmake/Tests/EasyGLTests.cmake	cna_test_easygl_vertexlighting_directional_shader	examples/easygl_vertexlighting_directional_shader_test.cpp
cmake/Tests/EasyGLTests.cmake	cna_test_easygl_viewport_reset_after_resize	examples/viewport_reset_after_resize_test.cpp
cmake/Tests/EasyGLTests.cmake	cna_test_easygl_viewport_state	examples/easygl_viewport_state_test.cpp
cmake/Tests/EasyGLTests.cmake	cna_test_easygl_viewport_subregion	examples/easygl_viewport_subregion_test.cpp
cmake/Tests/EasyGLTests.cmake	cna_test_easygl_viewspace_fog	examples/easygl_viewspace_fog_test.cpp
cmake/Tests/EasyGLTests.cmake	cna_test_occlusion_query	examples/occlusion_query_test.cpp
cmake/Tests/EasyGLTests.cmake	cna_test_skinned_effect	examples/skinned_effect_test.cpp
cmake/Tests/EasyGLTests.cmake	cna_test_skinned_integration	examples/skinned_effect_integration_test.cpp
cmake/Tests/EasyGLTests.cmake	cna_test_sprite_font	examples/sprite_font_test.cpp
cmake/Tests/FreeDirectTests.cmake	cna_test_freedirect_backbuffer_pass_order	examples/backbuffer_pass_order_test.cpp
cmake/Tests/FreeDirectTests.cmake	cna_test_freedirect_blend	examples/freedirect_blend_test.cpp
cmake/Tests/FreeDirectTests.cmake	cna_test_freedirect_cube_volume_getdata_contract	examples/texturecube_texture3d_getdata_contract_test.cpp
cmake/Tests/FreeDirectTests.cmake	cna_test_freedirect_cube_volume_setdata_contract	examples/texturecube_texture3d_setdata_contract_test.cpp
cmake/Tests/FreeDirectTests.cmake	cna_test_freedirect_graphics_capability	examples/freedirect_graphics_capability_test.cpp
cmake/Tests/FreeDirectTests.cmake	cna_test_freedirect_logical_transform	examples/freedirect_logical_transform_test.cpp
cmake/Tests/FreeDirectTests.cmake	cna_test_freedirect_no3d	examples/freedirect_no3d_test.cpp
cmake/Tests/FreeDirectTests.cmake	cna_test_freedirect_rendertarget_depthstencil_usage	examples/rendertarget_depthstencil_usage_test.cpp
cmake/Tests/FreeDirectTests.cmake	cna_test_freedirect_rendertarget_pass_boundary	examples/rendertarget_pass_boundary_test.cpp
cmake/Tests/FreeDirectTests.cmake	cna_test_freedirect_rendertargetcube_getdata_contract	examples/rendertargetcube_getdata_contract_test.cpp
cmake/Tests/FreeDirectTests.cmake	cna_test_freedirect_rendertargetcube_msaa_face	examples/rendertargetcube_msaa_face_test.cpp
cmake/Tests/FreeDirectTests.cmake	cna_test_freedirect_rendertargetcube_usage	examples/rendertargetcube_usage_test.cpp
cmake/Tests/FreeDirectTests.cmake	cna_test_freedirect_resize_transaction	examples/freedirect_resize_transaction_test.cpp
cmake/Tests/FreeDirectTests.cmake	cna_test_freedirect_sampling	examples/freedirect_sampling_test.cpp
cmake/Tests/FreeDirectTests.cmake	cna_test_freedirect_smoke	examples/freedirect_smoke_test.cpp
cmake/Tests/FreeDirectTests.cmake	cna_test_freedirect_spritebatch	examples/freedirect_spritebatch_test.cpp
cmake/Tests/FreeDirectTests.cmake	cna_test_freedirect_spritefont	examples/freedirect_spritefont_test.cpp
cmake/Tests/FreeDirectTests.cmake	cna_test_freedirect_texture2d_getdata_contract	examples/texture2d_getdata_contract_test.cpp
cmake/Tests/FreeDirectTests.cmake	cna_test_freedirect_texture2d_getdata_transfer_range	examples/texture2d_getdata_transfer_range_test.cpp
cmake/Tests/FreeDirectTests.cmake	cna_test_freedirect_texture_rendertarget	examples/freedirect_texture_rendertarget_test.cpp
cmake/Tests/FreeDirectTests.cmake	cna_test_freedirect_unsupported_3d_behavior	examples/unsupported_3d_call_behavior_test.cpp
cmake/Tests/GdiTests.cmake	cna_bench_gdi_2d	examples/gdi_2d_benchmark.cpp
cmake/Tests/GdiTests.cmake	cna_test_gdi_2d_regression	examples/gdi_2d_regression_test.cpp
cmake/Tests/GdiTests.cmake	cna_test_gdi_applied_state	examples/gdi_applied_state_test.cpp
cmake/Tests/GdiTests.cmake	cna_test_gdi_colormatrix_effect	examples/gdi_colormatrix_effect_test.cpp
cmake/Tests/GdiTests.cmake	cna_test_gdi_dc_release_transaction	examples/gdi_dc_release_transaction_test.cpp
cmake/Tests/GdiTests.cmake	cna_test_gdi_dirty_damage	examples/gdi_dirty_damage_test.cpp
cmake/Tests/GdiTests.cmake	cna_test_gdi_framebuffer_allocation	examples/gdi_framebuffer_allocation_test.cpp
cmake/Tests/GdiTests.cmake	cna_test_gdi_msaa_contract	examples/gdi_msaa_contract_test.cpp
cmake/Tests/GdiTests.cmake	cna_test_gdi_presentation_configuration	examples/gdi_presentation_configuration_test.cpp
cmake/Tests/GdiTests.cmake	cna_test_gdi_presentation_mode_transaction	examples/gdi_presentation_mode_transaction_test.cpp
cmake/Tests/GdiTests.cmake	cna_test_gdi_presentation_oracle	examples/gdi_presentation_oracle_test.cpp
cmake/Tests/GdiTests.cmake	cna_test_gdi_public_api	examples/gdi_public_api_test.cpp
cmake/Tests/GdiTests.cmake	cna_test_gdi_public_stencil	examples/gdi_public_stencil_test.cpp
cmake/Tests/GdiTests.cmake	cna_test_gdi_repaint_invalidation	examples/gdi_repaint_invalidation_test.cpp
cmake/Tests/GdiTests.cmake	cna_test_gdi_smoke	examples/gdi_smoke_test.cpp
cmake/Tests/GdiTests.cmake	cna_test_gdi_texture_allocation	examples/gdi_texture_allocation_test.cpp
cmake/Tests/GdiTests.cmake	cna_test_gdi_unsupported_features	examples/gdi_unsupported_features_test.cpp
cmake/Tests/GdiTests.cmake	cna_test_gdi_window_metrics	examples/gdi_window_metrics_test.cpp
cmake/Tests/GlideTests.cmake	cna_glide_smoke	examples/glide_smoke_test.cpp
cmake/Tests/HeadlessTests.cmake	cna_test_headless_additive_blend_contract	examples/additive_blend_contract_test.cpp
cmake/Tests/HeadlessTests.cmake	cna_test_headless_backbuffer_first_read	examples/backbuffer_first_read_test.cpp
cmake/Tests/HeadlessTests.cmake	cna_test_headless_backbuffer_pass_order	examples/backbuffer_pass_order_test.cpp
cmake/Tests/HeadlessTests.cmake	cna_test_headless_backbuffer_readback_dimension	examples/backbuffer_readback_dimension_test.cpp
cmake/Tests/HeadlessTests.cmake	cna_test_headless_backbuffer_reject	examples/backbuffer_headless_reject_test.cpp
cmake/Tests/HeadlessTests.cmake	cna_test_headless_bound_target_lifetime	examples/bound_target_lifetime_test.cpp
cmake/Tests/HeadlessTests.cmake	cna_test_headless_colorspace_midtone	examples/colorspace_midtone_contract_test.cpp
cmake/Tests/HeadlessTests.cmake	cna_test_headless_coverage_gaps	examples/headless_coverage_gaps_test.cpp
cmake/Tests/HeadlessTests.cmake	cna_test_headless_cube_volume_getdata_contract	examples/texturecube_texture3d_getdata_contract_test.cpp
cmake/Tests/HeadlessTests.cmake	cna_test_headless_cube_volume_setdata_contract	examples/texturecube_texture3d_setdata_contract_test.cpp
cmake/Tests/HeadlessTests.cmake	cna_test_headless_deferred_scissor	examples/deferred_scissor_capture_test.cpp
cmake/Tests/HeadlessTests.cmake	cna_test_headless_deferred_source_lifetime	examples/deferred_source_lifetime_test.cpp
cmake/Tests/HeadlessTests.cmake	cna_test_headless_deferred_viewport	examples/deferred_viewport_capture_test.cpp
cmake/Tests/HeadlessTests.cmake	cna_test_headless_descriptor_capacity	examples/descriptor_capacity_contract_test.cpp
cmake/Tests/HeadlessTests.cmake	cna_test_headless_dualtexture_slot_sampler	examples/dualtexture_slot_sampler_contract_test.cpp
cmake/Tests/HeadlessTests.cmake	cna_test_headless_effects	examples/headless_effects_test.cpp
cmake/Tests/HeadlessTests.cmake	cna_test_headless_envmap_cube_sampler	examples/envmap_cube_sampler_contract_test.cpp
cmake/Tests/HeadlessTests.cmake	cna_test_headless_frontface_winding	examples/frontface_winding_test.cpp
cmake/Tests/HeadlessTests.cmake	cna_test_headless_gfx153_source_rectangle	examples/source_rectangle_orientation_test.cpp
cmake/Tests/HeadlessTests.cmake	cna_test_headless_invalid_mip_level	examples/rendertarget_invalid_mip_level_test.cpp
cmake/Tests/HeadlessTests.cmake	cna_test_headless_mode_dial	examples/headless_mode_dial_test.cpp
cmake/Tests/HeadlessTests.cmake	cna_test_headless_msaa_depth_contract	examples/rendertarget_msaa_depth_contract_test.cpp
cmake/Tests/HeadlessTests.cmake	cna_test_headless_msaa_first_readback	examples/rendertarget_msaa_first_readback_test.cpp
cmake/Tests/HeadlessTests.cmake	cna_test_headless_msaa_mip_readback	examples/rendertarget_msaa_mip_readback_test.cpp
cmake/Tests/HeadlessTests.cmake	cna_test_headless_ordered_clear	examples/graphicsdevice_ordered_clear_test.cpp
cmake/Tests/HeadlessTests.cmake	cna_test_headless_point_sampling	examples/point_sampling_contract_test.cpp
cmake/Tests/HeadlessTests.cmake	cna_test_headless_present_lifecycle	examples/present_lifecycle_contract_test.cpp
cmake/Tests/HeadlessTests.cmake	cna_test_headless_rendertarget_depthstencil_usage	examples/rendertarget_depthstencil_usage_test.cpp
cmake/Tests/HeadlessTests.cmake	cna_test_headless_rendertarget_pass_boundary	examples/rendertarget_pass_boundary_test.cpp
cmake/Tests/HeadlessTests.cmake	cna_test_headless_rendertargetcube_getdata_contract	examples/rendertargetcube_getdata_contract_test.cpp
cmake/Tests/HeadlessTests.cmake	cna_test_headless_rendertargetcube_msaa_face	examples/rendertargetcube_msaa_face_test.cpp
cmake/Tests/HeadlessTests.cmake	cna_test_headless_rendertargetcube_usage	examples/rendertargetcube_usage_test.cpp
cmake/Tests/HeadlessTests.cmake	cna_test_headless_resource_backends	examples/headless_resource_renderers_test.cpp
cmake/Tests/HeadlessTests.cmake	cna_test_headless_rt_backbuffer_consumer	examples/rendertarget_backbuffer_consumer_test.cpp
cmake/Tests/HeadlessTests.cmake	cna_test_headless_rt_effect_source	examples/rendertarget_effect_source_test.cpp
cmake/Tests/HeadlessTests.cmake	cna_test_headless_rt_first_use	examples/rendertarget_first_use_test.cpp
cmake/Tests/HeadlessTests.cmake	cna_test_headless_rt_producer_consumer	examples/rendertarget_producer_consumer_test.cpp
cmake/Tests/HeadlessTests.cmake	cna_test_headless_rt_sampling_orientation	examples/rendertarget_sampling_orientation_test.cpp
cmake/Tests/HeadlessTests.cmake	cna_test_headless_smoke	examples/headless_smoke_test.cpp
cmake/Tests/HeadlessTests.cmake	cna_test_headless_spritebatch_3d_order	examples/spritebatch_3d_order_test.cpp
cmake/Tests/HeadlessTests.cmake	cna_test_headless_stock_effect_sampler	examples/stock_effect_sampler_contract_test.cpp
cmake/Tests/HeadlessTests.cmake	cna_test_headless_texture2d_getdata_contract	examples/texture2d_getdata_contract_test.cpp
cmake/Tests/HeadlessTests.cmake	cna_test_headless_texture2d_getdata_transfer_range	examples/texture2d_getdata_transfer_range_test.cpp
cmake/Tests/HeadlessTests.cmake	cna_test_headless_texture_filter_mip_contract	examples/texture_filter_mip_contract_test.cpp
cmake/Tests/HeadlessTests.cmake	cna_test_headless_texture_filter_ordinal	examples/texture_filter_ordinal_contract_test.cpp
cmake/Tests/HeadlessTests.cmake	cna_test_headless_trace_diff	examples/headless_trace_diff_test.cpp
cmake/Tests/HeadlessTests.cmake	cna_test_headless_triangle_strip_winding	examples/triangle_strip_winding_test.cpp
cmake/Tests/HeadlessTests.cmake	cna_test_headless_validation_extras	examples/headless_validation_extras_test.cpp
cmake/Tests/HtmlDomTests.cmake	cna_htmldom_visual_demo	examples/htmldom_visual_demo.cpp
cmake/Tests/HtmlDomTests.cmake	cna_test_htmldom_dispose	examples/htmldom_dispose_test.cpp
cmake/Tests/HtmlDomTests.cmake	cna_test_htmldom_memory	examples/htmldom_memory_test.cpp
cmake/Tests/HtmlDomTests.cmake	cna_test_htmldom_pixel_verification	examples/htmldom_pixel_verification_test.cpp
cmake/Tests/HtmlDomTests.cmake	cna_test_htmldom_smoke	examples/htmldom_smoke_test.cpp
cmake/Tests/HtmlDomTests.cmake	cna_test_htmldom_stress	examples/htmldom_stress_test.cpp
cmake/Tests/LlglTests.cmake	${target}	${CMAKE_CURRENT_SOURCE_DIR}/examples/common/LlglVulkanWsiSkipGuard.cpp
cmake/Tests/LlglTests.cmake	cna_test_llgl_2d	examples/llgl_2d_test.cpp
cmake/Tests/LlglTests.cmake	cna_test_llgl_3d	examples/llgl_3d_test.cpp
cmake/Tests/LlglTests.cmake	cna_test_llgl_backbuffer_first_read	examples/backbuffer_first_read_test.cpp
cmake/Tests/LlglTests.cmake	cna_test_llgl_backbuffer_headless_reject	examples/backbuffer_headless_reject_test.cpp
cmake/Tests/LlglTests.cmake	cna_test_llgl_backbuffer_pass_order	examples/backbuffer_pass_order_test.cpp
cmake/Tests/LlglTests.cmake	cna_test_llgl_backbuffer_readback_dimension	examples/backbuffer_readback_dimension_test.cpp
cmake/Tests/LlglTests.cmake	cna_test_llgl_basiceffect	examples/llgl_basiceffect_test.cpp
cmake/Tests/LlglTests.cmake	cna_test_llgl_bound_target_lifetime	examples/bound_target_lifetime_test.cpp
cmake/Tests/LlglTests.cmake	cna_test_llgl_colorspace_midtone	examples/colorspace_midtone_contract_test.cpp
cmake/Tests/LlglTests.cmake	cna_test_llgl_colorwritechannels	examples/gfx077_colorwritechannels_3d_test.cpp
cmake/Tests/LlglTests.cmake	cna_test_llgl_cube_volume_getdata_contract	examples/texturecube_texture3d_getdata_contract_test.cpp
cmake/Tests/LlglTests.cmake	cna_test_llgl_cube_volume_setdata_contract	examples/texturecube_texture3d_setdata_contract_test.cpp
cmake/Tests/LlglTests.cmake	cna_test_llgl_deferred_scissor	examples/deferred_scissor_capture_test.cpp
cmake/Tests/LlglTests.cmake	cna_test_llgl_deferred_source_lifetime	examples/deferred_source_lifetime_test.cpp
cmake/Tests/LlglTests.cmake	cna_test_llgl_deferred_viewport	examples/deferred_viewport_capture_test.cpp
cmake/Tests/LlglTests.cmake	cna_test_llgl_dualtexture	examples/llgl_dualtexture_test.cpp
cmake/Tests/LlglTests.cmake	cna_test_llgl_dualtextureeffect_vertexcolor	examples/dualtextureeffect_vertexcolor_test.cpp
cmake/Tests/LlglTests.cmake	cna_test_llgl_environmentmapeffect_alphascaledlerp	examples/environmentmapeffect_alphascaledlerp_test.cpp
cmake/Tests/LlglTests.cmake	cna_test_llgl_frontface_winding	examples/frontface_winding_test.cpp
cmake/Tests/LlglTests.cmake	cna_test_llgl_graphicsdevice_clear_depth	examples/graphicsdevice_clear_depth_test.cpp
cmake/Tests/LlglTests.cmake	cna_test_llgl_graphicsdevice_default_state_occlusion	examples/graphicsdevice_default_state_occlusion_test.cpp
cmake/Tests/LlglTests.cmake	cna_test_llgl_lighting	examples/llgl_lighting_test.cpp
cmake/Tests/LlglTests.cmake	cna_test_llgl_mip_rendertargetcube	examples/llgl_mip_rendertargetcube_test.cpp
cmake/Tests/LlglTests.cmake	cna_test_llgl_mrt	examples/llgl_mrt_test.cpp
cmake/Tests/LlglTests.cmake	cna_test_llgl_mrt_msaa	examples/llgl_mrt_msaa_test.cpp
cmake/Tests/LlglTests.cmake	cna_test_llgl_msaa	examples/llgl_msaa_test.cpp
cmake/Tests/LlglTests.cmake	cna_test_llgl_msaa_rendertarget	examples/llgl_msaa_rendertarget_test.cpp
cmake/Tests/LlglTests.cmake	cna_test_llgl_msaa_rendertargetcube	examples/llgl_msaa_rendertargetcube_test.cpp
cmake/Tests/LlglTests.cmake	cna_test_llgl_multisamplemask	examples/llgl_multisamplemask_test.cpp
cmake/Tests/LlglTests.cmake	cna_test_llgl_occlusionquery	examples/llgl_occlusionquery_test.cpp
cmake/Tests/LlglTests.cmake	cna_test_llgl_ordered_clear	examples/graphicsdevice_ordered_clear_test.cpp
cmake/Tests/LlglTests.cmake	cna_test_llgl_pbreffect_handderived	examples/llgl_pbreffect_handderived_test.cpp
cmake/Tests/LlglTests.cmake	cna_test_llgl_point_sampling	examples/point_sampling_contract_test.cpp
cmake/Tests/LlglTests.cmake	cna_test_llgl_presentation	examples/llgl_presentation_test.cpp
cmake/Tests/LlglTests.cmake	cna_test_llgl_rasterizerstate_cullmode_camera	examples/rasterizerstate_cullmode_camera_test.cpp
cmake/Tests/LlglTests.cmake	cna_test_llgl_rasterizerstate_cullmode_indexed_basiceffect	examples/rasterizerstate_cullmode_indexed_basiceffect_test.cpp
cmake/Tests/LlglTests.cmake	cna_test_llgl_rasterizerstate_depthbias	examples/software_depthbias_test.cpp
cmake/Tests/LlglTests.cmake	cna_test_llgl_rendertarget	examples/llgl_rendertarget_test.cpp
cmake/Tests/LlglTests.cmake	cna_test_llgl_rendertarget2d_depth	examples/rendertarget2d_depth_test.cpp
cmake/Tests/LlglTests.cmake	cna_test_llgl_rendertarget2d_mip	examples/llgl_rendertarget2d_mip_test.cpp
cmake/Tests/LlglTests.cmake	cna_test_llgl_rendertarget_backbuffer_consumer	examples/rendertarget_backbuffer_consumer_test.cpp
cmake/Tests/LlglTests.cmake	cna_test_llgl_rendertarget_effect_source	examples/rendertarget_effect_source_test.cpp
cmake/Tests/LlglTests.cmake	cna_test_llgl_rendertarget_first_use	examples/rendertarget_first_use_test.cpp
cmake/Tests/LlglTests.cmake	cna_test_llgl_rendertarget_pass_boundary	examples/rendertarget_pass_boundary_test.cpp
cmake/Tests/LlglTests.cmake	cna_test_llgl_rendertarget_producer_consumer	examples/rendertarget_producer_consumer_test.cpp
cmake/Tests/LlglTests.cmake	cna_test_llgl_rendertarget_sampling_orientation	examples/rendertarget_sampling_orientation_test.cpp
cmake/Tests/LlglTests.cmake	cna_test_llgl_rendertarget_viewport_scissor_reset	examples/rendertarget_viewport_scissor_reset_test.cpp
cmake/Tests/LlglTests.cmake	cna_test_llgl_rendertargetcube	examples/llgl_rendertargetcube_test.cpp
cmake/Tests/LlglTests.cmake	cna_test_llgl_rendertargetcube_getdata_contract	examples/rendertargetcube_getdata_contract_test.cpp
cmake/Tests/LlglTests.cmake	cna_test_llgl_rendertargetcube_msaa_face	examples/rendertargetcube_msaa_face_test.cpp
cmake/Tests/LlglTests.cmake	cna_test_llgl_rendertargetcube_plural_binding	examples/rendertargetcube_plural_binding_test.cpp
cmake/Tests/LlglTests.cmake	cna_test_llgl_rendertargetcube_usage	examples/rendertargetcube_usage_test.cpp
cmake/Tests/LlglTests.cmake	cna_test_llgl_resize	examples/llgl_resize_test.cpp
cmake/Tests/LlglTests.cmake	cna_test_llgl_shadereffect	examples/llgl_shadereffect_test.cpp
cmake/Tests/LlglTests.cmake	cna_test_llgl_skinnedeffect_identity_bones	examples/llgl_skinnedeffect_identity_bones_test.cpp
cmake/Tests/LlglTests.cmake	cna_test_llgl_skinnedeffect_lighting_conformance	examples/skinnedeffect_lighting_conformance_test.cpp
cmake/Tests/LlglTests.cmake	cna_test_llgl_skinnedeffect_twobone_blend	examples/llgl_skinnedeffect_twobone_blend_test.cpp
cmake/Tests/LlglTests.cmake	cna_test_llgl_skinnedeffect_vertexcolor	examples/llgl_skinnedeffect_vertexcolor_test.cpp
cmake/Tests/LlglTests.cmake	cna_test_llgl_smoke	examples/llgl_smoke_test.cpp
cmake/Tests/LlglTests.cmake	cna_test_llgl_spritebatch_3d_order	examples/spritebatch_3d_order_test.cpp
cmake/Tests/LlglTests.cmake	cna_test_llgl_spritebatch_custom_viewport	examples/spritebatch_custom_viewport_test.cpp
cmake/Tests/LlglTests.cmake	cna_test_llgl_spritebatch_viewport_switch	examples/spritebatch_viewport_switch_test.cpp
cmake/Tests/LlglTests.cmake	cna_test_llgl_stencil	examples/llgl_stencil_test.cpp
cmake/Tests/LlglTests.cmake	cna_test_llgl_stock_effect_sampler	examples/stock_effect_sampler_contract_test.cpp
cmake/Tests/LlglTests.cmake	cna_test_llgl_texture2d_getdata_contract	examples/texture2d_getdata_contract_test.cpp
cmake/Tests/LlglTests.cmake	cna_test_llgl_texture2d_getdata_transfer_range	examples/texture2d_getdata_transfer_range_test.cpp
cmake/Tests/LlglTests.cmake	cna_test_llgl_texture_filter_ordinal	examples/texture_filter_ordinal_contract_test.cpp
cmake/Tests/LlglTests.cmake	cna_test_llgl_texture_readback	examples/llgl_texture_readback_test.cpp
cmake/Tests/LlglTests.cmake	cna_test_llgl_vertexindexbuffer_grow	examples/llgl_vertexindexbuffer_grow_test.cpp
cmake/Tests/LlglTests.cmake	cna_test_llgl_viewport_reset_after_resize	examples/viewport_reset_after_resize_test.cpp
cmake/Tests/MagnumTests.cmake	cna_test_magnum_dualtextureeffect	examples/magnum_dualtextureeffect_test.cpp
cmake/Tests/MagnumTests.cmake	cna_test_magnum_environmentmapeffect	examples/magnum_environmentmapeffect_test.cpp
cmake/Tests/MagnumTests.cmake	cna_test_magnum_meshcache	examples/magnum_meshcache_test.cpp
cmake/Tests/MagnumTests.cmake	cna_test_magnum_mrt_msaa	examples/magnum_mrt_msaa_test.cpp
cmake/Tests/MagnumTests.cmake	cna_test_magnum_pbreffect	examples/magnum_pbreffect_test.cpp
cmake/Tests/MagnumTests.cmake	cna_test_magnum_pervertexlighting	examples/magnum_pervertexlighting_test.cpp
cmake/Tests/MagnumTests.cmake	cna_test_magnum_skinnedeffect	examples/magnum_skinnedeffect_test.cpp
cmake/Tests/MagnumTests.cmake	cna_test_magnum_smoke	examples/magnum_smoke_test.cpp
cmake/Tests/MetalTests.cmake	cna_test_metal_capabilities	examples/metal_capabilities_test.cpp
cmake/Tests/MetalTests.cmake	cna_test_metal_smoke	examples/metal_smoke_test.cpp
cmake/Tests/OpenGL1Tests.cmake	cna_test_opengl1_alphatesteffect_golden	examples/easygl_alphatesteffect_golden_test.cpp
cmake/Tests/OpenGL1Tests.cmake	cna_test_opengl1_anisotropic_gl_state	examples/opengl1_anisotropic_gl_state_test.cpp
cmake/Tests/OpenGL1Tests.cmake	cna_test_opengl1_basiceffect_combined	examples/easygl_basiceffect_combined_test.cpp
cmake/Tests/OpenGL1Tests.cmake	cna_test_opengl1_basiceffect_golden	examples/easygl_basiceffect_golden_test.cpp
cmake/Tests/OpenGL1Tests.cmake	cna_test_opengl1_basiceffect_texture_enabled	examples/easygl_basiceffect_texture_enabled_test.cpp
cmake/Tests/OpenGL1Tests.cmake	cna_test_opengl1_blendalphafactor	examples/opengl1_blendalphafactor_test.cpp
cmake/Tests/OpenGL1Tests.cmake	cna_test_opengl1_blendequation	examples/opengl1_blendequation_test.cpp
cmake/Tests/OpenGL1Tests.cmake	cna_test_opengl1_blendfactor	examples/opengl1_blendfactor_test.cpp
cmake/Tests/OpenGL1Tests.cmake	cna_test_opengl1_blendstate_additive_golden	examples/easygl_blendstate_additive_golden_test.cpp
cmake/Tests/OpenGL1Tests.cmake	cna_test_opengl1_context_loss	examples/opengl1_context_loss_test.cpp
cmake/Tests/OpenGL1Tests.cmake	cna_test_opengl1_depthstencilstate_stencil_ops	examples/easygl_depthstencilstate_stencil_ops_test.cpp
cmake/Tests/OpenGL1Tests.cmake	cna_test_opengl1_depthstencilstate_write_enable_golden	examples/easygl_depthstencilstate_write_enable_golden_test.cpp
cmake/Tests/OpenGL1Tests.cmake	cna_test_opengl1_directionallight12	examples/opengl1_directionallight12_test.cpp
cmake/Tests/OpenGL1Tests.cmake	cna_test_opengl1_dualtextureeffect_doubling	examples/easygl_dualtextureeffect_doubling_test.cpp
cmake/Tests/OpenGL1Tests.cmake	cna_test_opengl1_dualtextureeffect_golden	examples/easygl_dualtextureeffect_golden_test.cpp
cmake/Tests/OpenGL1Tests.cmake	cna_test_opengl1_environmentmapeffect	examples/opengl1_environmentmapeffect_test.cpp
cmake/Tests/OpenGL1Tests.cmake	cna_test_opengl1_fog_alphatest	examples/opengl1_fog_alphatest_test.cpp
cmake/Tests/OpenGL1Tests.cmake	cna_test_opengl1_goldenimage_smoke	examples/easygl_goldenimage_smoke_test.cpp
cmake/Tests/OpenGL1Tests.cmake	cna_test_opengl1_graphics_capability	examples/opengl1_graphics_capability_test.cpp
cmake/Tests/OpenGL1Tests.cmake	cna_test_opengl1_mipmap_generation	examples/opengl1_mipmap_generation_test.cpp
cmake/Tests/OpenGL1Tests.cmake	cna_test_opengl1_msaa	examples/opengl1_msaa_test.cpp
cmake/Tests/OpenGL1Tests.cmake	cna_test_opengl1_pixeltestgame_smoke	examples/easygl_pixeltestgame_smoke_test.cpp
cmake/Tests/OpenGL1Tests.cmake	cna_test_opengl1_presentationmode	examples/opengl1_presentationmode_test.cpp
cmake/Tests/OpenGL1Tests.cmake	cna_test_opengl1_rasterizerstate_cullmode	examples/easygl_rasterizerstate_cullmode_test.cpp
cmake/Tests/OpenGL1Tests.cmake	cna_test_opengl1_rasterizerstate_cullmode_golden	examples/easygl_rasterizerstate_cullmode_golden_test.cpp
cmake/Tests/OpenGL1Tests.cmake	cna_test_opengl1_rasterizerstate_cullmode_indexed_basiceffect	examples/rasterizerstate_cullmode_indexed_basiceffect_test.cpp
cmake/Tests/OpenGL1Tests.cmake	cna_test_opengl1_rendertarget2d_mip	examples/opengl1_rendertarget2d_mip_test.cpp
cmake/Tests/OpenGL1Tests.cmake	cna_test_opengl1_rendertarget2d_msaa	examples/opengl1_rendertarget2d_msaa_test.cpp
cmake/Tests/OpenGL1Tests.cmake	cna_test_opengl1_rendertarget2d_sample	examples/sdlrenderer_rendertarget2d_sample_test.cpp
cmake/Tests/OpenGL1Tests.cmake	cna_test_opengl1_rendertargetcube	examples/opengl1_rendertargetcube_test.cpp
cmake/Tests/OpenGL1Tests.cmake	cna_test_opengl1_samplerstate_bind_order	examples/opengl1_samplerstate_bind_order_test.cpp
cmake/Tests/OpenGL1Tests.cmake	cna_test_opengl1_scissor	examples/easygl_scissor_test.cpp
cmake/Tests/OpenGL1Tests.cmake	cna_test_opengl1_specular	examples/opengl1_specular_test.cpp
cmake/Tests/OpenGL1Tests.cmake	cna_test_opengl1_spritebatch_rotation_golden	examples/easygl_spritebatch_rotation_golden_test.cpp
cmake/Tests/OpenGL1Tests.cmake	cna_test_opengl1_swapinterval	examples/opengl1_swapinterval_test.cpp
cmake/Tests/OpenGL1Tests.cmake	cna_test_opengl1_texture_filter_linear_golden	examples/easygl_texture_filter_linear_golden_test.cpp
cmake/Tests/OpenGL1Tests.cmake	cna_test_opengl1_textureaddressmode_mirror	examples/opengl1_textureaddressmode_mirror_test.cpp
cmake/Tests/OpenGL1Tests.cmake	cna_test_opengl1_textured_quad	examples/easygl_textured_quad_test.cpp
cmake/Tests/OpenGL2Tests.cmake	cna_test_opengl2_2d	examples/opengl2_2d_test.cpp
cmake/Tests/OpenGL2Tests.cmake	cna_test_opengl2_3d	examples/opengl2_3d_test.cpp
cmake/Tests/OpenGL2Tests.cmake	cna_test_opengl2_alphatesteffect_golden	examples/opengl2_alphatesteffect_golden_test.cpp
cmake/Tests/OpenGL2Tests.cmake	cna_test_opengl2_basiceffect_golden	examples/opengl2_basiceffect_golden_test.cpp
cmake/Tests/OpenGL2Tests.cmake	cna_test_opengl2_blendstate_additive_golden	examples/opengl2_blendstate_additive_golden_test.cpp
cmake/Tests/OpenGL2Tests.cmake	cna_test_opengl2_blendstate_blendfactor	examples/opengl2_blendstate_blendfactor_test.cpp
cmake/Tests/OpenGL2Tests.cmake	cna_test_opengl2_context_loss_recovery	examples/opengl2_context_loss_recovery_test.cpp
cmake/Tests/OpenGL2Tests.cmake	cna_test_opengl2_customvertexdeclaration	examples/opengl2_customvertexdeclaration_test.cpp
cmake/Tests/OpenGL2Tests.cmake	cna_test_opengl2_depthstencilstate_write_enable_golden	examples/opengl2_depthstencilstate_write_enable_golden_test.cpp
cmake/Tests/OpenGL2Tests.cmake	cna_test_opengl2_dualtextureeffect_golden	examples/opengl2_dualtextureeffect_golden_test.cpp
cmake/Tests/OpenGL2Tests.cmake	cna_test_opengl2_dynamicbuffer_stress	examples/opengl2_dynamicbuffer_stress_test.cpp
cmake/Tests/OpenGL2Tests.cmake	cna_test_opengl2_effects	examples/opengl2_effects_test.cpp
cmake/Tests/OpenGL2Tests.cmake	cna_test_opengl2_environmentmapeffect	examples/opengl2_environmentmapeffect_test.cpp
cmake/Tests/OpenGL2Tests.cmake	cna_test_opengl2_environmentmapeffect_golden	examples/opengl2_environmentmapeffect_golden_test.cpp
cmake/Tests/OpenGL2Tests.cmake	cna_test_opengl2_goldenimage_smoke	examples/opengl2_goldenimage_smoke_test.cpp
cmake/Tests/OpenGL2Tests.cmake	cna_test_opengl2_graphics_capability	examples/opengl2_graphics_capability_test.cpp
cmake/Tests/OpenGL2Tests.cmake	cna_test_opengl2_instancedmodel	examples/opengl2_instancedmodel_test.cpp
cmake/Tests/OpenGL2Tests.cmake	cna_test_opengl2_mrt	examples/opengl2_mrt_test.cpp
cmake/Tests/OpenGL2Tests.cmake	cna_test_opengl2_mrt_depth_msaa	examples/opengl2_mrt_depth_msaa_test.cpp
cmake/Tests/OpenGL2Tests.cmake	cna_test_opengl2_occlusionquery	examples/opengl2_occlusionquery_test.cpp
cmake/Tests/OpenGL2Tests.cmake	cna_test_opengl2_pbreffect	examples/opengl2_pbreffect_test.cpp
cmake/Tests/OpenGL2Tests.cmake	cna_test_opengl2_pbreffect_golden	examples/opengl2_pbreffect_golden_test.cpp
cmake/Tests/OpenGL2Tests.cmake	cna_test_opengl2_presentation	examples/opengl2_presentation_test.cpp
cmake/Tests/OpenGL2Tests.cmake	cna_test_opengl2_presentationmode_letterbox	examples/opengl2_presentationmode_letterbox_test.cpp
cmake/Tests/OpenGL2Tests.cmake	cna_test_opengl2_presentationmode_overscan	examples/opengl2_presentationmode_overscan_test.cpp
cmake/Tests/OpenGL2Tests.cmake	cna_test_opengl2_presentationmode_stretch	examples/opengl2_presentationmode_stretch_test.cpp
cmake/Tests/OpenGL2Tests.cmake	cna_test_opengl2_rasterizerstate_cullmode_golden	examples/opengl2_rasterizerstate_cullmode_golden_test.cpp
cmake/Tests/OpenGL2Tests.cmake	cna_test_opengl2_referencestencil	examples/opengl2_referencestencil_test.cpp
cmake/Tests/OpenGL2Tests.cmake	cna_test_opengl2_rendertarget2d	examples/opengl2_rendertarget2d_test.cpp
cmake/Tests/OpenGL2Tests.cmake	cna_test_opengl2_rendertargetcube	examples/opengl2_rendertargetcube_test.cpp
cmake/Tests/OpenGL2Tests.cmake	cna_test_opengl2_shadereffect	examples/opengl2_shadereffect_test.cpp
cmake/Tests/OpenGL2Tests.cmake	cna_test_opengl2_skinnedeffect	examples/opengl2_skinnedeffect_test.cpp
cmake/Tests/OpenGL2Tests.cmake	cna_test_opengl2_skinnedeffect_golden	examples/opengl2_skinnedeffect_golden_test.cpp
cmake/Tests/OpenGL2Tests.cmake	cna_test_opengl2_skinnedeffect_vertexcolor_golden	examples/opengl2_skinnedeffect_vertexcolor_golden_test.cpp
cmake/Tests/OpenGL2Tests.cmake	cna_test_opengl2_smoke	examples/opengl2_smoke_test.cpp
cmake/Tests/OpenGL2Tests.cmake	cna_test_opengl2_sprite_effects	examples/opengl2_sprite_effects_test.cpp
cmake/Tests/OpenGL2Tests.cmake	cna_test_opengl2_spritebatch_blendstate_leak	examples/opengl2_spritebatch_blendstate_leak_test.cpp
cmake/Tests/OpenGL2Tests.cmake	cna_test_opengl2_spritebatch_customeffect	examples/opengl2_spritebatch_customeffect_test.cpp
cmake/Tests/OpenGL2Tests.cmake	cna_test_opengl2_spritebatch_layerdepth	examples/opengl2_spritebatch_layerdepth_test.cpp
cmake/Tests/OpenGL2Tests.cmake	cna_test_opengl2_spritebatch_rotation_golden	examples/opengl2_spritebatch_rotation_golden_test.cpp
cmake/Tests/OpenGL2Tests.cmake	cna_test_opengl2_spritebatch_scale	examples/opengl2_spritebatch_scale_test.cpp
cmake/Tests/OpenGL2Tests.cmake	cna_test_opengl2_spritebatch_sourcerect	examples/opengl2_spritebatch_sourcerect_test.cpp
cmake/Tests/OpenGL2Tests.cmake	cna_test_opengl2_texture2d_anisotropic_singlelevel	examples/opengl2_texture2d_anisotropic_singlelevel_test.cpp
cmake/Tests/OpenGL2Tests.cmake	cna_test_opengl2_texture3d	examples/opengl2_texture3d_test.cpp
cmake/Tests/OpenGL2Tests.cmake	cna_test_opengl2_texture3d_mip	examples/opengl2_texture3d_mip_test.cpp
cmake/Tests/OpenGL2Tests.cmake	cna_test_opengl2_texture_filter_linear_golden	examples/opengl2_texture_filter_linear_golden_test.cpp
cmake/Tests/OpenGL2Tests.cmake	cna_test_opengl2_texture_mip_filter	examples/opengl2_texture_mip_filter_test.cpp
cmake/Tests/OpenGL2Tests.cmake	cna_test_opengl2_texturecube	examples/opengl2_texturecube_test.cpp
cmake/Tests/OpenGL4Tests.cmake	cna_test_opengl4_3d	examples/opengl4_3d_test.cpp
cmake/Tests/OpenGL4Tests.cmake	cna_test_opengl4_alphatest_dualtexture	examples/opengl4_alphatest_dualtexture_test.cpp
cmake/Tests/OpenGL4Tests.cmake	cna_test_opengl4_basevertex	examples/opengl4_basevertex_test.cpp
cmake/Tests/OpenGL4Tests.cmake	cna_test_opengl4_environmentmapeffect	examples/opengl4_environmentmapeffect_test.cpp
cmake/Tests/OpenGL4Tests.cmake	cna_test_opengl4_fog	examples/opengl4_fog_test.cpp
cmake/Tests/OpenGL4Tests.cmake	cna_test_opengl4_indexbuffer32	examples/opengl4_indexbuffer32_test.cpp
cmake/Tests/OpenGL4Tests.cmake	cna_test_opengl4_instancedmodel	examples/opengl4_instancedmodel_shader_test.cpp
cmake/Tests/OpenGL4Tests.cmake	cna_test_opengl4_mipmap	examples/opengl4_mipmap_test.cpp
cmake/Tests/OpenGL4Tests.cmake	cna_test_opengl4_msaa	examples/opengl4_msaa_test.cpp
cmake/Tests/OpenGL4Tests.cmake	cna_test_opengl4_occlusionquery	examples/opengl4_occlusionquery_test.cpp
cmake/Tests/OpenGL4Tests.cmake	cna_test_opengl4_pbreffect	examples/opengl4_pbreffect_test.cpp
cmake/Tests/OpenGL4Tests.cmake	cna_test_opengl4_preferperpixellighting	examples/opengl4_preferperpixellighting_test.cpp
cmake/Tests/OpenGL4Tests.cmake	cna_test_opengl4_readback	examples/opengl4_readback_test.cpp
cmake/Tests/OpenGL4Tests.cmake	cna_test_opengl4_renderstate	examples/opengl4_renderstate_test.cpp
cmake/Tests/OpenGL4Tests.cmake	cna_test_opengl4_rendertarget2d	examples/opengl4_rendertarget2d_test.cpp
cmake/Tests/OpenGL4Tests.cmake	cna_test_opengl4_rendertargetcube_mrt	examples/opengl4_rendertargetcube_mrt_test.cpp
cmake/Tests/OpenGL4Tests.cmake	cna_test_opengl4_samplerstate	examples/opengl4_samplerstate_test.cpp
cmake/Tests/OpenGL4Tests.cmake	cna_test_opengl4_shadereffect_3d	examples/opengl4_shadereffect_3d_test.cpp
cmake/Tests/OpenGL4Tests.cmake	cna_test_opengl4_shadereffect_spritebatch	examples/opengl4_shadereffect_spritebatch_test.cpp
cmake/Tests/OpenGL4Tests.cmake	cna_test_opengl4_skinnedeffect	examples/opengl4_skinnedeffect_test.cpp
cmake/Tests/OpenGL4Tests.cmake	cna_test_opengl4_smoke	examples/opengl4_smoke_test.cpp
cmake/Tests/OpenGL4Tests.cmake	cna_test_opengl4_texture3d	examples/opengl4_texture3d_test.cpp
cmake/Tests/OpenGL4Tests.cmake	cna_test_opengl4_texturecube	examples/opengl4_texturecube_test.cpp
cmake/Tests/OpenGL4Tests.cmake	cna_test_opengl4_textured3d	examples/opengl4_textured3d_test.cpp
cmake/Tests/OpenGL4Tests.cmake	cna_test_opengl4_transformcoords	examples/opengl4_transformcoords_test.cpp
cmake/Tests/OpenGLES1Tests.cmake	cna_test_opengles1_buffers_rendertarget	examples/opengles1_buffers_rendertarget_test.cpp
cmake/Tests/OpenGLES1Tests.cmake	cna_test_opengles1_clear_readback	examples/opengles1_clear_readback_test.cpp
cmake/Tests/OpenGLES1Tests.cmake	cna_test_opengles1_lighting_fog_alphatest	examples/opengles1_lighting_fog_alphatest_test.cpp
cmake/Tests/OpenGLES1Tests.cmake	cna_test_opengles1_multitexture_contextloss	examples/opengles1_multitexture_contextloss_test.cpp
cmake/Tests/OpenGLES1Tests.cmake	cna_test_opengles1_render_state	examples/opengles1_render_state_test.cpp
cmake/Tests/OpenGLES1Tests.cmake	cna_test_opengles1_resolution_statetoggles	examples/opengles1_resolution_statetoggles_test.cpp
cmake/Tests/OpenGLES1Tests.cmake	cna_test_opengles1_viewport_scissor	examples/opengles1_viewport_scissor_test.cpp
cmake/Tests/SdlGpuTests.cmake	cna_diag_sdlgpu_single_sprite	examples/sdlgpu_diag_single_sprite.cpp
cmake/Tests/SdlGpuTests.cmake	cna_test_sdlgpu_2d	examples/sdlgpu_2d_test.cpp
cmake/Tests/SdlGpuTests.cmake	cna_test_sdlgpu_3d	examples/sdlgpu_3d_test.cpp
cmake/Tests/SdlGpuTests.cmake	cna_test_sdlgpu_additive_blend_contract	examples/additive_blend_contract_test.cpp
cmake/Tests/SdlGpuTests.cmake	cna_test_sdlgpu_backbuffer_first_read	examples/backbuffer_first_read_test.cpp
cmake/Tests/SdlGpuTests.cmake	cna_test_sdlgpu_backbuffer_pass_order	examples/backbuffer_pass_order_test.cpp
cmake/Tests/SdlGpuTests.cmake	cna_test_sdlgpu_backbuffer_readback_dimension	examples/backbuffer_readback_dimension_test.cpp
cmake/Tests/SdlGpuTests.cmake	cna_test_sdlgpu_backbuffer_reject	examples/backbuffer_headless_reject_test.cpp
cmake/Tests/SdlGpuTests.cmake	cna_test_sdlgpu_basiceffect_fog	examples/sdlgpu_basiceffect_fog_test.cpp
cmake/Tests/SdlGpuTests.cmake	cna_test_sdlgpu_bound_target_lifetime	examples/bound_target_lifetime_test.cpp
cmake/Tests/SdlGpuTests.cmake	cna_test_sdlgpu_colorspace_midtone	examples/colorspace_midtone_contract_test.cpp
cmake/Tests/SdlGpuTests.cmake	cna_test_sdlgpu_colorwritechannels	examples/gfx077_colorwritechannels_3d_test.cpp
cmake/Tests/SdlGpuTests.cmake	cna_test_sdlgpu_constructor_exception_safety	examples/sdlgpu_constructor_exception_safety_test.cpp
cmake/Tests/SdlGpuTests.cmake	cna_test_sdlgpu_cube_volume_getdata_contract	examples/texturecube_texture3d_getdata_contract_test.cpp
cmake/Tests/SdlGpuTests.cmake	cna_test_sdlgpu_cube_volume_setdata_contract	examples/texturecube_texture3d_setdata_contract_test.cpp
cmake/Tests/SdlGpuTests.cmake	cna_test_sdlgpu_deferred_scissor	examples/deferred_scissor_capture_test.cpp
cmake/Tests/SdlGpuTests.cmake	cna_test_sdlgpu_deferred_source_lifetime	examples/deferred_source_lifetime_test.cpp
cmake/Tests/SdlGpuTests.cmake	cna_test_sdlgpu_deferred_viewport	examples/deferred_viewport_capture_test.cpp
cmake/Tests/SdlGpuTests.cmake	cna_test_sdlgpu_depth_bias	examples/sdlgpu_depth_bias_test.cpp
cmake/Tests/SdlGpuTests.cmake	cna_test_sdlgpu_depthless_cube_spritebatch_compatibility	examples/sdlgpu_depthless_cube_spritebatch_compatibility_test.cpp
cmake/Tests/SdlGpuTests.cmake	cna_test_sdlgpu_descriptor_capacity	examples/descriptor_capacity_contract_test.cpp
cmake/Tests/SdlGpuTests.cmake	cna_test_sdlgpu_draworder	examples/sdlgpu_draworder_test.cpp
cmake/Tests/SdlGpuTests.cmake	cna_test_sdlgpu_dualtexture_slot_sampler	examples/dualtexture_slot_sampler_contract_test.cpp
cmake/Tests/SdlGpuTests.cmake	cna_test_sdlgpu_effects	examples/sdlgpu_effects_test.cpp
cmake/Tests/SdlGpuTests.cmake	cna_test_sdlgpu_effects_fog	examples/sdlgpu_effects_fog_test.cpp
cmake/Tests/SdlGpuTests.cmake	cna_test_sdlgpu_envmap	examples/sdlgpu_envmap_test.cpp
cmake/Tests/SdlGpuTests.cmake	cna_test_sdlgpu_envmap_cube_sampler	examples/envmap_cube_sampler_contract_test.cpp
cmake/Tests/SdlGpuTests.cmake	cna_test_sdlgpu_envmap_cube_sampler_state	examples/envmap_cube_sampler_state_test.cpp
cmake/Tests/SdlGpuTests.cmake	cna_test_sdlgpu_envmap_emissive	examples/sdlgpu_environmentmapeffect_emissive_test.cpp
cmake/Tests/SdlGpuTests.cmake	cna_test_sdlgpu_frontface_winding	examples/frontface_winding_test.cpp
cmake/Tests/SdlGpuTests.cmake	cna_test_sdlgpu_gfx153_source_rectangle	examples/source_rectangle_orientation_test.cpp
cmake/Tests/SdlGpuTests.cmake	cna_test_sdlgpu_invalid_mip_level	examples/rendertarget_invalid_mip_level_test.cpp
cmake/Tests/SdlGpuTests.cmake	cna_test_sdlgpu_mrt	examples/sdlgpu_mrt_test.cpp
cmake/Tests/SdlGpuTests.cmake	cna_test_sdlgpu_msaa_depth_contract	examples/rendertarget_msaa_depth_contract_test.cpp
cmake/Tests/SdlGpuTests.cmake	cna_test_sdlgpu_msaa_first_readback	examples/rendertarget_msaa_first_readback_test.cpp
cmake/Tests/SdlGpuTests.cmake	cna_test_sdlgpu_msaa_mip_readback	examples/rendertarget_msaa_mip_readback_test.cpp
cmake/Tests/SdlGpuTests.cmake	cna_test_sdlgpu_ordered_clear	examples/graphicsdevice_ordered_clear_test.cpp
cmake/Tests/SdlGpuTests.cmake	cna_test_sdlgpu_pass_boundary_upload	examples/sdlgpu_pass_boundary_upload_test.cpp
cmake/Tests/SdlGpuTests.cmake	cna_test_sdlgpu_pbreffect	examples/sdlgpu_pbreffect_test.cpp
cmake/Tests/SdlGpuTests.cmake	cna_test_sdlgpu_point_sampling	examples/point_sampling_contract_test.cpp
cmake/Tests/SdlGpuTests.cmake	cna_test_sdlgpu_present_lifecycle	examples/present_lifecycle_contract_test.cpp
cmake/Tests/SdlGpuTests.cmake	cna_test_sdlgpu_renderstate	examples/sdlgpu_renderstate_test.cpp
cmake/Tests/SdlGpuTests.cmake	cna_test_sdlgpu_rendertarget2d	examples/sdlgpu_rendertarget2d_test.cpp
cmake/Tests/SdlGpuTests.cmake	cna_test_sdlgpu_rendertarget2d_msaa	examples/sdlgpu_rendertarget2d_msaa_test.cpp
cmake/Tests/SdlGpuTests.cmake	cna_test_sdlgpu_rendertarget_depthstencil_usage	examples/rendertarget_depthstencil_usage_test.cpp
cmake/Tests/SdlGpuTests.cmake	cna_test_sdlgpu_rendertarget_pass_boundary	examples/rendertarget_pass_boundary_test.cpp
cmake/Tests/SdlGpuTests.cmake	cna_test_sdlgpu_rendertargetcube	examples/sdlgpu_rendertargetcube_test.cpp
cmake/Tests/SdlGpuTests.cmake	cna_test_sdlgpu_rendertargetcube_getdata_contract	examples/rendertargetcube_getdata_contract_test.cpp
cmake/Tests/SdlGpuTests.cmake	cna_test_sdlgpu_rendertargetcube_msaa_face	examples/rendertargetcube_msaa_face_test.cpp
cmake/Tests/SdlGpuTests.cmake	cna_test_sdlgpu_rendertargetcube_msaa_mip	examples/sdlgpu_rendertargetcube_msaa_mip_test.cpp
cmake/Tests/SdlGpuTests.cmake	cna_test_sdlgpu_rendertargetcube_plural_binding	examples/rendertargetcube_plural_binding_test.cpp
cmake/Tests/SdlGpuTests.cmake	cna_test_sdlgpu_rendertargetcube_usage	examples/rendertargetcube_usage_test.cpp
cmake/Tests/SdlGpuTests.cmake	cna_test_sdlgpu_rt_backbuffer_consumer	examples/rendertarget_backbuffer_consumer_test.cpp
cmake/Tests/SdlGpuTests.cmake	cna_test_sdlgpu_rt_blendfactor	examples/sdlgpu_rendertarget_blendfactor_test.cpp
cmake/Tests/SdlGpuTests.cmake	cna_test_sdlgpu_rt_effect_source	examples/rendertarget_effect_source_test.cpp
cmake/Tests/SdlGpuTests.cmake	cna_test_sdlgpu_rt_first_use	examples/rendertarget_first_use_test.cpp
cmake/Tests/SdlGpuTests.cmake	cna_test_sdlgpu_rt_lifetime	examples/sdlgpu_rendertarget_lifetime_test.cpp
cmake/Tests/SdlGpuTests.cmake	cna_test_sdlgpu_rt_producer_consumer	examples/rendertarget_producer_consumer_test.cpp
cmake/Tests/SdlGpuTests.cmake	cna_test_sdlgpu_rt_sampling_orientation	examples/rendertarget_sampling_orientation_test.cpp
cmake/Tests/SdlGpuTests.cmake	cna_test_sdlgpu_rt_scissor	examples/sdlgpu_rendertarget_scissor_test.cpp
cmake/Tests/SdlGpuTests.cmake	cna_test_sdlgpu_rt_viewport	examples/sdlgpu_rendertarget_viewport_test.cpp
cmake/Tests/SdlGpuTests.cmake	cna_test_sdlgpu_samplerstate	examples/sdlgpu_samplerstate_test.cpp
cmake/Tests/SdlGpuTests.cmake	cna_test_sdlgpu_shadereffect	examples/sdlgpu_shadereffect_test.cpp
cmake/Tests/SdlGpuTests.cmake	cna_test_sdlgpu_skinned	examples/sdlgpu_skinned_test.cpp
cmake/Tests/SdlGpuTests.cmake	cna_test_sdlgpu_skinnedeffect_fog	examples/sdlgpu_skinnedeffect_fog_test.cpp
cmake/Tests/SdlGpuTests.cmake	cna_test_sdlgpu_skinnedeffect_vertexcolor	examples/sdlgpu_skinnedeffect_vertexcolor_test.cpp
cmake/Tests/SdlGpuTests.cmake	cna_test_sdlgpu_skinnedeffect_world_normal	examples/sdlgpu_skinnedeffect_world_normal_test.cpp
cmake/Tests/SdlGpuTests.cmake	cna_test_sdlgpu_skinnedpbreffect	examples/sdlgpu_skinnedpbreffect_test.cpp
cmake/Tests/SdlGpuTests.cmake	cna_test_sdlgpu_smoke	examples/sdlgpu_smoke_test.cpp
cmake/Tests/SdlGpuTests.cmake	cna_test_sdlgpu_spritebatch_3d_order	examples/spritebatch_3d_order_test.cpp
cmake/Tests/SdlGpuTests.cmake	cna_test_sdlgpu_spritebatch_begin_rasterizerstate	examples/spritebatch_begin_rasterizerstate_scissor_test.cpp
cmake/Tests/SdlGpuTests.cmake	cna_test_sdlgpu_spritebatch_custom_viewport	examples/spritebatch_custom_viewport_rt_test.cpp
cmake/Tests/SdlGpuTests.cmake	cna_test_sdlgpu_stock_effect_sampler	examples/stock_effect_sampler_contract_test.cpp
cmake/Tests/SdlGpuTests.cmake	cna_test_sdlgpu_swapchain_recovery	examples/sdlgpu_swapchain_recovery_test.cpp
cmake/Tests/SdlGpuTests.cmake	cna_test_sdlgpu_texture2d_getdata_contract	examples/texture2d_getdata_contract_test.cpp
cmake/Tests/SdlGpuTests.cmake	cna_test_sdlgpu_texture2d_getdata_transfer_range	examples/texture2d_getdata_transfer_range_test.cpp
cmake/Tests/SdlGpuTests.cmake	cna_test_sdlgpu_texture2d_mip_storage	examples/sdlgpu_texture2d_mip_storage_test.cpp
cmake/Tests/SdlGpuTests.cmake	cna_test_sdlgpu_texture3d	examples/sdlgpu_texture3d_test.cpp
cmake/Tests/SdlGpuTests.cmake	cna_test_sdlgpu_texture3d_validity	examples/sdlgpu_texture3d_validity_test.cpp
cmake/Tests/SdlGpuTests.cmake	cna_test_sdlgpu_texture_filter_mip_contract	examples/texture_filter_mip_contract_test.cpp
cmake/Tests/SdlGpuTests.cmake	cna_test_sdlgpu_texture_filter_ordinal	examples/texture_filter_ordinal_contract_test.cpp
cmake/Tests/SdlGpuTests.cmake	cna_test_sdlgpu_texturecube	examples/sdlgpu_texturecube_test.cpp
cmake/Tests/SdlGpuTests.cmake	cna_test_sdlgpu_triangle_strip_winding	examples/triangle_strip_winding_test.cpp
cmake/Tests/SdlGpuTests.cmake	cna_test_sdlgpu_viewspace_fog	examples/sdlgpu_viewspace_fog_test.cpp
cmake/Tests/SdlRendererTests.cmake	cna_test_sdl_backbuffer_pass_order	examples/backbuffer_pass_order_test.cpp
cmake/Tests/SdlRendererTests.cmake	cna_test_sdl_blendstate_additive	examples/sdlrenderer_blendstate_additive_test.cpp
cmake/Tests/SdlRendererTests.cmake	cna_test_sdl_blendstate_alphablend	examples/sdlrenderer_blendstate_alphablend_test.cpp
cmake/Tests/SdlRendererTests.cmake	cna_test_sdl_blendstate_audit	examples/sdlrenderer_blendstate_audit_test.cpp
cmake/Tests/SdlRendererTests.cmake	cna_test_sdl_blendstate_custom	examples/sdlrenderer_blendstate_custom_test.cpp
cmake/Tests/SdlRendererTests.cmake	cna_test_sdl_blendstate_nonpremultiplied	examples/sdlrenderer_blendstate_nonpremultiplied_test.cpp
cmake/Tests/SdlRendererTests.cmake	cna_test_sdl_blendstate_opaque	examples/sdlrenderer_blendstate_opaque_test.cpp
cmake/Tests/SdlRendererTests.cmake	cna_test_sdl_buffer_construction_throws	examples/sdlrenderer_buffer_construction_throws_test.cpp
cmake/Tests/SdlRendererTests.cmake	cna_test_sdl_clearoptions_audit	examples/sdlrenderer_clearoptions_audit_test.cpp
cmake/Tests/SdlRendererTests.cmake	cna_test_sdl_cube_volume_getdata_contract	examples/texturecube_texture3d_getdata_contract_test.cpp
cmake/Tests/SdlRendererTests.cmake	cna_test_sdl_cube_volume_setdata_contract	examples/texturecube_texture3d_setdata_contract_test.cpp
cmake/Tests/SdlRendererTests.cmake	cna_test_sdl_custom_effect_throws	examples/sdlrenderer_custom_effect_throws_test.cpp
cmake/Tests/SdlRendererTests.cmake	cna_test_sdl_devicereset_events	examples/sdlrenderer_devicereset_events_test.cpp
cmake/Tests/SdlRendererTests.cmake	cna_test_sdl_disposed_guards	examples/sdlrenderer_disposed_guards_test.cpp
cmake/Tests/SdlRendererTests.cmake	cna_test_sdl_double_dispose	examples/sdlrenderer_double_dispose_test.cpp
cmake/Tests/SdlRendererTests.cmake	cna_test_sdl_drawprimitives_throws	examples/sdlrenderer_drawprimitives_throws_test.cpp
cmake/Tests/SdlRendererTests.cmake	cna_test_sdl_drawuserindexedprimitives_throws	examples/sdlrenderer_drawuserindexedprimitives_throws_test.cpp
cmake/Tests/SdlRendererTests.cmake	cna_test_sdl_drawuserprimitives_throws	examples/sdlrenderer_drawuserprimitives_throws_test.cpp
cmake/Tests/SdlRendererTests.cmake	cna_test_sdl_fullscreen_toggle	examples/sdlrenderer_fullscreen_toggle_test.cpp
cmake/Tests/SdlRendererTests.cmake	cna_test_sdl_getbackbufferdata_after_rt_unbind	examples/sdlrenderer_getbackbufferdata_after_rt_unbind_test.cpp
cmake/Tests/SdlRendererTests.cmake	cna_test_sdl_graphics_capability	examples/sdlrenderer_graphics_capability_test.cpp
cmake/Tests/SdlRendererTests.cmake	cna_test_sdl_model_draw_throws	examples/sdlrenderer_model_draw_throws_test.cpp
cmake/Tests/SdlRendererTests.cmake	cna_test_sdl_multisamplecount_decision	examples/sdlrenderer_multisamplecount_decision_test.cpp
cmake/Tests/SdlRendererTests.cmake	cna_test_sdl_npot_texture	examples/sdlrenderer_npot_texture_test.cpp
cmake/Tests/SdlRendererTests.cmake	cna_test_sdl_occlusionquery_throws	examples/sdlrenderer_occlusionquery_throws_test.cpp
cmake/Tests/SdlRendererTests.cmake	cna_test_sdl_presentationparameters_resize	examples/sdlrenderer_presentationparameters_resize_test.cpp
cmake/Tests/SdlRendererTests.cmake	cna_test_sdl_presentinterval	examples/sdlrenderer_presentinterval_test.cpp
cmake/Tests/SdlRendererTests.cmake	cna_test_sdl_rasterizer_depthstencil_construction	examples/sdlrenderer_rasterizer_depthstencil_construction_test.cpp
cmake/Tests/SdlRendererTests.cmake	cna_test_sdl_readback	examples/sdlrenderer_readback_test.cpp
cmake/Tests/SdlRendererTests.cmake	cna_test_sdl_rendertarget2d_construction	examples/sdlrenderer_rendertarget2d_construction_test.cpp
cmake/Tests/SdlRendererTests.cmake	cna_test_sdl_rendertarget2d_golden	examples/rendertarget2d_golden_test.cpp
cmake/Tests/SdlRendererTests.cmake	cna_test_sdl_rendertarget2d_sample	examples/sdlrenderer_rendertarget2d_sample_test.cpp
cmake/Tests/SdlRendererTests.cmake	cna_test_sdl_rendertarget_depth_decision	examples/sdlrenderer_rendertarget_depth_decision_test.cpp
cmake/Tests/SdlRendererTests.cmake	cna_test_sdl_rendertarget_depthstencil_usage	examples/rendertarget_depthstencil_usage_test.cpp
cmake/Tests/SdlRendererTests.cmake	cna_test_sdl_rendertarget_pass_boundary	examples/rendertarget_pass_boundary_test.cpp
cmake/Tests/SdlRendererTests.cmake	cna_test_sdl_rendertarget_usage	examples/sdlrenderer_rendertarget_usage_test.cpp
cmake/Tests/SdlRendererTests.cmake	cna_test_sdl_rendertargetcube_getdata_contract	examples/rendertargetcube_getdata_contract_test.cpp
cmake/Tests/SdlRendererTests.cmake	cna_test_sdl_rendertargetcube_msaa_face	examples/rendertargetcube_msaa_face_test.cpp
cmake/Tests/SdlRendererTests.cmake	cna_test_sdl_rendertargetcube_usage	examples/rendertargetcube_usage_test.cpp
cmake/Tests/SdlRendererTests.cmake	cna_test_sdl_rendertargets_mrt_throws	examples/sdlrenderer_rendertargets_mrt_throws_test.cpp
cmake/Tests/SdlRendererTests.cmake	cna_test_sdl_resource_leak	examples/sdlrenderer_resource_leak_test.cpp
cmake/Tests/SdlRendererTests.cmake	cna_test_sdl_sample_animated_spritesheet	examples/sdlrenderer_sample_animated_spritesheet_test.cpp
cmake/Tests/SdlRendererTests.cmake	cna_test_sdl_sample_bouncing_sprite	examples/sdlrenderer_sample_bouncing_sprite_test.cpp
cmake/Tests/SdlRendererTests.cmake	cna_test_sdl_sample_keyboard_sprite	examples/sdlrenderer_sample_keyboard_sprite_test.cpp
cmake/Tests/SdlRendererTests.cmake	cna_test_sdl_sample_spritefont_text	examples/sdlrenderer_sample_spritefont_text_test.cpp
cmake/Tests/SdlRendererTests.cmake	cna_test_sdl_samplerstate_default	examples/sdlrenderer_samplerstate_default_test.cpp
cmake/Tests/SdlRendererTests.cmake	cna_test_sdl_samplerstate_filter_audit	examples/sdlrenderer_samplerstate_filter_audit_test.cpp
cmake/Tests/SdlRendererTests.cmake	cna_test_sdl_samplerstate_perdraw_switch	examples/sdlrenderer_samplerstate_perdraw_switch_test.cpp
cmake/Tests/SdlRendererTests.cmake	cna_test_sdl_sprite_effects	examples/sdlrenderer_sprite_effects_test.cpp
cmake/Tests/SdlRendererTests.cmake	cna_test_sdl_spritebatch_begin_end_guard	examples/sdlrenderer_spritebatch_begin_end_guard_test.cpp
cmake/Tests/SdlRendererTests.cmake	cna_test_sdl_spritebatch_deferred_order	examples/sdlrenderer_spritebatch_deferred_order_test.cpp
cmake/Tests/SdlRendererTests.cmake	cna_test_sdl_spritebatch_immediate_flush	examples/sdlrenderer_spritebatch_immediate_flush_test.cpp
cmake/Tests/SdlRendererTests.cmake	cna_test_sdl_spritebatch_layerdepth	examples/sdlrenderer_spritebatch_layerdepth_test.cpp
cmake/Tests/SdlRendererTests.cmake	cna_test_sdl_spritebatch_overloads	examples/sdlrenderer_spritebatch_overloads_test.cpp
cmake/Tests/SdlRendererTests.cmake	cna_test_sdl_spritebatch_rotation	examples/sdlrenderer_spritebatch_rotation_test.cpp
cmake/Tests/SdlRendererTests.cmake	cna_test_sdl_spritebatch_scale	examples/sdlrenderer_spritebatch_scale_test.cpp
cmake/Tests/SdlRendererTests.cmake	cna_test_sdl_spritebatch_sourcerect	examples/sdlrenderer_spritebatch_sourcerect_test.cpp
cmake/Tests/SdlRendererTests.cmake	cna_test_sdl_spritebatch_texture_sort	examples/sdlrenderer_spritebatch_texture_sort_test.cpp
cmake/Tests/SdlRendererTests.cmake	cna_test_sdl_spritefont_default_char	examples/sdlrenderer_spritefont_default_char_test.cpp
cmake/Tests/SdlRendererTests.cmake	cna_test_sdl_spritefont_effects	examples/sdlrenderer_spritefont_effects_test.cpp
cmake/Tests/SdlRendererTests.cmake	cna_test_sdl_spritefont_multiglyph_spacing	examples/sdlrenderer_spritefont_multiglyph_spacing_test.cpp
cmake/Tests/SdlRendererTests.cmake	cna_test_sdl_spritefont_newline	examples/sdlrenderer_spritefont_newline_test.cpp
cmake/Tests/SdlRendererTests.cmake	cna_test_sdl_spritefont_single_glyph	examples/sdlrenderer_spritefont_single_glyph_test.cpp
cmake/Tests/SdlRendererTests.cmake	cna_test_sdl_stock3deffects_apply	examples/sdlrenderer_stock3deffects_apply_test.cpp
cmake/Tests/SdlRendererTests.cmake	cna_test_sdl_texture2d_dispose	examples/sdlrenderer_texture2d_dispose_test.cpp
cmake/Tests/SdlRendererTests.cmake	cna_test_sdl_texture2d_fromstream	examples/sdlrenderer_texture2d_fromstream_test.cpp
cmake/Tests/SdlRendererTests.cmake	cna_test_sdl_texture2d_getdata_contract	examples/texture2d_getdata_contract_test.cpp
cmake/Tests/SdlRendererTests.cmake	cna_test_sdl_texture2d_getdata_transfer_range	examples/texture2d_getdata_transfer_range_test.cpp
cmake/Tests/SdlRendererTests.cmake	cna_test_sdl_texture2d_miplevel_throws	examples/sdlrenderer_texture2d_miplevel_throws_test.cpp
cmake/Tests/SdlRendererTests.cmake	cna_test_sdl_texture2d_partial_rect	examples/sdlrenderer_texture2d_partial_rect_test.cpp
cmake/Tests/SdlRendererTests.cmake	cna_test_sdl_texture2d_saveas_roundtrip	examples/sdlrenderer_texture2d_saveas_roundtrip_test.cpp
cmake/Tests/SdlRendererTests.cmake	cna_test_sdl_texture2d_setdata_getdata	examples/sdlrenderer_texture2d_setdata_getdata_test.cpp
cmake/Tests/SdlRendererTests.cmake	cna_test_sdl_texture2d_startindex	examples/sdlrenderer_texture2d_startindex_test.cpp
cmake/Tests/SdlRendererTests.cmake	cna_test_sdl_texture_address_mode_clamp	examples/sdlrenderer_texture_address_mode_clamp_test.cpp
cmake/Tests/SdlRendererTests.cmake	cna_test_sdl_texture_filter_point_vs_linear	examples/sdlrenderer_texture_filter_point_vs_linear_test.cpp
cmake/Tests/SdlRendererTests.cmake	cna_test_sdl_transform_matrix	examples/sdlrenderer_transform_matrix_test.cpp
cmake/Tests/SdlRendererTests.cmake	cna_test_sdl_unsupported_3d_behavior	examples/unsupported_3d_call_behavior_test.cpp
cmake/Tests/SdlRendererTests.cmake	cna_test_sdl_vertexdeclaration_construction	examples/sdlrenderer_vertexdeclaration_construction_test.cpp
cmake/Tests/SdlRendererTests.cmake	cna_test_sdl_viewport_project_unproject	examples/sdlrenderer_viewport_project_unproject_test.cpp
cmake/Tests/SkiaTests.cmake	cna_test_skia_3d_refusal	examples/skia_3d_refusal_test.cpp
cmake/Tests/SkiaTests.cmake	cna_test_skia_active_target_readback	examples/skia_active_target_readback_test.cpp
cmake/Tests/SkiaTests.cmake	cna_test_skia_blend_additive	examples/sdlrenderer_blendstate_additive_test.cpp
cmake/Tests/SkiaTests.cmake	cna_test_skia_blend_alphablend	examples/sdlrenderer_blendstate_alphablend_test.cpp
cmake/Tests/SkiaTests.cmake	cna_test_skia_blend_enabled_state	examples/skia_blend_enabled_state_test.cpp
cmake/Tests/SkiaTests.cmake	cna_test_skia_blend_mapping_policy	examples/skia_blend_mapping_policy_test.cpp
cmake/Tests/SkiaTests.cmake	cna_test_skia_blend_mapping_raster	examples/skia_blend_mapping_raster_test.cpp
cmake/Tests/SkiaTests.cmake	cna_test_skia_blend_nonpremultiplied	examples/sdlrenderer_blendstate_nonpremultiplied_test.cpp
cmake/Tests/SkiaTests.cmake	cna_test_skia_blend_opaque	examples/sdlrenderer_blendstate_opaque_test.cpp
cmake/Tests/SkiaTests.cmake	cna_test_skia_color_write_mask_raster	examples/skia_color_write_mask_raster_test.cpp
cmake/Tests/SkiaTests.cmake	cna_test_skia_color_write_policy	examples/skia_color_write_policy_test.cpp
cmake/Tests/SkiaTests.cmake	cna_test_skia_context_recovery	examples/skia_context_recovery_test.cpp
cmake/Tests/SkiaTests.cmake	cna_test_skia_contract_backbuffer_first_read	examples/backbuffer_first_read_test.cpp
cmake/Tests/SkiaTests.cmake	cna_test_skia_contract_backbuffer_reject	examples/backbuffer_headless_reject_test.cpp
cmake/Tests/SkiaTests.cmake	cna_test_skia_contract_device_validation	examples/easygl_device_validation_test.cpp
cmake/Tests/SkiaTests.cmake	cna_test_skia_contract_rendertarget_pass_boundary	examples/rendertarget_pass_boundary_test.cpp
cmake/Tests/SkiaTests.cmake	cna_test_skia_contract_spritefont_properties	examples/sprite_font_test.cpp
cmake/Tests/SkiaTests.cmake	cna_test_skia_contract_surface_format	examples/easygl_surface_format_throws_test.cpp
cmake/Tests/SkiaTests.cmake	cna_test_skia_contract_texture2d_partial_rect	examples/easygl_texture2d_partial_rect_test.cpp
cmake/Tests/SkiaTests.cmake	cna_test_skia_contract_viewport_resize	examples/viewport_reset_after_resize_test.cpp
cmake/Tests/SkiaTests.cmake	cna_test_skia_cpu_depth_raster_spike	examples/skia_cpu_depth_raster_spike_test.cpp
cmake/Tests/SkiaTests.cmake	cna_test_skia_cpu_geometry_spike	examples/skia_cpu_geometry_spike_test.cpp
cmake/Tests/SkiaTests.cmake	cna_test_skia_cpu_stencil_spike	examples/skia_cpu_stencil_spike_test.cpp
cmake/Tests/SkiaTests.cmake	cna_test_skia_cpu_stock_effect_spike	examples/skia_cpu_stock_effect_spike_test.cpp
cmake/Tests/SkiaTests.cmake	cna_test_skia_cube_rendertarget_sampling_spike	examples/skia_cube_rendertarget_sampling_spike_test.cpp
cmake/Tests/SkiaTests.cmake	cna_test_skia_cube_sampling_spike	examples/skia_cube_sampling_spike_test.cpp
cmake/Tests/SkiaTests.cmake	cna_test_skia_cube_volume_effect_binding	examples/skia_cube_volume_effect_binding_test.cpp
cmake/Tests/SkiaTests.cmake	cna_test_skia_cube_volume_sampling_oracle	examples/skia_cube_volume_sampling_oracle_test.cpp
cmake/Tests/SkiaTests.cmake	cna_test_skia_display_scale	examples/skia_display_scale_test.cpp
cmake/Tests/SkiaTests.cmake	cna_test_skia_disposed_guards	examples/sdlrenderer_disposed_guards_test.cpp
cmake/Tests/SkiaTests.cmake	cna_test_skia_double_dispose	examples/sdlrenderer_double_dispose_test.cpp
cmake/Tests/SkiaTests.cmake	cna_test_skia_easygl_address_mode	examples/easygl_texture_address_mode_test.cpp
cmake/Tests/SkiaTests.cmake	cna_test_skia_easygl_address_mode_mirror	examples/easygl_texture_address_mode_mirror_test.cpp
cmake/Tests/SkiaTests.cmake	cna_test_skia_easygl_backbuffer_readback_dimension	examples/backbuffer_readback_dimension_test.cpp
cmake/Tests/SkiaTests.cmake	cna_test_skia_easygl_clear_overloads	examples/easygl_clear_overloads_test.cpp
cmake/Tests/SkiaTests.cmake	cna_test_skia_easygl_disposed_resource	examples/easygl_disposed_resource_test.cpp
cmake/Tests/SkiaTests.cmake	cna_test_skia_easygl_render_target	examples/easygl_render_target_test.cpp
cmake/Tests/SkiaTests.cmake	cna_test_skia_easygl_rendertarget2d_mip_complete	examples/easygl_rendertarget2d_mip_test.cpp
cmake/Tests/SkiaTests.cmake	cna_test_skia_easygl_spritebatch_layerdepth	examples/easygl_spritebatch_layerdepth_test.cpp
cmake/Tests/SkiaTests.cmake	cna_test_skia_easygl_spritebatch_rotation	examples/easygl_spritebatch_rotation_test.cpp
cmake/Tests/SkiaTests.cmake	cna_test_skia_easygl_spritebatch_sourcerect	examples/easygl_spritebatch_sourcerect_test.cpp
cmake/Tests/SkiaTests.cmake	cna_test_skia_easygl_spritefont_single	examples/easygl_spritefont_single_glyph_test.cpp
cmake/Tests/SkiaTests.cmake	cna_test_skia_effect_boundary	examples/skia_effect_boundary_test.cpp
cmake/Tests/SkiaTests.cmake	cna_test_skia_effect_emulation_spike	examples/skia_effect_emulation_spike_test.cpp
cmake/Tests/SkiaTests.cmake	cna_test_skia_ganesh_backbuffer	examples/skia_ganesh_backbuffer_test.cpp
cmake/Tests/SkiaTests.cmake	cna_test_skia_ganesh_mode	examples/skia_ganesh_mode_test.cpp
cmake/Tests/SkiaTests.cmake	cna_test_skia_ganesh_resource_budget	examples/skia_ganesh_resource_budget_test.cpp
cmake/Tests/SkiaTests.cmake	cna_test_skia_generated_blend_batch_modes	examples/skia_generated_blend_batch_modes_test.cpp
cmake/Tests/SkiaTests.cmake	cna_test_skia_generated_blend_public_corpus	examples/skia_generated_blend_public_corpus_test.cpp
cmake/Tests/SkiaTests.cmake	cna_test_skia_generated_blend_state_policy	examples/skia_generated_blend_state_policy_test.cpp
cmake/Tests/SkiaTests.cmake	cna_test_skia_generated_blender	examples/skia_generated_blender_test.cpp
cmake/Tests/SkiaTests.cmake	cna_test_skia_getbackbuffer_after_rt_unbind	examples/sdlrenderer_getbackbufferdata_after_rt_unbind_test.cpp
cmake/Tests/SkiaTests.cmake	cna_test_skia_glsl_translator	examples/skia_glsl_translator_test.cpp
cmake/Tests/SkiaTests.cmake	cna_test_skia_graphics_capability	examples/skia_graphics_capability_test.cpp
cmake/Tests/SkiaTests.cmake	cna_test_skia_lifecycle	examples/skia_lifecycle_test.cpp
cmake/Tests/SkiaTests.cmake	cna_test_skia_mesh_effect_abi	examples/skia_mesh_effect_abi_test.cpp
cmake/Tests/SkiaTests.cmake	cna_test_skia_mesh_effect_hardening	examples/skia_mesh_effect_hardening_test.cpp
cmake/Tests/SkiaTests.cmake	cna_test_skia_mesh_effect_public_api	examples/skia_mesh_effect_public_api_test.cpp
cmake/Tests/SkiaTests.cmake	cna_test_skia_mip_chain_2d	examples/skia_mip_chain_2d_test.cpp
cmake/Tests/SkiaTests.cmake	cna_test_skia_mip_sampling_raster	examples/skia_mip_sampling_raster_test.cpp
cmake/Tests/SkiaTests.cmake	cna_test_skia_mipmap_policy	examples/skia_mipmap_policy_test.cpp
cmake/Tests/SkiaTests.cmake	cna_test_skia_mrt_rejection	examples/skia_mrt_rejection_test.cpp
cmake/Tests/SkiaTests.cmake	cna_test_skia_npot_texture	examples/sdlrenderer_npot_texture_test.cpp
cmake/Tests/SkiaTests.cmake	cna_test_skia_occlusion_query_feasibility	examples/skia_occlusion_query_feasibility_test.cpp
cmake/Tests/SkiaTests.cmake	cna_test_skia_ownership	examples/skia_ownership_test.cpp
cmake/Tests/SkiaTests.cmake	cna_test_skia_present_interval	examples/skia_present_interval_test.cpp
cmake/Tests/SkiaTests.cmake	cna_test_skia_presentation_edge	examples/skia_presentation_edge_test.cpp
cmake/Tests/SkiaTests.cmake	cna_test_skia_presentation_modes	examples/skia_presentation_modes_test.cpp
cmake/Tests/SkiaTests.cmake	cna_test_skia_projected_vertices_spike	examples/skia_projected_vertices_spike_test.cpp
cmake/Tests/SkiaTests.cmake	cna_test_skia_raster_mode_coherence	examples/skia_raster_mode_coherence_test.cpp
cmake/Tests/SkiaTests.cmake	cna_test_skia_rasterizer_state_policy	examples/skia_rasterizer_state_policy_test.cpp
cmake/Tests/SkiaTests.cmake	cna_test_skia_rendertarget2d_format_support	examples/skia_rendertarget2d_format_support_test.cpp
cmake/Tests/SkiaTests.cmake	cna_test_skia_rendertarget2d_mip_generation	examples/skia_rendertarget2d_mip_generation_test.cpp
cmake/Tests/SkiaTests.cmake	cna_test_skia_rendertarget2d_mip_storage	examples/skia_rendertarget2d_mip_storage_test.cpp
cmake/Tests/SkiaTests.cmake	cna_test_skia_rendertarget_depth_policy	examples/skia_rendertarget_depth_policy_test.cpp
cmake/Tests/SkiaTests.cmake	cna_test_skia_rendertarget_golden	examples/rendertarget2d_golden_test.cpp
cmake/Tests/SkiaTests.cmake	cna_test_skia_rendertarget_lifetime	examples/skia_rendertarget_lifetime_test.cpp
cmake/Tests/SkiaTests.cmake	cna_test_skia_rendertarget_msaa_policy	examples/skia_rendertarget_msaa_policy_test.cpp
cmake/Tests/SkiaTests.cmake	cna_test_skia_rendertarget_readback	examples/skia_rendertarget_readback_test.cpp
cmake/Tests/SkiaTests.cmake	cna_test_skia_rendertarget_sample	examples/sdlrenderer_rendertarget2d_sample_test.cpp
cmake/Tests/SkiaTests.cmake	cna_test_skia_rendertarget_scissor	examples/skia_rendertarget_scissor_test.cpp
cmake/Tests/SkiaTests.cmake	cna_test_skia_rendertarget_setdata	examples/skia_rendertarget_setdata_test.cpp
cmake/Tests/SkiaTests.cmake	cna_test_skia_rendertarget_switch	examples/skia_rendertarget_switch_test.cpp
cmake/Tests/SkiaTests.cmake	cna_test_skia_rendertarget_usage	examples/sdlrenderer_rendertarget_usage_test.cpp
cmake/Tests/SkiaTests.cmake	cna_test_skia_rendertargetcube_getdata	examples/rendertargetcube_getdata_contract_test.cpp
cmake/Tests/SkiaTests.cmake	cna_test_skia_rendertargetcube_plural_binding	examples/rendertargetcube_plural_binding_test.cpp
cmake/Tests/SkiaTests.cmake	cna_test_skia_rendertargetcube_policy	examples/skia_rendertargetcube_policy_test.cpp
cmake/Tests/SkiaTests.cmake	cna_test_skia_rendertargetcube_properties	examples/easygl_rendertargetcube_properties_test.cpp
cmake/Tests/SkiaTests.cmake	cna_test_skia_rendertargetcube_usage	examples/rendertargetcube_usage_test.cpp
cmake/Tests/SkiaTests.cmake	cna_test_skia_resize_presentation	examples/skia_resize_presentation_test.cpp
cmake/Tests/SkiaTests.cmake	cna_test_skia_resource_budget	examples/skia_resource_budget_test.cpp
cmake/Tests/SkiaTests.cmake	cna_test_skia_runtime_blender_policy	examples/skia_runtime_blender_policy_test.cpp
cmake/Tests/SkiaTests.cmake	cna_test_skia_runtime_blender_raster	examples/skia_runtime_blender_raster_test.cpp
cmake/Tests/SkiaTests.cmake	cna_test_skia_sampler_mipmap_filter	examples/skia_sampler_mipmap_filter_test.cpp
cmake/Tests/SkiaTests.cmake	cna_test_skia_sksl_effect_prototype	examples/skia_sksl_effect_prototype_test.cpp
cmake/Tests/SkiaTests.cmake	cna_test_skia_sksl_uniform_texture	examples/skia_sksl_uniform_texture_test.cpp
cmake/Tests/SkiaTests.cmake	cna_test_skia_source_alpha_policy	examples/skia_source_alpha_policy_test.cpp
cmake/Tests/SkiaTests.cmake	cna_test_skia_sprite_effects	examples/sdlrenderer_sprite_effects_test.cpp
cmake/Tests/SkiaTests.cmake	cna_test_skia_spritebatch_begin_end	examples/sdlrenderer_spritebatch_begin_end_guard_test.cpp
cmake/Tests/SkiaTests.cmake	cna_test_skia_spritebatch_deferred_order	examples/sdlrenderer_spritebatch_deferred_order_test.cpp
cmake/Tests/SkiaTests.cmake	cna_test_skia_spritebatch_immediate_flush	examples/sdlrenderer_spritebatch_immediate_flush_test.cpp
cmake/Tests/SkiaTests.cmake	cna_test_skia_spritebatch_layerdepth	examples/sdlrenderer_spritebatch_layerdepth_test.cpp
cmake/Tests/SkiaTests.cmake	cna_test_skia_spritebatch_negative_scale	examples/skia_spritebatch_negative_scale_test.cpp
cmake/Tests/SkiaTests.cmake	cna_test_skia_spritebatch_overloads	examples/sdlrenderer_spritebatch_overloads_test.cpp
cmake/Tests/SkiaTests.cmake	cna_test_skia_spritebatch_rasterizerstate	examples/software_spritebatch_rasterizerstate_test.cpp
cmake/Tests/SkiaTests.cmake	cna_test_skia_spritebatch_remaining_overloads	examples/skia_spritebatch_remaining_overloads_test.cpp
cmake/Tests/SkiaTests.cmake	cna_test_skia_spritebatch_rotation	examples/sdlrenderer_spritebatch_rotation_test.cpp
cmake/Tests/SkiaTests.cmake	cna_test_skia_spritebatch_sampler_transition	examples/skia_spritebatch_sampler_transition_test.cpp
cmake/Tests/SkiaTests.cmake	cna_test_skia_spritebatch_scale	examples/sdlrenderer_spritebatch_scale_test.cpp
cmake/Tests/SkiaTests.cmake	cna_test_skia_spritebatch_source_rect_linear	examples/skia_spritebatch_source_rect_linear_test.cpp
cmake/Tests/SkiaTests.cmake	cna_test_skia_spritebatch_sourcerect	examples/sdlrenderer_spritebatch_sourcerect_test.cpp
cmake/Tests/SkiaTests.cmake	cna_test_skia_spritebatch_stress	examples/skia_spritebatch_stress_test.cpp
cmake/Tests/SkiaTests.cmake	cna_test_skia_spritebatch_texture_sort	examples/sdlrenderer_spritebatch_texture_sort_test.cpp
cmake/Tests/SkiaTests.cmake	cna_test_skia_spritebatch_tint_alpha	examples/skia_spritebatch_tint_alpha_test.cpp
cmake/Tests/SkiaTests.cmake	cna_test_skia_spritebatch_viewport	examples/skia_spritebatch_viewport_test.cpp
cmake/Tests/SkiaTests.cmake	cna_test_skia_spriteeffect_alias	examples/skia_spriteeffect_alias_test.cpp
cmake/Tests/SkiaTests.cmake	cna_test_skia_spritefont_default_char	examples/sdlrenderer_spritefont_default_char_test.cpp
cmake/Tests/SkiaTests.cmake	cna_test_skia_spritefont_effects	examples/sdlrenderer_spritefont_effects_test.cpp
cmake/Tests/SkiaTests.cmake	cna_test_skia_spritefont_multiglyph_spacing	examples/sdlrenderer_spritefont_multiglyph_spacing_test.cpp
cmake/Tests/SkiaTests.cmake	cna_test_skia_spritefont_newline	examples/sdlrenderer_spritefont_newline_test.cpp
cmake/Tests/SkiaTests.cmake	cna_test_skia_spritefont_single_glyph	examples/sdlrenderer_spritefont_single_glyph_test.cpp
cmake/Tests/SkiaTests.cmake	cna_test_skia_startup_diagnostic	examples/skia_startup_diagnostic_test.cpp
cmake/Tests/SkiaTests.cmake	cna_test_skia_state_transition	examples/skia_state_transition_test.cpp
cmake/Tests/SkiaTests.cmake	cna_test_skia_stock_effect_boundary	examples/skia_stock_effect_boundary_test.cpp
cmake/Tests/SkiaTests.cmake	cna_test_skia_successor_resource_policy	examples/skia_successor_resource_policy_test.cpp
cmake/Tests/SkiaTests.cmake	cna_test_skia_surface_raster	examples/skia_surface_raster_test.cpp
cmake/Tests/SkiaTests.cmake	cna_test_skia_target_binding_raster	examples/skia_target_binding_raster_test.cpp
cmake/Tests/SkiaTests.cmake	cna_test_skia_texture2d_bc7	examples/skia_texture2d_bc7_test.cpp
cmake/Tests/SkiaTests.cmake	cna_test_skia_texture2d_colour_formats	examples/skia_texture2d_colour_formats_test.cpp
cmake/Tests/SkiaTests.cmake	cna_test_skia_texture2d_compressed_formats	examples/skia_texture2d_compressed_formats_test.cpp
cmake/Tests/SkiaTests.cmake	cna_test_skia_texture2d_content_mips	examples/skia_texture2d_content_mips_test.cpp
cmake/Tests/SkiaTests.cmake	cna_test_skia_texture2d_dispose	examples/sdlrenderer_texture2d_dispose_test.cpp
cmake/Tests/SkiaTests.cmake	cna_test_skia_texture2d_float_formats	examples/skia_texture2d_float_formats_test.cpp
cmake/Tests/SkiaTests.cmake	cna_test_skia_texture2d_getdata_contract	examples/texture2d_getdata_contract_test.cpp
cmake/Tests/SkiaTests.cmake	cna_test_skia_texture2d_getdata_transfer_range	examples/texture2d_getdata_transfer_range_test.cpp
cmake/Tests/SkiaTests.cmake	cna_test_skia_texture2d_mip_construction	examples/skia_texture2d_mip_construction_test.cpp
cmake/Tests/SkiaTests.cmake	cna_test_skia_texture2d_mip_generation	examples/skia_texture2d_mip_generation_test.cpp
cmake/Tests/SkiaTests.cmake	cna_test_skia_texture2d_mip_roundtrip	examples/easygl_texture2d_mip_test.cpp
cmake/Tests/SkiaTests.cmake	cna_test_skia_texture2d_mip_transfer	examples/skia_texture2d_mip_transfer_test.cpp
cmake/Tests/SkiaTests.cmake	cna_test_skia_texture2d_packed_formats	examples/skia_texture2d_packed_formats_test.cpp
cmake/Tests/SkiaTests.cmake	cna_test_skia_texture2d_shadow_formats	examples/skia_texture2d_shadow_formats_test.cpp
cmake/Tests/SkiaTests.cmake	cna_test_skia_texture2d_unorm_formats	examples/skia_texture2d_unorm_formats_test.cpp
cmake/Tests/SkiaTests.cmake	cna_test_skia_texture3d_mip	examples/easygl_texture3d_mip_test.cpp
cmake/Tests/SkiaTests.cmake	cna_test_skia_texture3d_partial_box	examples/easygl_texture3d_partial_box_test.cpp
cmake/Tests/SkiaTests.cmake	cna_test_skia_texture3d_partial_box_readback	examples/easygl_texture3d_partial_box_readback_test.cpp
cmake/Tests/SkiaTests.cmake	cna_test_skia_texture3d_slices	examples/easygl_texture3d_slices_test.cpp
cmake/Tests/SkiaTests.cmake	cna_test_skia_texture_address_axes	examples/skia_texture_address_axes_test.cpp
cmake/Tests/SkiaTests.cmake	cna_test_skia_texture_alpha_boundary	examples/skia_texture_alpha_boundary_test.cpp
cmake/Tests/SkiaTests.cmake	cna_test_skia_texture_constraints	examples/skia_texture_constraints_test.cpp
cmake/Tests/SkiaTests.cmake	cna_test_skia_texture_filter_minification	examples/skia_texture_filter_minification_test.cpp
cmake/Tests/SkiaTests.cmake	cna_test_skia_texture_filter_point_linear	examples/sdlrenderer_texture_filter_point_vs_linear_test.cpp
cmake/Tests/SkiaTests.cmake	cna_test_skia_texture_row_stride	examples/skia_texture_row_stride_test.cpp
cmake/Tests/SkiaTests.cmake	cna_test_skia_texture_storage_getdata_contract	examples/texturecube_texture3d_getdata_contract_test.cpp
cmake/Tests/SkiaTests.cmake	cna_test_skia_texture_storage_policy	examples/skia_texture_storage_policy_test.cpp
cmake/Tests/SkiaTests.cmake	cna_test_skia_texture_storage_setdata_contract	examples/texturecube_texture3d_setdata_contract_test.cpp
cmake/Tests/SkiaTests.cmake	cna_test_skia_texturecube_content_load	examples/easygl_texturecube_content_load_test.cpp
cmake/Tests/SkiaTests.cmake	cna_test_skia_texturecube_faces	examples/easygl_texturecube_faces_test.cpp
cmake/Tests/SkiaTests.cmake	cna_test_skia_texturecube_mip	examples/easygl_texturecube_mip_test.cpp
cmake/Tests/SkiaTests.cmake	cna_test_skia_texturecube_partial_rect	examples/easygl_texturecube_partial_rect_test.cpp
cmake/Tests/SkiaTests.cmake	cna_test_skia_textured_quad_readback	examples/easygl_textured_quad_test.cpp
cmake/Tests/SkiaTests.cmake	cna_test_skia_transform_matrix	examples/vulkan_transform_matrix_test.cpp
cmake/Tests/SkiaTests.cmake	cna_test_skia_vertices_2d_spike	examples/skia_vertices_2d_spike_test.cpp
cmake/Tests/SkiaTests.cmake	cna_test_skia_viewport_project_unproject	examples/sdlrenderer_viewport_project_unproject_test.cpp
cmake/Tests/SkiaTests.cmake	cna_test_skia_volume_sampling_spike	examples/skia_volume_sampling_spike_test.cpp
cmake/Tests/SkiaTests.cmake	cna_test_skia_volume_trilinear_spike	examples/skia_volume_trilinear_spike_test.cpp
cmake/Tests/SkiaTests.cmake	cna_test_skia_window_lifecycle	examples/skia_window_lifecycle_test.cpp
cmake/Tests/SoftwareTests.cmake	cna_diag_software	examples/cross_renderer_diagnostic_scene.cpp
cmake/Tests/SoftwareTests.cmake	cna_test_software_3d_viewport	examples/software_3d_viewport_test.cpp
cmake/Tests/SoftwareTests.cmake	cna_test_software_additive_blend_contract	examples/additive_blend_contract_test.cpp
cmake/Tests/SoftwareTests.cmake	cna_test_software_backbuffer_first_read	examples/backbuffer_first_read_test.cpp
cmake/Tests/SoftwareTests.cmake	cna_test_software_backbuffer_pass_order	examples/backbuffer_pass_order_test.cpp
cmake/Tests/SoftwareTests.cmake	cna_test_software_backbuffer_readback_dimension	examples/backbuffer_readback_dimension_test.cpp
cmake/Tests/SoftwareTests.cmake	cna_test_software_backbuffer_reject	examples/backbuffer_headless_reject_test.cpp
cmake/Tests/SoftwareTests.cmake	cna_test_software_bound_target_lifetime	examples/bound_target_lifetime_test.cpp
cmake/Tests/SoftwareTests.cmake	cna_test_software_clipping	examples/software_clipping_test.cpp
cmake/Tests/SoftwareTests.cmake	cna_test_software_colorspace_midtone	examples/colorspace_midtone_contract_test.cpp
cmake/Tests/SoftwareTests.cmake	cna_test_software_colorwritechannels	examples/software_colorwritechannels_test.cpp
cmake/Tests/SoftwareTests.cmake	cna_test_software_cube_volume_getdata_contract	examples/texturecube_texture3d_getdata_contract_test.cpp
cmake/Tests/SoftwareTests.cmake	cna_test_software_cube_volume_setdata_contract	examples/texturecube_texture3d_setdata_contract_test.cpp
cmake/Tests/SoftwareTests.cmake	cna_test_software_culling	examples/software_culling_test.cpp
cmake/Tests/SoftwareTests.cmake	cna_test_software_deferred_scissor	examples/deferred_scissor_capture_test.cpp
cmake/Tests/SoftwareTests.cmake	cna_test_software_deferred_source_lifetime	examples/deferred_source_lifetime_test.cpp
cmake/Tests/SoftwareTests.cmake	cna_test_software_deferred_viewport	examples/deferred_viewport_capture_test.cpp
cmake/Tests/SoftwareTests.cmake	cna_test_software_depth_contract	examples/graphicsdevice_depth_contract_test.cpp
cmake/Tests/SoftwareTests.cmake	cna_test_software_depthbias	examples/software_depthbias_test.cpp
cmake/Tests/SoftwareTests.cmake	cna_test_software_depthstate	examples/software_depthstate_test.cpp
cmake/Tests/SoftwareTests.cmake	cna_test_software_descriptor_capacity	examples/descriptor_capacity_contract_test.cpp
cmake/Tests/SoftwareTests.cmake	cna_test_software_dual_envmap_skinned	examples/software_dual_envmap_skinned_test.cpp
cmake/Tests/SoftwareTests.cmake	cna_test_software_dualtexture_slot_sampler	examples/dualtexture_slot_sampler_contract_test.cpp
cmake/Tests/SoftwareTests.cmake	cna_test_software_effects	examples/software_effects_test.cpp
cmake/Tests/SoftwareTests.cmake	cna_test_software_envmap_cube_sampler	examples/envmap_cube_sampler_contract_test.cpp
cmake/Tests/SoftwareTests.cmake	cna_test_software_envmap_cube_sampler_state	examples/envmap_cube_sampler_state_test.cpp
cmake/Tests/SoftwareTests.cmake	cna_test_software_frontface_winding	examples/frontface_winding_test.cpp
cmake/Tests/SoftwareTests.cmake	cna_test_software_gfx153_source_rectangle	examples/source_rectangle_orientation_test.cpp
cmake/Tests/SoftwareTests.cmake	cna_test_software_indexed_addressing	examples/software_indexed_addressing_test.cpp
cmake/Tests/SoftwareTests.cmake	cna_test_software_invalid_mip_level	examples/rendertarget_invalid_mip_level_test.cpp
cmake/Tests/SoftwareTests.cmake	cna_test_software_msaa_depth_contract	examples/rendertarget_msaa_depth_contract_test.cpp
cmake/Tests/SoftwareTests.cmake	cna_test_software_msaa_first_readback	examples/rendertarget_msaa_first_readback_test.cpp
cmake/Tests/SoftwareTests.cmake	cna_test_software_msaa_mip_readback	examples/rendertarget_msaa_mip_readback_test.cpp
cmake/Tests/SoftwareTests.cmake	cna_test_software_ordered_clear	examples/graphicsdevice_ordered_clear_test.cpp
cmake/Tests/SoftwareTests.cmake	cna_test_software_point_sampling	examples/point_sampling_contract_test.cpp
cmake/Tests/SoftwareTests.cmake	cna_test_software_present_lifecycle	examples/present_lifecycle_contract_test.cpp
cmake/Tests/SoftwareTests.cmake	cna_test_software_rasterizer	examples/software_rasterizer_test.cpp
cmake/Tests/SoftwareTests.cmake	cna_test_software_rendertarget_depthstencil_usage	examples/rendertarget_depthstencil_usage_test.cpp
cmake/Tests/SoftwareTests.cmake	cna_test_software_rendertarget_pass_boundary	examples/rendertarget_pass_boundary_test.cpp
cmake/Tests/SoftwareTests.cmake	cna_test_software_rendertarget_readback	examples/software_rendertarget_readback_test.cpp
cmake/Tests/SoftwareTests.cmake	cna_test_software_rendertargetcube_getdata_contract	examples/rendertargetcube_getdata_contract_test.cpp
cmake/Tests/SoftwareTests.cmake	cna_test_software_rendertargetcube_msaa_face	examples/rendertargetcube_msaa_face_test.cpp
cmake/Tests/SoftwareTests.cmake	cna_test_software_rendertargetcube_usage	examples/rendertargetcube_usage_test.cpp
cmake/Tests/SoftwareTests.cmake	cna_test_software_rt_backbuffer_consumer	examples/rendertarget_backbuffer_consumer_test.cpp
cmake/Tests/SoftwareTests.cmake	cna_test_software_rt_effect_source	examples/rendertarget_effect_source_test.cpp
cmake/Tests/SoftwareTests.cmake	cna_test_software_rt_first_use	examples/rendertarget_first_use_test.cpp
cmake/Tests/SoftwareTests.cmake	cna_test_software_rt_producer_consumer	examples/rendertarget_producer_consumer_test.cpp
cmake/Tests/SoftwareTests.cmake	cna_test_software_rt_sampling_orientation	examples/rendertarget_sampling_orientation_test.cpp
cmake/Tests/SoftwareTests.cmake	cna_test_software_sampler_component_isolation	examples/sampler_component_isolation_contract_test.cpp
cmake/Tests/SoftwareTests.cmake	cna_test_software_scissor	examples/software_scissor_test.cpp
cmake/Tests/SoftwareTests.cmake	cna_test_software_smoke	examples/software_smoke_test.cpp
cmake/Tests/SoftwareTests.cmake	cna_test_software_spritebatch_3d_order	examples/spritebatch_3d_order_test.cpp
cmake/Tests/SoftwareTests.cmake	cna_test_software_spritebatch_rasterizerstate	examples/software_spritebatch_rasterizerstate_test.cpp
cmake/Tests/SoftwareTests.cmake	cna_test_software_spritebatch_viewport	examples/software_spritebatch_viewport_test.cpp
cmake/Tests/SoftwareTests.cmake	cna_test_software_stock_effect_sampler	examples/stock_effect_sampler_contract_test.cpp
cmake/Tests/SoftwareTests.cmake	cna_test_software_texture2d_getdata_contract	examples/texture2d_getdata_contract_test.cpp
cmake/Tests/SoftwareTests.cmake	cna_test_software_texture2d_getdata_transfer_range	examples/texture2d_getdata_transfer_range_test.cpp
cmake/Tests/SoftwareTests.cmake	cna_test_software_texture_filter_mip_contract	examples/texture_filter_mip_contract_test.cpp
cmake/Tests/SoftwareTests.cmake	cna_test_software_texture_filter_ordinal	examples/texture_filter_ordinal_contract_test.cpp
cmake/Tests/SoftwareTests.cmake	cna_test_software_triangle_strip_winding	examples/triangle_strip_winding_test.cpp
cmake/Tests/SoftwareTests.cmake	cna_test_software_wireframe	examples/software_wireframe_test.cpp
cmake/Tests/SokolTests.cmake	cna_test_sokol_2d	examples/sokol_2d_test.cpp
cmake/Tests/SokolTests.cmake	cna_test_sokol_3d	examples/sokol_3d_test.cpp
cmake/Tests/SokolTests.cmake	cna_test_sokol_3d_viewport	examples/software_3d_viewport_test.cpp
cmake/Tests/SokolTests.cmake	cna_test_sokol_blendfactor_pipeline_cache	examples/sokol_blendfactor_pipeline_cache_test.cpp
cmake/Tests/SokolTests.cmake	cna_test_sokol_customeffect_blendstate_order	examples/sokol_customeffect_blendstate_order_test.cpp
cmake/Tests/SokolTests.cmake	cna_test_sokol_customeffect_texture_reupload	examples/sokol_customeffect_texture_reupload_test.cpp
cmake/Tests/SokolTests.cmake	cna_test_sokol_depth_bias	examples/easygl_depth_bias_test.cpp
cmake/Tests/SokolTests.cmake	cna_test_sokol_dispose_order_occlusionquery_shadereffect	examples/sokol_dispose_order_occlusionquery_shadereffect_test.cpp
cmake/Tests/SokolTests.cmake	cna_test_sokol_dualtextureeffect_vertexcolor	examples/dualtextureeffect_vertexcolor_test.cpp
cmake/Tests/SokolTests.cmake	cna_test_sokol_environmentmapeffect_alphascaledlerp	examples/environmentmapeffect_alphascaledlerp_test.cpp
cmake/Tests/SokolTests.cmake	cna_test_sokol_gl_context_transactional	examples/sokol_gl_context_transactional_test.cpp
cmake/Tests/SokolTests.cmake	cna_test_sokol_instanced3d	examples/webgpu_instanced3d_test.cpp
cmake/Tests/SokolTests.cmake	cna_test_sokol_lit3d	examples/sokol_lit3d_test.cpp
cmake/Tests/SokolTests.cmake	cna_test_sokol_mrt	examples/easygl_mrt_test.cpp
cmake/Tests/SokolTests.cmake	cna_test_sokol_occlusion_query	examples/occlusion_query_test.cpp
cmake/Tests/SokolTests.cmake	cna_test_sokol_occlusion_query_occluded_quad	examples/easygl_occlusion_query_occluded_quad_test.cpp
cmake/Tests/SokolTests.cmake	cna_test_sokol_occlusion_query_visible_quad	examples/easygl_occlusion_query_visible_quad_test.cpp
cmake/Tests/SokolTests.cmake	cna_test_sokol_rendertarget2d_depth	examples/rendertarget2d_depth_test.cpp
cmake/Tests/SokolTests.cmake	cna_test_sokol_rendertarget2d_mip	examples/easygl_rendertarget2d_mip_test.cpp
cmake/Tests/SokolTests.cmake	cna_test_sokol_rendertarget2d_msaa	examples/easygl_rendertarget2d_msaa_test.cpp
cmake/Tests/SokolTests.cmake	cna_test_sokol_rendertarget_backbuffer_consumer	examples/rendertarget_backbuffer_consumer_test.cpp
cmake/Tests/SokolTests.cmake	cna_test_sokol_rendertarget_depthstencil_usage	examples/rendertarget_depthstencil_usage_test.cpp
cmake/Tests/SokolTests.cmake	cna_test_sokol_rendertarget_first_use	examples/rendertarget_first_use_test.cpp
cmake/Tests/SokolTests.cmake	cna_test_sokol_rendertarget_pass_boundary	examples/rendertarget_pass_boundary_test.cpp
cmake/Tests/SokolTests.cmake	cna_test_sokol_rendertarget_producer_consumer	examples/rendertarget_producer_consumer_test.cpp
cmake/Tests/SokolTests.cmake	cna_test_sokol_rendertarget_sampling_orientation	examples/rendertarget_sampling_orientation_test.cpp
cmake/Tests/SokolTests.cmake	cna_test_sokol_rendertarget_viewport_scissor_reset	examples/rendertarget_viewport_scissor_reset_test.cpp
cmake/Tests/SokolTests.cmake	cna_test_sokol_rendertargetcube_mip	examples/sokol_rendertargetcube_mip_test.cpp
cmake/Tests/SokolTests.cmake	cna_test_sokol_rendertargetcube_msaa_face	examples/rendertargetcube_msaa_face_test.cpp
cmake/Tests/SokolTests.cmake	cna_test_sokol_shader_effect	examples/easygl_shader_effect_test.cpp
cmake/Tests/SokolTests.cmake	cna_test_sokol_shader_effect_3d	examples/easygl_shadereffect_3d_test.cpp
cmake/Tests/SokolTests.cmake	cna_test_sokol_skinned_integration	examples/skinned_effect_integration_test.cpp
cmake/Tests/SokolTests.cmake	cna_test_sokol_skinnedeffect_lighting_conformance	examples/skinnedeffect_lighting_conformance_test.cpp
cmake/Tests/SokolTests.cmake	cna_test_sokol_smoke	examples/sokol_smoke_test.cpp
cmake/Tests/SokolTests.cmake	cna_test_sokol_state_lifetime_regression_matrix	examples/sokol_state_lifetime_regression_matrix_test.cpp
cmake/Tests/SokolTests.cmake	cna_test_sokol_vertexbuffer_reupload	examples/sokol_vertexbuffer_reupload_test.cpp
cmake/Tests/SokolTests.cmake	cna_test_sokol_wireframe	examples/sokol_wireframe_test.cpp
cmake/Tests/StubTests.cmake	cna_test_stub_smoke	examples/stub_smoke_test.cpp
cmake/Tests/VulkanTests.cmake	cna_test_vulkan_additive_blend_contract	examples/additive_blend_contract_test.cpp
cmake/Tests/VulkanTests.cmake	cna_test_vulkan_alphatest_comparefunction_sweep	examples/vulkan_alphatest_comparefunction_sweep_test.cpp
cmake/Tests/VulkanTests.cmake	cna_test_vulkan_alphatest_fog	examples/vulkan_alphatest_fog_test.cpp
cmake/Tests/VulkanTests.cmake	cna_test_vulkan_alphatest_null_texture	examples/vulkan_alphatest_null_texture_test.cpp
cmake/Tests/VulkanTests.cmake	cna_test_vulkan_alphatest_vertexcolor	examples/vulkan_alphatest_vertexcolor_test.cpp
cmake/Tests/VulkanTests.cmake	cna_test_vulkan_avatar_attach_part	examples/avatar_attach_part_integration_test.cpp
cmake/Tests/VulkanTests.cmake	cna_test_vulkan_avatar_real_render	examples/avatar_real_render_integration_test.cpp
cmake/Tests/VulkanTests.cmake	cna_test_vulkan_avatar_tint_routing	examples/avatar_tint_routing_integration_test.cpp
cmake/Tests/VulkanTests.cmake	cna_test_vulkan_backbuffer_first_read	examples/backbuffer_first_read_test.cpp
cmake/Tests/VulkanTests.cmake	cna_test_vulkan_backbuffer_pass_order	examples/backbuffer_pass_order_test.cpp
cmake/Tests/VulkanTests.cmake	cna_test_vulkan_backbuffer_readback_dimension	examples/backbuffer_readback_dimension_test.cpp
cmake/Tests/VulkanTests.cmake	cna_test_vulkan_backbuffer_reject	examples/backbuffer_headless_reject_test.cpp
cmake/Tests/VulkanTests.cmake	cna_test_vulkan_basiceffect_colored3d_fog	examples/vulkan_basiceffect_colored3d_fog_test.cpp
cmake/Tests/VulkanTests.cmake	cna_test_vulkan_basiceffect_coloredtextured3d_fog	examples/vulkan_basiceffect_coloredtextured3d_fog_test.cpp
cmake/Tests/VulkanTests.cmake	cna_test_vulkan_basiceffect_combined	examples/vulkan_basiceffect_combined_test.cpp
cmake/Tests/VulkanTests.cmake	cna_test_vulkan_basiceffect_emissive	examples/vulkan_basiceffect_emissive_test.cpp
cmake/Tests/VulkanTests.cmake	cna_test_vulkan_basiceffect_fog	examples/vulkan_basiceffect_fog_test.cpp
cmake/Tests/VulkanTests.cmake	cna_test_vulkan_basiceffect_multilight_emissive	examples/vulkan_basiceffect_multilight_emissive_test.cpp
cmake/Tests/VulkanTests.cmake	cna_test_vulkan_basiceffect_one_light	examples/vulkan_basiceffect_one_light_test.cpp
cmake/Tests/VulkanTests.cmake	cna_test_vulkan_basiceffect_preferperpixellighting	examples/vulkan_basiceffect_preferperpixellighting_test.cpp
cmake/Tests/VulkanTests.cmake	cna_test_vulkan_basiceffect_specular	examples/vulkan_basiceffect_specular_test.cpp
cmake/Tests/VulkanTests.cmake	cna_test_vulkan_basiceffect_texture_enabled	examples/vulkan_basiceffect_texture_enabled_test.cpp
cmake/Tests/VulkanTests.cmake	cna_test_vulkan_basiceffect_texture_vertexcolor_enabled	examples/vulkan_basiceffect_texture_vertexcolor_enabled_test.cpp
cmake/Tests/VulkanTests.cmake	cna_test_vulkan_basiceffect_textured3d_fog	examples/vulkan_basiceffect_textured3d_fog_test.cpp
cmake/Tests/VulkanTests.cmake	cna_test_vulkan_basiceffect_textured_msaa	examples/vulkan_basiceffect_textured_msaa_test.cpp
cmake/Tests/VulkanTests.cmake	cna_test_vulkan_basiceffect_vertexcolor_disabled	examples/vulkan_basiceffect_vertexcolor_disabled_test.cpp
cmake/Tests/VulkanTests.cmake	cna_test_vulkan_basiceffect_vertexcolor_enabled	examples/vulkan_basiceffect_vertexcolor_enabled_test.cpp
cmake/Tests/VulkanTests.cmake	cna_test_vulkan_blendstate_additive	examples/easygl_blendstate_additive_test.cpp
cmake/Tests/VulkanTests.cmake	cna_test_vulkan_blendstate_alphablend	examples/easygl_blendstate_alphablend_test.cpp
cmake/Tests/VulkanTests.cmake	cna_test_vulkan_blendstate_blendfactor	examples/easygl_blendstate_blendfactor_test.cpp
cmake/Tests/VulkanTests.cmake	cna_test_vulkan_blendstate_nonpremultiplied	examples/easygl_blendstate_nonpremultiplied_test.cpp
cmake/Tests/VulkanTests.cmake	cna_test_vulkan_blendstate_opaque	examples/easygl_blendstate_opaque_test.cpp
cmake/Tests/VulkanTests.cmake	cna_test_vulkan_blendstate_separate_factors	examples/easygl_blendstate_separate_factors_test.cpp
cmake/Tests/VulkanTests.cmake	cna_test_vulkan_blendstate_separate_functions	examples/easygl_blendstate_separate_functions_test.cpp
cmake/Tests/VulkanTests.cmake	cna_test_vulkan_bound_target_lifetime	examples/bound_target_lifetime_test.cpp
cmake/Tests/VulkanTests.cmake	cna_test_vulkan_colorspace_midtone	examples/colorspace_midtone_contract_test.cpp
cmake/Tests/VulkanTests.cmake	cna_test_vulkan_colorwritechannels	examples/vulkan_colorwritechannels_test.cpp
cmake/Tests/VulkanTests.cmake	cna_test_vulkan_cube_face_readback_dependency	examples/vulkan_cube_face_readback_dependency_test.cpp
cmake/Tests/VulkanTests.cmake	cna_test_vulkan_cube_mrt_binding	examples/vulkan_cube_mrt_binding_test.cpp
cmake/Tests/VulkanTests.cmake	cna_test_vulkan_cube_volume_getdata_contract	examples/texturecube_texture3d_getdata_contract_test.cpp
cmake/Tests/VulkanTests.cmake	cna_test_vulkan_cube_volume_setdata_contract	examples/texturecube_texture3d_setdata_contract_test.cpp
cmake/Tests/VulkanTests.cmake	cna_test_vulkan_deferred_resource_lifetime	examples/vulkan_deferred_resource_lifetime_test.cpp
cmake/Tests/VulkanTests.cmake	cna_test_vulkan_deferred_scissor	examples/deferred_scissor_capture_test.cpp
cmake/Tests/VulkanTests.cmake	cna_test_vulkan_deferred_source_lifetime	examples/deferred_source_lifetime_test.cpp
cmake/Tests/VulkanTests.cmake	cna_test_vulkan_deferred_viewport	examples/deferred_viewport_capture_test.cpp
cmake/Tests/VulkanTests.cmake	cna_test_vulkan_depth_bias	examples/vulkan_depth_bias_test.cpp
cmake/Tests/VulkanTests.cmake	cna_test_vulkan_depth_contract	examples/graphicsdevice_depth_contract_test.cpp
cmake/Tests/VulkanTests.cmake	cna_test_vulkan_depthstencilstate_compare_function	examples/easygl_depthstencilstate_compare_function_test.cpp
cmake/Tests/VulkanTests.cmake	cna_test_vulkan_depthstencilstate_stencil_enable	examples/easygl_depthstencilstate_stencil_enable_test.cpp
cmake/Tests/VulkanTests.cmake	cna_test_vulkan_depthstencilstate_stencil_mask	examples/easygl_depthstencilstate_stencil_mask_test.cpp
cmake/Tests/VulkanTests.cmake	cna_test_vulkan_depthstencilstate_stencil_ops	examples/easygl_depthstencilstate_stencil_ops_test.cpp
cmake/Tests/VulkanTests.cmake	cna_test_vulkan_depthstencilstate_stencil_twosided	examples/easygl_depthstencilstate_stencil_twosided_test.cpp
cmake/Tests/VulkanTests.cmake	cna_test_vulkan_depthstencilstate_write_enable	examples/easygl_depthstencilstate_write_enable_test.cpp
cmake/Tests/VulkanTests.cmake	cna_test_vulkan_descriptor_capacity	examples/descriptor_capacity_contract_test.cpp
cmake/Tests/VulkanTests.cmake	cna_test_vulkan_dual_texture	examples/vulkan_dual_texture_test.cpp
cmake/Tests/VulkanTests.cmake	cna_test_vulkan_dualtexture_slot_sampler	examples/dualtexture_slot_sampler_contract_test.cpp
cmake/Tests/VulkanTests.cmake	cna_test_vulkan_dualtextureeffect_alpha	examples/vulkan_dualtextureeffect_alpha_test.cpp
cmake/Tests/VulkanTests.cmake	cna_test_vulkan_dualtextureeffect_combined	examples/vulkan_dualtextureeffect_combined_test.cpp
cmake/Tests/VulkanTests.cmake	cna_test_vulkan_dualtextureeffect_doubling	examples/vulkan_dualtextureeffect_doubling_test.cpp
cmake/Tests/VulkanTests.cmake	cna_test_vulkan_dualtextureeffect_fog	examples/vulkan_dualtextureeffect_fog_test.cpp
cmake/Tests/VulkanTests.cmake	cna_test_vulkan_dualtextureeffect_null_texture0	examples/vulkan_dualtextureeffect_null_texture0_test.cpp
cmake/Tests/VulkanTests.cmake	cna_test_vulkan_dualtextureeffect_null_texture2	examples/vulkan_dualtextureeffect_null_texture2_test.cpp
cmake/Tests/VulkanTests.cmake	cna_test_vulkan_dualtextureeffect_vertexcolor	examples/dualtextureeffect_vertexcolor_test.cpp
cmake/Tests/VulkanTests.cmake	cna_test_vulkan_effect_descriptor_cache_identity	examples/vulkan_effect_descriptor_cache_identity_test.cpp
cmake/Tests/VulkanTests.cmake	cna_test_vulkan_env_map	examples/vulkan_env_map_test.cpp
cmake/Tests/VulkanTests.cmake	cna_test_vulkan_environmentmapeffect_alphascaledlerp	examples/environmentmapeffect_alphascaledlerp_test.cpp
cmake/Tests/VulkanTests.cmake	cna_test_vulkan_environmentmapeffect_amount_one	examples/vulkan_environmentmapeffect_amount_one_test.cpp
cmake/Tests/VulkanTests.cmake	cna_test_vulkan_environmentmapeffect_amount_zero	examples/vulkan_environmentmapeffect_amount_zero_test.cpp
cmake/Tests/VulkanTests.cmake	cna_test_vulkan_environmentmapeffect_combined	examples/vulkan_environmentmapeffect_combined_test.cpp
cmake/Tests/VulkanTests.cmake	cna_test_vulkan_environmentmapeffect_eyeposition	examples/vulkan_environmentmapeffect_eyeposition_test.cpp
cmake/Tests/VulkanTests.cmake	cna_test_vulkan_environmentmapeffect_fog	examples/vulkan_environmentmapeffect_fog_test.cpp
cmake/Tests/VulkanTests.cmake	cna_test_vulkan_environmentmapeffect_fresnel	examples/vulkan_environmentmapeffect_fresnel_test.cpp
cmake/Tests/VulkanTests.cmake	cna_test_vulkan_environmentmapeffect_multilight	examples/vulkan_environmentmapeffect_multilight_test.cpp
cmake/Tests/VulkanTests.cmake	cna_test_vulkan_environmentmapeffect_specular	examples/vulkan_environmentmapeffect_specular_test.cpp
cmake/Tests/VulkanTests.cmake	cna_test_vulkan_environmentmapeffect_worldtransform	examples/vulkan_environmentmapeffect_worldtransform_test.cpp
cmake/Tests/VulkanTests.cmake	cna_test_vulkan_envmap_cube_sampler	examples/envmap_cube_sampler_contract_test.cpp
cmake/Tests/VulkanTests.cmake	cna_test_vulkan_envmap_cube_sampler_state	examples/envmap_cube_sampler_state_test.cpp
cmake/Tests/VulkanTests.cmake	cna_test_vulkan_fill_mode	examples/vulkan_fill_mode_test.cpp
cmake/Tests/VulkanTests.cmake	cna_test_vulkan_frontface_winding	examples/frontface_winding_test.cpp
cmake/Tests/VulkanTests.cmake	cna_test_vulkan_gfx153_source_rectangle	examples/source_rectangle_orientation_test.cpp
cmake/Tests/VulkanTests.cmake	cna_test_vulkan_graphicsdevice_clear_depth	examples/graphicsdevice_clear_depth_test.cpp
cmake/Tests/VulkanTests.cmake	cna_test_vulkan_graphicsdevice_clear_stencil	examples/easygl_graphicsdevice_clear_stencil_test.cpp
cmake/Tests/VulkanTests.cmake	cna_test_vulkan_graphicsdevice_clearoptions	examples/bgfx_graphicsdevice_clearoptions_test.cpp
cmake/Tests/VulkanTests.cmake	cna_test_vulkan_graphicsdevice_default_state_occlusion	examples/graphicsdevice_default_state_occlusion_test.cpp
cmake/Tests/VulkanTests.cmake	cna_test_vulkan_graphicsdevice_reference_stencil	examples/easygl_graphicsdevice_reference_stencil_test.cpp
cmake/Tests/VulkanTests.cmake	cna_test_vulkan_instanced	examples/vulkan_instanced_test.cpp
cmake/Tests/VulkanTests.cmake	cna_test_vulkan_instanced_vertex_color_cardinality	examples/vulkan_instanced_vertex_color_cardinality_test.cpp
cmake/Tests/VulkanTests.cmake	cna_test_vulkan_invalid_mip_level	examples/rendertarget_invalid_mip_level_test.cpp
cmake/Tests/VulkanTests.cmake	cna_test_vulkan_model_hierarchy_child_mesh	examples/easygl_model_hierarchy_child_mesh_test.cpp
cmake/Tests/VulkanTests.cmake	cna_test_vulkan_model_json_reader	examples/easygl_model_json_reader_test.cpp
cmake/Tests/VulkanTests.cmake	cna_test_vulkan_model_json_reader_32bit_indices	examples/easygl_model_json_reader_32bit_indices_test.cpp
cmake/Tests/VulkanTests.cmake	cna_test_vulkan_model_json_reader_bone_hierarchy	examples/easygl_model_json_reader_bone_hierarchy_test.cpp
cmake/Tests/VulkanTests.cmake	cna_test_vulkan_model_json_reader_skeleton	examples/easygl_model_json_reader_skeleton_test.cpp
cmake/Tests/VulkanTests.cmake	cna_test_vulkan_model_json_reader_texture	examples/easygl_model_json_reader_texture_test.cpp
cmake/Tests/VulkanTests.cmake	cna_test_vulkan_model_skinned_animation_playback	examples/easygl_model_skinned_animation_playback_test.cpp
cmake/Tests/VulkanTests.cmake	cna_test_vulkan_model_two_meshes_effects	examples/easygl_model_two_meshes_effects_test.cpp
cmake/Tests/VulkanTests.cmake	cna_test_vulkan_mrt_mip_finalization	examples/vulkan_mrt_mip_finalization_test.cpp
cmake/Tests/VulkanTests.cmake	cna_test_vulkan_mrt_mixed_formats	examples/bgfx_mrt_mixed_formats_test.cpp
cmake/Tests/VulkanTests.cmake	cna_test_vulkan_mrt_msaa	examples/vulkan_mrt_msaa_test.cpp
cmake/Tests/VulkanTests.cmake	cna_test_vulkan_msaa	examples/vulkan_msaa_test.cpp
cmake/Tests/VulkanTests.cmake	cna_test_vulkan_msaa_depth_contract	examples/rendertarget_msaa_depth_contract_test.cpp
cmake/Tests/VulkanTests.cmake	cna_test_vulkan_msaa_first_readback	examples/rendertarget_msaa_first_readback_test.cpp
cmake/Tests/VulkanTests.cmake	cna_test_vulkan_msaa_mip_readback	examples/rendertarget_msaa_mip_readback_test.cpp
cmake/Tests/VulkanTests.cmake	cna_test_vulkan_npot_texture	examples/easygl_npot_texture_test.cpp
cmake/Tests/VulkanTests.cmake	cna_test_vulkan_occlusionquery_pixelcount	examples/vulkan_occlusionquery_pixelcount_test.cpp
cmake/Tests/VulkanTests.cmake	cna_test_vulkan_ordered_clear	examples/graphicsdevice_ordered_clear_test.cpp
cmake/Tests/VulkanTests.cmake	cna_test_vulkan_orientation_calibration	examples/vulkan_orientation_calibration_test.cpp
cmake/Tests/VulkanTests.cmake	cna_test_vulkan_orientation_effects	examples/vulkan_orientation_effects_test.cpp
cmake/Tests/VulkanTests.cmake	cna_test_vulkan_orientation_rendertarget	examples/vulkan_orientation_rendertarget_test.cpp
cmake/Tests/VulkanTests.cmake	cna_test_vulkan_pbreffect_golden	examples/easygl_pbreffect_golden_test.cpp
cmake/Tests/VulkanTests.cmake	cna_test_vulkan_pbreffect_handderived	examples/vulkan_pbreffect_handderived_test.cpp
cmake/Tests/VulkanTests.cmake	cna_test_vulkan_point_sampling	examples/point_sampling_contract_test.cpp
cmake/Tests/VulkanTests.cmake	cna_test_vulkan_present_lifecycle	examples/present_lifecycle_contract_test.cpp
cmake/Tests/VulkanTests.cmake	cna_test_vulkan_rasterizerstate_cullmode	examples/easygl_rasterizerstate_cullmode_test.cpp
cmake/Tests/VulkanTests.cmake	cna_test_vulkan_rasterizerstate_cullmode_camera	examples/rasterizerstate_cullmode_camera_test.cpp
cmake/Tests/VulkanTests.cmake	cna_test_vulkan_rasterizerstate_cullmode_indexed_basiceffect	examples/rasterizerstate_cullmode_indexed_basiceffect_test.cpp
cmake/Tests/VulkanTests.cmake	cna_test_vulkan_render_target_usage	examples/vulkan_render_target_usage_test.cpp
cmake/Tests/VulkanTests.cmake	cna_test_vulkan_rendertarget2d_depth	examples/rendertarget2d_depth_test.cpp
cmake/Tests/VulkanTests.cmake	cna_test_vulkan_rendertarget2d_mip	examples/vulkan_rendertarget2d_mip_test.cpp
cmake/Tests/VulkanTests.cmake	cna_test_vulkan_rendertarget2d_msaa	examples/vulkan_rendertarget2d_msaa_test.cpp
cmake/Tests/VulkanTests.cmake	cna_test_vulkan_rendertarget2d_properties	examples/easygl_rendertarget2d_properties_test.cpp
cmake/Tests/VulkanTests.cmake	cna_test_vulkan_rendertarget_blendfactor	examples/vulkan_rendertarget_blendfactor_test.cpp
cmake/Tests/VulkanTests.cmake	cna_test_vulkan_rendertarget_depthformat_fidelity	examples/vulkan_rendertarget_depthformat_fidelity_test.cpp
cmake/Tests/VulkanTests.cmake	cna_test_vulkan_rendertarget_depthstencil_usage	examples/rendertarget_depthstencil_usage_test.cpp
cmake/Tests/VulkanTests.cmake	cna_test_vulkan_rendertarget_getdata_lifetime	examples/vulkan_rendertarget_getdata_lifetime_test.cpp
cmake/Tests/VulkanTests.cmake	cna_test_vulkan_rendertarget_pass_boundary	examples/rendertarget_pass_boundary_test.cpp
cmake/Tests/VulkanTests.cmake	cna_test_vulkan_rendertarget_scissor	examples/vulkan_rendertarget_scissor_test.cpp
cmake/Tests/VulkanTests.cmake	cna_test_vulkan_rendertarget_viewport	examples/vulkan_rendertarget_viewport_test.cpp
cmake/Tests/VulkanTests.cmake	cna_test_vulkan_rendertarget_viewport_scissor_reset	examples/rendertarget_viewport_scissor_reset_test.cpp
cmake/Tests/VulkanTests.cmake	cna_test_vulkan_rendertargetcube_getdata_contract	examples/rendertargetcube_getdata_contract_test.cpp
cmake/Tests/VulkanTests.cmake	cna_test_vulkan_rendertargetcube_mip	examples/vulkan_rendertargetcube_mip_test.cpp
cmake/Tests/VulkanTests.cmake	cna_test_vulkan_rendertargetcube_msaa	examples/vulkan_rendertargetcube_msaa_test.cpp
cmake/Tests/VulkanTests.cmake	cna_test_vulkan_rendertargetcube_msaa_face	examples/rendertargetcube_msaa_face_test.cpp
cmake/Tests/VulkanTests.cmake	cna_test_vulkan_rendertargetcube_plural_binding	examples/rendertargetcube_plural_binding_test.cpp
cmake/Tests/VulkanTests.cmake	cna_test_vulkan_rendertargetcube_properties	examples/easygl_rendertargetcube_properties_test.cpp
cmake/Tests/VulkanTests.cmake	cna_test_vulkan_rendertargetcube_sample	examples/vulkan_rendertargetcube_sample_test.cpp
cmake/Tests/VulkanTests.cmake	cna_test_vulkan_rendertargetcube_usage	examples/rendertargetcube_usage_test.cpp
cmake/Tests/VulkanTests.cmake	cna_test_vulkan_rt2d	examples/vulkan_rt2d_test.cpp
cmake/Tests/VulkanTests.cmake	cna_test_vulkan_rt_backbuffer_consumer	examples/rendertarget_backbuffer_consumer_test.cpp
cmake/Tests/VulkanTests.cmake	cna_test_vulkan_rt_effect_source	examples/rendertarget_effect_source_test.cpp
cmake/Tests/VulkanTests.cmake	cna_test_vulkan_rt_first_use	examples/rendertarget_first_use_test.cpp
cmake/Tests/VulkanTests.cmake	cna_test_vulkan_rt_producer_consumer	examples/rendertarget_producer_consumer_test.cpp
cmake/Tests/VulkanTests.cmake	cna_test_vulkan_rt_roundtrip	examples/vulkan_rt_roundtrip_test.cpp
cmake/Tests/VulkanTests.cmake	cna_test_vulkan_rt_sampling_orientation	examples/rendertarget_sampling_orientation_test.cpp
cmake/Tests/VulkanTests.cmake	cna_test_vulkan_rtcube	examples/vulkan_rtcube_test.cpp
cmake/Tests/VulkanTests.cmake	cna_test_vulkan_sampler_state_effect	examples/easygl_sampler_state_effect_test.cpp
cmake/Tests/VulkanTests.cmake	cna_test_vulkan_scissor	examples/vulkan_scissor_test.cpp
cmake/Tests/VulkanTests.cmake	cna_test_vulkan_shader_effect	examples/vulkan_shader_effect_test.cpp
cmake/Tests/VulkanTests.cmake	cna_test_vulkan_skinnedeffect_combined	examples/vulkan_skinnedeffect_combined_test.cpp
cmake/Tests/VulkanTests.cmake	cna_test_vulkan_skinnedeffect_fog	examples/vulkan_skinnedeffect_fog_test.cpp
cmake/Tests/VulkanTests.cmake	cna_test_vulkan_skinnedeffect_identity_bones	examples/vulkan_skinnedeffect_identity_bones_test.cpp
cmake/Tests/VulkanTests.cmake	cna_test_vulkan_skinnedeffect_lighting_conformance	examples/skinnedeffect_lighting_conformance_test.cpp
cmake/Tests/VulkanTests.cmake	cna_test_vulkan_skinnedeffect_multilight	examples/vulkan_skinnedeffect_multilight_test.cpp
cmake/Tests/VulkanTests.cmake	cna_test_vulkan_skinnedeffect_preferperpixellighting	examples/vulkan_skinnedeffect_preferperpixellighting_test.cpp
cmake/Tests/VulkanTests.cmake	cna_test_vulkan_skinnedeffect_specular	examples/vulkan_skinnedeffect_specular_test.cpp
cmake/Tests/VulkanTests.cmake	cna_test_vulkan_skinnedeffect_translation_bone	examples/vulkan_skinnedeffect_translation_bone_test.cpp
cmake/Tests/VulkanTests.cmake	cna_test_vulkan_skinnedeffect_twobone_blend	examples/vulkan_skinnedeffect_twobone_blend_test.cpp
cmake/Tests/VulkanTests.cmake	cna_test_vulkan_skinnedeffect_vertexcolor	examples/vulkan_skinnedeffect_vertexcolor_test.cpp
cmake/Tests/VulkanTests.cmake	cna_test_vulkan_skinnedeffect_vertexcolor_reused	examples/easygl_skinnedeffect_vertexcolor_test.cpp
cmake/Tests/VulkanTests.cmake	cna_test_vulkan_skinnedeffect_weightspervertex	examples/vulkan_skinnedeffect_weightspervertex_test.cpp
cmake/Tests/VulkanTests.cmake	cna_test_vulkan_skinnedeffect_world_normal	examples/vulkan_skinnedeffect_world_normal_test.cpp
cmake/Tests/VulkanTests.cmake	cna_test_vulkan_skinnedpbreffect_golden	examples/easygl_skinnedpbreffect_golden_test.cpp
cmake/Tests/VulkanTests.cmake	cna_test_vulkan_sprite_effects	examples/easygl_sprite_effects_test.cpp
cmake/Tests/VulkanTests.cmake	cna_test_vulkan_spritebatch_3d_order	examples/spritebatch_3d_order_test.cpp
cmake/Tests/VulkanTests.cmake	cna_test_vulkan_spritebatch_begin_rasterizerstate	examples/spritebatch_begin_rasterizerstate_scissor_test.cpp
cmake/Tests/VulkanTests.cmake	cna_test_vulkan_spritebatch_blendstate	examples/vulkan_spritebatch_blendstate_test.cpp
cmake/Tests/VulkanTests.cmake	cna_test_vulkan_spritebatch_custom_viewport	examples/spritebatch_custom_viewport_test.cpp
cmake/Tests/VulkanTests.cmake	cna_test_vulkan_spritebatch_custom_viewport_rt	examples/spritebatch_custom_viewport_rt_test.cpp
cmake/Tests/VulkanTests.cmake	cna_test_vulkan_spritebatch_layerdepth	examples/easygl_spritebatch_layerdepth_test.cpp
cmake/Tests/VulkanTests.cmake	cna_test_vulkan_spritebatch_multi_begin_end	examples/vulkan_spritebatch_multi_begin_end_test.cpp
cmake/Tests/VulkanTests.cmake	cna_test_vulkan_spritebatch_rotation	examples/easygl_spritebatch_rotation_test.cpp
cmake/Tests/VulkanTests.cmake	cna_test_vulkan_spritebatch_scale	examples/easygl_spritebatch_scale_test.cpp
cmake/Tests/VulkanTests.cmake	cna_test_vulkan_spritebatch_sourcerect	examples/easygl_spritebatch_sourcerect_test.cpp
cmake/Tests/VulkanTests.cmake	cna_test_vulkan_spritebatch_viewport_switch	examples/spritebatch_viewport_switch_test.cpp
cmake/Tests/VulkanTests.cmake	cna_test_vulkan_spritefont_default_char	examples/easygl_spritefont_default_char_test.cpp
cmake/Tests/VulkanTests.cmake	cna_test_vulkan_spritefont_multiglyph_spacing	examples/easygl_spritefont_multiglyph_spacing_test.cpp
cmake/Tests/VulkanTests.cmake	cna_test_vulkan_spritefont_newline	examples/easygl_spritefont_newline_test.cpp
cmake/Tests/VulkanTests.cmake	cna_test_vulkan_spritefont_single_glyph	examples/easygl_spritefont_single_glyph_test.cpp
cmake/Tests/VulkanTests.cmake	cna_test_vulkan_stock_effect_sampler	examples/stock_effect_sampler_contract_test.cpp
cmake/Tests/VulkanTests.cmake	cna_test_vulkan_surface_format_throws	examples/easygl_surface_format_throws_test.cpp
cmake/Tests/VulkanTests.cmake	cna_test_vulkan_swapchain_sync	examples/vulkan_swapchain_sync_test.cpp
cmake/Tests/VulkanTests.cmake	cna_test_vulkan_texture2d_getdata_contract	examples/texture2d_getdata_contract_test.cpp
cmake/Tests/VulkanTests.cmake	cna_test_vulkan_texture2d_getdata_transfer_range	examples/texture2d_getdata_transfer_range_test.cpp
cmake/Tests/VulkanTests.cmake	cna_test_vulkan_texture2d_mip	examples/easygl_texture2d_mip_test.cpp
cmake/Tests/VulkanTests.cmake	cna_test_vulkan_texture2d_partial_rect	examples/easygl_texture2d_partial_rect_test.cpp
cmake/Tests/VulkanTests.cmake	cna_test_vulkan_texture3d_mip	examples/easygl_texture3d_mip_test.cpp
cmake/Tests/VulkanTests.cmake	cna_test_vulkan_texture3d_mip_layout	examples/vulkan_texture3d_mip_layout_test.cpp
cmake/Tests/VulkanTests.cmake	cna_test_vulkan_texture3d_partial_box_readback	examples/easygl_texture3d_partial_box_readback_test.cpp
cmake/Tests/VulkanTests.cmake	cna_test_vulkan_texture3d_slices	examples/easygl_texture3d_slices_test.cpp
cmake/Tests/VulkanTests.cmake	cna_test_vulkan_texture_address_mode	examples/vulkan_texture_address_mode_test.cpp
cmake/Tests/VulkanTests.cmake	cna_test_vulkan_texture_address_mode_clamp_effect	examples/easygl_texture_address_mode_clamp_effect_test.cpp
cmake/Tests/VulkanTests.cmake	cna_test_vulkan_texture_address_mode_mirror_effect	examples/easygl_texture_address_mode_mirror_effect_test.cpp
cmake/Tests/VulkanTests.cmake	cna_test_vulkan_texture_anisotropic_effect	examples/easygl_texture_anisotropic_effect_test.cpp
cmake/Tests/VulkanTests.cmake	cna_test_vulkan_texture_filter_mip_contract	examples/texture_filter_mip_contract_test.cpp
cmake/Tests/VulkanTests.cmake	cna_test_vulkan_texture_filter_ordinal	examples/texture_filter_ordinal_contract_test.cpp
cmake/Tests/VulkanTests.cmake	cna_test_vulkan_texture_filter_point_vs_linear	examples/easygl_texture_filter_point_vs_linear_test.cpp
cmake/Tests/VulkanTests.cmake	cna_test_vulkan_texture_mip_filter_effect	examples/vulkan_texture_mip_filter_effect_test.cpp
cmake/Tests/VulkanTests.cmake	cna_test_vulkan_texture_srgb	examples/vulkan_texture_srgb_test.cpp
cmake/Tests/VulkanTests.cmake	cna_test_vulkan_texturecube_content_load	examples/easygl_texturecube_content_load_test.cpp
cmake/Tests/VulkanTests.cmake	cna_test_vulkan_texturecube_mip	examples/easygl_texturecube_mip_test.cpp
cmake/Tests/VulkanTests.cmake	cna_test_vulkan_texturecube_partial_rect	examples/easygl_texturecube_partial_rect_test.cpp
cmake/Tests/VulkanTests.cmake	cna_test_vulkan_transform_matrix	examples/vulkan_transform_matrix_test.cpp
cmake/Tests/VulkanTests.cmake	cna_test_vulkan_triangle_strip_winding	examples/triangle_strip_winding_test.cpp
cmake/Tests/VulkanTests.cmake	cna_test_vulkan_vertex_format	examples/vulkan_vertex_format_test.cpp
cmake/Tests/VulkanTests.cmake	cna_test_vulkan_vertexbuffer_indexbuffer_getdata	examples/easygl_vertexbuffer_indexbuffer_getdata_test.cpp
cmake/Tests/VulkanTests.cmake	cna_test_vulkan_viewport_reset_after_resize	examples/viewport_reset_after_resize_test.cpp
cmake/Tests/VulkanTests.cmake	cna_test_vulkan_viewport_subregion	examples/vulkan_viewport_subregion_test.cpp
cmake/Tests/VulkanTests.cmake	cna_test_vulkan_viewspace_fog	examples/vulkan_viewspace_fog_test.cpp
cmake/Tests/WebGpuTests.cmake	cna_test_webgpu_additive_blend_contract	examples/additive_blend_contract_test.cpp
cmake/Tests/WebGpuTests.cmake	cna_test_webgpu_alphatest3d	examples/webgpu_alphatest3d_test.cpp
cmake/Tests/WebGpuTests.cmake	cna_test_webgpu_backbuffer_first_read	examples/backbuffer_first_read_test.cpp
cmake/Tests/WebGpuTests.cmake	cna_test_webgpu_backbuffer_pass_order	examples/backbuffer_pass_order_test.cpp
cmake/Tests/WebGpuTests.cmake	cna_test_webgpu_backbuffer_readback_dimension	examples/backbuffer_readback_dimension_test.cpp
cmake/Tests/WebGpuTests.cmake	cna_test_webgpu_backbuffer_reject	examples/backbuffer_headless_reject_test.cpp
cmake/Tests/WebGpuTests.cmake	cna_test_webgpu_basiceffect_preferperpixellighting	examples/webgpu_basiceffect_preferperpixellighting_test.cpp
cmake/Tests/WebGpuTests.cmake	cna_test_webgpu_bound_target_lifetime	examples/bound_target_lifetime_test.cpp
cmake/Tests/WebGpuTests.cmake	cna_test_webgpu_clear_readback	examples/webgpu_clear_readback_test.cpp
cmake/Tests/WebGpuTests.cmake	cna_test_webgpu_colored3d	examples/webgpu_colored3d_test.cpp
cmake/Tests/WebGpuTests.cmake	cna_test_webgpu_coloredtextured3d	examples/webgpu_coloredtextured3d_test.cpp
cmake/Tests/WebGpuTests.cmake	cna_test_webgpu_colorspace_midtone	examples/colorspace_midtone_contract_test.cpp
cmake/Tests/WebGpuTests.cmake	cna_test_webgpu_colorwritechannels	examples/gfx077_colorwritechannels_3d_test.cpp
cmake/Tests/WebGpuTests.cmake	cna_test_webgpu_cube_volume_getdata_contract	examples/texturecube_texture3d_getdata_contract_test.cpp
cmake/Tests/WebGpuTests.cmake	cna_test_webgpu_cube_volume_setdata_contract	examples/texturecube_texture3d_setdata_contract_test.cpp
cmake/Tests/WebGpuTests.cmake	cna_test_webgpu_deferred_scissor	examples/deferred_scissor_capture_test.cpp
cmake/Tests/WebGpuTests.cmake	cna_test_webgpu_deferred_source_lifetime	examples/deferred_source_lifetime_test.cpp
cmake/Tests/WebGpuTests.cmake	cna_test_webgpu_deferred_viewport	examples/deferred_viewport_capture_test.cpp
cmake/Tests/WebGpuTests.cmake	cna_test_webgpu_descriptor_capacity	examples/descriptor_capacity_contract_test.cpp
cmake/Tests/WebGpuTests.cmake	cna_test_webgpu_draw_order_cardinality	examples/webgpu_draw_order_cardinality_test.cpp
cmake/Tests/WebGpuTests.cmake	cna_test_webgpu_drawprimitivesex	examples/webgpu_drawprimitivesex_test.cpp
cmake/Tests/WebGpuTests.cmake	cna_test_webgpu_dualtexture3d	examples/webgpu_dualtexture3d_test.cpp
cmake/Tests/WebGpuTests.cmake	cna_test_webgpu_dualtexture_slot_sampler	examples/dualtexture_slot_sampler_contract_test.cpp
cmake/Tests/WebGpuTests.cmake	cna_test_webgpu_environmentmapeffect_fog	examples/webgpu_environmentmapeffect_fog_test.cpp
cmake/Tests/WebGpuTests.cmake	cna_test_webgpu_envmap3d	examples/webgpu_envmap3d_test.cpp
cmake/Tests/WebGpuTests.cmake	cna_test_webgpu_envmap_cube_sampler	examples/envmap_cube_sampler_contract_test.cpp
cmake/Tests/WebGpuTests.cmake	cna_test_webgpu_envmap_emissive	examples/webgpu_environmentmapeffect_emissive_test.cpp
cmake/Tests/WebGpuTests.cmake	cna_test_webgpu_frontface_winding	examples/frontface_winding_test.cpp
cmake/Tests/WebGpuTests.cmake	cna_test_webgpu_gfx153_source_rectangle	examples/source_rectangle_orientation_test.cpp
cmake/Tests/WebGpuTests.cmake	cna_test_webgpu_graphicsstate	examples/webgpu_graphicsstate_test.cpp
cmake/Tests/WebGpuTests.cmake	cna_test_webgpu_instanced3d	examples/webgpu_instanced3d_test.cpp
cmake/Tests/WebGpuTests.cmake	cna_test_webgpu_instanced_offset_frequency_cardinality	examples/webgpu_instanced_offset_frequency_cardinality_test.cpp
cmake/Tests/WebGpuTests.cmake	cna_test_webgpu_instanced_vertex_color_cardinality	examples/webgpu_instanced_vertex_color_cardinality_test.cpp
cmake/Tests/WebGpuTests.cmake	cna_test_webgpu_invalid_mip_level	examples/rendertarget_invalid_mip_level_test.cpp
cmake/Tests/WebGpuTests.cmake	cna_test_webgpu_littextured3d	examples/webgpu_littextured3d_test.cpp
cmake/Tests/WebGpuTests.cmake	cna_test_webgpu_mipgen	examples/webgpu_mipgen_test.cpp
cmake/Tests/WebGpuTests.cmake	cna_test_webgpu_msaa	examples/webgpu_msaa_test.cpp
cmake/Tests/WebGpuTests.cmake	cna_test_webgpu_msaa_depth_contract	examples/rendertarget_msaa_depth_contract_test.cpp
cmake/Tests/WebGpuTests.cmake	cna_test_webgpu_msaa_first_readback	examples/rendertarget_msaa_first_readback_test.cpp
cmake/Tests/WebGpuTests.cmake	cna_test_webgpu_msaa_mip_readback	examples/rendertarget_msaa_mip_readback_test.cpp
cmake/Tests/WebGpuTests.cmake	cna_test_webgpu_ordered_clear	examples/graphicsdevice_ordered_clear_test.cpp
cmake/Tests/WebGpuTests.cmake	cna_test_webgpu_pbr3d	examples/webgpu_pbr3d_test.cpp
cmake/Tests/WebGpuTests.cmake	cna_test_webgpu_point_sampling	examples/point_sampling_contract_test.cpp
cmake/Tests/WebGpuTests.cmake	cna_test_webgpu_present_lifecycle	examples/present_lifecycle_contract_test.cpp
cmake/Tests/WebGpuTests.cmake	cna_test_webgpu_rendertarget2d	examples/webgpu_rendertarget2d_test.cpp
cmake/Tests/WebGpuTests.cmake	cna_test_webgpu_rendertarget_depthstencil_usage	examples/rendertarget_depthstencil_usage_test.cpp
cmake/Tests/WebGpuTests.cmake	cna_test_webgpu_rendertarget_pass_boundary	examples/rendertarget_pass_boundary_test.cpp
cmake/Tests/WebGpuTests.cmake	cna_test_webgpu_rendertargetcube	examples/webgpu_rendertargetcube_test.cpp
cmake/Tests/WebGpuTests.cmake	cna_test_webgpu_rendertargetcube_getdata_contract	examples/rendertargetcube_getdata_contract_test.cpp
cmake/Tests/WebGpuTests.cmake	cna_test_webgpu_rendertargetcube_msaa_face	examples/rendertargetcube_msaa_face_test.cpp
cmake/Tests/WebGpuTests.cmake	cna_test_webgpu_rendertargetcube_plural_binding	examples/rendertargetcube_plural_binding_test.cpp
cmake/Tests/WebGpuTests.cmake	cna_test_webgpu_rendertargetcube_usage	examples/rendertargetcube_usage_test.cpp
cmake/Tests/WebGpuTests.cmake	cna_test_webgpu_rt_backbuffer_consumer	examples/rendertarget_backbuffer_consumer_test.cpp
cmake/Tests/WebGpuTests.cmake	cna_test_webgpu_rt_effect_source	examples/rendertarget_effect_source_test.cpp
cmake/Tests/WebGpuTests.cmake	cna_test_webgpu_rt_first_use	examples/rendertarget_first_use_test.cpp
cmake/Tests/WebGpuTests.cmake	cna_test_webgpu_rt_producer_consumer	examples/rendertarget_producer_consumer_test.cpp
cmake/Tests/WebGpuTests.cmake	cna_test_webgpu_rt_sampling_orientation	examples/rendertarget_sampling_orientation_test.cpp
cmake/Tests/WebGpuTests.cmake	cna_test_webgpu_scissor_cardinality	examples/webgpu_scissor_cardinality_test.cpp
cmake/Tests/WebGpuTests.cmake	cna_test_webgpu_skinned3d	examples/webgpu_skinned3d_test.cpp
cmake/Tests/WebGpuTests.cmake	cna_test_webgpu_skinnedeffect_material	examples/webgpu_skinnedeffect_material_test.cpp
cmake/Tests/WebGpuTests.cmake	cna_test_webgpu_skinnedeffect_world_normal	examples/webgpu_skinnedeffect_world_normal_test.cpp
cmake/Tests/WebGpuTests.cmake	cna_test_webgpu_skinnedpbr3d	examples/webgpu_skinnedpbr3d_test.cpp
cmake/Tests/WebGpuTests.cmake	cna_test_webgpu_spritebatch_3d_order	examples/spritebatch_3d_order_test.cpp
cmake/Tests/WebGpuTests.cmake	cna_test_webgpu_spritebatch_begin_rasterizerstate_scissor	examples/spritebatch_begin_rasterizerstate_scissor_test.cpp
cmake/Tests/WebGpuTests.cmake	cna_test_webgpu_spritebatch_blendstate	examples/webgpu_spritebatch_blendstate_test.cpp
cmake/Tests/WebGpuTests.cmake	cna_test_webgpu_spritebatch_custom_viewport	examples/spritebatch_custom_viewport_test.cpp
cmake/Tests/WebGpuTests.cmake	cna_test_webgpu_spritebatch_rendertarget	examples/webgpu_spritebatch_rendertarget_test.cpp
cmake/Tests/WebGpuTests.cmake	cna_test_webgpu_spritebatch_viewport_switch	examples/spritebatch_viewport_switch_test.cpp
cmake/Tests/WebGpuTests.cmake	cna_test_webgpu_stock_effect_sampler	examples/stock_effect_sampler_contract_test.cpp
cmake/Tests/WebGpuTests.cmake	cna_test_webgpu_texture2d_getdata	examples/webgpu_texture2d_getdata_test.cpp
cmake/Tests/WebGpuTests.cmake	cna_test_webgpu_texture2d_getdata_contract	examples/texture2d_getdata_contract_test.cpp
cmake/Tests/WebGpuTests.cmake	cna_test_webgpu_texture2d_getdata_transfer_range	examples/texture2d_getdata_transfer_range_test.cpp
cmake/Tests/WebGpuTests.cmake	cna_test_webgpu_texture3d	examples/webgpu_texture3d_test.cpp
cmake/Tests/WebGpuTests.cmake	cna_test_webgpu_texture_filter_mip_contract	examples/texture_filter_mip_contract_test.cpp
cmake/Tests/WebGpuTests.cmake	cna_test_webgpu_texture_filter_ordinal	examples/texture_filter_ordinal_contract_test.cpp
cmake/Tests/WebGpuTests.cmake	cna_test_webgpu_texturecube_getdata	examples/webgpu_texturecube_getdata_test.cpp
cmake/Tests/WebGpuTests.cmake	cna_test_webgpu_textured3d	examples/webgpu_textured3d_test.cpp
cmake/Tests/WebGpuTests.cmake	cna_test_webgpu_triangle_strip_winding	examples/triangle_strip_winding_test.cpp
cmake/Tests/WebGpuTests.cmake	cna_test_webgpu_viewport_cardinality	examples/webgpu_viewport_cardinality_test.cpp
