path	blob
examples/additive_blend_contract_test.cpp	83be575329a9c223db9bda3b5afb73e5399e9c47
examples/alpha_test_effect_test.cpp	b9a8b1df7520f015b2967aadf4a38851e81cea83
examples/alpha_test_integration_test.cpp	963eb353db648a15a6cce5c026a21dcaa804df6d
examples/ascii_fontatlas_test.cpp	ac55f69fa380b862f2677f3e41829f707b4f1d0e
examples/ascii_input_test.cpp	1c17fccc9150a91a55e49a2282bd6b1f4457fe1e
examples/ascii_offscreentarget_test.cpp	a69118f19331e2ceefc99938ccbce006fac9179a
examples/ascii_present_test.cpp	938795ca0a91f22c1d8b17a89e8b4aca18dfe9aa
examples/ascii_quantizer_test.cpp	975b685edbc3a37e19712700d08e5cde73aaeb45
examples/ascii_throwno3d_test.cpp	e9d10435290f319b1b29308cd7c09ff5a60c567b
examples/avatar_attach_part_integration_test.cpp	9b131d5c8b97bb7f4d9ea615bd148859a2656519
examples/avatar_real_render_integration_test.cpp	a0accc586b928af8e0fbcbc340735c153c27e8c2
examples/avatar_tint_routing_integration_test.cpp	7bb0d685a44aef467a84ca2e20068cd4867f5707
examples/backbuffer_first_read_test.cpp	5a2d66bfa2cc98437b424debcfec9002b85573ac
examples/backbuffer_headless_reject_test.cpp	100cec555180ab17dcc8315f7a361f04e83fbb34
examples/backbuffer_pass_order_test.cpp	d3bfc6563392f9cb29bf27c365f094c5ca5f03aa
examples/backbuffer_readback_dimension_test.cpp	305dc164b09ab54b5e05540abaf0f064e86f0217
examples/basic_effect_test.cpp	a1d2de801a3ff48b5852a8c17b634e12aa5b48f7
examples/bgfx_alphatest_comparefunction_sweep_test.cpp	c3f3a5c7f9fcbadfaaddd3a937ef2f11f57606d2
examples/bgfx_alphatest_fog_test.cpp	e081755cb633e21900b9257695e88324c87e3f1a
examples/bgfx_alphatest_null_texture_test.cpp	7abcf041b3b72dc7f676831967f99aaee318d59b
examples/bgfx_alphatest_vertexcolor_test.cpp	e111bf8d015ed65c9e653007bec5d97e979e0dd9
examples/bgfx_basiceffect_combined_test.cpp	87d8c47ea2033d52a23d7487925d4e6ab5525a25
examples/bgfx_basiceffect_emissive_test.cpp	cdc0b8b25c3d2f4b3a4a6f1fcaf6fc032539d0b4
examples/bgfx_basiceffect_fog_test.cpp	d3a390a33667ba04bffa69e14b84a0a14313d25e
examples/bgfx_basiceffect_lit_fog_test.cpp	23fc2cbbcdc94cf5a53977d9fe5c14e7c2d0283a
examples/bgfx_basiceffect_multilight_emissive_test.cpp	3b9cfd137b0d7c3d4218d8f3257bc6d6245775e5
examples/bgfx_basiceffect_normaltransform_test.cpp	f7b4d64ddb67b57296d2edbe8fb2eb8616f2c675
examples/bgfx_basiceffect_one_light_test.cpp	fa33bc0be1b4f5b2a6b160936791bed48c1a8c8b
examples/bgfx_basiceffect_preferperpixellighting_test.cpp	ce67c436dafa8c4112d09cec41df3707e766bca7
examples/bgfx_basiceffect_specular_test.cpp	8095bf61bdc4039971cc4f4a10257e175b88c718
examples/bgfx_basiceffect_texture_enabled_test.cpp	9c383e88739d93f610e729c0c7c1fe7514db0922
examples/bgfx_basiceffect_texture_vertexcolor_enabled_test.cpp	acd308a2dad0e14fa17832cd0e3230b329dc8b52
examples/bgfx_basiceffect_vertexcolor_disabled_test.cpp	2ca576e20a211347e596d1ad751b62f88c6334e6
examples/bgfx_basiceffect_vertexcolor_enabled_test.cpp	1cec2dcf2761fa39e3209879879f3a72267bb020
examples/bgfx_blendstate_additive_test.cpp	042413017f26ec15e0ef0f211c4fd39bb39e0e8d
examples/bgfx_blendstate_alphablend_test.cpp	55257b12d5a6de412c3f447c260368c5e2f8928a
examples/bgfx_blendstate_blendfactor_test.cpp	874e6498760dc700b3dfa0170debce3b9fcab914
examples/bgfx_blendstate_nonpremultiplied_test.cpp	358eea6e83e8b01a4afb0c74badbed50cc651c09
examples/bgfx_blendstate_opaque_test.cpp	6604faca96b504a0581b8c81877af018540352b4
examples/bgfx_blendstate_separate_functions_test.cpp	26facab8bb7c1fd4fb1e0f6b2e73418547e0d045
examples/bgfx_colorwritechannels_test.cpp	047d41c6078772acd8517fa4e6ce634037049275
examples/bgfx_concurrent_rendertargets_test.cpp	21b1392edfee2a7e988cc5ccbfab927939ac0f62
examples/bgfx_depthstencilstate_compare_function_test.cpp	a271e51832e6673c03e617a6c2a4c4f8a47bc89e
examples/bgfx_depthstencilstate_stencil_mask_test.cpp	909e6362ee3f890c6eb34a4a2394c696454edb63
examples/bgfx_depthstencilstate_stencil_ops_test.cpp	14e0f5919929a06c4f406214f22d499f2ec0ae2a
examples/bgfx_depthstencilstate_stencil_twosided_test.cpp	98db99826bcef34d1d9f9b95b2ee55530dcb39b6
examples/bgfx_depthstencilstate_write_enable_test.cpp	e605b0ea5ad6d2e06b9c0804ed9e73b85c221aef
examples/bgfx_dual_texture_test.cpp	6aaac1566a9a19435f65284ce6a3f70d2ed1f851
examples/bgfx_dualtextureeffect_alpha_test.cpp	ac2b6994724b9f0fe20887ecff63c6be97f86705
examples/bgfx_dualtextureeffect_combined_test.cpp	788b7d7527a0d3cd040ef4a9d8e4ef4070213ae3
examples/bgfx_dualtextureeffect_doubling_test.cpp	7ab1b9cdd86f03004a9c8b29a5213fea464016a6
examples/bgfx_dualtextureeffect_fog_test.cpp	5428ad0b72fae2415166c982adc98ac4ad581c38
examples/bgfx_dualtextureeffect_null_texture0_test.cpp	6e6accb25987eb3598d97843cd4939f809b705ba
examples/bgfx_dualtextureeffect_null_texture2_test.cpp	995bc209379a72c9885380c2806838c567e3ff6e
examples/bgfx_env_map_test.cpp	0070c681082602d7d0775a6da6d2b03d9c787bda
examples/bgfx_environmentmapeffect_amount_one_test.cpp	61d349092cb7e893fa5f1affda612cdf0fc1de49
examples/bgfx_environmentmapeffect_amount_zero_test.cpp	70c2da95d2c02d585d23e193ba27707252297ec4
examples/bgfx_environmentmapeffect_combined_test.cpp	6ed6cbe546830350ffee6f53fdffa283482d2650
examples/bgfx_environmentmapeffect_eyeposition_test.cpp	9a70c24b5bbfb27e314483482f55b88072ee652e
examples/bgfx_environmentmapeffect_fog_test.cpp	e1eeb0ff9366cafdeeb274c4c13b69282a982bc8
examples/bgfx_environmentmapeffect_fresnel_test.cpp	11dcb5ca2f508933c427fb1a396fe17ee7938dc9
examples/bgfx_environmentmapeffect_multilight_test.cpp	769dc0ef1231d2c5a1ccdc6e59c134678f44772c
examples/bgfx_environmentmapeffect_specular_test.cpp	55d605d8876f4238586d34e5f7460fabf167a12f
examples/bgfx_environmentmapeffect_worldtransform_test.cpp	0ebf208650e36526246a61dd44202c055ab7deaa
examples/bgfx_gfx179_view_capacity_test.cpp	7b5b77059f6d0bcf36aeec0d2f9ed0bafccc7901
examples/bgfx_gfx185_msaa_capability_test.cpp	79f9cb8b3114bcfa8f9204149254e475d99d4453
examples/bgfx_gfx196_noop_reset_test.cpp	068e2f98221473e86131326f976c979d0de9e811
examples/bgfx_graphicsdevice_clear_stencil_test.cpp	af76dfcf4c2330917c79ee6e9e0a2f527b66f26f
examples/bgfx_graphicsdevice_clearoptions_test.cpp	c8db3a87475b6311ff3e81ea9c3e2e418aad952d
examples/bgfx_graphicsdevice_reference_stencil_test.cpp	b97181d401ccbdfa2baf53970975cc7cf6c20aca
examples/bgfx_model_hierarchy_child_mesh_test.cpp	3fbb26f1fad428dffaed92f2bfeeb682fe7e4af2
examples/bgfx_model_json_reader_test.cpp	376c0f3e62e9386212b1ccd69ce96fe76433250c
examples/bgfx_model_two_meshes_effects_test.cpp	bc8113f8486c4726e2f6346fc12d739ecf3776ea
examples/bgfx_mrt_mixed_formats_test.cpp	c9c1e41e632abe4f0b440564813f02e9740a9f37
examples/bgfx_multi_viewport_test.cpp	c60238d0853d5d0b238222cb2587dbd8ab53728b
examples/bgfx_npot_texture_test.cpp	5e6a95597b3449e48ab2f84cc15bf1d1c467a118
examples/bgfx_occlusion_query_test.cpp	26555fb2c73082cf62e8a5d504d232d6a1357360
examples/bgfx_occlusionquery_dispose_active_test.cpp	b7ad12ecf18fe28a458cac15a75ee9eff1439871
examples/bgfx_occlusionquery_pixelcount_test.cpp	cce41397fb3ee6b3d184eb24cd2cd4527f7caa73
examples/bgfx_pbreffect_test.cpp	fc37902f60227fe35e0ed2071453edcb93c1a494
examples/bgfx_rasterizerstate_cullmode_test.cpp	582840b24de58f5d28ed48f22d44d01ad622337f
examples/bgfx_rasterizerstate_depthbias_test.cpp	9c9b8a3eb18f1c092b5d51ec95f69340f9350e43
examples/bgfx_rasterizerstate_fillmode_wireframe_test.cpp	d9d5629d7b2655f0a595ae981a6a0ba1026fd645
examples/bgfx_render_target_cube_sample_test.cpp	76eb1d2dc5121d9744fda7ee520efd0c3c872a7a
examples/bgfx_render_target_sample_test.cpp	fc9ad56596527fe0e5b77149128b3dd17f7b58e3
examples/bgfx_render_target_usage_test.cpp	db245504b2468bf7f8b141d57b11fdd2e3b6785c
examples/bgfx_rendertarget2d_mip_test.cpp	787258a6b421ff304d785a6356139c45894eea83
examples/bgfx_rendertarget2d_msaa_test.cpp	fda563332eedd0e8bb872b0f77678e786473baa8
examples/bgfx_rendertarget_effect_texture_test.cpp	0b0e0c5befdfabce92807bf4c6be3dc4bb9d0b0e
examples/bgfx_rendertarget_orientation_test.cpp	208da5e190323a438b630fcc301723a5f9aa948c
examples/bgfx_rendertarget_scissor_test.cpp	e8dd8c6f7649eb24f6e75f9805f3aeaa597a1ae5
examples/bgfx_rendertarget_viewport_test.cpp	09de5ae7f6bb5e711679d90da6546f7386aa9886
examples/bgfx_rendertargetcube_depthformat_test.cpp	7317cfae01cea8457c86b0f13f4974e2384a2f30
examples/bgfx_rendertargetcube_finalize_test.cpp	29f7232aa49de4913910118f86a85d9404e5fbe7
examples/bgfx_rendertargetcube_mip_test.cpp	1cf444de06a038394ac9bb89fa182c9b26984bb7
examples/bgfx_rendertargetcube_msaa_test.cpp	4ba696bc361592cdeb2d72457b176810d0a0f091
examples/bgfx_scissor_test.cpp	b2300d8f54715b004ce3ffbac1bcae86aa0642ac
examples/bgfx_setrendertarget_null_restore_test.cpp	a4ca5006256a2492834a8a303304a738d51d638f
examples/bgfx_skinnedeffect_combined_test.cpp	2895f7688840dd7173bd67e58cddbd0fcf7835b7
examples/bgfx_skinnedeffect_fog_test.cpp	8fbf71ac75a43649804c1f6e52297cb51deb69d7
examples/bgfx_skinnedeffect_identity_bones_test.cpp	963d957eb227a1adf5213a3cd529f3282baef77a
examples/bgfx_skinnedeffect_multilight_test.cpp	36d0368fcb6bd8237a705cbf0d4fe7070aec38df
examples/bgfx_skinnedeffect_preferperpixellighting_test.cpp	a4b53f03547498af4862d25d3a1621a315529e80
examples/bgfx_skinnedeffect_specular_test.cpp	21d7cab72e6cdf3252416a25077ca8cccd2fe61a
examples/bgfx_skinnedeffect_translation_bone_test.cpp	6ac55b60925fce2eddaa83b5a6aad239cf1483a8
examples/bgfx_skinnedeffect_twobone_blend_test.cpp	0aa82dd714438a1c1e9db929d655a05f031d1b12
examples/bgfx_skinnedeffect_vertexcolor_test.cpp	3787eb345c6b33be9d87d526a57c4b99236e17e9
examples/bgfx_skinnedeffect_weightspervertex_test.cpp	c406558e332dbba3f95930ca250f51eb5aee86ab
examples/bgfx_skinnedeffect_world_normal_test.cpp	110065433078119ae1e8821a4d3f8d0280391fa6
examples/bgfx_skinnedpbreffect_test.cpp	653e7e1685986d12f3a2ce830a3a4b36f62cdaaf
examples/bgfx_sprite_effects_test.cpp	adf3bca5323f1e802ab5723f8fe92312acf0eef5
examples/bgfx_spritebatch_begin_rasterizerstate_test.cpp	739bd7807525893a5a304438e0d8acd3ca28c3f6
examples/bgfx_spritebatch_layerdepth_test.cpp	1e3180d35b366c37cd6adfe71f36347d43030be2
examples/bgfx_spritebatch_rotation_test.cpp	accff78b3a7b91f5c0a838485235607d2f7df493
examples/bgfx_spritebatch_scale_test.cpp	bf0586f8fae2b3b160db721221bbe0541a933ffd
examples/bgfx_spritebatch_sourcerect_test.cpp	81bb9b93570889bee7311be5b4154d2392aea281
examples/bgfx_spritebatch_transform_test.cpp	59543ed44ad05d14c44d8bb4a47b92111ba8e53f
examples/bgfx_spritefont_default_char_test.cpp	2ac511f230d572c9e0b496ca1d9857d7578a6382
examples/bgfx_spritefont_multiglyph_newline_test.cpp	0996db069e9fd55ed87925883596a075c1ac9ccb
examples/bgfx_spritefont_single_glyph_test.cpp	00e3f38d16537d1f83615eda2f049d9996b0a9a8
examples/bgfx_texture_address_mode_mirror_test.cpp	c39f1db6ff94f5f4ba948e1ce46090ade20bd51a
examples/bgfx_texture_address_mode_test.cpp	60c91c9cf8bcd22a65727eefc8e8ef98796f3434
examples/bgfx_texture_anisotropic_effect_test.cpp	27045d6c934a01aaa5de720d6c36332fabc3ea5e
examples/bgfx_texture_filter_point_vs_linear_test.cpp	cc88d79ecfeccec65e81785ae7eb451d67fcdafd
examples/bgfx_texture_mip_filter_effect_test.cpp	93ff58de2e59b02edf8ba345323d8a8b24234547
examples/bgfx_texturefilter_split_minmag_test.cpp	37c7e305489312f3d3d4092f92ff5e901db48d47
examples/bgfx_transform_matrix_test.cpp	a874fa1575ed75a3881c6468b49d8b3a7a6e43db
examples/bgfx_vertex_format_test.cpp	0410a3d9571ab363acd9673c0ea922cd4bf7c89a
examples/bgfx_viewport_subregion_test.cpp	cf251fac38c77237aefbeb6850e981ce945a2af9
examples/bgfx_viewspace_fog_test.cpp	500850656f281bae66f4d9c6b1ab59bef6eac624
examples/bound_target_lifetime_test.cpp	f1d85828892446839b0d987d621d6ee58f5978b7
examples/canvas_graphics_capability_test.cpp	caca098a4327fdacf163f7cd98a1309f4aabe97d
examples/canvas_smoke_test.cpp	673df7af4e2e7f3f0dd6f1535ba49d2049e04303
examples/cnaext_settings_example.cpp	ff584c0611b8275bd253353848199f0be28c9373
examples/colorspace_midtone_contract_test.cpp	0038cb254a02b5d4da7ccdd10aeb7bc80fe6d970
examples/common/LlglVulkanWsiSkipGuard.cpp	cfb0af84778a57043b4be54e08f1ec9d7d80c015
examples/common/PixelTestGame.hpp	cc821f32a88f30f7e20290b112ac0c96514c8c6a
examples/common/ScreenshotEXT.hpp	b4801da3854c04f442facfd23530682dbd57f82c
examples/common/SimpleFontEXT.hpp	0fd0dd8040321e575141b6ccb8b5c63bf1b72977
examples/common/SkiaSuccessorOracle.hpp	ee1bc1b95af524fb773c8581483218025fe7b8b3
examples/common/ViewSpaceFogRef.hpp	6d2e3ae24227a48c1a93230b4c9cbe3150bf5343
examples/cross_renderer_diagnostic_compare.cpp	02f88ac139244828ac8f6621e5c0386a5342f15e
examples/cross_renderer_diagnostic_scene.cpp	ba8646c024d68f05b82e74fc839b6d7b0d2b4b03
examples/crt_effect_demo_test.cpp	667b4ac5d3ae7fd80bd2e2c885247987cf748493
examples/deferred_scissor_capture_test.cpp	301866f00ee2adc079bbba0a8fe70bf8f9fc0a37
examples/deferred_source_lifetime_test.cpp	29665c598b46e72abed390ce8a716e5d6d5f780e
examples/deferred_viewport_capture_test.cpp	cdf21128c314f227b04adf099a06fe31177410f0
examples/demo_2d/Content/images/player.png	ae0b1ee7ddd5a196c6e4be2e5e33412b81be5859
examples/demo_2d/Content/sounds/test.wav	3179e0ee913ccfcb555f43efecfbc05eef539463
examples/demo_2d/src/Game1.cpp	019d2e411f5a243d7e08f5191d0cb6eb62523438
examples/demo_2d/src/Game1.hpp	5c209965eee388d0acb61ac867a3b3c2030cf0ca
examples/demo_2d/src/Main.cpp	ce20c13d06445dbf7f20d7d46d678f602411f572
examples/demo_achievement_showcase/src/AchievementGame.cpp	5c1ef67de626a016b314db5ce57d496bbe5eeadd
examples/demo_achievement_showcase/src/AchievementGame.hpp	36b0dd59b1b2648843ea34ca46e1bac486221194
examples/demo_achievement_showcase/src/Main.cpp	484a6b760ce73f3ee59e748e4beab8b1305aa3f0
examples/demo_avatar/Content/avatar/female/CNAAvatarBody.idx.bin	0668ee1248e7dd5773fdcefa93668803bcb69c38
examples/demo_avatar/Content/avatar/female/CNAAvatarBody.png	fa509266f4d647dce03103f529ae644615004487
examples/demo_avatar/Content/avatar/female/CNAAvatarBody.verts.bin	283f564e94878707cf6f130ae9a11c928e475771
examples/demo_avatar/Content/avatar/female/CNAAvatarHair.idx.bin	28256b749d70411dc3862eae36bd84e6275ca6ff
examples/demo_avatar/Content/avatar/female/CNAAvatarHair.png	fa509266f4d647dce03103f529ae644615004487
examples/demo_avatar/Content/avatar/female/CNAAvatarHair.verts.bin	85a587bdaa80a5c44f7496a7d2aa90305351a7f8
examples/demo_avatar/Content/avatar/female/CNAAvatarPants.idx.bin	499bc5f76221e09ac68d4e22de0d65a8a4766dfe
examples/demo_avatar/Content/avatar/female/CNAAvatarPants.png	fa509266f4d647dce03103f529ae644615004487
examples/demo_avatar/Content/avatar/female/CNAAvatarPants.verts.bin	d4de5a50d238dda3636043559c823633066224a7
examples/demo_avatar/Content/avatar/female/CNAAvatarShirt.idx.bin	b1ad6a1af009e825392dac9c6ae965033fbb0758
examples/demo_avatar/Content/avatar/female/CNAAvatarShirt.png	fa509266f4d647dce03103f529ae644615004487
examples/demo_avatar/Content/avatar/female/CNAAvatarShirt.verts.bin	0f9de37690a0e631b6579d8ca111c1b0bc5a6078
examples/demo_avatar/Content/avatar/female/CNAAvatarShoes.idx.bin	c07e46c3dad5331be46484e501e45e0d1851927d
examples/demo_avatar/Content/avatar/female/CNAAvatarShoes.png	fa509266f4d647dce03103f529ae644615004487
examples/demo_avatar/Content/avatar/female/CNAAvatarShoes.verts.bin	54398a6fa07effb2142dfd00f542eafd3da780ce
examples/demo_avatar/Content/avatar/female/avatar.skinnedmodel.json	3e2f2d6e49ef0e1518345ddb2e1144e9c1720c99
examples/demo_avatar/Content/avatar/female/clips/Celebrate.clip.bin	043ec966c155463e15a3859740bb9e8af3093406
examples/demo_avatar/Content/avatar/female/clips/Clap.clip.bin	f0a5cee126113e0568d88ab7631f41766e622558
examples/demo_avatar/Content/avatar/female/clips/FemaleAngry.clip.bin	881113d0ab580ba06e479bac6c257d280ce323ac
examples/demo_avatar/Content/avatar/female/clips/FemaleConfused.clip.bin	70dc22107dba3ecce0b83230f61546abd9b3ff53
examples/demo_avatar/Content/avatar/female/clips/FemaleCry.clip.bin	1af0a47b61d52d3c6b8bd9636a1c48059d998d94
examples/demo_avatar/Content/avatar/female/clips/FemaleIdleCheckNails.clip.bin	04fcfddb5af105f21da92005e5af91e50afaf46a
examples/demo_avatar/Content/avatar/female/clips/FemaleIdleFixShoe.clip.bin	f627a25de79673062e26331439febe5c90d45bba
examples/demo_avatar/Content/avatar/female/clips/FemaleIdleLookAround.clip.bin	5d358e4ca6786f157e4fd9078dcc345035b82a0e
examples/demo_avatar/Content/avatar/female/clips/FemaleIdleShiftWeight.clip.bin	75d7b7ec2b70b77f7c4f2ae98376d3c55d7410fa
examples/demo_avatar/Content/avatar/female/clips/FemaleLaugh.clip.bin	cebdc17aa5745f2475434bbc1fa52c1bc814a6b0
examples/demo_avatar/Content/avatar/female/clips/FemaleShocked.clip.bin	3525ee491af2c103818ffbcb27b149840e3ca0b0
examples/demo_avatar/Content/avatar/female/clips/FemaleYawn.clip.bin	a7cdb09f509108d0a77c485766ac9c6dcca9b3f7
examples/demo_avatar/Content/avatar/female/clips/Stand0.clip.bin	2f625cac6791b94e02828d25e5b31709e57a24f2
examples/demo_avatar/Content/avatar/female/clips/Stand1.clip.bin	6f45230b98e34e7ca40712254d4544b403ce1d56
examples/demo_avatar/Content/avatar/female/clips/Stand2.clip.bin	42e73b9f83767f7cc331b3f1ac0b2bd0507940f6
examples/demo_avatar/Content/avatar/female/clips/Stand3.clip.bin	ac84fc2d20d3f0d97d1500a41b30292b18725d56
examples/demo_avatar/Content/avatar/female/clips/Stand4.clip.bin	3acf10f2e985fa1ecff4ea6923ebf4a578151dc0
examples/demo_avatar/Content/avatar/female/clips/Stand5.clip.bin	7be90a17a442b47258f2f40e98a6da336725279a
examples/demo_avatar/Content/avatar/female/clips/Stand6.clip.bin	11de23b913b5e2673ad2698f2c5760823526eb8f
examples/demo_avatar/Content/avatar/female/clips/Stand7.clip.bin	d306859206db00b86262acc3166952764e7ec34c
examples/demo_avatar/Content/avatar/female/clips/Wave.clip.bin	a62f024e414676d97a48df00ad51e77836203060
examples/demo_avatar/Content/avatar/female/skeleton.bin	a3c7a1515b645b452aefb5e9a721a7d0cda495ea
examples/demo_avatar/Content/avatar/male/CNAAvatarBody.idx.bin	c653e22f6a961bb9dbffabebe9806962a3544df8
examples/demo_avatar/Content/avatar/male/CNAAvatarBody.png	fa509266f4d647dce03103f529ae644615004487
examples/demo_avatar/Content/avatar/male/CNAAvatarBody.verts.bin	cf060b76d6133db3aa187cb2d1dcb4b0dd34796f
examples/demo_avatar/Content/avatar/male/CNAAvatarHair.idx.bin	f9ec575919e60ee4745e256ff28644b4c6808053
examples/demo_avatar/Content/avatar/male/CNAAvatarHair.png	fa509266f4d647dce03103f529ae644615004487
examples/demo_avatar/Content/avatar/male/CNAAvatarHair.verts.bin	c7f88baf2f58db7caf685fb058eec6fa16f71eaf
examples/demo_avatar/Content/avatar/male/CNAAvatarPants.idx.bin	74dfc48c7805dec3dd1c118ada36d8684b3557c3
examples/demo_avatar/Content/avatar/male/CNAAvatarPants.png	fa509266f4d647dce03103f529ae644615004487
examples/demo_avatar/Content/avatar/male/CNAAvatarPants.verts.bin	a71860c6c395d49e220177de6f20bfec8dc055b6
examples/demo_avatar/Content/avatar/male/CNAAvatarShirt.idx.bin	52aa5ad0f681cb932f8b621d2f86980a9b74cc0f
examples/demo_avatar/Content/avatar/male/CNAAvatarShirt.png	fa509266f4d647dce03103f529ae644615004487
examples/demo_avatar/Content/avatar/male/CNAAvatarShirt.verts.bin	f32d7d7d5dcd0718c3ba3564f117dfc1e65d802a
examples/demo_avatar/Content/avatar/male/CNAAvatarShoes.idx.bin	3f401c197af4368ed0f03b9bfb791bf5078cc935
examples/demo_avatar/Content/avatar/male/CNAAvatarShoes.png	fa509266f4d647dce03103f529ae644615004487
examples/demo_avatar/Content/avatar/male/CNAAvatarShoes.verts.bin	628e9de5adc88a2797662d4dbf3b0f52281c60cb
examples/demo_avatar/Content/avatar/male/avatar.skinnedmodel.json	680fd0bc15ddc14c87dd51fd3c38a43ae82229b2
examples/demo_avatar/Content/avatar/male/clips/Celebrate.clip.bin	bb32043a8f501c415de0766c5b2ff2cd7455f135
examples/demo_avatar/Content/avatar/male/clips/Clap.clip.bin	e0f90bf30108ab1061eea8e922a02df241e408fe
examples/demo_avatar/Content/avatar/male/clips/MaleAngry.clip.bin	bfcd837768cf6784e0d85ab2df5b990c8cc2325d
examples/demo_avatar/Content/avatar/male/clips/MaleConfused.clip.bin	1c770d06b631ffab673326064635f2a29a221a5a
examples/demo_avatar/Content/avatar/male/clips/MaleCry.clip.bin	294c8d89dd8a07829dfd2358a647ed7b47b5b022
examples/demo_avatar/Content/avatar/male/clips/MaleIdleCheckHand.clip.bin	0462be5bd1fdd2b7c0bb0520fbb77a3aa3abdc95
examples/demo_avatar/Content/avatar/male/clips/MaleIdleLookAround.clip.bin	508382fa8ae5c143a25b9af83a477857b341e32b
examples/demo_avatar/Content/avatar/male/clips/MaleIdleShiftWeight.clip.bin	991cf3ca3581a7f3c7bb373c69a77f36d2674428
examples/demo_avatar/Content/avatar/male/clips/MaleIdleStretch.clip.bin	35a4117c0d5226c6527ade45721d85bd1df6ce2c
examples/demo_avatar/Content/avatar/male/clips/MaleLaugh.clip.bin	c0f68f05f956144891c3d5acd51d950e5c3eb71a
examples/demo_avatar/Content/avatar/male/clips/MaleSurprised.clip.bin	7e66508587abec2bce2416ab136553f102a2cfe6
examples/demo_avatar/Content/avatar/male/clips/MaleYawn.clip.bin	a67d074c73520f27769a2d6d178503c933ece0a0
examples/demo_avatar/Content/avatar/male/clips/Stand0.clip.bin	8868e98fecc2124cfcded43b12a59e0e0d4b2379
examples/demo_avatar/Content/avatar/male/clips/Stand1.clip.bin	e3b3d0c54c7e9e263995f6cae22edb0c24527ff8
examples/demo_avatar/Content/avatar/male/clips/Stand2.clip.bin	1e88847be497cc0b8b8d4b0377217c96c38b8764
examples/demo_avatar/Content/avatar/male/clips/Stand3.clip.bin	8a1c09cbcd9cfb5b423b2a713b96e3dafdbccb2d
examples/demo_avatar/Content/avatar/male/clips/Stand4.clip.bin	32d971edbd8a459587e650abc4d4716624771575
examples/demo_avatar/Content/avatar/male/clips/Stand5.clip.bin	e8b898f6f2737e5ecde29157781a374c3ceb5de4
examples/demo_avatar/Content/avatar/male/clips/Stand6.clip.bin	382f10ed37bfa22f085394db47a42501452435a2
examples/demo_avatar/Content/avatar/male/clips/Stand7.clip.bin	f9ef5941caef36bcca56f77d3dcd44ee63c6b430
examples/demo_avatar/Content/avatar/male/clips/Wave.clip.bin	2e42bf31615464c4052f0547311ed167f1b5f61b
examples/demo_avatar/Content/avatar/male/skeleton.bin	94919f61f5251a8c25765277ee96984f13ebd063
examples/demo_avatar/Content/wardrobe/hair_Cap/CNAAvatarHair.idx.bin	968e5a1ffb13241af0f921854ebe6aed62544f00
examples/demo_avatar/Content/wardrobe/hair_Cap/CNAAvatarHair.png	fa509266f4d647dce03103f529ae644615004487
examples/demo_avatar/Content/wardrobe/hair_Cap/CNAAvatarHair.verts.bin	6a56a3dd3507217bd75a1127b3b49c91b8be7c7e
examples/demo_avatar/Content/wardrobe/hair_Cap/avatar.skinnedmodel.json	0d47b85c7a66392aa29e5ebfb9797f3424d6697c
examples/demo_avatar/Content/wardrobe/hair_Cap/skeleton.bin	94919f61f5251a8c25765277ee96984f13ebd063
examples/demo_avatar/Content/wardrobe/hair_Ponytail/CNAAvatarHair.idx.bin	42d0c97f6b581dac6f87420afd2781697ca487a6
examples/demo_avatar/Content/wardrobe/hair_Ponytail/CNAAvatarHair.png	fa509266f4d647dce03103f529ae644615004487
examples/demo_avatar/Content/wardrobe/hair_Ponytail/CNAAvatarHair.verts.bin	7aaee7d751005ec4ad9fad9744c87e694517cdb8
examples/demo_avatar/Content/wardrobe/hair_Ponytail/avatar.skinnedmodel.json	0d47b85c7a66392aa29e5ebfb9797f3424d6697c
examples/demo_avatar/Content/wardrobe/hair_Ponytail/skeleton.bin	94919f61f5251a8c25765277ee96984f13ebd063
examples/demo_avatar/src/AvatarDemo.cpp	1281f44e67c9f51664d72f1f0ac6545923a19015
examples/demo_avatar/src/AvatarDemo.hpp	19d8324c28290a50932aba4a0fad464baae072c5
examples/demo_avatar/src/Main.cpp	d5303796086de73bead4fa829d7ea6eae488544e
examples/demo_avatar_animation_gallery/src/GalleryDemo.cpp	2e60e2d93d912300a1e40df95fee6abd4bdf4385
examples/demo_avatar_animation_gallery/src/GalleryDemo.hpp	272c67084413ffa6c5d7196fc8959adf0548e6f7
examples/demo_avatar_animation_gallery/src/Main.cpp	11d217bd4d40659073dc3b40a31130974803fd73
examples/demo_avatar_appearance_tint_studio/src/Main.cpp	07943ebf1795d3fc3ea0866bfb4cee3ebc297a5a
examples/demo_avatar_appearance_tint_studio/src/TintStudioDemo.cpp	feba6080ae3ec6ec811f45caf14131157dc62b0b
examples/demo_avatar_appearance_tint_studio/src/TintStudioDemo.hpp	3cee72fe3812188d249be0cce8bbeae31cd222e1
examples/demo_avatar_bone_state_boundary/src/BoundaryDemo.cpp	5c0cdf9605466e9b77d903d3d306a5e3b16667ff
examples/demo_avatar_bone_state_boundary/src/BoundaryDemo.hpp	e0647ed3e6a33cbe44825804d7da327a541b1ae9
examples/demo_avatar_bone_state_boundary/src/Main.cpp	7878ffa23787e8b55bbe7aa71f8ccebf156d8125
examples/demo_avatar_dual_compare/src/DualCompareDemo.cpp	b972fed2186116938fa65836a72be2e540d43b72
examples/demo_avatar_dual_compare/src/DualCompareDemo.hpp	5b7544853935c0a38ee9130471c2884dd4d862ff
examples/demo_avatar_dual_compare/src/Main.cpp	2aac2f4737cd004653f645396dee1f89de82c628
examples/demo_avatar_multi_attach_stress/src/Main.cpp	6b41c03f6ee9ee97531f3d0665d2bbc4a057b7ad
examples/demo_avatar_multi_attach_stress/src/StressDemo.cpp	01f91ac9f2c48a703758d9ae9c1d82e777885ecf
examples/demo_avatar_multi_attach_stress/src/StressDemo.hpp	8824c3c2b78eedae6ae11b388cc0bc236681eeac
examples/demo_avatar_wardrobe_hotswap/src/HotswapDemo.cpp	3d3c5fc2b6a4e7e12e2864c158d551020591cafb
examples/demo_avatar_wardrobe_hotswap/src/HotswapDemo.hpp	2c9780ec2b89ad7564556dcc05f54b71569393b4
examples/demo_avatar_wardrobe_hotswap/src/Main.cpp	5979cdaa9f808d04e76f2fc961c4874d096fd958
examples/demo_devices/android/com.openeggbert.cna.demodevices/.gitignore	832e726fb6b7fc82f1baf88694f53732a4d99688
examples/demo_devices/android/com.openeggbert.cna.demodevices/app/build.gradle	2cb06cd599a0503b42219fd432bba7063dbf900c
examples/demo_devices/android/com.openeggbert.cna.demodevices/app/jni/Android.mk	5053e7d64389d3eaa35c6e807277fff9f83898f6
examples/demo_devices/android/com.openeggbert.cna.demodevices/app/jni/Application.mk	1f7c0c10f94267b64f45fcb557416830b5e45d64
examples/demo_devices/android/com.openeggbert.cna.demodevices/app/jni/CMakeLists.txt	9a796ec2a82d11170b19e726c3f6557ffb5063cc
examples/demo_devices/android/com.openeggbert.cna.demodevices/app/jni/src/Android.mk	8d3c3d8150f4ebc81c126dec6b6a396f6f5598fa
examples/demo_devices/android/com.openeggbert.cna.demodevices/app/jni/src/CMakeLists.txt	62062f7159cbfc812449393a889c5b4f2fc51f92
examples/demo_devices/android/com.openeggbert.cna.demodevices/app/jni/src/DevicesDemo.cpp	58a76f6ee763186659456e6250cc85eed228b771
examples/demo_devices/android/com.openeggbert.cna.demodevices/app/jni/src/DevicesDemo.hpp	368c08b10f4b14f2508085632474594e498be671
examples/demo_devices/android/com.openeggbert.cna.demodevices/app/jni/src/Main.cpp	aa6c5e7a803a2afee2eabc2dce3842732f8da868
examples/demo_devices/android/com.openeggbert.cna.demodevices/app/proguard-rules.pro	0fb7ae09ac449be2b2ebceea032436ddcb4ac19a
examples/demo_devices/android/com.openeggbert.cna.demodevices/app/src/main/AndroidManifest.xml	759fd4fe22785dd7475296aa178035cc255e743c
examples/demo_devices/android/com.openeggbert.cna.demodevices/app/src/main/java/com/openeggbert/cna/demodevices/DemodevicesActivity.java	62a01fefe4db5eb1ce5c357ea181e6e9498de301
examples/demo_devices/android/com.openeggbert.cna.demodevices/app/src/main/java/org/libsdl/app/HIDDevice.java	f96095324b85858ab7e43fd5a0bab232f413eefe
examples/demo_devices/android/com.openeggbert.cna.demodevices/app/src/main/java/org/libsdl/app/HIDDeviceBLESteamController.java	e3dc36cc7d11877bc18a38016912409fce953dc6
examples/demo_devices/android/com.openeggbert.cna.demodevices/app/src/main/java/org/libsdl/app/HIDDeviceManager.java	b00c905df6f633a9047cd45a07276bb887b4d82c
examples/demo_devices/android/com.openeggbert.cna.demodevices/app/src/main/java/org/libsdl/app/HIDDeviceUSB.java	f9e9389802b799e9b276f38d3f6148cef210df6b
examples/demo_devices/android/com.openeggbert.cna.demodevices/app/src/main/java/org/libsdl/app/SDL.java	d9650a72e4230ef666a4ff3a5b5cedb58413adc3
examples/demo_devices/android/com.openeggbert.cna.demodevices/app/src/main/java/org/libsdl/app/SDLActivity.java	0491ccab207e53c9e890f2aca930b805c9a091e8
examples/demo_devices/android/com.openeggbert.cna.demodevices/app/src/main/java/org/libsdl/app/SDLAudioManager.java	43706fa409811036312a0e9d865e8c93844440fd
examples/demo_devices/android/com.openeggbert.cna.demodevices/app/src/main/java/org/libsdl/app/SDLControllerManager.java	bcdf33233a9e9e65ba83793f3986cd4f3f2f3882
examples/demo_devices/android/com.openeggbert.cna.demodevices/app/src/main/java/org/libsdl/app/SDLDummyEdit.java	61d8fe8508214881653de177df377b3da05ddb6f
examples/demo_devices/android/com.openeggbert.cna.demodevices/app/src/main/java/org/libsdl/app/SDLInputConnection.java	fdc2994c151ab1cb5cac664fac9d3f89aee83dbc
examples/demo_devices/android/com.openeggbert.cna.demodevices/app/src/main/java/org/libsdl/app/SDLSurface.java	dedc00b78a8c0e286cd90f2c0411d1b239bac3b3
examples/demo_devices/android/com.openeggbert.cna.demodevices/app/src/main/res/mipmap-hdpi/ic_launcher.png	d50bdaae06ee5a8d3f39911f81715abd3bf7b24d
examples/demo_devices/android/com.openeggbert.cna.demodevices/app/src/main/res/mipmap-mdpi/ic_launcher.png	0a299eb3cc0273ad1fc260cf0b4a2c35f5d373f5
examples/demo_devices/android/com.openeggbert.cna.demodevices/app/src/main/res/mipmap-xhdpi/ic_launcher.png	a336ad5c2baca59928871a9133e88435f31b402d
examples/demo_devices/android/com.openeggbert.cna.demodevices/app/src/main/res/mipmap-xxhdpi/ic_launcher.png	d423dac2624cf0b5dc90821a15362bc29e5a1e6b
examples/demo_devices/android/com.openeggbert.cna.demodevices/app/src/main/res/mipmap-xxxhdpi/ic_launcher.png	959c384b08eb45ef38765fecbfba3891c15132b8
examples/demo_devices/android/com.openeggbert.cna.demodevices/app/src/main/res/values/colors.xml	3ab3e9cbce07f7cdc941fc8ba424c05e83ed80f0
examples/demo_devices/android/com.openeggbert.cna.demodevices/app/src/main/res/values/strings.xml	ab7953306060ff7cad9198ba485ca10cb965e7a5
examples/demo_devices/android/com.openeggbert.cna.demodevices/app/src/main/res/values/styles.xml	7456b1b3346ac990fa45ddfb487852c86c7e05c5
examples/demo_devices/android/com.openeggbert.cna.demodevices/build.gradle	ed2299cb0d24e060ab28459f340bfea861bde439
examples/demo_devices/android/com.openeggbert.cna.demodevices/gradle.properties	aac7c9b4614ccfde6c721f24994cf30885a791d0
examples/demo_devices/android/com.openeggbert.cna.demodevices/gradle/wrapper/gradle-wrapper.jar	2b338a935b508eb6286ed4b84a91176ee5fb93c5
examples/demo_devices/android/com.openeggbert.cna.demodevices/gradle/wrapper/gradle-wrapper.properties	99fbfa03f6d8ad900427ac5a390de11ec300d225
examples/demo_devices/android/com.openeggbert.cna.demodevices/gradlew	3427607f42fd14e77df49353cf4ac3c3e3252863
examples/demo_devices/android/com.openeggbert.cna.demodevices/gradlew.bat	aec99730b4e8fcd90b57a0e8e01544fea7c31a89
examples/demo_devices/android/com.openeggbert.cna.demodevices/settings.gradle	e7b4def49cb53d9aa04228dd3edb14c9e635e003
examples/demo_devices/src/DevicesDemo.cpp	fbd24643d3dd665a9ec9b00f2538d1e929d67628
examples/demo_devices/src/DevicesDemo.hpp	25dbde77491dcce05fa2266613a883fef47ea8b5
examples/demo_devices/src/Main.cpp	aa6c5e7a803a2afee2eabc2dce3842732f8da868
examples/demo_friends_and_gamercard/src/FriendsGame.cpp	1331e7647c413f8264f8ac3656495e3e48edd485
examples/demo_friends_and_gamercard/src/FriendsGame.hpp	51bdbc941099cd245709dc50bf842964d4e7ddac
examples/demo_friends_and_gamercard/src/Main.cpp	ba781e3c49b0501af197ba7f5a6b05ae3c3f8a56
examples/demo_gamer_profile_privileges/src/Main.cpp	c9a4d833fa5066c1996257827bee255281e8e143
examples/demo_gamer_profile_privileges/src/ProfileGame.cpp	66cd502c2380ef8cfa8f605c1a1b77dddce1bcb3
examples/demo_gamer_profile_privileges/src/ProfileGame.hpp	7b812478e278f513f4826a9905dde8ba8dece6e0
examples/demo_gamer_roster_hud/src/Main.cpp	85678d1b7808c4a1025464df204fb6e56bf40907
examples/demo_gamer_roster_hud/src/RosterGame.cpp	c37f08d6c5b10c420cb958825861bee15fb7f4ab
examples/demo_gamer_roster_hud/src/RosterGame.hpp	4b4beed03649c504b64fadc42f46e1f274dfd653
examples/demo_gamerservices_dispatcher_watchdog/src/Main.cpp	c76403f2536d4cab55281027ed961a8842dae7f2
examples/demo_gamerservices_dispatcher_watchdog/src/WatchdogGame.cpp	91e5ad36e6c79f3a807c452989c865f66084f359
examples/demo_gamerservices_dispatcher_watchdog/src/WatchdogGame.hpp	95185e37023468af6b5d187b598668a89c7cdc1b
examples/demo_gamerservices_signin_presence/src/Main.cpp	3973c10a875bad31a3e4d700ac686b4a3f7d4d83
examples/demo_gamerservices_signin_presence/src/PresenceGame.cpp	1bf0d3966a1d67dad61caac702e9d4258604363e
examples/demo_gamerservices_signin_presence/src/PresenceGame.hpp	028b332ca00ccd1efecbccbfe10f634c18ad5949
examples/demo_guide_overlay_console/src/Main.cpp	4f11e02ee5f24e3a92d79e25571dcd55f10889e1
examples/demo_input/src/InputDemo.cpp	e124d4103930a797cb441f1bef9c3639e9d9eba4
examples/demo_input/src/InputDemo.hpp	b0a29ff6c02efbf62effc17e0d5630a1bea689e6
examples/demo_input/src/Main.cpp	19784f1e780b57362831532a63216bb10e171b55
examples/demo_leaderboard_viewer/src/LeaderboardGame.cpp	512428bde6cd4eb095b176484dfc8005be9c152d
examples/demo_leaderboard_viewer/src/LeaderboardGame.hpp	25d85179828d9021fcbb7033f3d9ef44970e5844
examples/demo_leaderboard_viewer/src/Main.cpp	2bdf89e30e848c4e2e485855f82404bbfcdc7838
examples/demo_net_avatar_sync/src/Main.cpp	cf373d21004fb31626932e30b7acb24d5178da99
examples/demo_net_avatar_sync/src/SyncGame.cpp	45816da19cb955711bf06ea75fd8c80efdcdc7d5
examples/demo_net_avatar_sync/src/SyncGame.hpp	c7ec1585a636e1fc8bff55125b6bf5ee1fc4a77f
examples/demo_net_client_server_arena/src/ArenaGame.cpp	a3774ee9abd725d1689cc49de79300142c418eca
examples/demo_net_client_server_arena/src/ArenaGame.hpp	50bafb61f72318f7385e3a0ebfc77bbc28c29db2
examples/demo_net_client_server_arena/src/Main.cpp	2d195e64f05218849a8a550f33a2789361b4979f
examples/demo_packet_roundtrip/src/Main.cpp	bfa767fffa6d72f94e1e6c26b8254e0c5e83b55f
examples/demo_qos_probe/src/Main.cpp	65546fbae23868d74f403319aa728591b4595dd3
examples/demo_session_browser/src/BrowserGame.cpp	ac8e008c195a7f4444d18b66295a8741ce930627
examples/demo_session_browser/src/BrowserGame.hpp	d9ecce77c08c3601cefd8f93dcff80649fcee72d
examples/demo_session_browser/src/Main.cpp	9de025caf48fceb7446e5daac00b656a1153d590
examples/demo_session_lifecycle_events/src/Main.cpp	d5437ee760c0f99f1b6e4c8f767b536e3e3726cf
examples/demo_simulated_network_conditions/src/Main.cpp	ad5b2ef940dcfbf307406305fb947851bb76062e
examples/demo_simulated_network_conditions/src/SimGame.cpp	3d6f974a4da24927281ea15b86788998c18026ca
examples/demo_simulated_network_conditions/src/SimGame.hpp	03630847fd2dd2a76d70bef54f7e1da4fdcedfac
examples/demo_sound/Content/images/pixel.png	ae0b1ee7ddd5a196c6e4be2e5e33412b81be5859
examples/demo_sound/Content/images/white.png	94381b429d7f7fe87e1bade52d893ab348ae29cc
examples/demo_sound/Content/sounds/beep.wav	0348c2bbe01b6009c4ab8412c8670922e85a508b
examples/demo_sound/Content/sounds/click.wav	756f7390aeb0ba9c2a6a2504b6dd7d6eaed6059e
examples/demo_sound/Content/sounds/tone.wav	b539343c9d44b3702c206c02e38f89d36475225f
examples/demo_sound/src/Main.cpp	9dff468f0865d1626a6e63d8a8790523ecdb28b8
examples/demo_sound/src/SoundDemo.cpp	e9c018eabe99a45a8f0b59fec99b5baa7cf215cb
examples/demo_sound/src/SoundDemo.hpp	4c6aa185a56db7d2f17bdb8f3dd7380aa7a0d345
examples/demo_xact/src/Main.cpp	1dbe04249ae402e2b96374302a83eb4faaeb52fd
examples/demo_xact/src/XactDemo.cpp	9759d95a1be6e7c2b3c0638b3816756b2ff513f3
examples/demo_xact/src/XactDemo.hpp	ea5d2b5cf325e8f9f1cd553fdb6a5b7ca7768aeb
examples/demo_xact/src/XactFileGen.hpp	2031efb859202a63742ff6cd511347096f578d5b
examples/depth_effect_demo_test.cpp	1f5594c9ec9cb1c6c4ab0a2ab41f5c82f2e0d146
examples/descriptor_capacity_contract_test.cpp	d91fd18621b1cd66ed8740cfbd326e1815a6cdcc
examples/diligent_alphatest_fog_test.cpp	a4ce185330afbdfad2bb4ff0723fac6059a15cb2
examples/diligent_anisotropic_test.cpp	a17b3259b0d111deb10506478591c0e2e6006b26
examples/diligent_backbuffer_readback_bounds_test.cpp	2553abc8adb77d8ed13ce8c8b0a8b4f5f9c9c29a
examples/diligent_capability_consistency_test.cpp	cf77960d42fc015d55324e6328353d282c2b17cd
examples/diligent_clear_readback_test.cpp	2ba953957fdc8e1a757dafd6a4a16b318ae07e47
examples/diligent_colored3d_test.cpp	73e202b56214d80596fe65fb1b09c362f707c200
examples/diligent_depthbias_test.cpp	e738cad8bd9210997554549694138e52a131e8d2
examples/diligent_device_selection_integration_test.cpp	5d1d77de07bf58e2dad2af508e3948228f58a16b
examples/diligent_drawoffset_test.cpp	62f8d82e15acb78aeca6b5f7257e63a37073a195
examples/diligent_dualtexture_envmap_test.cpp	ec230e142462b7ad6914a262f3c42b3b0be95bfb
examples/diligent_fillmode_test.cpp	ff5f778fc96647817658810e893a60c2f624c4c9
examples/diligent_instance_binding_offsets_test.cpp	0afdf9fc2d396b5136aafcef5735e86cba876b4d
examples/diligent_instanced_stride_test.cpp	c8705ef8e1b14ec7dd887a480cb09065e19f6ff9
examples/diligent_instanced_test.cpp	e245f2b9f96e8ac5297e3c7f1ffab165d4b886c9
examples/diligent_lighting_fidelity_test.cpp	4759e45d6744fb29891dc3a6a7cb62163dff3c94
examples/diligent_mip_test.cpp	9dc8ffae4b4f335ba4a03f6dab89bfb3c8224a53
examples/diligent_model_test.cpp	de463653f63f695929d2387c98792d8542e6235b
examples/diligent_mrt_test.cpp	0a106b77920d0123eb4151592b1688aaded0c290
examples/diligent_msaa_test.cpp	b95f6f5c7ab6ef44be7eac926048a255184d12ed
examples/diligent_multisamplemask_test.cpp	8ab80e5264cd1678dcb50f2bfc8cda328422a068
examples/diligent_npot_test.cpp	85a315d83799b72a1b830959ca8c267ccaffcb8c
examples/diligent_occlusionquery_test.cpp	11188e5850382753c05b9c9f64b5beb8c013f15e
examples/diligent_pbr_test.cpp	c9a830cd45ac8aaf75c909e5dbacd5791b57a0a4
examples/diligent_referencestencil_test.cpp	ff7e1889aca720a0391054646c2e4df9fbcbd6a2
examples/diligent_rendertarget_mipgen_test.cpp	8e67b912bb21686b198e9d9c2ef1befd4bfd4df8
examples/diligent_rendertarget_test.cpp	f27929f19a61b47a03d3fafca4b27a0c83446f0c
examples/diligent_rendertargetcube_test.cpp	100f5588abcd709bcabf4ebf6f82028db860e4b4
examples/diligent_scissor_pipelinecache_test.cpp	cff90f4810ee207ac01359d159c726b0539c570b
examples/diligent_setdataoptions_test.cpp	9a851e26abb089127bffc779c0a12c06ad7c979c
examples/diligent_skinned_test.cpp	f0d8cfc6c3749d9571cff2ebf857387de2e3bde3
examples/diligent_spritefont_test.cpp	0ac70d234fc3e06bcc5d4a5f5470eb40d5a1a74e
examples/diligent_vertexlit_test.cpp	bcb598969cc2328e69afab7ba6c72f5b9a2f7e49
examples/direct2d_2d_parity_test.cpp	646535cd2e1ff1f65926a9e8340cf6fba95df821
examples/direct2d_lifetime_test.cpp	96a4daa6e3b190804e0adbf2274de9ed3c0f2ac0
examples/direct2d_smoke_test.cpp	979bcaedc01484961b892357b0631c1d9ae5a363
examples/directx10_device3d_smoke_test.cpp	1bf8e9fc6f68ec4f8f5890fb96f15b16b10521e0
examples/directx10_graphics_capability_test.cpp	82fd52b6dc2f1bc696a6ba230eeca156d7c141e7
examples/directx10_mrt_test.cpp	4cac2c3844eae0e33a1507be567117ec8286f583
examples/directx10_smoke_test.cpp	2a51651e11e698ab2f02b778e9e5c5e6a0152865
examples/directx10_spritebatch_test.cpp	9a711eed5cd73775e2ad758099c1b35d4dedd675
examples/directx11_common_test.cpp	ccd79e84d76f6e13f366e686da7096b4ee0a69c1
examples/directx11_pbr_vertexcolor_test.cpp	2059ac9b3fd97d2f304af007f36b4d754dc022a6
examples/directx11_smoke_test.cpp	7e10d5e0ba55ebb0cf198d9868fce3adf55caafd
examples/directx12_descriptor_allocator_test.cpp	da15e268dd3ea80e8aaa9926765c22e586015b80
examples/directx12_smoke_test.cpp	c1327d602feee9241122389ad4f10c0fb6f6b935
examples/directx12_swapchain_diag.cpp	35d4349676d91167ea093e3ee7d6beec28a77789
examples/directx1_blend_test.cpp	126898e40e6098fe61cf9ce643afded77f1c0ad1
examples/directx1_graphics_capability_test.cpp	711d9e658786488590859f88c0f06c910a031f8a
examples/directx1_logical_transform_test.cpp	c5ca281bacc550e83ccd000d32c0de1d7be7202a
examples/directx1_no3d_test.cpp	a7c34677523fc3072defe56e1c0f7fe78a3952d9
examples/directx1_sampling_test.cpp	1db9a6aa92fa1e200869f21b86c9eb7ed3ebdda0
examples/directx1_smoke_test.cpp	c480d61a440a1a08429de5ed9ad310afa38c4bc1
examples/directx1_spritebatch_test.cpp	664e29e72792d95d9a713d61603a296fe413aa40
examples/directx1_spritefont_test.cpp	8a7871f035fe38223b0f6b4d2bf9634fa9086681
examples/directx1_texture_rendertarget_test.cpp	031329d65d51c342bce9b216e34f947718497d47
examples/directx2_blend_test.cpp	4384a63a82e29581a173623e28459d263e6861f9
examples/directx2_clipping_test.cpp	05761215346a3f13aaf6bd7caf654954d787ee76
examples/directx2_colored_primitives_test.cpp	2da57cbb18d02e639762ed1e761f5fb7ae1f4198
examples/directx2_device3d_smoke_test.cpp	34d2662d678217e6a78dec15e91b3efd007f0809
examples/directx2_graphics_capability_test.cpp	9651e155c094398b0b71b68e40409e45dedaa0b3
examples/directx2_indexed_primitives_test.cpp	de1acf747b12674e3a1b11f977f37cee1b55350c
examples/directx2_lighting_test.cpp	0e38de3ec1d0c4fedce9504b9e7565bfa22bab9d
examples/directx2_logical_transform_test.cpp	d993fe8d8b32231d4c4249fe557220b08581945d
examples/directx2_remaining_defaults_test.cpp	ccdc9f916c2f2e37027d3cf05ff102da74d228b4
examples/directx2_sampling_test.cpp	90ddc4d211f22afb8be950c33dcc67d44cec03d0
examples/directx2_smoke_test.cpp	49d26f4d444f369c528f68efa5c37ab651b0dc76
examples/directx2_spritebatch_test.cpp	0abdc45375b7c5edfd3c42b776b9b7d3c70c8629
examples/directx2_spritefont_test.cpp	8971d40564a9a18d7b71a09d7c95890aa7eb9bff
examples/directx2_texture3d_test.cpp	dc2eaf867833f2e1e13f63a5fd183faba0cedde4
examples/directx2_texture_rendertarget_test.cpp	de06790e87d453ef27106f14c4235e2b14b9b58d
examples/directx2_vertex_index_buffer_test.cpp	3d8df230022caeae6820739b9f3f43d4310e4d68
examples/directx2_wireframe_aniso_test.cpp	e00288c12a24e381d5289e8bce69edef5daddf80
examples/directx2_ztest_test.cpp	200883a73828a167e4933d411e003a596e7dabad
examples/directx3_blend_test.cpp	5b5c1f5a6ef20f7c031539a0cf5a4d2f68df8ab8
examples/directx3_clipping_test.cpp	9dd4190874482fb8c94dbb405df99b105be66c59
examples/directx3_colored_primitives_test.cpp	36cd2bc5db54b149062396e809808e0f9f81b57b
examples/directx3_device3d_smoke_test.cpp	2631f5c694a8ef736ba8ab7a6e7ad08450b3c0c1
examples/directx3_graphics_capability_test.cpp	d2c322c7bf6ff49c12c8cc8d2b4d71a8482923b6
examples/directx3_indexed_primitives_test.cpp	264fecca6dc989bc5358cd48876b704b3da4cfe9
examples/directx3_lighting_test.cpp	9155e69ef5d6c63491f052e09ad1503fa7de3402
examples/directx3_logical_transform_test.cpp	89d2cddef4a26e4589468bf3c3eb474c3a662348
examples/directx3_remaining_defaults_test.cpp	4fc2588807c36bdc56a2f576134d23d169fc1565
examples/directx3_sampling_test.cpp	8a6731bdc6a332bea94af00343470112136c3606
examples/directx3_smoke_test.cpp	eb9add9be4f4a4c3a3f5f6e5c121ed3e9f09c067
examples/directx3_spritebatch_test.cpp	add60121f5e7cea02ec4a4adb3bee322d7af9acc
examples/directx3_spritefont_test.cpp	dc967be07bea8aa242935db199ad50485cf795a9
examples/directx3_texture3d_test.cpp	8dd658c202af91d9de1d34c5c828338c6723e37f
examples/directx3_texture_rendertarget_test.cpp	e5b606d7952deba439e54adda5b7358b36f972d1
examples/directx3_vertex_index_buffer_test.cpp	22a80bb945c43f0e539c43f951aae38594c15832
examples/directx3_wireframe_aniso_test.cpp	ef6c3bdfd8a505bc0fc93d6e22d41f4a42edf625
examples/directx3_ztest_test.cpp	a61a8846a0278a996ad5285b01b4af5101b05001
examples/directx5_blend_test.cpp	08bc43273f8731a869c90fc970d1ea7a6ed1575d
examples/directx5_clipping_test.cpp	4a843ebe440a078d000120a7614f37fa864cec81
examples/directx5_colored_primitives_test.cpp	1f3d60f5594e8230bec06329adf31cbda0ea0edf
examples/directx5_device3d_smoke_test.cpp	3b99d99c8061b884eee12c34288e51c6c5e7602a
examples/directx5_graphics_capability_test.cpp	e904edb3462ab1f444e1bed81fc3fdcf585933fe
examples/directx5_indexed_primitives_test.cpp	f2986a10f6dcdc07cdbdf9a24e67c4954d318eca
examples/directx5_lighting_test.cpp	36f00ace78b90e33f1f8f6892f083fc0dd72b323
examples/directx5_logical_transform_test.cpp	2d6bfbd8d93b5f870be391f080402b1cd7a3ff6f
examples/directx5_remaining_defaults_test.cpp	88e82e542ead53eebc286ca520709474e5440f6d
examples/directx5_sampling_test.cpp	9f08225e5a7647a29c874c05c00d5dd5def45ae3
examples/directx5_smoke_test.cpp	978b0de44281b46e8d18dbeb05a322290f5ac066
examples/directx5_spritebatch_test.cpp	d05a2c1fc6416535284cb0159a541b75597e077d
examples/directx5_spritefont_test.cpp	7023e2a3cd998df865edfe78dbfb11f0b09f8b13
examples/directx5_texture3d_test.cpp	9c7d12860e8736794b1c82fb2471312d0abc4d76
examples/directx5_texture_rendertarget_test.cpp	20fcb43192faf861e06adbe11706cc57fc60d3f1
examples/directx5_vertex_index_buffer_test.cpp	fe20ff6122c300ec7c7f9d166243c4d3fe595965
examples/directx5_wireframe_aniso_test.cpp	5040c3135a1045f5e24c90bccf41dbcd098849c1
examples/directx5_ztest_test.cpp	bfa4a2e6bc7ffe7aa51b9bfc0559c2c70f9080b4
examples/directx6_blend_test.cpp	69346961325478f20b8a69f08f99953eff70e5ae
examples/directx6_clipping_test.cpp	03bbf889aa4f0e52fe0760acf75979fb3272aa29
examples/directx6_colored_primitives_test.cpp	10ef0ff74c4a5a7c693d53d35b5fa70330ed4102
examples/directx6_device3d_smoke_test.cpp	cd8c3d90d5a35c2f74dfb2b5d208c6c6f6b04807
examples/directx6_graphics_capability_test.cpp	4978e9b22af612400565193bf1fc58a47970df1b
examples/directx6_indexed_primitives_test.cpp	988ad65904a686b5dddb6f7cdb9ad598e22a7deb
examples/directx6_lighting_test.cpp	9211f58217ea34153eb7e6d2c2393769633da6db
examples/directx6_logical_transform_test.cpp	584c11afcd7840b2f1707978eded8237e07a562a
examples/directx6_remaining_defaults_test.cpp	d28e75bc7727d018e1a6b289967cb488c1f3a180
examples/directx6_sampling_test.cpp	2010ec3ea5c8412c1d8d6e5f6756ea602ea3fe66
examples/directx6_smoke_test.cpp	36d014d62b354569e107a5ccb4dde4ddd09a7623
examples/directx6_spritebatch_test.cpp	dd0446961a2575e47ee38a6e020ce0f071e37d0c
examples/directx6_spritefont_test.cpp	5718358a6e33aac2d08f88b22eedb1a087e83d76
examples/directx6_stencil_test.cpp	a94b19222d72d5828fdaa51e1925be054029afe1
examples/directx6_texture3d_test.cpp	1412b7ee4d6e057702c7d7af81c6b7ab887f19b5
examples/directx6_texture_rendertarget_test.cpp	5ab3f19a7497e7fbd6d0ea60aba1771eaadbadcc
examples/directx6_vertex_index_buffer_test.cpp	f85defa729721a82745242da87f8b7c49b6b538c
examples/directx6_wireframe_aniso_test.cpp	48f65b2c8e3deb4173378e83248de82eccfc8672
examples/directx6_ztest_test.cpp	4372d6f9eac0a1dfb7cb8ea501945d88e34e2224
examples/directx7_blend_test.cpp	44f2678cd41a557fda875186bb960f6c187b9598
examples/directx7_clipping_test.cpp	1ce97e2b49c12371bb02ffffdb1637132aeddf1a
examples/directx7_colored_primitives_test.cpp	382eac6b8ba78767b90ad89f9fa0538a648aa363
examples/directx7_device3d_smoke_test.cpp	4e6130f86bddbe7a424bf0bd2d5dd7c0c481a387
examples/directx7_graphics_capability_test.cpp	6c19eabc406ff08606942ed5ddcd6bb3e830a24e
examples/directx7_indexed_primitives_test.cpp	f5a5ad77227137d09c4e4fdd06aa93060ae6039f
examples/directx7_lighting_test.cpp	ce19b4b74e878a0ec26477a59e4f73a6bf766cdd
examples/directx7_logical_transform_test.cpp	a8962ab09a05c5729cf862fbb249f58ef3b4a611
examples/directx7_remaining_defaults_test.cpp	ec388a4a71bd54bc4deedb72f0450c2daf708a28
examples/directx7_sampling_test.cpp	80b24002947e6d230c5c3d3413ea3fc3efcfaa52
examples/directx7_smoke_test.cpp	f387fc1429a065bde4768f03a76709e2fd64a85e
examples/directx7_spritebatch_test.cpp	f43df7e2d0fea827d9569b57c0b6a0a4d118afcb
examples/directx7_spritefont_test.cpp	a634632ccfddb79fde4fdb1f79097eb9d72469bc
examples/directx7_stencil_test.cpp	1cc77ab57b948c9526c0c9cad9197a264d07d66b
examples/directx7_texture3d_test.cpp	6633237dc5039b39dd1dbb67fe055c354f2e905e
examples/directx7_texture_rendertarget_test.cpp	64155faafaacb1bb91cd3d8ff239e1d7f5561229
examples/directx7_vertex_index_buffer_test.cpp	6482075a3eef43a8604fe8f25261220062f4d885
examples/directx7_wireframe_aniso_test.cpp	cb478b85c052e23d409826afbb560eff8c2bd8ef
examples/directx7_ztest_test.cpp	799796775fea2f8a58f9bf83de588b8854188bac
examples/directx8_blend_test.cpp	d4a5cda779a81bc693a3090f116f9c2a4810ec08
examples/directx8_clipping_test.cpp	3f06d967859d0f7a0959a67c89cca52972ce0137
examples/directx8_colored_primitives_test.cpp	c3c191ec5060230a5eac2c99b2d56cfe0b101dc2
examples/directx8_device3d_smoke_test.cpp	df9908d088a6de7c037ffad3d29d307301d76135
examples/directx8_graphics_capability_test.cpp	f041bb56eef6295d4c49336e6064e7ff37b2a0f9
examples/directx8_indexed_primitives_test.cpp	1b725239b24e68f96296f4264cfb8e196ea1a376
examples/directx8_lighting_test.cpp	3189b88394f330fa1e397bd933c10a4967c37eb7
examples/directx8_logical_transform_test.cpp	80bc2d3f27cee22bfe2ee7423d62a71f330ca053
examples/directx8_remaining_defaults_test.cpp	c8762a2ab27dfe1bec490a43cf7fa796b1331c63
examples/directx8_sampling_test.cpp	2c2b621737cd4276f37ff129e3e476e3aaf70c72
examples/directx8_smoke_test.cpp	5845944a001b5bccbcfd2bb75d12b9b1dfe5b104
examples/directx8_spritebatch_test.cpp	f9b966107efaf358e425ab5e74c0ce97e6c2e979
examples/directx8_spritefont_test.cpp	c85c2b1ab8199c320eaa17e2b16e231a65f6f2d9
examples/directx8_stencil_test.cpp	d48134a08c42b9a0534831219c26a34042a2ff85
examples/directx8_texture3d_test.cpp	3518cba655a2f41377d276144d1b813fd9ac6dc5
examples/directx8_texture_rendertarget_test.cpp	9780a6c2b97035ad7fa9e9e4fd6dba5c048f7a5e
examples/directx8_vertex_index_buffer_test.cpp	140b200a815e842545a4b7861cf75a8e050e1782
examples/directx8_wireframe_aniso_test.cpp	09d828370553a40b700c3ded9e2121181d9ddd25
examples/directx8_ztest_test.cpp	8b7de758fb35759f66f6b26d13724adb1de37215
examples/directx9_common_test.cpp	9b156dbeee17632eca375c9c4641e532c267f1ce
examples/directx9_constanttable_test.cpp	fc18345c3ff237c37d8fa5f0eae3a40601bfbcdc
examples/directx9_draw_test.cpp	a084f5586944f8f7c1954accc5fe1b69328075fc
examples/directx9_drawex_test.cpp	a19964e7f85fc83758dea2b06039e793fd705f8a
examples/directx9_drawoffset_test.cpp	23c22e9ac61ec0b36a6a68368acacb145fb92b15
examples/directx9_effectrenderer_test.cpp	0e7773eb5b33f4d2d3827104b24df519e63ee308
examples/directx9_graphicsprofile_test.cpp	bf2d0b6e04bfb410e847e9bfbd80c3cc81f75dd8
examples/directx9_hresult_test.cpp	70fc7d53a593438cf32a6bb57c896655d18fea09
examples/directx9_instanced_test.cpp	9d4fbe2daeac3b9b044aab58d3b99d4e497a7b3c
examples/directx9_pbr_test.cpp	6617e660316c5d91335930d8810be068c7f50346
examples/directx9_shadercache_test.cpp	6c69315ac97c3c39d10f7d43e8008a4cdb590fd4
examples/directx9_shaderdispatch_test.cpp	b9699cb1e75cbd4e5841cfc4adb2a075b6649989
examples/directx9_skinnedvertexcolor_test.cpp	ade605bd1599875f3a6c758d519418153aa5409e
examples/directx9_smoke_test.cpp	0da337289acd1b8fe9a54daee5c509de5ade506b
examples/directx9_spritebatch_customeffect_test.cpp	ce6053e93206cf5ee9fe454cb0cbab374b8cbf87
examples/directx9_spritebatch_test.cpp	f9f2077e77aca0a1a6317d7867eb838af16b9597
examples/dualtexture_slot_sampler_contract_test.cpp	5b86be562d112481409634d5d320a3fc08645a08
examples/dualtextureeffect_vertexcolor_test.cpp	936a4c9d18778310de30a9c1ac75cd2d16ad6ca2
examples/dxt1_texture_test.cpp	4a9c61df817eed3113e10a8bf478b2bab4af7bb1
examples/easygl_alphatest_comparefunction_sweep_test.cpp	fed26517ab54b064a4fc46713826438bba4fe1e8
examples/easygl_alphatest_fog_test.cpp	6e5ea21ee516235163507c6515d26f7c8c70384f
examples/easygl_alphatest_modes_test.cpp	38997f31b5fbc79a518fb302d71fb572135f5a80
examples/easygl_alphatest_null_texture_test.cpp	f6cafd39e104d157dffda777ae5884cb01ecea04
examples/easygl_alphatest_vertexcolor_diffuse_test.cpp	0e5d0c2c05eb965bcadd70d1bb52345790981f25
examples/easygl_alphatesteffect_golden_test.cpp	56c99875f4004634df82529eb96c094840c6f8f8
examples/easygl_animsprite_shader_test.cpp	9b3f1c93ef15fc86fa734f1b4c47bf71090642ec
examples/easygl_anisotropic_gl_state_test.cpp	d6e5d884f0a86bbc4f92479dadd46e3284871b1e
examples/easygl_backbuffer_resize_test.cpp	13250d9b884c436d52d5777c83f7a20bf1cbbd6f
examples/easygl_basiceffect_combinations_test.cpp	ef0ee79719ac590fe9dd0a210a82b1f0770c7487
examples/easygl_basiceffect_combined_test.cpp	d3723594f4c16a7acb1383f65f97c48f7199f8f4
examples/easygl_basiceffect_default_lighting_test.cpp	e87fde298a5d3480af64679b92bed477f0953d4e
examples/easygl_basiceffect_emissive_test.cpp	495c4281e784de0954cfbcc3fb4495cbdc54d6b7
examples/easygl_basiceffect_fog_test.cpp	06814b09b3785a1e7ffb162a300ef866e4bb795f
examples/easygl_basiceffect_golden_test.cpp	317dae765ee4e5dd9991534c3eca73c8e7f2b34e
examples/easygl_basiceffect_multilight_emissive_test.cpp	0fce8d0883369c5b68d66b9f30d76c8170091480
examples/easygl_basiceffect_one_light_test.cpp	cfeaa3bb78e6432d7c9a34dd230ef4bc9895d05c
examples/easygl_basiceffect_preferperpixellighting_test.cpp	6792be8e8b4b18e7c68f4e560617512214e788a5
examples/easygl_basiceffect_specular_test.cpp	2a69c0e7805fcfe9b7ab5cb07ed1d30cdbe90cbc
examples/easygl_basiceffect_texture_enabled_test.cpp	fcc574f983f0079e77d4799b6abe231449986eca
examples/easygl_basiceffect_texture_vertexcolor_enabled_test.cpp	c99b234c78d04434f5d4954718ff2263d90cf50d
examples/easygl_basiceffect_vertexcolor_disabled_test.cpp	e4eb8441e181660003c342a4a57230602a03a8ef
examples/easygl_basiceffect_vertexcolor_enabled_test.cpp	afbc8981e901dfac3b98049032ba86ae27cb2db6
examples/easygl_billboard_shader_test.cpp	831cf38d91dfa7d676f0015da49b66a104992e26
examples/easygl_blendstate_additive_golden_test.cpp	7038db214fc131654006c70c34d37a69659b6781
examples/easygl_blendstate_additive_test.cpp	4d27ca70108354d24a634c8d70d0da08b603f390
examples/easygl_blendstate_alphablend_test.cpp	3f956e4d51b1aa7c7c9722c082591925677a0b0b
examples/easygl_blendstate_blendfactor_test.cpp	71653fac41a055acef58abf8317642d04a546af8
examples/easygl_blendstate_nonpremultiplied_test.cpp	648fabb248f0479a2b2f771f22f2f991b2e2c076
examples/easygl_blendstate_opaque_test.cpp	8fe1e1394872c451cd6edcc32d03361a28ff9dc2
examples/easygl_blendstate_separate_factors_test.cpp	96538afbc556d2c7b253897c25794bc9d55d4545
examples/easygl_blendstate_separate_functions_test.cpp	8a6a20e697a021ce62c6f075dc3956ca375ff222
examples/easygl_bloom_combine_test.cpp	16e75ae75d36ccd5442754bb44b48441f5f6d0d8
examples/easygl_bloom_extract_test.cpp	e5c2a0f25259bfff0d14a8643eda31f50d0b6e7f
examples/easygl_bloom_gaussianblur_test.cpp	669d58b3b63590d92d27853829b5b2cc68a17d1b
examples/easygl_bloom_pipeline_test.cpp	a0948cb878c17ea7acce746a5436a804e9d10528
examples/easygl_blur_shader_test.cpp	25b0fd60dab58d6ca35e6b92aa0dfbe9c1ceffc1
examples/easygl_bound_resource_dispose_test.cpp	d232c2bc81afc76012a9f5bf06c6d4098cc22d9d
examples/easygl_buffer_usage_test.cpp	54141d79b4ff9faabc48a59fc12c411faa07804c
examples/easygl_cartooneffect_lambert_shader_test.cpp	6c13c069939567d18748a593eae5e0e54c249584
examples/easygl_cartooneffect_normaldepth_shader_test.cpp	d4330f5e02594140c80ec09cda00ae1fef39cedb
examples/easygl_cartooneffect_toon_shader_test.cpp	af3a812c70a5ea98b1048a2c42322c20b9935e31
examples/easygl_clear_overloads_test.cpp	9e277d36468c3116652de4786cc8b0e8369f5d7b
examples/easygl_clouds_shader_test.cpp	0972619f1fd9d8c108d26b496be427377a16260e
examples/easygl_colorwritechannels_test.cpp	d91b277f49c34e9b6cb727af64855c8b18fb4b95
examples/easygl_depth_bias_test.cpp	ab4a3d6c4b3b06f1ae0f9a378c251794cad9bade
examples/easygl_depth_format_test.cpp	a1c13807a8aeba448c3ab5cbd07392b6ecb6fc79
examples/easygl_depthstencilstate_compare_function_test.cpp	a7e797070609dea5049670c6c30fddb7bebbe36a
examples/easygl_depthstencilstate_stencil_enable_test.cpp	77ed3d378dfc1ce6115102ff7fc9adf19ec4b851
examples/easygl_depthstencilstate_stencil_mask_test.cpp	70238ceb986890f275a590fec3dd0f4e11bf6782
examples/easygl_depthstencilstate_stencil_ops_test.cpp	2c3685cfb9e4a4c6366cc2fdcc7796e8c68e2e21
examples/easygl_depthstencilstate_stencil_twosided_test.cpp	ecac8c76e61c85ba478de2e4603a2530f18beb24
examples/easygl_depthstencilstate_write_enable_golden_test.cpp	fa13de1e24b4ea90f71e54b0e51e27fdfc0abf55
examples/easygl_depthstencilstate_write_enable_test.cpp	10821563de69b0b187161a6b3a2e22147e6db4da
examples/easygl_device_dispose_order_test.cpp	e86bd1e2b980073f3819fcc4c954cfc2bbcb98be
examples/easygl_device_reset_events_test.cpp	ad152ec91690047197970563fb7df98abda1b69d
examples/easygl_device_validation_test.cpp	5d7b0ac17bf3074d7627857246c49a7e0fc6a722
examples/easygl_disposed_buffer_test.cpp	f052ab8216efa2e0436babb6375247d25dc96a8d
examples/easygl_disposed_resource_test.cpp	4882fd60f881dd8d649572ab56412ce0c6c7366c
examples/easygl_distort_shader_test.cpp	c539e3cc8a6465e27cafc9686f13fa0fc4306dbc
examples/easygl_distortblur_shader_test.cpp	efb68b82dd20c5b27d5cd0d7aac4744d2f6d5c85
examples/easygl_distorters_displacementmapped_shader_test.cpp	cd7745d25db4357e1d92c184b2f7a5aa352b0739
examples/easygl_distorters_heathaze_shader_test.cpp	f5ea86e20c430fb1cb26eeb6d1548843573f590f
examples/easygl_distorters_pullin_shader_test.cpp	74581b19d112c57b71098423285c7570d39023f6
examples/easygl_double_dispose_test.cpp	f45988b161f31def15b3c1f7090f1afd130cb2ff
examples/easygl_draw_noindexbuffer_test.cpp	5171d3ff1954b628a0df36d83c67b7cd64de7b30
examples/easygl_draw_novertexbuffer_test.cpp	d2b2f3afaad91a0e81e079e3df0c1d1a47481ee4
examples/easygl_draw_range_validation_test.cpp	7af11ef91095f64849cd7bdf5f0e157d78764541
examples/easygl_draw_user_indexed_primitives_32_test.cpp	b856e332f33f85aeba917ee2b0720f63999b82d4
examples/easygl_draw_user_indexed_primitives_vpc_test.cpp	878dc5100add188e080be2380112fc32ee7aba14
examples/easygl_draw_user_primitives_custom_test.cpp	6c23dcf00897e9cce75b02367550f383024b6cd1
examples/easygl_draw_user_primitives_vpc_test.cpp	4adff99977d6a04addc9cf2f42dae70b9e482744
examples/easygl_dual_texture_test.cpp	86f148b703f9c688a85c3f469dbf5942d1ec2b57
examples/easygl_dualtexture_test.cpp	32a67c023867f34f90368d4cb364fffb2fc785e2
examples/easygl_dualtextureeffect_alpha_test.cpp	0fbd38474ccb72268bf8677738e2db81c17a4b45
examples/easygl_dualtextureeffect_combined_test.cpp	c8c393cbee638c166f5f1c153530a93b48465f18
examples/easygl_dualtextureeffect_doubling_test.cpp	3f414d894e72653847850be2cee95cc2d83411aa
examples/easygl_dualtextureeffect_fog_test.cpp	b3390451d0e670c24a1bc0c55bcf02756372d882
examples/easygl_dualtextureeffect_golden_test.cpp	4a8ecab864f7a34c36b3b2faf96d13dbdbc7d0d5
examples/easygl_dualtextureeffect_null_texture0_test.cpp	8b026f8dff7188d038896b9876b74e54a93916ba
examples/easygl_dualtextureeffect_null_texture2_test.cpp	447d852b5ae91b4c747d4665017f4db224cfc235
examples/easygl_dynamic_buffer_stress_test.cpp	769e3084baab1437eccae50d8459c6da7f00132d
examples/easygl_effect_clone_test.cpp	4209d4cd350805c46ca9c8f9a6b2ffb944285b57
examples/easygl_effect_current_technique_test.cpp	c8ac3d0b17bcc2ce50d4b60731ad8525e24b9921
examples/easygl_emissive_ambient_composition_test.cpp	f4c93dcb31d47864872f4f4412df2359dd1e1ea2
examples/easygl_env_map_test.cpp	324db4e51ebfe98dd9012d375c7b0040f5fce6c7
examples/easygl_environmentmapeffect_amount_one_test.cpp	a5329154d992e21e2bdcc2a1c55f7c12f299ccf4
examples/easygl_environmentmapeffect_amount_zero_test.cpp	387174081f0a858828dea5a8d112696a8a280af0
examples/easygl_environmentmapeffect_combined_test.cpp	e54b5a78e5bf2fbcc648dce81a45099f6c8bb322
examples/easygl_environmentmapeffect_eyeposition_test.cpp	156623473df7f71955c6f311bb36d42e7a55b646
examples/easygl_environmentmapeffect_fog_test.cpp	78765b5f487a60906f7ff4ff092c5fdd38c6f3b7
examples/easygl_environmentmapeffect_fresnel_gradient_test.cpp	5debbffbc095fbf022dbce8d82d6392dd2de6416
examples/easygl_environmentmapeffect_fresnel_test.cpp	69f9851a0510df8a03f4af95644f8505cd106a3b
examples/easygl_environmentmapeffect_golden_test.cpp	0f6170efb1a9cae9e6fde0909006182cdc6c4fbb
examples/easygl_environmentmapeffect_multilight_test.cpp	0c6d80f865e61ba6e00898440e38cf0638eb26a7
examples/easygl_environmentmapeffect_specular_test.cpp	e84778af23adb1c251bfa63ec076653100d83fd9
examples/easygl_environmentmapeffect_worldtransform_test.cpp	5a27251460faf801a1029af5e5dbbc6681884c61
examples/easygl_flatshaded_shader_test.cpp	b864734ccb1802cdae384b9c70064027184d46ae
examples/easygl_fullscreen_field_test.cpp	ff83b6c864c1355390d513696f29cdd3cc70b688
examples/easygl_gfx164_bound_msaa_alpha_test.cpp	47734e55dfc83ef1c6c0fc3e62972b5f0662929b
examples/easygl_goldenimage_smoke_test.cpp	aa3a2b2f85cfaa6a808142f2bca4f4b893343253
examples/easygl_graphicsdevice_clear_stencil_test.cpp	d3eba6c2652a35dd5270e84ed5ebc491fbd2da6c
examples/easygl_graphicsdevice_reference_stencil_test.cpp	3cf93cddaf30852f0db520054db83c5513f933a9
examples/easygl_graphicsdevicemanager_vsync_test.cpp	9e666481542be08e06ab2d8b8ecaad2eba8f8b2e
examples/easygl_handle_release_test.cpp	6c82de390a70ecd2715de9587e2d6b1fc4a33cc8
examples/easygl_instancedmodel_shader_test.cpp	bda6818186d8dc9a3e1a833993a4652b957efab9
examples/easygl_model_draw_test.cpp	7160cb04acc9add0efba020725d9d5006aead0fc
examples/easygl_model_hierarchy_child_mesh_test.cpp	7b011131ef7dd49b53b85bd0bdcdda4ccdd998a1
examples/easygl_model_json_reader_32bit_indices_test.cpp	5bec1716cdbaac2badbfda8a18c182e248942f63
examples/easygl_model_json_reader_bone_hierarchy_test.cpp	97f9f999c2bccf2e7eb10b63bab37a95869f9d59
examples/easygl_model_json_reader_skeleton_test.cpp	e18d1d77815546fc2e5f89146689ac4fffdd9354
examples/easygl_model_json_reader_test.cpp	e8d9ebb79a158233d9cb5702ee21522a60615a16
examples/easygl_model_json_reader_texture_test.cpp	ec4c1606c99b8987df47da8fb49bd69276011365
examples/easygl_model_skinned_animation_playback_test.cpp	52ba17dc7ecba8856a323dee889840509c630efd
examples/easygl_model_two_meshes_effects_test.cpp	9bb1e72c81ba6f7270b6abe192984d075f1ad0a8
examples/easygl_move_semantics_test.cpp	3124a337663b13ac89d472028a4203befcf4a817
examples/easygl_mrt_test.cpp	11c3dccea130b9e80c74aaaedf32abcd9cd9f8a1
examples/easygl_msaa_change_test.cpp	ac2be66ce438860e899910e313d709a3771ad212
examples/easygl_msaa_test.cpp	c4076bad7232c809a34a31ae973d0c1757347703
examples/easygl_normalmapping_shader_test.cpp	419e9feb84f6197772713524a8453bea503adb75
examples/easygl_npot_texture_test.cpp	8b97535a7cc418b6852314ba01679916e8712bce
examples/easygl_occlusion_query_occluded_quad_test.cpp	93096c0003385ba0990056aafe920c419370e415
examples/easygl_occlusion_query_visible_quad_test.cpp	0dbb35037d0221602ad38a96b15494e8d7575df4
examples/easygl_particleeffect_shader_test.cpp	cfb35e0c5a511b0569f21f823d7cbebc6d2f494c
examples/easygl_pbreffect_golden_test.cpp	8dd95c6ff65a633df6ab283fcfb2ec6e6da8e402
examples/easygl_perpixellighting_diffuseonly_shader_test.cpp	da3e4dcdfbe66a2bb4b0d98265809ddf833e9bd6
examples/easygl_perpixellighting_shader_test.cpp	2f10a6a22a9d79d61cb8cd6f248413119d069c26
examples/easygl_perpixellighting_vertexdiffuse_pixelphong_shader_test.cpp	4729a24ca36ac53646ca3d1322f4c9fb19a48493
examples/easygl_pixeltestgame_smoke_test.cpp	4c83c72a3696aaf26a7e84c04c31c3aa60975bbc
examples/easygl_postprocesseffect_shader_test.cpp	15899651fbfb35cb101969d57ff604b31ebd02d7
examples/easygl_present_interval_test.cpp	3e8eac794091d8847f869af6b5aa51de529d1b9b
examples/easygl_presentation_parameters_test.cpp	79ab61145f045f562d6d19cdb5fa562e1c0f8f65
examples/easygl_primitivetype_validation_test.cpp	d4185989d2553ddace6e7bb779f6f0ca13d18639
examples/easygl_rasterizerstate_cullmode_golden_test.cpp	00756c7660313b7863fe25b850be6f2082673918
examples/easygl_rasterizerstate_cullmode_test.cpp	3b502f8f3ea0b7c75dba165cc016566e4c04aa82
examples/easygl_real_window_resize_test.cpp	b3b74f472980ce408330551c362123c2cc1c8562
examples/easygl_render_target_test.cpp	e67c10d02c553bcf6ad06adcc46b177790b9d7e4
examples/easygl_render_target_usage_test.cpp	b14b874cff6061693b593bd405bd7c1eef2d71e4
examples/easygl_rendertarget2d_mip_test.cpp	648ad276acefc1d240dc64f4b734c26dc5d8b16c
examples/easygl_rendertarget2d_msaa_test.cpp	65071a2df501281677da6cdebe7bb9311b7013e7
examples/easygl_rendertarget2d_properties_test.cpp	1b9f304284dd30332f435a03105c01357b67b263
examples/easygl_rendertargetcube_depthformat_test.cpp	8e2180096b9f0b93d050d72421231c0b274a4e30
examples/easygl_rendertargetcube_properties_test.cpp	c7e2ac0cca1e554766656ac351e403802a7bd97b
examples/easygl_rendertargetcube_sample_test.cpp	2f7d6beca639794f6e59f91777cf3f85e57b7cb6
examples/easygl_resource_events_test.cpp	98e00d854a5b93210e515201b2f8244a9e64cbf7
examples/easygl_resource_leak_test.cpp	d5aa0778cac77fe17043fcd059041df982a12f40
examples/easygl_rt_roundtrip_test.cpp	8e4848d3cd51c0e8d41254feb90647702fccc5f0
examples/easygl_sample_dualtexture_swap_test.cpp	490ba0c4a528c2a5373edb78303a596502ee1bd7
examples/easygl_sample_keyboard_cube3d_test.cpp	51faa1a77b6db26b05c9f6c2342038a1ecd1a7bc
examples/easygl_sample_layered_blend_test.cpp	a3afa900dce1e5b06c4728ef315ba6222d35b1a6
examples/easygl_sample_moving_quad3d_test.cpp	1aaf0a694f62545bd5894e6f5ca0100450572f94
examples/easygl_sampler_state_effect_test.cpp	f0f7a6206562b4964e4d43769f208e6bebf4e8a1
examples/easygl_scissor_test.cpp	6561cd5ebed30048e4a272eccad8948cd2ae4d67
examples/easygl_shader_effect_spritebatch_uniform_test.cpp	d319fa880bf9c7b46ba603f0f7d5244da8cb9e97
examples/easygl_shader_effect_test.cpp	3e01f3805d3f25922db80ccc93c971d0f06d3b84
examples/easygl_shadereffect_3d_test.cpp	e4f06a2bcdbf76470e85827b59c2661910ad3edc
examples/easygl_shadereffect_custom_vertex_layout_test.cpp	2eceae79795c9f233c277d74532af0dd97c546df
examples/easygl_shadereffect_texture3d_test.cpp	e721150a184a0e9383dd85aab93f4cc5d71be1ba
examples/easygl_shadereffect_texturecube_test.cpp	fa5f1f828dd14750958a867bb870f0b8e7f1a7d0
examples/easygl_shadowmapping_createshadowmap_shader_test.cpp	96965d7cebc6a1cf90de1f010d692274ebb7c3a5
examples/easygl_shadowmapping_drawwithshadowmap_shader_test.cpp	6dcfb72d6449e8e9c19a5ce8cf176862c1e36231
examples/easygl_shattereffect_shader_test.cpp	2c486d6e933b833ba87aea2cdb2267cb28f0aefc
examples/easygl_shipgame_normalmapping_shader_test.cpp	719cf8ea2625bb5d1a3b2b5bf6b5f2d6c7b2e457
examples/easygl_shipgame_particle_shader_test.cpp	b80e416981d8f417f4beef64f93c18b5ba4b8464
examples/easygl_skinned_effect_bones_test.cpp	aa15f37d01c82e220a5082b1a87bbc93ccad6243
examples/easygl_skinnedeffect_combined_test.cpp	80c9bbf1bd82a93774bafe46c7448bad7fcbe167
examples/easygl_skinnedeffect_fog_test.cpp	5168fa8965b7425768663a75f05a5ae466689109
examples/easygl_skinnedeffect_golden_test.cpp	72879def07cbe9b0ac4fa7e8d63b256becafe098
examples/easygl_skinnedeffect_identity_bones_test.cpp	16846dc5813ce2aa1f85b4b164d8a45a7d8d1d57
examples/easygl_skinnedeffect_multilight_test.cpp	ba79f5cf1d8d4ce67a35674c6c1a4498651d872c
examples/easygl_skinnedeffect_preferperpixellighting_test.cpp	d7a148ddd8a5b9f9a7b45aab6fb4744fbf1e9d8c
examples/easygl_skinnedeffect_specular_test.cpp	de34dc31660f4e18d25fe15edd7d0c686da26f76
examples/easygl_skinnedeffect_translation_bone_test.cpp	9ca143849c4df7c1d0d521168676b4b38fa24c9b
examples/easygl_skinnedeffect_twobone_blend_test.cpp	d7535579b960af77842d541485ebb20e2216d97e
examples/easygl_skinnedeffect_vertexcolor_test.cpp	2da1f3bc3fa95a02504bbaf3b4b83e94c8613bd3
examples/easygl_skinnedeffect_weightspervertex_test.cpp	4f98f1f500ec5f94b7a59b4aae33fce7a1189afc
examples/easygl_skinnedeffect_world_normal_test.cpp	feebe84f2c547c89ca5385a1b468a27cd159a7b7
examples/easygl_skinnedpbreffect_golden_test.cpp	ddb3a3f19661f65a7f6aee3d9f33494e1cec1a4a
examples/easygl_sprite_effects_test.cpp	b3080d09c58cebccf85433496c0d13f5d4d293ec
examples/easygl_spritebatch_blendstate_leak_test.cpp	c5d9d4b6dcd63b8d895c14f18bac3e22658b9e02
examples/easygl_spritebatch_layerdepth_test.cpp	b1dbe72ae0cd05b106b1a9ae8120ee9931aa8f8b
examples/easygl_spritebatch_rendertarget_size_test.cpp	77b0fa1498ef1270dcd41eeb61a7411349268bc2
examples/easygl_spritebatch_rotation_golden_test.cpp	5b217959704966f7fd046751de2f8edbc221c763
examples/easygl_spritebatch_rotation_test.cpp	cb37892468dde0bac31bcb91522ed6fd9d5b6493
examples/easygl_spritebatch_scale_test.cpp	9078b2a113cebc3ea58a27bd6adb0dd5ed64fb7f
examples/easygl_spritebatch_sourcerect_test.cpp	df64ac8d0a458d6a75e0e2283045af6a97e0beac
examples/easygl_spritefont_default_char_test.cpp	5b7486c6a7e6b24f13c98214d75e0408727f7580
examples/easygl_spritefont_effects_flip_test.cpp	ad7689c41cf8a2b42ef4da4f3401fee668daabe7
examples/easygl_spritefont_effects_rotation_scale_test.cpp	61c0d2d0648307467461f2de6ac54c73d217d55c
examples/easygl_spritefont_multiglyph_spacing_test.cpp	91a0ac84db4ddb87d549e16c693bb8e9bee59a62
examples/easygl_spritefont_newline_test.cpp	aa15dff8ba32e80c5ed901884757bad60a6d961f
examples/easygl_spritefont_single_glyph_test.cpp	34c4a69a8d46ee3fb829f8f3f4a5a3909b000f27
examples/easygl_surface_format_throws_test.cpp	425dde2d4239dc052957d3233f96fee33db1e20e
examples/easygl_texture2d_anisotropic_singlelevel_test.cpp	953449848cf5ce81cf7441697ece82c4353b4ff5
examples/easygl_texture2d_mip_test.cpp	a2a53fae2102bb69457ecce0e59928a349c3cbc0
examples/easygl_texture2d_partial_rect_test.cpp	d69298ddd2537399fce6cfe7859a881a6e52b504
examples/easygl_texture3d_mip_test.cpp	e567c97f6e506ea1ad911e9dac05b8297cf27afb
examples/easygl_texture3d_partial_box_readback_test.cpp	5fea7d952e1ba3f770a03afe2f89d60d767fed43
examples/easygl_texture3d_partial_box_test.cpp	a74dac12651b004902a66e6091bcd7e152c68b8b
examples/easygl_texture3d_slices_test.cpp	7eb9bde0eb16bfd2aa6e023622fa496066a8eac3
examples/easygl_texture_address_mode_clamp_effect_test.cpp	1619516538a959242492401678e4be3f65ee5fd2
examples/easygl_texture_address_mode_mirror_effect_test.cpp	797f9bca528dfe26ca46e2582ff805393542a430
examples/easygl_texture_address_mode_mirror_test.cpp	a88ac17513431dbdf3e29f02634592911275cc84
examples/easygl_texture_address_mode_test.cpp	716b359768f9d6186b806164cc7f066e828877a1
examples/easygl_texture_anisotropic_effect_test.cpp	a8cdeaf8f201af3196175455a75633e60351db42
examples/easygl_texture_filter_linear_golden_test.cpp	fea9593973232c6cdbeeaeb9c684d26351456195
examples/easygl_texture_filter_point_vs_linear_test.cpp	bec267cd788ad4ef87551f31a8747a4f49ded0a0
examples/easygl_texture_mip_filter_effect_test.cpp	478599206a9d387df2471df4e7327a25f36fc381
examples/easygl_texturecube_content_load_test.cpp	42a04a55632bfe15691c033a01d6bf01a1f185c5
examples/easygl_texturecube_faces_test.cpp	6b8168f99db5ff564dd82fadf27e2e92e4e9db53
examples/easygl_texturecube_mip_test.cpp	ef19aa82903520dc74f938a34195d779254d2d1d
examples/easygl_texturecube_partial_rect_test.cpp	5643ab5295b59c1d74cd1a056c1216653a6c49fa
examples/easygl_textured_quad_test.cpp	80bc4881a84a1795ad24ac9a0dd8806645482e78
examples/easygl_transform_matrix_test.cpp	193e91d28497e5357bac0b80869423c4eac052fe
examples/easygl_vertex_formats_test.cpp	aea61d4372fd61ee8b7e9bd7aafd3e9faf08a829
examples/easygl_vertexbuffer_indexbuffer_getdata_test.cpp	2d0c4af21a5af07f41b933ef320cf442c2a072b2
examples/easygl_vertexbuffer_setdata_test.cpp	77153113fd06aab203730829f736cd321f68c6ee
examples/easygl_vertexlighting_diffuse_shader_test.cpp	0157725812a0c9d52d76e4d365182ac298e65f5c
examples/easygl_vertexlighting_diffusephong_shader_test.cpp	110662c5411c07e6a8ad51b60ad054211c3aaea2
examples/easygl_vertexlighting_directional_shader_test.cpp	8714c96ec3d4f1c09e8fb02638b4f0433de38c0f
examples/easygl_viewport_state_test.cpp	c05ae0b97b9a9859229fadf3e356e8c14ab0d192
examples/easygl_viewport_subregion_test.cpp	4f8fb3bfb4d09bc3b80cf7d1e324cb8722c03c12
examples/easygl_viewspace_fog_test.cpp	5654571b0baa25b01f94777b0427de41895b9478
examples/environmentmapeffect_alphascaledlerp_test.cpp	e52226028dd93c12038cdd805d20d33111e531c6
examples/envmap_cube_sampler_contract_test.cpp	b751e6e9462d7fcf1f5793ddfd7f2d407c6a16b1
examples/envmap_cube_sampler_state_test.cpp	7f84abd72f5e75a72dbb8fc55029b8bfdae24f16
examples/freedirect_blend_test.cpp	89bb960fdae36cb352314d816fe940fc9dec56cf
examples/freedirect_graphics_capability_test.cpp	729c8ba73b1df316275ebffd309668bcc09742e7
examples/freedirect_logical_transform_test.cpp	f8d0926049ae2dde6de76bdba9b57c5995698d03
examples/freedirect_no3d_test.cpp	7299824d7abe328b40d2cd611c6c9723230b5d25
examples/freedirect_resize_transaction_test.cpp	d0b3fda7385b17b9c579fd854e46d940bb62b6f3
examples/freedirect_sampling_test.cpp	c4004a0195ebc68d587f7718a7674d7f66cc8325
examples/freedirect_smoke_test.cpp	231e4e681daaa873c25f068ebcc6edad1727e5c9
examples/freedirect_spritebatch_test.cpp	afecf00fda0e5886679bc212f541e9e290164bf7
examples/freedirect_spritefont_test.cpp	bbb2fc454eb4caef58b117c1a962d4f7bb7b5e04
examples/freedirect_texture_rendertarget_test.cpp	8144f80352e757e2a280d305a9a27159b6f2188f
examples/frontface_winding_test.cpp	726ff17c7b294e92262686aebc4979e84ced421f
examples/gdi_2d_benchmark.cpp	9ad68a46eb85f5899672cd8f6073fe91b24b1376
examples/gdi_2d_regression_test.cpp	6261c5c8be4b5cb900d5f1aa6990044728cafcfa
examples/gdi_applied_state_test.cpp	fc3c291a04ed76244b23184b2508007647756df8
examples/gdi_colormatrix_effect_test.cpp	320b4dcdc7189a53721e7048099c8ed61567c7f6
examples/gdi_dc_release_transaction_test.cpp	36215b52dedb601dda57e9aa971d1c6fd593ee23
examples/gdi_dirty_damage_test.cpp	155335d1083b4d9857f6490b1259b7ecb11ebd3a
examples/gdi_framebuffer_allocation_test.cpp	1e75339fce2a280019f39c48be97d08d6c39e5cd
examples/gdi_msaa_contract_test.cpp	fefc94f1221f59bb792454b3e3bae09e358cdb3a
examples/gdi_presentation_configuration_test.cpp	d38f0dba4585fc5547901879c7e63acfb5f65cb6
examples/gdi_presentation_mode_transaction_test.cpp	2d35afed94acd352973b6f7eed2f1d8a50eb5d18
examples/gdi_presentation_oracle_test.cpp	b133e565d1f920ccc1db5631393e796929f75e34
examples/gdi_public_api_test.cpp	0967f5c84e74fc84ee0f45681843e78df4cf076b
examples/gdi_public_stencil_test.cpp	e43e775fa31af98950f8d3df583de47a56bd0449
examples/gdi_repaint_invalidation_test.cpp	abff11c357c669cfb879184fa4d48872dcf00e71
examples/gdi_smoke_test.cpp	2ae0efdeead21104d3f57e7f0a03c60d41a6950c
examples/gdi_texture_allocation_test.cpp	d60615a15b7fd29067ac21682c96e2fa7fc00e87
examples/gdi_unsupported_features_test.cpp	a8ba817c5283a2a9f74e4cb873b481d00b793293
examples/gdi_window_metrics_test.cpp	a1cd1476fc26cd94df37c0a1787a6f95fea63396
examples/gfx077_colorwritechannels_3d_test.cpp	72eecf222b07cf8121bcda02e4b42e1456cec62c
examples/glide_smoke_test.cpp	1f89aeba4c2f7cc59021b4c0f35051623a5cb273
examples/golden/easygl_alphatesteffect_golden_test.png	3852b51638c55b43af5e97eb4b039788756100b7
examples/golden/easygl_basiceffect_golden_test.png	151810b31762706dde4c62c2d8aabfe3480507e5
examples/golden/easygl_blendstate_additive_golden_test.png	e4e387b6c5a66f05a860e24e0befe74933f8619a
examples/golden/easygl_depthstencilstate_write_enable_golden_test.png	d74480f51e599b52e29aa87c514d4ee8cd160e9e
examples/golden/easygl_dualtextureeffect_golden_test.png	19af88b1073e78b4dbbdaf074546ce02f95a46f3
examples/golden/easygl_environmentmapeffect_golden_test.png	f6d36df7901214997e8dd011b46181e9937d5b68
examples/golden/easygl_goldenimage_smoke_test.png	d74480f51e599b52e29aa87c514d4ee8cd160e9e
examples/golden/easygl_pbreffect_golden_test_a.png	c9d120999662e7be1a04b197f1b3ffea45aac876
examples/golden/easygl_pbreffect_golden_test_b.png	52b4e3c986b84b8091c0127adfeeb0684912e530
examples/golden/easygl_pbreffect_golden_test_c.png	4e44b3007f7fbabcd32145cddc061980ad5bae5f
examples/golden/easygl_pbreffect_golden_test_d.png	3fc1c8418dc71b881ea599d554d6968bdc761f33
examples/golden/easygl_rasterizerstate_cullmode_golden_test.png	4945a8292ddf6710820700f91189fd398db49172
examples/golden/easygl_skinnedeffect_golden_test.png	af4464e22141d22c1cf74a21bb8af737934c1523
examples/golden/easygl_skinnedeffect_vertexcolor_test_a.png	af4464e22141d22c1cf74a21bb8af737934c1523
examples/golden/easygl_skinnedeffect_vertexcolor_test_b.png	4d15c4a6d13086388477095b5d97cf5990955342
examples/golden/easygl_spritebatch_rotation_golden_test.png	4945a8292ddf6710820700f91189fd398db49172
examples/golden/easygl_texture_filter_linear_golden_test.png	8108c9238738c159843c331170b93322df30d7c8
examples/graphics_renderer_benchmark.cpp	5c5c3471b64efb04d3a10522bd2b1e0e0382a4e3
examples/graphicsdevice_clear_depth_test.cpp	91af50a6937c753e69b8c674da708eef741fa9eb
examples/graphicsdevice_default_state_occlusion_test.cpp	be3c93db6a039db2bd7dd147ac2b7a3bf49dc883
examples/graphicsdevice_depth_contract_test.cpp	56a2f124988ad2ee0ada4e5a95f7b6b280930e5b
examples/graphicsdevice_ordered_clear_test.cpp	f2533f5baa418af7d8722b12fc4fb2d169d3a5fe
examples/headless_coverage_gaps_test.cpp	ec160627ddb63acbf36dfac446570eb677139c1d
examples/headless_effects_test.cpp	056c40092d3c237404d12d6617ef542dc9107425
examples/headless_mode_dial_test.cpp	f06b0de38576042659ee948bcf78794ffb010b21
examples/headless_resource_renderers_test.cpp	cb57acf8b3f7059ce266d6f927fbbd8e08a0300a
examples/headless_smoke_test.cpp	070589429032cd72db8177b2d70cebc5274145a4
examples/headless_trace_diff_test.cpp	25b0d223946f1239b4a4dd63d6676f87c28ee60e
examples/headless_validation_extras_test.cpp	64ee93dd6fafa1509dae07b71641da4f9a907249
examples/house3d_demo.cpp	f75e10dd8d9c43faaf46ea0dfe45263b579ae676
examples/htmldom_dispose_test.cpp	25f0f1953211155a860613fd52f7b092916ee5ef
examples/htmldom_memory_test.cpp	408013c85af5af22d15b5a43c31e5c8db3e3c94a
examples/htmldom_pixel_verification_test.cpp	c3e15f0035e9c62d717359a4ff4bea14f85a9636
examples/htmldom_smoke_test.cpp	4a41f3cc035b606c10bf4563ae114ae466b3fd4e
examples/htmldom_stress_test.cpp	49f58f86524c6eaa8cd6fbc67e96ecea29a5652a
examples/htmldom_visual_demo.cpp	d3c43f0ac0e66aafc1b4f680db4c745cf65c6bcc
examples/input_smoke/InputSmoke.cpp	a3a3a868e5f5d4fb30b84e800584172ad71408f9
examples/llgl_2d_test.cpp	05554505989b5ad853add3784cda3756896e771c
examples/llgl_3d_test.cpp	ebee002713aef87ded7370bbc47f7a4e421b310c
examples/llgl_basiceffect_test.cpp	d34721637304b56074d44829d64cf76fcd3d1311
examples/llgl_dualtexture_test.cpp	64d0406cd3dcb4ae089bf6e5631a5bd5e1ce76c3
examples/llgl_lighting_test.cpp	17a6f16d320c5d813a11c7b25f1203a408c1d745
examples/llgl_mip_rendertargetcube_test.cpp	4dcc52fe1725198b844a4ae617780722b3b1e507
examples/llgl_mrt_msaa_test.cpp	48569e04bfb552195a1f825df11bcb616347ad47
examples/llgl_mrt_test.cpp	7320556dba7d1732d89743e841448249f77addd1
examples/llgl_msaa_rendertarget_test.cpp	89a704fc31b2ffc8285f19c2b76e597d9e5a0c8a
examples/llgl_msaa_rendertargetcube_test.cpp	35554e2901dcfd00c8e8e342b164cba1903bd47e
examples/llgl_msaa_test.cpp	b70db9162f5ebb34abe96a0c131172ba1918c50f
examples/llgl_multisamplemask_test.cpp	9bb98bccbfdbbc51ed665103a6a01aebe0010b33
examples/llgl_occlusionquery_test.cpp	b1a4be1f24a9b492e3ae9719eab7870b4bfb26e7
examples/llgl_pbreffect_handderived_test.cpp	153e49868313529530d2dccbd4595fba0cfc98a4
examples/llgl_presentation_test.cpp	da8eff7fbb6d3c2e5bd6b70691a46eb9e742a373
examples/llgl_rendertarget2d_mip_test.cpp	e6a29471bdb36f8557093d079555f097cd1c9dae
examples/llgl_rendertarget_test.cpp	bd10c745cff242e4519b68719ee94baf8d58d0fb
examples/llgl_rendertargetcube_test.cpp	491a22a440a635bd2068872ef80e0dc30007c731
examples/llgl_resize_test.cpp	0774c4a83c692ac3762823e86da1b7ee81f46460
examples/llgl_shadereffect_test.cpp	2d458efa25aeb50c88e5ab75cadd91c67c3fd440
examples/llgl_skinnedeffect_identity_bones_test.cpp	9c6defb2cbb5b2008a6c3df7d52811836ee92c4e
examples/llgl_skinnedeffect_twobone_blend_test.cpp	5f11d2e4b3c350a42a5c4f806ad34619a0b393ca
examples/llgl_skinnedeffect_vertexcolor_test.cpp	a42200051f77b6b939a00c3c1c546023bc2e18be
examples/llgl_smoke_test.cpp	c891b7e6991d5403d56ce2e910970ef8e9c87f28
examples/llgl_stencil_test.cpp	0d9a7a80260728d2c5fe7e68383d7c661aed1e0e
examples/llgl_texture_readback_test.cpp	d2a7a256bebd9984e92c530ec65b78ca5014ee98
examples/llgl_vertexindexbuffer_grow_test.cpp	c2567e9866e29ec96ef0c7d91ac570fb4198aaff
examples/magnum_dualtextureeffect_test.cpp	72691db3681e8914735efe6f67f9bfbdb816c687
examples/magnum_environmentmapeffect_test.cpp	419121b22a97eae2427eec11d9b805d110950975
examples/magnum_meshcache_test.cpp	541e8764e799450053ae23dcd2bc6007d962be96
examples/magnum_mrt_msaa_test.cpp	71985455e14962ccba53789b637555c264a55528
examples/magnum_pbreffect_test.cpp	ea654238719a90438fc21e057ace3ffcc499a384
examples/magnum_pervertexlighting_test.cpp	4a234f660846504e9ded03bf462ce316f5f870d9
examples/magnum_skinnedeffect_test.cpp	dc136110f235d283243cbe9c9bda271efc1928a2
examples/magnum_smoke_test.cpp	fba55e86148ed693cae232143cf695afb7bf875d
examples/metal_capabilities_test.cpp	f21bcabf6180036142451e2972c2bbbebdea8100
examples/metal_smoke_test.cpp	2f0a1469ec897bf7d3d32e59851c0a97bfc5c6a6
examples/metal_spritebatch_customeffect_test.cpp	39a777643f415c28a64b2644fb5e2dfb2dc750c5
examples/occlusion_query_test.cpp	478454ec9e6dee55bb8ab4efefc64dc62ea5805d
examples/opengl1_anisotropic_gl_state_test.cpp	7881626c4857209ea2e695b32cb982a041c3dd83
examples/opengl1_blendalphafactor_test.cpp	24d6d7de2d96682b6f50f35a675d3a0e3b27402c
examples/opengl1_blendequation_test.cpp	f7055334b6c6bca047b460611ab08eb40b673a48
examples/opengl1_blendfactor_test.cpp	294f177d007290957949cdb4558cc11e1c8e0ec5
examples/opengl1_context_loss_test.cpp	f6dde3f73c90900e946c1a04aa4e94502843379f
examples/opengl1_directionallight12_test.cpp	dce81acf0bc642bdbac86f74fbcbd739554158ad
examples/opengl1_environmentmapeffect_test.cpp	b4585548d0ddd5e3e93a9efbd200a6e98a63df09
examples/opengl1_fog_alphatest_test.cpp	aa6939355a609e55e112ac81f41ce3d41b97df67
examples/opengl1_graphics_capability_test.cpp	e0da1c5fb3803d8911320bc729e2459b4e1cd56a
examples/opengl1_mipmap_generation_test.cpp	553a14e0f2e9d3e5fc1d0c54de50d1690c32e35b
examples/opengl1_msaa_test.cpp	32d0e8e218d3677ff5c8c21359e38e34b3e7c660
examples/opengl1_presentationmode_test.cpp	752d8172d4914f5cdd87b33f17691a9d5123fa50
examples/opengl1_rendertarget2d_mip_test.cpp	efbf6e25483ad7d8e404c6909e2dacc3515f280b
examples/opengl1_rendertarget2d_msaa_test.cpp	57abfb969d90c26ced7427b17217df7a9a7de22a
examples/opengl1_rendertargetcube_test.cpp	632b1d18001a556f91888802bfb450e68bf94c88
examples/opengl1_samplerstate_bind_order_test.cpp	201cfb0f6a9fd9a9a756e7179fbb07994cf63b28
examples/opengl1_specular_test.cpp	9056456930df93ee5e693f2dc39f8a13fa3aa0f8
examples/opengl1_swapinterval_test.cpp	266540b9b24ec49be9f73b1ff7d9938910574b72
examples/opengl1_textureaddressmode_mirror_test.cpp	d679beaa95ca677c11b0b423566d4ec3e08d4774
examples/opengl2_2d_test.cpp	819e22a689095a44871f5f5a207097241536165b
examples/opengl2_3d_test.cpp	a90a1865779c1e83a189a1ea0b94b42bb49a836c
examples/opengl2_alphatesteffect_golden_test.cpp	e4c5d490a5cac4a47c00e38fbcd21cc9e171af78
examples/opengl2_basiceffect_golden_test.cpp	17d11fdef8309c822fdebd9fce379c9c330686c7
examples/opengl2_blendstate_additive_golden_test.cpp	9835fc0fbb1f4a368b6d0c8a648ae08785894259
examples/opengl2_blendstate_blendfactor_test.cpp	a9d6e323b2ad0ef204b21bddf341806d267017aa
examples/opengl2_context_loss_recovery_test.cpp	6a202da22550a294d0f8981b338e4b3fada13c85
examples/opengl2_customvertexdeclaration_test.cpp	e6ff8154bdc1ec8af56028754637c1bdb8e66588
examples/opengl2_depthstencilstate_write_enable_golden_test.cpp	57779e817573d925cfd44e6ab44bb66ede44a1fe
examples/opengl2_dualtextureeffect_golden_test.cpp	08d0241629d9c226978dd053c7177bbc35d2ef00
examples/opengl2_dynamicbuffer_stress_test.cpp	11d0b44257f1caa775c7802bde5c889706779d97
examples/opengl2_effects_test.cpp	281698e2654ccf8f6e6b1309c3333894ae07a4c7
examples/opengl2_environmentmapeffect_golden_test.cpp	6ed020b846729177e557d4c64108f9809808cb69
examples/opengl2_environmentmapeffect_test.cpp	8c51f4b3b0c9b80206249bce55833716e8c61cc2
examples/opengl2_goldenimage_smoke_test.cpp	a14977dd3b227751956a0d522c012882ca105510
examples/opengl2_graphics_capability_test.cpp	a72a901fcb8268ab36745858517e6a11262e027c
examples/opengl2_instancedmodel_test.cpp	ed8b84c5c3b90079e65ffb5105f89c253b1c580b
examples/opengl2_mrt_depth_msaa_test.cpp	be37eb33802181cf3d0eeede813e426dc88a6931
examples/opengl2_mrt_test.cpp	0843787ecd41ad7e9c862242df2217a8a1816b7c
examples/opengl2_occlusionquery_test.cpp	d3d7286c15840b7fad44a262876daf217f9717b5
examples/opengl2_pbreffect_golden_test.cpp	401c3a74197e222b8c0dde62402c48f201624b3c
examples/opengl2_pbreffect_test.cpp	02dd62f4a2de1eaa45882592c52555331c9c8e84
examples/opengl2_presentation_test.cpp	ccb8b8dd770faf4e866a5bf87327c44b4b7ec8bb
examples/opengl2_presentationmode_letterbox_test.cpp	a3ede0c87dc3e6e41ae738f1cc4a5aca352320e2
examples/opengl2_presentationmode_overscan_test.cpp	ad399a2f60ecc5325883f549e143a7015acb8ca9
examples/opengl2_presentationmode_stretch_test.cpp	47429365aab799cf089bca6fb355e5c31fb8f7f9
examples/opengl2_rasterizerstate_cullmode_golden_test.cpp	c19076d7aff14d8d869a70b189a479384fedf41c
examples/opengl2_referencestencil_test.cpp	8e6261b688bfbb266763cc3825f2cd8bf48503d5
examples/opengl2_rendertarget2d_test.cpp	07b9dc5f7cdeb6d243c627d6d267928ed4b318f7
examples/opengl2_rendertargetcube_test.cpp	7b67fe4dfa462d02a02a56cb1a565477c3a0fe86
examples/opengl2_shadereffect_test.cpp	932528f0810e2bb63823e0d66a9c558a038c0569
examples/opengl2_skinnedeffect_golden_test.cpp	520dde19eb809071661ad84e241016ddcb67bf55
examples/opengl2_skinnedeffect_test.cpp	7a2eb37ad5a12129ebc202853e32dfc836544bb0
examples/opengl2_skinnedeffect_vertexcolor_golden_test.cpp	bc69d0418e5512b41c150cd024760832627a8839
examples/opengl2_smoke_test.cpp	f0e26c3ea22006a983ef3eb1bb7b5f69e1b43924
examples/opengl2_sprite_effects_test.cpp	4e62aa0014ec551a36e73156dfa3165161b5670d
examples/opengl2_spritebatch_blendstate_leak_test.cpp	1a885e8b40e7539afc111c89e730ba896824f9c7
examples/opengl2_spritebatch_customeffect_test.cpp	a7304124b9806632cae732fe4280ba5750d2ad66
examples/opengl2_spritebatch_layerdepth_test.cpp	f2b442a3e5d6cd181f45d6aaea36f109583dda8e
examples/opengl2_spritebatch_rotation_golden_test.cpp	35a8b6c6afaf9f850a6a34db2db5d6afa7da9dab
examples/opengl2_spritebatch_scale_test.cpp	a0b1fb836415e94bb73b7aa5de79ccf7bca408ef
examples/opengl2_spritebatch_sourcerect_test.cpp	60d62646dd28ff055778d7deb7609173d3605eee
examples/opengl2_texture2d_anisotropic_singlelevel_test.cpp	81fb085971fa74a55af2bc4a96bbe882c761b625
examples/opengl2_texture3d_mip_test.cpp	2593d21c37184c422aab33aa17f68df2436aca23
examples/opengl2_texture3d_test.cpp	5a8d89acf9a0c0d3bd8aed0bdb48868121ca1976
examples/opengl2_texture_filter_linear_golden_test.cpp	e3915706d932cb122fe4733cd8b3ecddffe34c45
examples/opengl2_texture_mip_filter_test.cpp	30df43d272ef5ea2fe219754174c45f4e6ea2cc9
examples/opengl2_texturecube_test.cpp	9d87ecd819ecf663ac14b1e6ed888c5aa5a61d9a
examples/opengl4_3d_test.cpp	dbeccec6706dc4cf5c7aa24f37292646901aa05d
examples/opengl4_alphatest_dualtexture_test.cpp	12beae9aec184c412a1f0d223da588988a04c11d
examples/opengl4_basevertex_test.cpp	4f002e1063004b240a7c50ad1d83df80ef354320
examples/opengl4_environmentmapeffect_test.cpp	cee0895b9acc4e75c69cbcd1252c014632ecf82e
examples/opengl4_fog_test.cpp	eed0ee2ec4e3962a6daafdbecc41a38d831da954
examples/opengl4_indexbuffer32_test.cpp	15528ee8f70b2f707230363b6744e060f9ecf0e6
examples/opengl4_instancedmodel_shader_test.cpp	2a793fafcc5fba4b72cafb84e51b5b0d63c40460
examples/opengl4_mipmap_test.cpp	4571460399b6491b2e2c90b95bbf1363840e5a36
examples/opengl4_msaa_test.cpp	e2809b0b218b7a53aaa8cc72eb4a9161f34add97
examples/opengl4_occlusionquery_test.cpp	3fab16a5285cb74142aa971d3092dbc39d6af8b0
examples/opengl4_pbreffect_test.cpp	be74730667f249f37722addad7a9d0afa248a89c
examples/opengl4_preferperpixellighting_test.cpp	bc8b1259784e3a22661b19beaf96ba8def04f260
examples/opengl4_readback_test.cpp	e840667de3752c0d001a5a199006b22eec11b775
examples/opengl4_renderstate_test.cpp	43282c68b7e11bc5ee8de4d97b1173f1c8a5c7fd
examples/opengl4_rendertarget2d_test.cpp	f7144ffa262fed066ea25fcbbda10c3e93f85dc7
examples/opengl4_rendertargetcube_mrt_test.cpp	0fc7e06bf82b36b22a2508f654bc174dfd227daa
examples/opengl4_samplerstate_test.cpp	65a1daa6c193d24d1f744d487766549e87387281
examples/opengl4_shadereffect_3d_test.cpp	df0a28a17daba81d7ec1fee64b0a93cd0a539a35
examples/opengl4_shadereffect_spritebatch_test.cpp	2527625bcb200a1544d09e808b7c40fe97e7f2d1
examples/opengl4_skinnedeffect_test.cpp	8c3abacd276f50ddf49a8408c05b3f44187c2a4c
examples/opengl4_smoke_test.cpp	6efebc36da42193be09d14407d67f8d683c78876
examples/opengl4_texture3d_test.cpp	252928bd0109d2a5d1ee63494ef6b114ac864b7a
examples/opengl4_texturecube_test.cpp	5df55a385441ed4fdc604528d425e352bfc3b435
examples/opengl4_textured3d_test.cpp	f253351bacab0b15e9d7cb130da6f21e6e379fd6
examples/opengl4_transformcoords_test.cpp	2709072587461d8265adf7383b89f006d0d0314e
examples/opengles1_buffers_rendertarget_test.cpp	36315143208655f4272a1391da54d6b496d61ca0
examples/opengles1_clear_readback_test.cpp	15a26a2823709ca0889b216d9283c3dc32fb60f5
examples/opengles1_lighting_fog_alphatest_test.cpp	60cd6553f505f45598a703b19d8cacd304243c97
examples/opengles1_multitexture_contextloss_test.cpp	b39552b4a064f9bee7f80500085106a9edc2dae8
examples/opengles1_render_state_test.cpp	e179c43dfc167b2d2959e8accd72f5a6683fc8f4
examples/opengles1_resolution_statetoggles_test.cpp	85ea8467b56f919ef1fdef24eed0960e76712318
examples/opengles1_viewport_scissor_test.cpp	b151c66f651348001773f7e1942f5b34258f467a
examples/point_sampling_contract_test.cpp	038f82ef630e80d0783ba80db1b79850ba9a6426
examples/present_lifecycle_contract_test.cpp	5fd9fe0649a58e4d562df5fe4fd68bb9cbe8d97c
examples/rasterizerstate_cullmode_camera_test.cpp	96b16c3025ee404539fee9dc2429e7a78b74622c
examples/rasterizerstate_cullmode_indexed_basiceffect_test.cpp	5c9812dc15d84754a8423b7b052fb6deae6a5f05
examples/rendertarget2d_depth_test.cpp	89406d7a8641c6a7e327de4efe66dac40a714a48
examples/rendertarget2d_golden_test.cpp	5090d2beb7e1d227cdacf48d3eb9428d951eed6d
examples/rendertarget_backbuffer_consumer_test.cpp	68736830cd4ae2464fa32d64fe7ac30b57ebd6ea
examples/rendertarget_depthstencil_usage_test.cpp	d1a74f28f3a825e5ae36c93a019e1aa4170e9699
examples/rendertarget_effect_source_test.cpp	15a3da9a5aedcebabd55d9752ef89572e125bc7c
examples/rendertarget_first_use_test.cpp	a0f54604000e9f31d5ffe3b4b9570971d4449076
examples/rendertarget_invalid_mip_level_test.cpp	e46cc25ecdacbecfe965946b9ea372800a5a2719
examples/rendertarget_msaa_depth_contract_test.cpp	5519d27d56982df3d440273b7d836924720a830c
examples/rendertarget_msaa_first_readback_test.cpp	02de7555a488eda0d7c6574d6d066cd32521ad2c
examples/rendertarget_msaa_mip_readback_test.cpp	48238c248cca4a0558b4bb12cce871680b901ea9
examples/rendertarget_pass_boundary_test.cpp	b3c33de00f2e79be166e5631ca5594db765629b5
examples/rendertarget_producer_consumer_test.cpp	9d73f6d62c9d746bd505bb5c5839c8356c8d64b9
examples/rendertarget_sampling_orientation_test.cpp	39158c1d7bdff94937419dce5bfa066104187985
examples/rendertarget_viewport_scissor_reset_test.cpp	9dd348c085adaab93c4a6b065a86e6264298e9af
examples/rendertargetcube_getdata_contract_test.cpp	b1f8b5e3b49df17e81fcf4a1eb0aeaf85fdd9182
examples/rendertargetcube_msaa_face_test.cpp	eb013e98c862093c8d7926f08d70d3860ab21376
examples/rendertargetcube_plural_binding_test.cpp	1af5b77a4b1ec94b813e350e84a2cb4b2af35811
examples/rendertargetcube_usage_test.cpp	c33f832b51e27bcf52712c68e651987a5282a2e3
examples/sampler_component_isolation_contract_test.cpp	d8d45be7463113c75a4a5c73dbef6415340ec184
examples/sdlgpu_2d_test.cpp	1835d2f26724fd0fdb78dec797e045ad1fe7fdff
examples/sdlgpu_3d_test.cpp	4bb0ac077b10adf42243a371e6d1e511f12c8d3d
examples/sdlgpu_basiceffect_fog_test.cpp	8157592c11becfdb155a7ee0d8576f54238f0305
examples/sdlgpu_constructor_exception_safety_test.cpp	15e5dfd3f9dd39abb02cd21e9c0d99ae530b19d0
examples/sdlgpu_depth_bias_test.cpp	55fb8ff312f8fe91bf02c1bfd9205e01605c1207
examples/sdlgpu_depthless_cube_spritebatch_compatibility_test.cpp	4a4229658b8b7ce0b38e730e23ed52e9c7a0b659
examples/sdlgpu_diag_single_sprite.cpp	90b682e9bb408bed79bd4959f94f45f8494634c5
examples/sdlgpu_draworder_test.cpp	c391387341ddb509e9cc5d5e9f2009158c0623a9
examples/sdlgpu_effects_fog_test.cpp	9cd4e18eee1970e071b8f78dd104b1e4d7ce75f9
examples/sdlgpu_effects_test.cpp	241989d7f9119f80d860742df587729558d34684
examples/sdlgpu_environmentmapeffect_emissive_test.cpp	6a64f0e65d6a7293d872a07de87b1219526c95cd
examples/sdlgpu_envmap_test.cpp	26fd779dbdf247368ba62f06ff4d9aff1290b334
examples/sdlgpu_mrt_test.cpp	1a614788d5380227eaa4d1d459727977f39d7a4b
examples/sdlgpu_pass_boundary_upload_test.cpp	b66cfb6908ee782076cdb067da48d321f09772e0
examples/sdlgpu_pbreffect_test.cpp	128211116bbb6833c592551a3d7d99ffc34d6f6c
examples/sdlgpu_renderstate_test.cpp	6ac57c1a0abc60039b870e89df53629ead5705b4
examples/sdlgpu_rendertarget2d_msaa_test.cpp	afe6708980c256536714e331109d2f97fd0ddc55
examples/sdlgpu_rendertarget2d_test.cpp	ee0b953468604e2f1c731f56911de812f835e422
examples/sdlgpu_rendertarget_blendfactor_test.cpp	bae079c447baad3ff728cfb542317126314e9cf7
examples/sdlgpu_rendertarget_lifetime_test.cpp	5af0cc3b0b41cfe89759d70fda1b11f99617872b
examples/sdlgpu_rendertarget_scissor_test.cpp	2c270a61b18ee60c95a8bb0ae42aa824bbe6a394
examples/sdlgpu_rendertarget_viewport_test.cpp	48b9a7bedec9c22572673e327556387d67014237
examples/sdlgpu_rendertargetcube_msaa_mip_test.cpp	216eda7c7e2c7a1398f1d15c27882ce7a2aa6d0b
examples/sdlgpu_rendertargetcube_test.cpp	7fd8cb7dfb71cede8b945e680bf4d1a1c6d864ab
examples/sdlgpu_samplerstate_test.cpp	18e35cec537b153e0a82a9a7cf734db4227898c7
examples/sdlgpu_shadereffect_test.cpp	3f478bbf2700f7f9c8f2b70eaaccc1ea25e38aac
examples/sdlgpu_skinned_test.cpp	d017ce4fc3daffd550aaa73d947cb1daf13b3f7e
examples/sdlgpu_skinnedeffect_fog_test.cpp	209360ea9c151fa977053579e55ca01dccb4672d
examples/sdlgpu_skinnedeffect_vertexcolor_test.cpp	7a273f9a6a0dfecf8eb1fe3a0d450da1d14a4cc3
examples/sdlgpu_skinnedeffect_world_normal_test.cpp	9864a8dcfe1b461e2d2e78675f7d9c266be52d2f
examples/sdlgpu_skinnedpbreffect_test.cpp	123a75608eb2c552e01c7d8341a3b2cb7f45c1f8
examples/sdlgpu_smoke_test.cpp	bae86051ec5afff5f0f5ee480662356b2e297258
examples/sdlgpu_swapchain_recovery_test.cpp	cb9af945b730385b9c090bcf9d7996483d77f005
examples/sdlgpu_texture2d_mip_storage_test.cpp	c872d31a79aa224f83d771726e25ad13e39114d7
examples/sdlgpu_texture3d_test.cpp	3617bd333a863039a2e8e421da79b7890042c731
examples/sdlgpu_texture3d_validity_test.cpp	50ec0d310a00cf63aef372f10c174255ea8d3308
examples/sdlgpu_texturecube_test.cpp	c26f894189f448fdd050f976211ab91d3dc110d6
examples/sdlgpu_viewspace_fog_test.cpp	ea9502f7b9584d9dcb998353ec1c2d85acac7c05
examples/sdlrenderer_blendstate_additive_test.cpp	f0349b23fbf023ad17a6f8e83bc845c5e0bf9bde
examples/sdlrenderer_blendstate_alphablend_test.cpp	9bc93437b8b8003e65eb5ec8edc01fbfd4f2df79
examples/sdlrenderer_blendstate_audit_test.cpp	2857c18cc2ba2558febc40d9966f85c9081c377b
examples/sdlrenderer_blendstate_custom_test.cpp	a7f7f533a95f01c0c7c79ba696527bcc94d9e836
examples/sdlrenderer_blendstate_nonpremultiplied_test.cpp	dd8234e5fae19393ffc55fa05aa87b1d538cb480
examples/sdlrenderer_blendstate_opaque_test.cpp	91e93a9c2b61028503a1e4a25145695e5ecd8b70
examples/sdlrenderer_buffer_construction_throws_test.cpp	96dae57f345a01b333fa0b97ed6553116f047148
examples/sdlrenderer_clearoptions_audit_test.cpp	3838977092cac7a1afead5e762ab53fe3510ede5
examples/sdlrenderer_custom_effect_throws_test.cpp	8be75422e93704744d5f53b12eaee59d4c5134c7
examples/sdlrenderer_devicereset_events_test.cpp	3672a5873f11220dc0c98ef8267b64c8d824748b
examples/sdlrenderer_disposed_guards_test.cpp	1593e6cdd4295077eade5c8d580666018a94c018
examples/sdlrenderer_double_dispose_test.cpp	cd0409caef2cb9e31e0772fab4af09aa087f5b2e
examples/sdlrenderer_drawprimitives_throws_test.cpp	19631debae0b3a9181574c4de779f23eefa7db16
examples/sdlrenderer_drawuserindexedprimitives_throws_test.cpp	212cdb20379a4acc1c6545124b0701b2f2240d2c
examples/sdlrenderer_drawuserprimitives_throws_test.cpp	0292a1c0a69254c4a8b882e3cdfee4ca5c6dc5da
examples/sdlrenderer_fullscreen_toggle_test.cpp	388b710f3934d3c4dbbe8191605d6206a2b1f07a
examples/sdlrenderer_getbackbufferdata_after_rt_unbind_test.cpp	00a31893f0634b0da8a12928a291fdce41ad6275
examples/sdlrenderer_graphics_capability_test.cpp	3677d9a65db9c115cd15cc643a9c360df912b73b
examples/sdlrenderer_model_draw_throws_test.cpp	00e7941e969e0441e34b7198ef5a2ef7b3601335
examples/sdlrenderer_multisamplecount_decision_test.cpp	286205ffb70bddfa95022f9ba2b2ba73f7f4f27e
examples/sdlrenderer_npot_texture_test.cpp	689a43640fc11dee04dc64942e6e88191304adb6
examples/sdlrenderer_occlusionquery_throws_test.cpp	95f1cdf9015dec276c1d86a2c4589308d8c67644
examples/sdlrenderer_presentationparameters_resize_test.cpp	79bcb7a2971a34442cd89982e75287a69d063cfb
examples/sdlrenderer_presentinterval_test.cpp	1a5a5f1f28fc50e27916a6a1594da57380b861a2
examples/sdlrenderer_rasterizer_depthstencil_construction_test.cpp	cdf1f1460ecec28aaa76c9e8fa9e7f3a1da6f16d
examples/sdlrenderer_readback_test.cpp	1440c214ec996bdde617b0debc8c6394ce9e5d7a
examples/sdlrenderer_rendertarget2d_construction_test.cpp	a4909d2a47457791c682aec864b6a50ffa869256
examples/sdlrenderer_rendertarget2d_sample_test.cpp	1cd36e04b0559366a9c08c7d20a76dac1e8da27c
examples/sdlrenderer_rendertarget_depth_decision_test.cpp	d9cc6d6d4c0d66b797dd44e20af592924efdd127
examples/sdlrenderer_rendertarget_usage_test.cpp	d04b2e1a5b465786c0513c665894f9e79454eb55
examples/sdlrenderer_rendertargets_mrt_throws_test.cpp	1e83ace22e563e5497187905d117f2b706db94b7
examples/sdlrenderer_resource_leak_test.cpp	1f41be50011bd970c678901fcfeec65c7abfaac8
examples/sdlrenderer_sample_animated_spritesheet_test.cpp	14c6f7dfb9e87c1d24f5cd96abeccb626638104f
examples/sdlrenderer_sample_bouncing_sprite_test.cpp	9ebd82d31df0437e57332b43dc844d63e8236078
examples/sdlrenderer_sample_keyboard_sprite_test.cpp	4df733d9e81439a3c89f94c27ea2aa6cbbee80e3
examples/sdlrenderer_sample_spritefont_text_test.cpp	965a60844639976ff6a7305b53ad3882d15098bd
examples/sdlrenderer_samplerstate_default_test.cpp	df9ba65a3017c8b737d9ce8689f98f5e74ad7490
examples/sdlrenderer_samplerstate_filter_audit_test.cpp	64b4327af92f884c881f9832038d71df1c01540e
examples/sdlrenderer_samplerstate_perdraw_switch_test.cpp	52a4b4ebcdd5e9efc9be14e489c39aec2e9346fc
examples/sdlrenderer_sprite_effects_test.cpp	b520cced02caea432141e8622c0c09c1c6ff8c02
examples/sdlrenderer_spritebatch_begin_end_guard_test.cpp	b23c3caf42b4c51f72e0539beaea8fe23bf8b708
examples/sdlrenderer_spritebatch_deferred_order_test.cpp	125a9d510cc4cc6c479fcb0ab6824c2ed25f1d20
examples/sdlrenderer_spritebatch_immediate_flush_test.cpp	643797aed75354316e174eb4345daba42a69510a
examples/sdlrenderer_spritebatch_layerdepth_test.cpp	bd30a4f423608a5557f256aa460a152874ae7969
examples/sdlrenderer_spritebatch_overloads_test.cpp	267830012c9c29804e217b48dd54d7997e47d6eb
examples/sdlrenderer_spritebatch_rotation_test.cpp	327f46819eb8895a2c13e41aeec667e982aa10d2
examples/sdlrenderer_spritebatch_scale_test.cpp	6529cf597f8e2d4ef187f925ede4b498c95663c8
examples/sdlrenderer_spritebatch_sourcerect_test.cpp	6c504c752c22ce3d75a4657c618c3c5aa27c27bd
examples/sdlrenderer_spritebatch_texture_sort_test.cpp	691d1590d7583b269df384e2706903ead3345b9f
examples/sdlrenderer_spritefont_default_char_test.cpp	d7d25a7fc68cfa3063885db166face0bd8f1d30f
examples/sdlrenderer_spritefont_effects_test.cpp	61161631dd13070cc1d276c5601540292a086055
examples/sdlrenderer_spritefont_multiglyph_spacing_test.cpp	6384f71227d85dc9af0ad8839fa52ca504d7a53e
examples/sdlrenderer_spritefont_newline_test.cpp	efa40e816f543bbb31d5d5745dbf74be12f51aea
examples/sdlrenderer_spritefont_single_glyph_test.cpp	a3f9a56d20acf6bd2a152c0f1c431a6d69811651
examples/sdlrenderer_stock3deffects_apply_test.cpp	019c6af45a92e0730e665341c3769c12170f9e9d
examples/sdlrenderer_texture2d_dispose_test.cpp	ff3bff2c6524950d53c423ea7f82d1b808ca8ef5
examples/sdlrenderer_texture2d_fromstream_test.cpp	af7f7cf760209438c289edd1456c19101a75f650
examples/sdlrenderer_texture2d_miplevel_throws_test.cpp	d5f533ceaeec1a63afb917ab6704d8f733008714
examples/sdlrenderer_texture2d_partial_rect_test.cpp	06ab92451a0b2bca83b34594412bf7c7a70ee25c
examples/sdlrenderer_texture2d_saveas_roundtrip_test.cpp	3e6d3086a6e24b7c86b6b4aad9c97eb14c36c62a
examples/sdlrenderer_texture2d_setdata_getdata_test.cpp	80899cc95422762f34cfeb768043f607103f161a
examples/sdlrenderer_texture2d_startindex_test.cpp	f343a2139c0024515eaa574368bb970c8cf25c3f
examples/sdlrenderer_texture_address_mode_clamp_test.cpp	4451436b6426a1fb4eb54e76d74605febd8b26da
examples/sdlrenderer_texture_filter_point_vs_linear_test.cpp	2141880f29c01c096c53466218a5dc8f6ff9527e
examples/sdlrenderer_transform_matrix_test.cpp	e5020089f843473cc84cc674aa3cc74aeb9c011a
examples/sdlrenderer_vertexdeclaration_construction_test.cpp	b0a2e9eca44bbcced23360add31623b07cafd34d
examples/sdlrenderer_viewport_project_unproject_test.cpp	09de83641565c935ee81e22c5fd60935c24cb23b
examples/skia_3d_refusal_test.cpp	7a4754589868d899285684d8a26c0b7942e74809
examples/skia_active_target_readback_test.cpp	56821c84b3345ea6c4b4b3aef1354f9032ff9701
examples/skia_blend_enabled_state_test.cpp	a449318ffe62bfb1969f5452b1a0e4c34cb19b24
examples/skia_blend_mapping_policy_test.cpp	79b43fdae94f30bc6218df3cc1f49669d71ce79b
examples/skia_blend_mapping_raster_test.cpp	2f1d8a212a960190b02c4946e2f9df25466ac7aa
examples/skia_color_write_mask_raster_test.cpp	c9fa5fa96a7901648d2b75c2af71d3c0929ef1d1
examples/skia_color_write_policy_test.cpp	95e4ce2993361d341b2473338767328668ddced3
examples/skia_context_recovery_test.cpp	28051868bb783fbda04a0f032845a7c05ccdaa1b
examples/skia_cpu_depth_raster_spike_test.cpp	f0be1bf2b6604d095345c874e22eb943aea38ce2
examples/skia_cpu_geometry_spike_test.cpp	5cf169ca30f8050469fc0218da068b5e7d807a8a
examples/skia_cpu_stencil_spike_test.cpp	8a6b95e65d846da0a49e3abf225b302ebcfb9741
examples/skia_cpu_stock_effect_spike_test.cpp	78d0b0b542e26b809012de97b6a1255d41c5a62b
examples/skia_cube_rendertarget_sampling_spike_test.cpp	5cffe935431034e5aa8b5c4a035c0d8346eff60b
examples/skia_cube_sampling_spike_test.cpp	f0efed73210453a1165123fb42adaa3cac1c323d
examples/skia_cube_volume_effect_binding_test.cpp	1177f7ceab969d5e72af9f89be709ba408f2978b
examples/skia_cube_volume_sampling_oracle_test.cpp	a84f33d75a74fb22bd76fa6e49d352ccb9f4cd8c
examples/skia_display_scale_test.cpp	ea3e281b170f2ef148d87fce0f6c9d8b58a980e8
examples/skia_effect_boundary_test.cpp	7f472b4c4500a7a0e8679142d006cc933b88cf13
examples/skia_effect_emulation_spike_test.cpp	b66909001b240a2ffddcfc84339592ae18a1ec68
examples/skia_ganesh_backbuffer_test.cpp	2eb5ff7240b56adf88fd8564494c8b81b99c39ad
examples/skia_ganesh_mode_test.cpp	d786508a9d561e5e1341e6405dd922cc039755e8
examples/skia_ganesh_resource_budget_test.cpp	40182d75c7421a06483c3a1e37183a71045832d8
examples/skia_generated_blend_batch_modes_test.cpp	1658fcf4ef0bf9a23a66270b934b2cdff6150fb4
examples/skia_generated_blend_public_corpus_test.cpp	6cbffbf712b584562f9873ddda538f3eccbd7fab
examples/skia_generated_blend_state_policy_test.cpp	0e4ca9b78d24b76e4678637815256c5426bb09ae
examples/skia_generated_blender_test.cpp	3199df04af25408eb65cca43cdaafa7603910a44
examples/skia_glsl_translator_test.cpp	b0b1cc46ad8e1dc8f156eb24c60a66bc587d7f58
examples/skia_graphics_capability_test.cpp	c31a642ed2eda991eff5b530a802b7f7c85641ef
examples/skia_lifecycle_test.cpp	8d56f2c376f38fc0165687b632334a552d594b32
examples/skia_mesh_effect_abi_test.cpp	5fd5a9b6090401f22de703f8b056535a0cb37a2d
examples/skia_mesh_effect_hardening_test.cpp	3a0efeb0b91196a29ed6a8aaf55ede2d8620a882
examples/skia_mesh_effect_public_api_test.cpp	a0a24870a75c2bc59ce0273010b27cf5a4aa2da7
examples/skia_mip_chain_2d_test.cpp	3575203c7156576bf213e3f71b324264c650bd46
examples/skia_mip_sampling_raster_test.cpp	90cdb92911d1315a3912d6f6590763945f261923
examples/skia_mipmap_policy_test.cpp	36f5e76bb97dcfe8754c94cd8ffea696029b4486
examples/skia_mrt_rejection_test.cpp	e02f669dc5a4c087491a4163ae5642f65e45248b
examples/skia_occlusion_query_feasibility_test.cpp	f5afadbe8b5befefb1142d09c516dd8ea7e5f97b
examples/skia_ownership_test.cpp	cd3d0cce10d61e684d51b0667df152b646126d80
examples/skia_present_interval_test.cpp	7d7c4699d63bff338952ecaa86c799174baac3f1
examples/skia_presentation_edge_test.cpp	3e8fd867575d798c911784af7b053b67f608a765
examples/skia_presentation_modes_test.cpp	103644725b8720399abcbb8ad6d68ffa8bd35c2d
examples/skia_projected_vertices_spike_test.cpp	7103c00d775db1950672804850b776e08bda7826
examples/skia_raster_mode_coherence_test.cpp	81b94fe200a6cbf3b05f890de66cd3e820376e86
examples/skia_rasterizer_state_policy_test.cpp	62f543b8b3a00912ccd1f7fc1800c45540298511
examples/skia_rendertarget2d_format_support_test.cpp	2204e8e8afe459ef6304f5ef9719096e4fa5ff29
examples/skia_rendertarget2d_mip_generation_test.cpp	f0d1d9ac73d76a4a1b145bb8491f5b31d3c77286
examples/skia_rendertarget2d_mip_storage_test.cpp	5ef493b1b2779ef7f7198e4e807b1707d0ca2a3b
examples/skia_rendertarget_depth_policy_test.cpp	6acf53fe6e069fb85dcc162e9cff320d615b1a61
examples/skia_rendertarget_lifetime_test.cpp	bde0fe3092c928b28e9f1595fd2615344999232e
examples/skia_rendertarget_msaa_policy_test.cpp	0a2b206bc7cfb5e968d7cfcc49e13fc0eaa26106
examples/skia_rendertarget_readback_test.cpp	79c3c6b3960a6b083cdef30eccb3a501987ceb93
examples/skia_rendertarget_scissor_test.cpp	0120215f0f25ca65936072cc9ceebe7117a4d5c1
examples/skia_rendertarget_setdata_test.cpp	d9a23bce1fbe66b42a3d9a7ea52fdc28bfb2b6da
examples/skia_rendertarget_switch_test.cpp	f5c2dc8d28c4f6f5c4c34cd91675b485bebbfc65
examples/skia_rendertargetcube_policy_test.cpp	004f9bcaab5c57ae6cea81b7f1cd5fad1760869f
examples/skia_resize_presentation_test.cpp	02015c656c560e134825bf95862cdc0f3c0efdf3
examples/skia_resource_budget_test.cpp	625edf7f8b6691c1e91074d429175cfce869b0f2
examples/skia_runtime_blender_policy_test.cpp	2bc401e9642e0c9769c4b22c71ec93c5f9703695
examples/skia_runtime_blender_raster_test.cpp	1d3931b51aebf43b96ddfbb63d8cf6932e4c5607
examples/skia_sampler_mipmap_filter_test.cpp	0b0b7d9e97e1f54b3bc6d079d1679bfe272c6e1d
examples/skia_sksl_effect_prototype_test.cpp	cfd18c14fe93de45b116b1420491cd606fbc812e
examples/skia_sksl_uniform_texture_test.cpp	dc0f73e42265a20ecb612f5eb1129664fe743bd4
examples/skia_source_alpha_policy_test.cpp	8abf1d7559746e01ea82f5e0ca26f5cb51f9c7e3
examples/skia_spritebatch_negative_scale_test.cpp	cb822254a973ec723f5bbb923b004df57cffe071
examples/skia_spritebatch_remaining_overloads_test.cpp	fe5e4773dfe5152d4536afd4b4db31488b94662f
examples/skia_spritebatch_sampler_transition_test.cpp	b4839fcb2a26be49f76fab9b49d7eda433103cac
examples/skia_spritebatch_source_rect_linear_test.cpp	92780770f38cd5b46f064c8e436ebb47fb278ea1
examples/skia_spritebatch_stress_test.cpp	08e1ec7ef82dade7854245075820a8fa97394dc7
examples/skia_spritebatch_tint_alpha_test.cpp	275f1b27350daeb55ee9b52b432ca327c9ab7bbf
examples/skia_spritebatch_viewport_test.cpp	8ace32be03cceb2bfec7e79e8228225c56975093
examples/skia_spriteeffect_alias_test.cpp	4812e60c4fc40b8c6e605e58cc81c1fbe0f11f0b
examples/skia_startup_diagnostic_test.cpp	b689f9317f57c620e20a161874a8892cb7b3ad17
examples/skia_state_transition_test.cpp	c5eaeddeac3caf36655488bc4b16685fcb6bec5f
examples/skia_stock_effect_boundary_test.cpp	68257ef17ed4fdad1484dc74b8a4c369fda5a847
examples/skia_successor_resource_policy_test.cpp	d51d0d658f632ebacb566ab4b8325a21cd81b94e
examples/skia_surface_raster_test.cpp	cf30ff8f0cf794cab5016760cd00a9504db75a84
examples/skia_target_binding_raster_test.cpp	bdd20bf582fe2975c93f8d0654a9790d3dd12b8f
examples/skia_texture2d_bc7_test.cpp	ac46422bc42224cd601433872e1bdd023b0b07a8
examples/skia_texture2d_colour_formats_test.cpp	0475a3bed4d9dc201f9a1ab57735e52a8b89c898
examples/skia_texture2d_compressed_formats_test.cpp	9a5ccf546183bc1692273858c11e1cb7788411be
examples/skia_texture2d_content_mips_test.cpp	4e9002377616fd3f77a675c5d7d4b7157cda9f29
examples/skia_texture2d_float_formats_test.cpp	7225eef48ed37b89fd6fd80cd5ae9d07d952373c
examples/skia_texture2d_mip_construction_test.cpp	1db3d6527df5f35e23a790cbc17d651df758c780
examples/skia_texture2d_mip_generation_test.cpp	c2dd744f73a0cc551dc2950e249f9de86dc2446e
examples/skia_texture2d_mip_transfer_test.cpp	ebd0e9edc0e048caf21b8de47d528e51d6793107
examples/skia_texture2d_packed_formats_test.cpp	d650ae3c6137a90170c553771f8e530182a468a0
examples/skia_texture2d_shadow_formats_test.cpp	7d97c717731322b40c172c6312c1a8e933097440
examples/skia_texture2d_unorm_formats_test.cpp	96a869f7e775e7216b7888fe964398ad3f075925
examples/skia_texture_address_axes_test.cpp	95d9a08636d37066cf5328e7a0a01e3ec65eff0d
examples/skia_texture_alpha_boundary_test.cpp	86b6366e7fd8659be95b17f24da09abef9ca5687
examples/skia_texture_constraints_test.cpp	98b2c825f7663ba8f11795861e25730e63b2b64e
examples/skia_texture_filter_minification_test.cpp	839f5bc750d1562e3814f2bc117aab71f7ed7df8
examples/skia_texture_row_stride_test.cpp	8a49e07ba7aa8bee9515cb56530bea7485063fb5
examples/skia_texture_storage_policy_test.cpp	0dc6307e40064e6285da4be3fe846796bc947d22
examples/skia_vertices_2d_spike_test.cpp	8e7d167a3022ac08081bdc1dfc94190bf4af91b3
examples/skia_volume_sampling_spike_test.cpp	947d26eda0c9b897d7f3fdfe17bbe42a7af68252
examples/skia_volume_trilinear_spike_test.cpp	9ce171f990b231766645d6f5a8c0bce572d4e4b4
examples/skia_window_lifecycle_test.cpp	242c96f1b26a3a01ccdd2193b211c70b41ed0603
examples/skinned_effect_integration_test.cpp	1f99fe4d30a77122c1d8fa2d662723dd6ef494ca
examples/skinned_effect_test.cpp	820aa201c690be755f7fd775a1413543de0f980a
examples/skinnedeffect_lighting_conformance_test.cpp	8d5e645c9ce625be0f204113aa7a11deb3c60f57
examples/software_3d_viewport_test.cpp	5889661eba45e5991091fdad0f3a73b47b3876f4
examples/software_clipping_test.cpp	35b735688634c09be1adeb18c0dd6a52777a2a18
examples/software_colorwritechannels_test.cpp	f1f0d635b6f56c72c261bc9df5b40d09cf8b4f1b
examples/software_culling_test.cpp	043aa3e6d7c1cb12471fcc5b276787a305b04ad3
examples/software_depthbias_test.cpp	6720c8086bacebe0f710996729ecd71107e85ab3
examples/software_depthstate_test.cpp	174ec4c576241cda5b85424f78b6ddd332016d74
examples/software_dual_envmap_skinned_test.cpp	a4258a5baff608a65638a893a4915abcb46ea4ff
examples/software_effects_test.cpp	5551f8e9de8385dfa7adfc545a929fdc7a88f6bd
examples/software_indexed_addressing_test.cpp	653dc1185fd91e2a5488a75f3b8981216604682a
examples/software_rasterizer_test.cpp	ab38869ba770369a618a5564d9fd593ab54e3db6
examples/software_rendertarget_readback_test.cpp	eddfe58fcbbbc9029272a23c60ac4f8ffa8c5a8f
examples/software_scissor_test.cpp	3d024d7d1b7db4dbf8ce05042e6f167c4cf303ea
examples/software_smoke_test.cpp	88b67fe129cd479c4a5034f5869376e73fe4fd73
examples/software_spritebatch_rasterizerstate_test.cpp	cfbcf2bbe0e24e72f6d13c1ff3550afc3bec3e37
examples/software_spritebatch_viewport_test.cpp	cfc40ecc782ad9b36178e906259073a901c928bd
examples/software_wireframe_test.cpp	4870af09eede8638aac4a1bb6624e88c6b6b195f
examples/sokol_2d_test.cpp	5781c953eb6d3c3be0225e4e30d2761f8e3fd182
examples/sokol_3d_test.cpp	a84a1803e942b237674483d92a5c00e848a367f8
examples/sokol_blendfactor_pipeline_cache_test.cpp	5109ab592eb70a8dddd49811d8b2fd0fb0a7fbd5
examples/sokol_customeffect_blendstate_order_test.cpp	199ff65d1eb5fb9c594bffbc8814e8d153c44b29
examples/sokol_customeffect_texture_reupload_test.cpp	e33445087b796e2b38a6aff25eb38ec7a1fff3f9
examples/sokol_dispose_order_occlusionquery_shadereffect_test.cpp	d9062d62d837f2671062438361ff317288549884
examples/sokol_gl_context_transactional_test.cpp	4662e82408e2462e60dd1c315c06a45b1b405811
examples/sokol_lit3d_test.cpp	68fc6a18bfd254388ab4e835b33c512f6bcc852e
examples/sokol_rendertargetcube_mip_test.cpp	2403722c0a68134136a79ddb4e6e78f679eaa63f
examples/sokol_smoke_test.cpp	e5f9f0508ee83576fd5448342ba84d288b589695
examples/sokol_state_lifetime_regression_matrix_test.cpp	421e1fea86cd6fa348394b590b6afbed9185dc7e
examples/sokol_vertexbuffer_reupload_test.cpp	4e46f09428640c5f130d5e92574d11a3fae48b73
examples/sokol_wireframe_test.cpp	af45551b248a0364b8f9f8940f682a8db3c9fdcf
examples/source_rectangle_orientation_test.cpp	8904654bc228c313b057f3b87cd1774ca44843cf
examples/sprite_font_test.cpp	df498a783637efef364ec68a4534c4ce950f140a
examples/spritebatch_3d_order_test.cpp	d25d47d501429c91ec92b9a3c9a7aa3ca951e742
examples/spritebatch_begin_rasterizerstate_scissor_test.cpp	71ac51a5531f54516c9539d270e455cd0aeca94c
examples/spritebatch_custom_viewport_rt_test.cpp	9919b0ac1e5c91c7ebb2a19caef32b935f1124b8
examples/spritebatch_custom_viewport_test.cpp	0b1ce0c95be8fbc68520b57699e581a7130bdfa7
examples/spritebatch_viewport_switch_test.cpp	e367528b2d0f87a03206c9f0a8085d1ed4355993
examples/stock_effect_sampler_contract_test.cpp	ccdbc014dec0bc6438e37e2f19db72cf38185312
examples/stub_smoke_test.cpp	81ae3537b62b32737a4b8f256c4aafa9993763cc
examples/texture2d_getdata_contract_test.cpp	56ddd7cb1eb3e9773f24405e16f33dd022e6719e
examples/texture2d_getdata_transfer_range_test.cpp	6272cd992d947304b24db114c1778bf1a119dd5d
examples/texture_filter_mip_contract_test.cpp	d8a97d53024d20937201ed53a9ce7c26c5eb1d64
examples/texture_filter_ordinal_contract_test.cpp	eb074a87476f14cee66eb9d508a4575064eac15a
examples/texturecube_texture3d_getdata_contract_test.cpp	2b0f8d4abd4cc279c4e0ea137dd6446450a56e3a
examples/texturecube_texture3d_setdata_contract_test.cpp	10953ebb66ceae110d90cfb2f32faacd8c72c8c4
examples/triangle_strip_winding_test.cpp	79218936139c91ebc361265e20defed1dbc2b78e
examples/unsupported_3d_call_behavior_test.cpp	089c52972585495630aed57ae628f35c41681508
examples/viewport_reset_after_resize_test.cpp	d7ece12be3adfe556ba29db5175f88308a4e7ac3
examples/vulkan_alphatest_comparefunction_sweep_test.cpp	b7cefa0474eab2c9dc80dffeff27b6636295e0b4
examples/vulkan_alphatest_fog_test.cpp	33fa8c8231588999d06cd701863b37dd44addebe
examples/vulkan_alphatest_null_texture_test.cpp	5593a89b621c69c8026bfbffa6a293fafb80a4ac
examples/vulkan_alphatest_vertexcolor_test.cpp	25f7c9e430959111528040520f54324c061b890d
examples/vulkan_basiceffect_colored3d_fog_test.cpp	0b02191534f568cd352976c9ff49f2b70b67b738
examples/vulkan_basiceffect_coloredtextured3d_fog_test.cpp	350138fa0d46edb32546a960c254638950d11434
examples/vulkan_basiceffect_combined_test.cpp	09510f74146648950354acdf36dc9d4346751c7b
examples/vulkan_basiceffect_emissive_test.cpp	3c72bff12855863b1ceee97747b366a1ee6fb984
examples/vulkan_basiceffect_fog_test.cpp	bc3a6a2a3925648aee1995d1e45a2bd6115a7074
examples/vulkan_basiceffect_multilight_emissive_test.cpp	d88189bfb531193817e1b753f9d6843bf3dc51fe
examples/vulkan_basiceffect_one_light_test.cpp	1213f5b4911f0d0b310b9907adee4acf681dc8f4
examples/vulkan_basiceffect_preferperpixellighting_test.cpp	f1590e5691816899bef5ab0036dfdd26afe710ad
examples/vulkan_basiceffect_specular_test.cpp	0db80604d287b4e65adce68745270028f06cbb35
examples/vulkan_basiceffect_texture_enabled_test.cpp	e5c67895dc9ea3c36da283965682472d3084bab1
examples/vulkan_basiceffect_texture_vertexcolor_enabled_test.cpp	905c7ddb3d69c6ec97cae5e4b0a19271e8b85544
examples/vulkan_basiceffect_textured3d_fog_test.cpp	47f8dbc7bdb67e73f091e80176e647cadc9162d8
examples/vulkan_basiceffect_textured_msaa_test.cpp	d804a0ea806e19bdb16dcb938bdfcccc2f629b5e
examples/vulkan_basiceffect_vertexcolor_disabled_test.cpp	ea39c4ad45a5866a78fd29b84758ceaf05e2f972
examples/vulkan_basiceffect_vertexcolor_enabled_test.cpp	755473ea356cbcb1a590fe2720341a73ed68ef32
examples/vulkan_colorwritechannels_test.cpp	bbac60b7945ba550e8d4008fa9bc6651f5b9b498
examples/vulkan_cube_face_readback_dependency_test.cpp	a9274fcb7dc8fcb38140c03e3fe6481086cf5ae0
examples/vulkan_cube_mrt_binding_test.cpp	8d928b99d3e315c8bcd2b7fa010f32184ba8e90a
examples/vulkan_deferred_resource_lifetime_test.cpp	33c16480a28ff65850730290e3516647b86e6edd
examples/vulkan_depth_bias_test.cpp	3b312cafbb71f846e196c6bdd60f8f8d277f73c4
examples/vulkan_dual_texture_test.cpp	5eb44ef3a71a1877deb1274f87ee28a0d7f605ac
examples/vulkan_dualtextureeffect_alpha_test.cpp	f7594bb287272650e51dd739b236dab9cc207bc1
examples/vulkan_dualtextureeffect_combined_test.cpp	9c75502b82187842567deaeae7c8e09eb177649c
examples/vulkan_dualtextureeffect_doubling_test.cpp	983bd14fa9e3bf551e2dfe335b761b93fe0ec732
examples/vulkan_dualtextureeffect_fog_test.cpp	8c7a0cadd8b86d8271b316b714a2f3433f653307
examples/vulkan_dualtextureeffect_null_texture0_test.cpp	6c8e94d9a55c361fd9d1907f16fdbee1c97f856c
examples/vulkan_dualtextureeffect_null_texture2_test.cpp	73666a64bf93b23c9940ef39f65a71aac192c693
examples/vulkan_effect_descriptor_cache_identity_test.cpp	75ae752a9c1ba3871ea5d4459a7da39d4e381e7b
examples/vulkan_env_map_test.cpp	e10b4af0877619d4a698524526138103405a5c2f
examples/vulkan_environmentmapeffect_amount_one_test.cpp	1cfaa8228f56e6c1920ff311777f247d79d98cc1
examples/vulkan_environmentmapeffect_amount_zero_test.cpp	944ff67bf21e041c28af2a9db6bb1d7341fc0592
examples/vulkan_environmentmapeffect_combined_test.cpp	59c77b77398115c769f2c3d7104ca37e3453699f
examples/vulkan_environmentmapeffect_eyeposition_test.cpp	ea1a17efc6317023776a8b809f4aa6b5b18debcd
examples/vulkan_environmentmapeffect_fog_test.cpp	9b9bc9762732de54f1b6884a32ec223c03144f7f
examples/vulkan_environmentmapeffect_fresnel_test.cpp	edae618a6a2118fe34de978af6de9eef89034fa9
examples/vulkan_environmentmapeffect_multilight_test.cpp	1bed174ea9c548ab039b46d4caad9e9362f2087f
examples/vulkan_environmentmapeffect_specular_test.cpp	532208582c9973bb595f3c83e79f5407c8b3ddd6
examples/vulkan_environmentmapeffect_worldtransform_test.cpp	2bf042efe3190504919e22195b4380e4290bd9c5
examples/vulkan_fill_mode_test.cpp	c109f4309d610b95746ac923b7dd7cb9f2d88061
examples/vulkan_instanced_test.cpp	39760f524829412fb693bc634c598812318e555b
examples/vulkan_instanced_vertex_color_cardinality_test.cpp	e9da0403b121df3ed12c51630856bc3d801beec0
examples/vulkan_mrt_mip_finalization_test.cpp	40cf56c2530d52be13b5c5f9f07347ad79fdf5b6
examples/vulkan_mrt_msaa_test.cpp	3fee0e06df849bae2c3f0692977feea6b50c04b7
examples/vulkan_mrt_msaa_test_spv.hpp	febc6066fa4583d73420efbfb8aa441865f6882c
examples/vulkan_msaa_test.cpp	e87d4b4f2669e7091d5ca65ccf5c6adc31d5cf1c
examples/vulkan_occlusionquery_pixelcount_test.cpp	0bd005efb3a0dbdcab5ab21d18b8f5d9d2d0b0a5
examples/vulkan_orientation_calibration_test.cpp	1e2f997729fff8b05c433556659e91508721cddc
examples/vulkan_orientation_effects_test.cpp	a2d919030d53e75e1adf4f31c4cd539fd7aad5c6
examples/vulkan_orientation_rendertarget_test.cpp	75fe32adc28cc7698c44bf195fc5ef5f2a8be73b
examples/vulkan_pbreffect_handderived_test.cpp	629bd354a4ca35e6bbc5289aca556351ca8d6af9
examples/vulkan_render_target_usage_test.cpp	be83ecfa086d27ded93ffb27ee8c59a301c3cc45
examples/vulkan_rendertarget2d_mip_test.cpp	dde62f411c6507bc9f76423c004781a9137ad03b
examples/vulkan_rendertarget2d_msaa_test.cpp	544cbb1cc933340a1d842e9a47d80be2d157a0cd
examples/vulkan_rendertarget_blendfactor_test.cpp	0b15add1de8f3efbc2d58d474369e954fae50f2b
examples/vulkan_rendertarget_depthformat_fidelity_test.cpp	b5207488aba05580767f606318ed2a70959e3f7f
examples/vulkan_rendertarget_getdata_lifetime_test.cpp	1247c0d5b61dca2f16198595429b09f6930abe10
examples/vulkan_rendertarget_scissor_test.cpp	10da86ad02f432fb003b1a03121e614261ce0909
examples/vulkan_rendertarget_viewport_test.cpp	0172d5b3d384731e72d728d06355ae6a6b687999
examples/vulkan_rendertargetcube_mip_test.cpp	314eb4ae462158bf5d9e04d9ec97c2619f48dbf5
examples/vulkan_rendertargetcube_msaa_test.cpp	9b6ce8a3c4fea9108224a21daa817889076a0312
examples/vulkan_rendertargetcube_sample_test.cpp	2bbcd1fb1ca7e111313c6d2fac5d3bd515a9f739
examples/vulkan_rt2d_test.cpp	8e37ac1e2644bc233b86cd54830b4decc7a44d67
examples/vulkan_rt_roundtrip_test.cpp	a58f0e27a4cd0038ff6f0f2334c476c25bfe1489
examples/vulkan_rtcube_test.cpp	9e61ba60b6de0d364ac5cbd4eb4b02bfd6d60879
examples/vulkan_scissor_test.cpp	1a62d1d8d8553a9ce61808ef883d42d7b2d21c91
examples/vulkan_shader_effect_test.cpp	21460e54dfe1a340dca69577566a2a24eab3290f
examples/vulkan_skinnedeffect_combined_test.cpp	02be85a5a3160b07d601b586da14c1c7c3bd5741
examples/vulkan_skinnedeffect_fog_test.cpp	80ae8c6c9804621b09e9fcb4983e631211b58aac
examples/vulkan_skinnedeffect_identity_bones_test.cpp	0461d6954b384e3f554a5a05b5f1e9a31da1cdd8
examples/vulkan_skinnedeffect_multilight_test.cpp	b0324ece4a170e7454bc9e1aeda49e403faea4ca
examples/vulkan_skinnedeffect_preferperpixellighting_test.cpp	7804652c2aa49cd8bcaead2a705ade21f4d2f68c
examples/vulkan_skinnedeffect_specular_test.cpp	7e2b1809a010dd461bb018f15edef3bac1e3f22b
examples/vulkan_skinnedeffect_translation_bone_test.cpp	aa1fba26acf8466e103dbacc4b697d6a80e6ecba
examples/vulkan_skinnedeffect_twobone_blend_test.cpp	c08e14001d4028dfd3a7505f317602124ab21cc6
examples/vulkan_skinnedeffect_vertexcolor_test.cpp	d855bd696210435eaf55b5bff2ba6ced81eaddc0
examples/vulkan_skinnedeffect_weightspervertex_test.cpp	bf59ecf80554014ad8fa9ddcf93e093ef762c4e0
examples/vulkan_skinnedeffect_world_normal_test.cpp	b0febbb91ea36fe310c3bfbedfafedaad6b13750
examples/vulkan_spritebatch_blendstate_test.cpp	8a8a45dc046779f304bdc4e61bad16ef74e0d201
examples/vulkan_spritebatch_multi_begin_end_test.cpp	7d9500329f25ea26721b5a99d27473b5828d05fe
examples/vulkan_swapchain_sync_test.cpp	a4d2f210fbe4a2c15156c8314c970e01753d166d
examples/vulkan_texture3d_mip_layout_test.cpp	20d8a2a152d36e13592b99834b900bbeca8dae88
examples/vulkan_texture_address_mode_test.cpp	5b6ded12c26b6fc54b8270b09ff9a05f22e72b70
examples/vulkan_texture_mip_filter_effect_test.cpp	59d9c617f1701e127b98f64a62afe27d48e87698
examples/vulkan_texture_srgb_test.cpp	cb426bb5c9b53e726dd061b073d3cc4026956837
examples/vulkan_transform_matrix_test.cpp	b7d07afb3b5505d40e2300e16e9240d77f741e5a
examples/vulkan_vertex_format_test.cpp	88716f8d4ff4a45a7fd6bb3a54930ee9c4ccfcb9
examples/vulkan_viewport_subregion_test.cpp	0ba58cfcd4ba7d53d3822d1d8039c53d621038a9
examples/vulkan_viewspace_fog_test.cpp	819ced6a26f3d5d367f5767f8db463c7e9162be9
examples/webgpu_alphatest3d_test.cpp	8b00ff38d8121400551ec012cffa584395f0c1da
examples/webgpu_basiceffect_preferperpixellighting_test.cpp	775f35e49da5323b2748933644233b8f1f6ef785
examples/webgpu_clear_readback_test.cpp	764c8515d5ffc1e0059f8d379fb195d635a1ef6d
examples/webgpu_colored3d_test.cpp	49cee72a1049d3be79afb3a831537ac37a9f19aa
examples/webgpu_coloredtextured3d_test.cpp	8680262f2a7da21e52d3d8b25bcce793427b50d3
examples/webgpu_draw_order_cardinality_test.cpp	72c4d42b91d03389b9ac12e72212bf6ce2a40da5
examples/webgpu_drawprimitivesex_test.cpp	6ab0c8da5b661858d9b691968ef3d6d74631fbef
examples/webgpu_dualtexture3d_test.cpp	4f973f7bd79d7a2c76707027c1da6db062928aea
examples/webgpu_environmentmapeffect_emissive_test.cpp	ea327efb3c8f644531b3e4cb389848204199580f
examples/webgpu_environmentmapeffect_fog_test.cpp	3e7dd7168a042fb636bff16734d3c7df935e1642
examples/webgpu_envmap3d_test.cpp	088df1ea3f6199a5a62ae9643510377b905ead45
examples/webgpu_graphicsstate_test.cpp	2bc7c7355b06c6c8b815c33764f560f84ea01d35
examples/webgpu_instanced3d_test.cpp	e81dab78ca61297f116abcf2df3b68d4f27a72a5
examples/webgpu_instanced_offset_frequency_cardinality_test.cpp	8a075f80381d20f0a2b4048a6f9b034534521339
examples/webgpu_instanced_vertex_color_cardinality_test.cpp	a0ca3db2c759e51c9cc799f4c109d2969c74450f
examples/webgpu_littextured3d_test.cpp	a7967f5092057af23697a303b0ca5011f10cd9dc
examples/webgpu_mipgen_test.cpp	7bff8017d05fa5ff2cad6d6aafef2a7b9f389674
examples/webgpu_msaa_test.cpp	ce96b45b4612f9c923683283be41353d4e22e7af
examples/webgpu_pbr3d_test.cpp	96bc936c755f7ca67072c7fbd28df94bc620ebd0
examples/webgpu_rendertarget2d_test.cpp	9466dcc5b152fa8a0f04e87204c19e2cee9793b7
examples/webgpu_rendertargetcube_test.cpp	f00434e286bcbcffc5eaf5b40b13b6b066d86657
examples/webgpu_scissor_cardinality_test.cpp	8a35e943cd66d97ac12c5155ddad651880f2674a
examples/webgpu_skinned3d_test.cpp	9b832bedf99730843dc79e8d29b5eed3c7c930c8
examples/webgpu_skinnedeffect_material_test.cpp	223a19ffe5fed3727fa14659f97e4f93d678bf0c
examples/webgpu_skinnedeffect_world_normal_test.cpp	5b59b4ce67cda8361686110c3608cb6bf522a882
examples/webgpu_skinnedpbr3d_test.cpp	69b7aca4114e8084195b186ffaca23a31acf3dd3
examples/webgpu_spritebatch_blendstate_test.cpp	15356f9ddfeeade5b87a2ce24581675511a4b168
examples/webgpu_spritebatch_rendertarget_test.cpp	baa40964cce7b2e617639b1d8aedc3ecb951bf19
examples/webgpu_texture2d_getdata_test.cpp	91e4be41923ac1a1a95523d2133d9a4e816438c6
examples/webgpu_texture3d_test.cpp	4c96ac965692ff182ed4d34792a831153b5e1a0d
examples/webgpu_texturecube_getdata_test.cpp	da9eacfad6a48137a08e0c03ac9050e803fca08f
examples/webgpu_textured3d_test.cpp	f4512ba1734f84a17e2d92400b1c116fd038cb38
examples/webgpu_viewport_cardinality_test.cpp	32b2eb8ee8264329b046afe9d2bf707ac8c98798
