include/CNA/CNAException.hpp	modules/core/include/CNA/CNAException.hpp	core-math-runtime
include/CNA/CNAHelper.hpp	modules/core/include/CNA/CNAHelper.hpp	core-math-runtime
include/CNA/DesktopOS.hpp	modules/core/include/CNA/DesktopOS.hpp	core-math-runtime
include/CNA/Devices/Camera.hpp	modules/devices-ext/include/CNA/Devices/Camera.hpp	devices-ext-split
include/CNA/Devices/CameraDeviceInfo.hpp	modules/devices-ext/include/CNA/Devices/CameraDeviceInfo.hpp	devices-ext-split
include/CNA/Devices/CameraPosition.hpp	modules/devices-ext/include/CNA/Devices/CameraPosition.hpp	devices-ext-split
include/CNA/Devices/CameraState.hpp	modules/devices-ext/include/CNA/Devices/CameraState.hpp	devices-ext-split
include/CNA/Devices/Clipboard.hpp	modules/devices-ext/include/CNA/Devices/Clipboard.hpp	devices-ext-split
include/CNA/Devices/Detail/ICameraBackend.hpp	modules/devices-ext/include/CNA/Devices/Detail/ICameraBackend.hpp	devices-ext-split
include/CNA/Devices/Detail/IFileDialogBackend.hpp	modules/devices-ext/include/CNA/Devices/Detail/IFileDialogBackend.hpp	devices-ext-split
include/CNA/Devices/Detail/IMessageBoxBackend.hpp	modules/devices-ext/include/CNA/Devices/Detail/IMessageBoxBackend.hpp	devices-ext-split
include/CNA/Devices/Detail/ITrayBackend.hpp	modules/devices-ext/include/CNA/Devices/Detail/ITrayBackend.hpp	devices-ext-split
include/CNA/Devices/Detail/SdlCameraBackend.hpp	modules/devices-ext/include/CNA/Devices/Detail/SdlCameraBackend.hpp	devices-ext-split
include/CNA/Devices/Detail/SdlFileDialogBackend.hpp	modules/devices-ext/include/CNA/Devices/Detail/SdlFileDialogBackend.hpp	devices-ext-split
include/CNA/Devices/Detail/SdlMessageBoxBackend.hpp	modules/devices-ext/include/CNA/Devices/Detail/SdlMessageBoxBackend.hpp	devices-ext-split
include/CNA/Devices/Detail/SdlTrayBackend.hpp	modules/devices-ext/include/CNA/Devices/Detail/SdlTrayBackend.hpp	devices-ext-split
include/CNA/Devices/DisplayInfo.hpp	modules/devices-ext/include/CNA/Devices/DisplayInfo.hpp	devices-ext-split
include/CNA/Devices/FileDialog.hpp	modules/devices-ext/include/CNA/Devices/FileDialog.hpp	devices-ext-split
include/CNA/Devices/FileDialogFilter.hpp	modules/devices-ext/include/CNA/Devices/FileDialogFilter.hpp	devices-ext-split
include/CNA/Devices/Locale.hpp	modules/devices-ext/include/CNA/Devices/Locale.hpp	devices-ext-split
include/CNA/Devices/LocaleInfo.hpp	modules/devices-ext/include/CNA/Devices/LocaleInfo.hpp	devices-ext-split
include/CNA/Devices/MessageBox.hpp	modules/devices-ext/include/CNA/Devices/MessageBox.hpp	devices-ext-split
include/CNA/Devices/MessageBoxType.hpp	modules/devices-ext/include/CNA/Devices/MessageBoxType.hpp	devices-ext-split
include/CNA/Devices/PowerInfo.hpp	modules/devices-ext/include/CNA/Devices/PowerInfo.hpp	devices-ext-split
include/CNA/Devices/PowerState.hpp	modules/devices-ext/include/CNA/Devices/PowerState.hpp	devices-ext-split
include/CNA/Devices/SystemInfo.hpp	modules/devices-ext/include/CNA/Devices/SystemInfo.hpp	devices-ext-split
include/CNA/Devices/SystemTray.hpp	modules/devices-ext/include/CNA/Devices/SystemTray.hpp	devices-ext-split
include/CNA/Devices/UrlLauncher.hpp	modules/devices-ext/include/CNA/Devices/UrlLauncher.hpp	devices-ext-split
include/CNA/Entrypoint.hpp	modules/core/include/CNA/Entrypoint.hpp	core-math-runtime
include/CNA/Graphics/CRTEffect.hpp	modules/graphics-ext/include/CNA/Graphics/CRTEffect.hpp	devices-ext-split
include/CNA/Graphics/CRTMaskType.hpp	modules/graphics-ext/include/CNA/Graphics/CRTMaskType.hpp	devices-ext-split
include/CNA/Graphics/DepthEffect.hpp	modules/graphics-ext/include/CNA/Graphics/DepthEffect.hpp	devices-ext-split
include/CNA/Graphics/DepthEffectMode.hpp	modules/graphics-ext/include/CNA/Graphics/DepthEffectMode.hpp	devices-ext-split
include/CNA/Graphics/DitherMode.hpp	modules/graphics-ext/include/CNA/Graphics/DitherMode.hpp	devices-ext-split
include/CNA/Graphics/PbrMaterial.hpp	modules/graphics-ext/include/CNA/Graphics/PbrMaterial.hpp	devices-ext-split
include/CNA/Graphics/RenderPipelineSettings.hpp	modules/graphics-ext/include/CNA/Graphics/RenderPipelineSettings.hpp	devices-ext-split
include/CNA/Graphics/RenderQuality.hpp	modules/graphics-ext/include/CNA/Graphics/RenderQuality.hpp	devices-ext-split
include/CNA/Graphics/ShadowQuality.hpp	modules/graphics-ext/include/CNA/Graphics/ShadowQuality.hpp	devices-ext-split
include/CNA/Graphics/TonemappingMode.hpp	modules/graphics-ext/include/CNA/Graphics/TonemappingMode.hpp	devices-ext-split
include/CNA/GraphicsBackendType.hpp	modules/core/include/CNA/GraphicsBackendType.hpp	core-math-runtime
include/CNA/GraphicsCapability.hpp	modules/graphics/include/CNA/GraphicsCapability.hpp	graphics-input
include/CNA/Input/Clipboard.hpp	modules/input/include/CNA/Input/Clipboard.hpp	graphics-input
include/CNA/Input/GamePadButtonLabel.hpp	modules/input/include/CNA/Input/GamePadButtonLabel.hpp	graphics-input
include/CNA/Input/GamePadConnectionState.hpp	modules/input/include/CNA/Input/GamePadConnectionState.hpp	graphics-input
include/CNA/Input/HapticCapabilities.hpp	modules/input/include/CNA/Input/HapticCapabilities.hpp	graphics-input
include/CNA/Input/HapticDevice.hpp	modules/input/include/CNA/Input/HapticDevice.hpp	graphics-input
include/CNA/Input/HapticDirection.hpp	modules/input/include/CNA/Input/HapticDirection.hpp	graphics-input
include/CNA/Input/HapticEffect.hpp	modules/input/include/CNA/Input/HapticEffect.hpp	graphics-input
include/CNA/Input/HapticEffectType.hpp	modules/input/include/CNA/Input/HapticEffectType.hpp	graphics-input
include/CNA/Input/HapticFeature.hpp	modules/input/include/CNA/Input/HapticFeature.hpp	graphics-input
include/CNA/Input/HapticInfo.hpp	modules/input/include/CNA/Input/HapticInfo.hpp	graphics-input
include/CNA/Input/Haptics.hpp	modules/input/include/CNA/Input/Haptics.hpp	graphics-input
include/CNA/Input/InputDeviceInfo.hpp	modules/input/include/CNA/Input/InputDeviceInfo.hpp	graphics-input
include/CNA/Input/InputDevices.hpp	modules/input/include/CNA/Input/InputDevices.hpp	graphics-input
include/CNA/Input/JoystickCapabilities.hpp	modules/input/include/CNA/Input/JoystickCapabilities.hpp	graphics-input
include/CNA/Input/JoystickHatPosition.hpp	modules/input/include/CNA/Input/JoystickHatPosition.hpp	graphics-input
include/CNA/Input/JoystickInfo.hpp	modules/input/include/CNA/Input/JoystickInfo.hpp	graphics-input
include/CNA/Input/JoystickState.hpp	modules/input/include/CNA/Input/JoystickState.hpp	graphics-input
include/CNA/Input/JoystickType.hpp	modules/input/include/CNA/Input/JoystickType.hpp	graphics-input
include/CNA/Input/Joysticks.hpp	modules/input/include/CNA/Input/Joysticks.hpp	graphics-input
include/CNA/Input/KeyModifiers.hpp	modules/input/include/CNA/Input/KeyModifiers.hpp	graphics-input
include/CNA/Input/Power.hpp	modules/input/include/CNA/Input/Power.hpp	graphics-input
include/CNA/Input/PowerState.hpp	modules/input/include/CNA/Input/PowerState.hpp	graphics-input
include/CNA/Input/Sensors.hpp	modules/input/include/CNA/Input/Sensors.hpp	graphics-input
include/CNA/Input/TextInputType.hpp	modules/input/include/CNA/Input/TextInputType.hpp	graphics-input
include/CNA/Internal/Audio/AudioMixer.hpp	modules/audio/include/CNA/Internal/Audio/AudioMixer.hpp	audio-media
include/CNA/Internal/Audio/WavWrapper.hpp	modules/audio/include/CNA/Internal/Audio/WavWrapper.hpp	audio-media
include/CNA/Internal/Audio/XactTypes.hpp	modules/audio/include/CNA/Internal/Audio/XactTypes.hpp	audio-media
include/CNA/Internal/Backends/Ascii/AsciiFontAtlas.hpp	modules/renderers/ascii/include/CNA/Internal/Backends/Ascii/AsciiFontAtlas.hpp	renderers
include/CNA/Internal/Backends/Ascii/AsciiGraphicsBackend.hpp	modules/renderers/ascii/include/CNA/Internal/Backends/Ascii/AsciiGraphicsBackend.hpp	renderers
include/CNA/Internal/Backends/Ascii/AsciiQuantizer.hpp	modules/renderers/ascii/include/CNA/Internal/Backends/Ascii/AsciiQuantizer.hpp	renderers
include/CNA/Internal/Backends/Bgfx/BgfxGraphicsBackend.hpp	modules/renderers/bgfx/include/CNA/Internal/Backends/Bgfx/BgfxGraphicsBackend.hpp	renderers
include/CNA/Internal/Backends/Bgfx/BgfxVertexFormatHelper.hpp	modules/renderers/bgfx/include/CNA/Internal/Backends/Bgfx/BgfxVertexFormatHelper.hpp	renderers
include/CNA/Internal/Backends/Canvas/CanvasGraphicsBackend.hpp	modules/renderers/canvas/include/CNA/Internal/Backends/Canvas/CanvasGraphicsBackend.hpp	renderers
include/CNA/Internal/Backends/Canvas/CanvasRenderTargetBackend.hpp	modules/renderers/canvas/include/CNA/Internal/Backends/Canvas/CanvasRenderTargetBackend.hpp	renderers
include/CNA/Internal/Backends/Canvas/CanvasSpriteBatchBackend.hpp	modules/renderers/canvas/include/CNA/Internal/Backends/Canvas/CanvasSpriteBatchBackend.hpp	renderers
include/CNA/Internal/Backends/Canvas/CanvasTextureBackend.hpp	modules/renderers/canvas/include/CNA/Internal/Backends/Canvas/CanvasTextureBackend.hpp	renderers
include/CNA/Internal/Backends/Common/IGraphicsBackend.hpp	modules/graphics/include/CNA/Internal/Backends/Common/IGraphicsBackend.hpp	graphics-input
include/CNA/Internal/Backends/Common/NoOp3DResources.hpp	modules/graphics/include/CNA/Internal/Backends/Common/NoOp3DResources.hpp	graphics-input
include/CNA/Internal/Backends/Common/NotYetImplemented.hpp	modules/graphics/include/CNA/Internal/Backends/Common/NotYetImplemented.hpp	graphics-input
include/CNA/Internal/Backends/D3D10/D3D10GraphicsBackend.hpp	modules/renderers/d3d10/include/CNA/Internal/Backends/D3D10/D3D10GraphicsBackend.hpp	renderers
include/CNA/Internal/Backends/D3D11/D3D11Buffers.hpp	modules/renderers/d3d11/include/CNA/Internal/Backends/D3D11/D3D11Buffers.hpp	renderers
include/CNA/Internal/Backends/D3D11/D3D11EffectBackend.hpp	modules/renderers/d3d11/include/CNA/Internal/Backends/D3D11/D3D11EffectBackend.hpp	renderers
include/CNA/Internal/Backends/D3D11/D3D11GraphicsBackend.hpp	modules/renderers/d3d11/include/CNA/Internal/Backends/D3D11/D3D11GraphicsBackend.hpp	renderers
include/CNA/Internal/Backends/D3D11/D3D11InputLayoutCache.hpp	modules/renderers/d3d11/include/CNA/Internal/Backends/D3D11/D3D11InputLayoutCache.hpp	renderers
include/CNA/Internal/Backends/D3D11/D3D11OcclusionQuery.hpp	modules/renderers/d3d11/include/CNA/Internal/Backends/D3D11/D3D11OcclusionQuery.hpp	renderers
include/CNA/Internal/Backends/D3D11/D3D11RenderTargets.hpp	modules/renderers/d3d11/include/CNA/Internal/Backends/D3D11/D3D11RenderTargets.hpp	renderers
include/CNA/Internal/Backends/D3D11/D3D11SamplerCache.hpp	modules/renderers/d3d11/include/CNA/Internal/Backends/D3D11/D3D11SamplerCache.hpp	renderers
include/CNA/Internal/Backends/D3D11/D3D11SpriteBatch.hpp	modules/renderers/d3d11/include/CNA/Internal/Backends/D3D11/D3D11SpriteBatch.hpp	renderers
include/CNA/Internal/Backends/D3D11/D3D11StateObjectCache.hpp	modules/renderers/d3d11/include/CNA/Internal/Backends/D3D11/D3D11StateObjectCache.hpp	renderers
include/CNA/Internal/Backends/D3D11/D3D11Textures.hpp	modules/renderers/d3d11/include/CNA/Internal/Backends/D3D11/D3D11Textures.hpp	renderers
include/CNA/Internal/Backends/D3D12/D3D12Buffers.hpp	modules/renderers/d3d12/include/CNA/Internal/Backends/D3D12/D3D12Buffers.hpp	renderers
include/CNA/Internal/Backends/D3D12/D3D12DescriptorHeaps.hpp	modules/renderers/d3d12/include/CNA/Internal/Backends/D3D12/D3D12DescriptorHeaps.hpp	renderers
include/CNA/Internal/Backends/D3D12/D3D12EffectBackend.hpp	modules/renderers/d3d12/include/CNA/Internal/Backends/D3D12/D3D12EffectBackend.hpp	renderers
include/CNA/Internal/Backends/D3D12/D3D12GraphicsBackend.hpp	modules/renderers/d3d12/include/CNA/Internal/Backends/D3D12/D3D12GraphicsBackend.hpp	renderers
include/CNA/Internal/Backends/D3D12/D3D12OcclusionQuery.hpp	modules/renderers/d3d12/include/CNA/Internal/Backends/D3D12/D3D12OcclusionQuery.hpp	renderers
include/CNA/Internal/Backends/D3D12/D3D12PipelineStateCache.hpp	modules/renderers/d3d12/include/CNA/Internal/Backends/D3D12/D3D12PipelineStateCache.hpp	renderers
include/CNA/Internal/Backends/D3D12/D3D12RenderTargets.hpp	modules/renderers/d3d12/include/CNA/Internal/Backends/D3D12/D3D12RenderTargets.hpp	renderers
include/CNA/Internal/Backends/D3D12/D3D12ResourceStateTracker.hpp	modules/renderers/d3d12/include/CNA/Internal/Backends/D3D12/D3D12ResourceStateTracker.hpp	renderers
include/CNA/Internal/Backends/D3D12/D3D12RootSignatureCache.hpp	modules/renderers/d3d12/include/CNA/Internal/Backends/D3D12/D3D12RootSignatureCache.hpp	renderers
include/CNA/Internal/Backends/D3D12/D3D12SamplerCache.hpp	modules/renderers/d3d12/include/CNA/Internal/Backends/D3D12/D3D12SamplerCache.hpp	renderers
include/CNA/Internal/Backends/D3D12/D3D12SpriteBatch.hpp	modules/renderers/d3d12/include/CNA/Internal/Backends/D3D12/D3D12SpriteBatch.hpp	renderers
include/CNA/Internal/Backends/D3D12/D3D12Texture3D.hpp	modules/renderers/d3d12/include/CNA/Internal/Backends/D3D12/D3D12Texture3D.hpp	renderers
include/CNA/Internal/Backends/D3D12/D3D12TextureCube.hpp	modules/renderers/d3d12/include/CNA/Internal/Backends/D3D12/D3D12TextureCube.hpp	renderers
include/CNA/Internal/Backends/D3D12/D3D12Textures.hpp	modules/renderers/d3d12/include/CNA/Internal/Backends/D3D12/D3D12Textures.hpp	renderers
include/CNA/Internal/Backends/D3D9/D3D9Buffers.hpp	modules/renderers/d3d9/include/CNA/Internal/Backends/D3D9/D3D9Buffers.hpp	renderers
include/CNA/Internal/Backends/D3D9/D3D9ConstantTable.hpp	modules/renderers/d3d9/include/CNA/Internal/Backends/D3D9/D3D9ConstantTable.hpp	renderers
include/CNA/Internal/Backends/D3D9/D3D9ConstantUpload.hpp	modules/renderers/d3d9/include/CNA/Internal/Backends/D3D9/D3D9ConstantUpload.hpp	renderers
include/CNA/Internal/Backends/D3D9/D3D9DefaultPoolResourceEXT.hpp	modules/renderers/d3d9/include/CNA/Internal/Backends/D3D9/D3D9DefaultPoolResourceEXT.hpp	renderers
include/CNA/Internal/Backends/D3D9/D3D9EffectBackend.hpp	modules/renderers/d3d9/include/CNA/Internal/Backends/D3D9/D3D9EffectBackend.hpp	renderers
include/CNA/Internal/Backends/D3D9/D3D9FormatMapping.hpp	modules/renderers/d3d9/include/CNA/Internal/Backends/D3D9/D3D9FormatMapping.hpp	renderers
include/CNA/Internal/Backends/D3D9/D3D9GraphicsBackend.hpp	modules/renderers/d3d9/include/CNA/Internal/Backends/D3D9/D3D9GraphicsBackend.hpp	renderers
include/CNA/Internal/Backends/D3D9/D3D9OcclusionQuery.hpp	modules/renderers/d3d9/include/CNA/Internal/Backends/D3D9/D3D9OcclusionQuery.hpp	renderers
include/CNA/Internal/Backends/D3D9/D3D9ProfileCapabilities.hpp	modules/renderers/d3d9/include/CNA/Internal/Backends/D3D9/D3D9ProfileCapabilities.hpp	renderers
include/CNA/Internal/Backends/D3D9/D3D9RenderTargets.hpp	modules/renderers/d3d9/include/CNA/Internal/Backends/D3D9/D3D9RenderTargets.hpp	renderers
include/CNA/Internal/Backends/D3D9/D3D9ShaderCache.hpp	modules/renderers/d3d9/include/CNA/Internal/Backends/D3D9/D3D9ShaderCache.hpp	renderers
include/CNA/Internal/Backends/D3D9/D3D9ShaderDispatch.hpp	modules/renderers/d3d9/include/CNA/Internal/Backends/D3D9/D3D9ShaderDispatch.hpp	renderers
include/CNA/Internal/Backends/D3D9/D3D9SpriteBatch.hpp	modules/renderers/d3d9/include/CNA/Internal/Backends/D3D9/D3D9SpriteBatch.hpp	renderers
include/CNA/Internal/Backends/D3D9/D3D9StateMapping.hpp	modules/renderers/d3d9/include/CNA/Internal/Backends/D3D9/D3D9StateMapping.hpp	renderers
include/CNA/Internal/Backends/D3D9/D3D9Textures.hpp	modules/renderers/d3d9/include/CNA/Internal/Backends/D3D9/D3D9Textures.hpp	renderers
include/CNA/Internal/Backends/D3D9/D3D9VertexDeclarations.hpp	modules/renderers/d3d9/include/CNA/Internal/Backends/D3D9/D3D9VertexDeclarations.hpp	renderers
include/CNA/Internal/Backends/D3DCommon/D3DConstantBuffers.hpp	modules/renderers/common/d3d/include/CNA/Internal/Backends/D3DCommon/D3DConstantBuffers.hpp	renderers
include/CNA/Internal/Backends/D3DCommon/D3DFormatMapping.hpp	modules/renderers/common/d3d/include/CNA/Internal/Backends/D3DCommon/D3DFormatMapping.hpp	renderers
include/CNA/Internal/Backends/D3DCommon/D3DShaderCache.hpp	modules/renderers/common/d3d/include/CNA/Internal/Backends/D3DCommon/D3DShaderCache.hpp	renderers
include/CNA/Internal/Backends/D3DCommon/D3DStateMapping.hpp	modules/renderers/common/d3d/include/CNA/Internal/Backends/D3DCommon/D3DStateMapping.hpp	renderers
include/CNA/Internal/Backends/D3DCommon/D3DVertexFormatHelper.hpp	modules/renderers/common/d3d/include/CNA/Internal/Backends/D3DCommon/D3DVertexFormatHelper.hpp	renderers
include/CNA/Internal/Backends/Diligent/DiligentDeviceSelection.hpp	modules/renderers/diligent/include/CNA/Internal/Backends/Diligent/DiligentDeviceSelection.hpp	renderers
include/CNA/Internal/Backends/Diligent/DiligentGraphicsBackend.hpp	modules/renderers/diligent/include/CNA/Internal/Backends/Diligent/DiligentGraphicsBackend.hpp	renderers
include/CNA/Internal/Backends/Diligent/DiligentShaderSources.hpp	modules/renderers/diligent/include/CNA/Internal/Backends/Diligent/DiligentShaderSources.hpp	renderers
include/CNA/Internal/Backends/Direct2D/Direct2DGraphicsBackend.hpp	modules/renderers/direct2d/include/CNA/Internal/Backends/Direct2D/Direct2DGraphicsBackend.hpp	renderers
include/CNA/Internal/Backends/Dx1/Dx1GraphicsBackend.hpp	modules/renderers/dx1/include/CNA/Internal/Backends/Dx1/Dx1GraphicsBackend.hpp	renderers
include/CNA/Internal/Backends/Dx2/Dx2GraphicsBackend.hpp	modules/renderers/dx2/include/CNA/Internal/Backends/Dx2/Dx2GraphicsBackend.hpp	renderers
include/CNA/Internal/Backends/Dx3/Dx3GraphicsBackend.hpp	modules/renderers/dx3/include/CNA/Internal/Backends/Dx3/Dx3GraphicsBackend.hpp	renderers
include/CNA/Internal/Backends/Dx5/Dx5GraphicsBackend.hpp	modules/renderers/dx5/include/CNA/Internal/Backends/Dx5/Dx5GraphicsBackend.hpp	renderers
include/CNA/Internal/Backends/Dx6/Dx6GraphicsBackend.hpp	modules/renderers/dx6/include/CNA/Internal/Backends/Dx6/Dx6GraphicsBackend.hpp	renderers
include/CNA/Internal/Backends/Dx7/Dx7GraphicsBackend.hpp	modules/renderers/dx7/include/CNA/Internal/Backends/Dx7/Dx7GraphicsBackend.hpp	renderers
include/CNA/Internal/Backends/Dx8/Dx8GraphicsBackend.hpp	modules/renderers/dx8/include/CNA/Internal/Backends/Dx8/Dx8GraphicsBackend.hpp	renderers
include/CNA/Internal/Backends/EasyGL/EasyGLGraphicsBackend.hpp	modules/renderers/easygl/include/CNA/Internal/Backends/EasyGL/EasyGLGraphicsBackend.hpp	renderers
include/CNA/Internal/Backends/FreeDirect/FreeDirectGraphicsBackend.hpp	modules/renderers/freedirect/include/CNA/Internal/Backends/FreeDirect/FreeDirectGraphicsBackend.hpp	renderers
include/CNA/Internal/Backends/Gdi/GdiConfiguration.hpp	modules/renderers/gdi/include/CNA/Internal/Backends/Gdi/GdiConfiguration.hpp	renderers
include/CNA/Internal/Backends/Gdi/GdiGraphicsBackend.hpp	modules/renderers/gdi/include/CNA/Internal/Backends/Gdi/GdiGraphicsBackend.hpp	renderers
include/CNA/Internal/Backends/Gdi/GdiPresentation.hpp	modules/renderers/gdi/include/CNA/Internal/Backends/Gdi/GdiPresentation.hpp	renderers
include/CNA/Internal/Backends/Glide/GlideAbi.hpp	modules/renderers/glide/include/CNA/Internal/Backends/Glide/GlideAbi.hpp	renderers
include/CNA/Internal/Backends/Glide/GlideAbiLoader.hpp	modules/renderers/glide/include/CNA/Internal/Backends/Glide/GlideAbiLoader.hpp	renderers
include/CNA/Internal/Backends/Glide/GlideBlendFactor.hpp	modules/renderers/glide/include/CNA/Internal/Backends/Glide/GlideBlendFactor.hpp	renderers
include/CNA/Internal/Backends/Glide/GlideCapability.hpp	modules/renderers/glide/include/CNA/Internal/Backends/Glide/GlideCapability.hpp	renderers
include/CNA/Internal/Backends/Glide/GlideDisplayModeSelection.hpp	modules/renderers/glide/include/CNA/Internal/Backends/Glide/GlideDisplayModeSelection.hpp	renderers
include/CNA/Internal/Backends/Glide/GlideDrawValidation.hpp	modules/renderers/glide/include/CNA/Internal/Backends/Glide/GlideDrawValidation.hpp	renderers
include/CNA/Internal/Backends/Glide/GlideExtensionCapabilities.hpp	modules/renderers/glide/include/CNA/Internal/Backends/Glide/GlideExtensionCapabilities.hpp	renderers
include/CNA/Internal/Backends/Glide/GlideGraphicsBackend.hpp	modules/renderers/glide/include/CNA/Internal/Backends/Glide/GlideGraphicsBackend.hpp	renderers
include/CNA/Internal/Backends/Glide/GlideLighting.hpp	modules/renderers/glide/include/CNA/Internal/Backends/Glide/GlideLighting.hpp	renderers
include/CNA/Internal/Backends/Glide/GlidePrimitiveClip.hpp	modules/renderers/glide/include/CNA/Internal/Backends/Glide/GlidePrimitiveClip.hpp	renderers
include/CNA/Internal/Backends/Glide/GlideTextureCoordinate.hpp	modules/renderers/glide/include/CNA/Internal/Backends/Glide/GlideTextureCoordinate.hpp	renderers
include/CNA/Internal/Backends/Glide/GlideTextureEviction.hpp	modules/renderers/glide/include/CNA/Internal/Backends/Glide/GlideTextureEviction.hpp	renderers
include/CNA/Internal/Backends/Glide/GlideTextureFormat.hpp	modules/renderers/glide/include/CNA/Internal/Backends/Glide/GlideTextureFormat.hpp	renderers
include/CNA/Internal/Backends/Glide/GlideTextureMip.hpp	modules/renderers/glide/include/CNA/Internal/Backends/Glide/GlideTextureMip.hpp	renderers
include/CNA/Internal/Backends/Glide/GlideVertexLayout.hpp	modules/renderers/glide/include/CNA/Internal/Backends/Glide/GlideVertexLayout.hpp	renderers
include/CNA/Internal/Backends/Headless/HeadlessGraphicsBackend.hpp	modules/renderers/headless/include/CNA/Internal/Backends/Headless/HeadlessGraphicsBackend.hpp	renderers
include/CNA/Internal/Backends/HtmlDom/HtmlDomGraphicsBackend.hpp	modules/renderers/html-dom/include/CNA/Internal/Backends/HtmlDom/HtmlDomGraphicsBackend.hpp	renderers
include/CNA/Internal/Backends/HtmlDom/HtmlDomRenderTargetBackend.hpp	modules/renderers/html-dom/include/CNA/Internal/Backends/HtmlDom/HtmlDomRenderTargetBackend.hpp	renderers
include/CNA/Internal/Backends/HtmlDom/HtmlDomSpriteBatchBackend.hpp	modules/renderers/html-dom/include/CNA/Internal/Backends/HtmlDom/HtmlDomSpriteBatchBackend.hpp	renderers
include/CNA/Internal/Backends/HtmlDom/HtmlDomState.hpp	modules/renderers/html-dom/include/CNA/Internal/Backends/HtmlDom/HtmlDomState.hpp	renderers
include/CNA/Internal/Backends/HtmlDom/HtmlDomTextureBackend.hpp	modules/renderers/html-dom/include/CNA/Internal/Backends/HtmlDom/HtmlDomTextureBackend.hpp	renderers
include/CNA/Internal/Backends/Llgl/LlglGraphicsBackend.hpp	modules/renderers/llgl/include/CNA/Internal/Backends/Llgl/LlglGraphicsBackend.hpp	renderers
include/CNA/Internal/Backends/Llgl/LlglRendererSelection.hpp	modules/renderers/llgl/include/CNA/Internal/Backends/Llgl/LlglRendererSelection.hpp	renderers
include/CNA/Internal/Backends/Llgl/LlglSdlSurface.hpp	modules/renderers/llgl/include/CNA/Internal/Backends/Llgl/LlglSdlSurface.hpp	renderers
include/CNA/Internal/Backends/Magnum/MagnumBuffers.hpp	modules/renderers/magnum/include/CNA/Internal/Backends/Magnum/MagnumBuffers.hpp	renderers
include/CNA/Internal/Backends/Magnum/MagnumEffectBackend.hpp	modules/renderers/magnum/include/CNA/Internal/Backends/Magnum/MagnumEffectBackend.hpp	renderers
include/CNA/Internal/Backends/Magnum/MagnumGraphicsBackend.hpp	modules/renderers/magnum/include/CNA/Internal/Backends/Magnum/MagnumGraphicsBackend.hpp	renderers
include/CNA/Internal/Backends/Magnum/MagnumProgram.hpp	modules/renderers/magnum/include/CNA/Internal/Backends/Magnum/MagnumProgram.hpp	renderers
include/CNA/Internal/Backends/Magnum/MagnumRenderTargets.hpp	modules/renderers/magnum/include/CNA/Internal/Backends/Magnum/MagnumRenderTargets.hpp	renderers
include/CNA/Internal/Backends/Magnum/MagnumSpriteBatchBackend.hpp	modules/renderers/magnum/include/CNA/Internal/Backends/Magnum/MagnumSpriteBatchBackend.hpp	renderers
include/CNA/Internal/Backends/Magnum/MagnumStateMapping.hpp	modules/renderers/magnum/include/CNA/Internal/Backends/Magnum/MagnumStateMapping.hpp	renderers
include/CNA/Internal/Backends/Magnum/MagnumStockShaders.hpp	modules/renderers/magnum/include/CNA/Internal/Backends/Magnum/MagnumStockShaders.hpp	renderers
include/CNA/Internal/Backends/Magnum/MagnumTextures.hpp	modules/renderers/magnum/include/CNA/Internal/Backends/Magnum/MagnumTextures.hpp	renderers
include/CNA/Internal/Backends/Metal/MetalBlend.hpp	modules/renderers/metal/include/CNA/Internal/Backends/Metal/MetalBlend.hpp	renderers
include/CNA/Internal/Backends/Metal/MetalBlendFunction.hpp	modules/renderers/metal/include/CNA/Internal/Backends/Metal/MetalBlendFunction.hpp	renderers
include/CNA/Internal/Backends/Metal/MetalCommandFailure.hpp	modules/renderers/metal/include/CNA/Internal/Backends/Metal/MetalCommandFailure.hpp	renderers
include/CNA/Internal/Backends/Metal/MetalCompareFunction.hpp	modules/renderers/metal/include/CNA/Internal/Backends/Metal/MetalCompareFunction.hpp	renderers
include/CNA/Internal/Backends/Metal/MetalCullMode.hpp	modules/renderers/metal/include/CNA/Internal/Backends/Metal/MetalCullMode.hpp	renderers
include/CNA/Internal/Backends/Metal/MetalDepthPolicy.hpp	modules/renderers/metal/include/CNA/Internal/Backends/Metal/MetalDepthPolicy.hpp	renderers
include/CNA/Internal/Backends/Metal/MetalGraphicsBackend.hpp	modules/renderers/metal/include/CNA/Internal/Backends/Metal/MetalGraphicsBackend.hpp	renderers
include/CNA/Internal/Backends/Metal/MetalLogicalViewport.hpp	modules/renderers/metal/include/CNA/Internal/Backends/Metal/MetalLogicalViewport.hpp	renderers
include/CNA/Internal/Backends/Metal/MetalMat4.hpp	modules/renderers/metal/include/CNA/Internal/Backends/Metal/MetalMat4.hpp	renderers
include/CNA/Internal/Backends/Metal/MetalNormalMatrix.hpp	modules/renderers/metal/include/CNA/Internal/Backends/Metal/MetalNormalMatrix.hpp	renderers
include/CNA/Internal/Backends/Metal/MetalPipelineKey.hpp	modules/renderers/metal/include/CNA/Internal/Backends/Metal/MetalPipelineKey.hpp	renderers
include/CNA/Internal/Backends/Metal/MetalPolicy.hpp	modules/renderers/metal/include/CNA/Internal/Backends/Metal/MetalPolicy.hpp	renderers
include/CNA/Internal/Backends/Metal/MetalPrimitiveVertexCount.hpp	modules/renderers/metal/include/CNA/Internal/Backends/Metal/MetalPrimitiveVertexCount.hpp	renderers
include/CNA/Internal/Backends/Metal/MetalRasterState.hpp	modules/renderers/metal/include/CNA/Internal/Backends/Metal/MetalRasterState.hpp	renderers
include/CNA/Internal/Backends/Metal/MetalResourcePolicy.hpp	modules/renderers/metal/include/CNA/Internal/Backends/Metal/MetalResourcePolicy.hpp	renderers
include/CNA/Internal/Backends/Metal/MetalRetainedResource.hpp	modules/renderers/metal/include/CNA/Internal/Backends/Metal/MetalRetainedResource.hpp	renderers
include/CNA/Internal/Backends/Metal/MetalSamplerFilter.hpp	modules/renderers/metal/include/CNA/Internal/Backends/Metal/MetalSamplerFilter.hpp	renderers
include/CNA/Internal/Backends/Metal/MetalSelectPipelineKind.hpp	modules/renderers/metal/include/CNA/Internal/Backends/Metal/MetalSelectPipelineKind.hpp	renderers
include/CNA/Internal/Backends/Metal/MetalStencilOperation.hpp	modules/renderers/metal/include/CNA/Internal/Backends/Metal/MetalStencilOperation.hpp	renderers
include/CNA/Internal/Backends/Metal/MetalTextureBindingPolicy.hpp	modules/renderers/metal/include/CNA/Internal/Backends/Metal/MetalTextureBindingPolicy.hpp	renderers
include/CNA/Internal/Backends/Metal/MetalTextureTransfer.hpp	modules/renderers/metal/include/CNA/Internal/Backends/Metal/MetalTextureTransfer.hpp	renderers
include/CNA/Internal/Backends/Metal/MetalUniformFill.hpp	modules/renderers/metal/include/CNA/Internal/Backends/Metal/MetalUniformFill.hpp	renderers
include/CNA/Internal/Backends/Metal/MetalVertexAttribFormat.hpp	modules/renderers/metal/include/CNA/Internal/Backends/Metal/MetalVertexAttribFormat.hpp	renderers
include/CNA/Internal/Backends/Metal/MetalVertexDeclarationPolicy.hpp	modules/renderers/metal/include/CNA/Internal/Backends/Metal/MetalVertexDeclarationPolicy.hpp	renderers
include/CNA/Internal/Backends/Metal/MetalVertexDescriptorPlan.hpp	modules/renderers/metal/include/CNA/Internal/Backends/Metal/MetalVertexDescriptorPlan.hpp	renderers
include/CNA/Internal/Backends/OpenGL1/OpenGL1Capabilities.hpp	modules/renderers/opengl1/include/CNA/Internal/Backends/OpenGL1/OpenGL1Capabilities.hpp	renderers
include/CNA/Internal/Backends/OpenGL1/OpenGL1ContextRecovery.hpp	modules/renderers/opengl1/include/CNA/Internal/Backends/OpenGL1/OpenGL1ContextRecovery.hpp	renderers
include/CNA/Internal/Backends/OpenGL1/OpenGL1GraphicsBackend.hpp	modules/renderers/opengl1/include/CNA/Internal/Backends/OpenGL1/OpenGL1GraphicsBackend.hpp	renderers
include/CNA/Internal/Backends/OpenGL1/OpenGL1OcclusionQueryBackend.hpp	modules/renderers/opengl1/include/CNA/Internal/Backends/OpenGL1/OpenGL1OcclusionQueryBackend.hpp	renderers
include/CNA/Internal/Backends/OpenGL1/OpenGL1RenderTargetBackend.hpp	modules/renderers/opengl1/include/CNA/Internal/Backends/OpenGL1/OpenGL1RenderTargetBackend.hpp	renderers
include/CNA/Internal/Backends/OpenGL2/OpenGL2GraphicsBackend.hpp	modules/renderers/opengl2/include/CNA/Internal/Backends/OpenGL2/OpenGL2GraphicsBackend.hpp	renderers
include/CNA/Internal/Backends/OpenGL4/GL4Loader.hpp	modules/renderers/opengl4/include/CNA/Internal/Backends/OpenGL4/GL4Loader.hpp	renderers
include/CNA/Internal/Backends/OpenGL4/OpenGL4GraphicsBackend.hpp	modules/renderers/opengl4/include/CNA/Internal/Backends/OpenGL4/OpenGL4GraphicsBackend.hpp	renderers
include/CNA/Internal/Backends/OpenGLES1/OpenGLES1GraphicsBackend.hpp	modules/renderers/opengles1/include/CNA/Internal/Backends/OpenGLES1/OpenGLES1GraphicsBackend.hpp	renderers
include/CNA/Internal/Backends/SdlGpu/SdlGpuGraphicsBackend.hpp	modules/renderers/sdl-gpu/include/CNA/Internal/Backends/SdlGpu/SdlGpuGraphicsBackend.hpp	renderers
include/CNA/Internal/Backends/SdlRenderer/SdlGraphicsBackend.hpp	modules/renderers/sdl-renderer/include/CNA/Internal/Backends/SdlRenderer/SdlGraphicsBackend.hpp	renderers
include/CNA/Internal/Backends/Skia/SkiaBlendMapping.hpp	modules/renderers/skia/include/CNA/Internal/Backends/Skia/SkiaBlendMapping.hpp	renderers
include/CNA/Internal/Backends/Skia/SkiaCompressedMipChain2D.hpp	modules/renderers/skia/include/CNA/Internal/Backends/Skia/SkiaCompressedMipChain2D.hpp	renderers
include/CNA/Internal/Backends/Skia/SkiaCubeSampling.hpp	modules/renderers/skia/include/CNA/Internal/Backends/Skia/SkiaCubeSampling.hpp	renderers
include/CNA/Internal/Backends/Skia/SkiaEffectBackend.hpp	modules/renderers/skia/include/CNA/Internal/Backends/Skia/SkiaEffectBackend.hpp	renderers
include/CNA/Internal/Backends/Skia/SkiaGaneshContext.hpp	modules/renderers/skia/include/CNA/Internal/Backends/Skia/SkiaGaneshContext.hpp	renderers
include/CNA/Internal/Backends/Skia/SkiaGaneshSurface.hpp	modules/renderers/skia/include/CNA/Internal/Backends/Skia/SkiaGaneshSurface.hpp	renderers
include/CNA/Internal/Backends/Skia/SkiaGeneratedBlender.hpp	modules/renderers/skia/include/CNA/Internal/Backends/Skia/SkiaGeneratedBlender.hpp	renderers
include/CNA/Internal/Backends/Skia/SkiaGlslToSkslTranslatorEXT.hpp	modules/renderers/skia/include/CNA/Internal/Backends/Skia/SkiaGlslToSkslTranslatorEXT.hpp	renderers
include/CNA/Internal/Backends/Skia/SkiaGraphicsBackend.hpp	modules/renderers/skia/include/CNA/Internal/Backends/Skia/SkiaGraphicsBackend.hpp	renderers
include/CNA/Internal/Backends/Skia/SkiaImageSource.hpp	modules/renderers/skia/include/CNA/Internal/Backends/Skia/SkiaImageSource.hpp	renderers
include/CNA/Internal/Backends/Skia/SkiaMeshEffectBackend.hpp	modules/renderers/skia/include/CNA/Internal/Backends/Skia/SkiaMeshEffectBackend.hpp	renderers
include/CNA/Internal/Backends/Skia/SkiaMipChain2D.hpp	modules/renderers/skia/include/CNA/Internal/Backends/Skia/SkiaMipChain2D.hpp	renderers
include/CNA/Internal/Backends/Skia/SkiaMipGeneration.hpp	modules/renderers/skia/include/CNA/Internal/Backends/Skia/SkiaMipGeneration.hpp	renderers
include/CNA/Internal/Backends/Skia/SkiaMipSampling.hpp	modules/renderers/skia/include/CNA/Internal/Backends/Skia/SkiaMipSampling.hpp	renderers
include/CNA/Internal/Backends/Skia/SkiaOwnership.hpp	modules/renderers/skia/include/CNA/Internal/Backends/Skia/SkiaOwnership.hpp	renderers
include/CNA/Internal/Backends/Skia/SkiaRasterState.hpp	modules/renderers/skia/include/CNA/Internal/Backends/Skia/SkiaRasterState.hpp	renderers
include/CNA/Internal/Backends/Skia/SkiaRasterTarget.hpp	modules/renderers/skia/include/CNA/Internal/Backends/Skia/SkiaRasterTarget.hpp	renderers
include/CNA/Internal/Backends/Skia/SkiaRenderTargetBackend.hpp	modules/renderers/skia/include/CNA/Internal/Backends/Skia/SkiaRenderTargetBackend.hpp	renderers
include/CNA/Internal/Backends/Skia/SkiaRenderTargetBinding.hpp	modules/renderers/skia/include/CNA/Internal/Backends/Skia/SkiaRenderTargetBinding.hpp	renderers
include/CNA/Internal/Backends/Skia/SkiaRenderTargetCubeBackend.hpp	modules/renderers/skia/include/CNA/Internal/Backends/Skia/SkiaRenderTargetCubeBackend.hpp	renderers
include/CNA/Internal/Backends/Skia/SkiaResourceCounters.hpp	modules/renderers/skia/include/CNA/Internal/Backends/Skia/SkiaResourceCounters.hpp	renderers
include/CNA/Internal/Backends/Skia/SkiaResourcePolicy.hpp	modules/renderers/skia/include/CNA/Internal/Backends/Skia/SkiaResourcePolicy.hpp	renderers
include/CNA/Internal/Backends/Skia/SkiaSourceAlphaPolicy.hpp	modules/renderers/skia/include/CNA/Internal/Backends/Skia/SkiaSourceAlphaPolicy.hpp	renderers
include/CNA/Internal/Backends/Skia/SkiaSpriteBatchBackend.hpp	modules/renderers/skia/include/CNA/Internal/Backends/Skia/SkiaSpriteBatchBackend.hpp	renderers
include/CNA/Internal/Backends/Skia/SkiaStartupDiagnostic.hpp	modules/renderers/skia/include/CNA/Internal/Backends/Skia/SkiaStartupDiagnostic.hpp	renderers
include/CNA/Internal/Backends/Skia/SkiaStateTrace.hpp	modules/renderers/skia/include/CNA/Internal/Backends/Skia/SkiaStateTrace.hpp	renderers
include/CNA/Internal/Backends/Skia/SkiaSurface.hpp	modules/renderers/skia/include/CNA/Internal/Backends/Skia/SkiaSurface.hpp	renderers
include/CNA/Internal/Backends/Skia/SkiaTextureBackend.hpp	modules/renderers/skia/include/CNA/Internal/Backends/Skia/SkiaTextureBackend.hpp	renderers
include/CNA/Internal/Backends/Skia/SkiaTextureStorageBackends.hpp	modules/renderers/skia/include/CNA/Internal/Backends/Skia/SkiaTextureStorageBackends.hpp	renderers
include/CNA/Internal/Backends/Skia/SkiaUnsupported3D.hpp	modules/renderers/skia/include/CNA/Internal/Backends/Skia/SkiaUnsupported3D.hpp	renderers
include/CNA/Internal/Backends/Skia/SkiaVolumeSampling.hpp	modules/renderers/skia/include/CNA/Internal/Backends/Skia/SkiaVolumeSampling.hpp	renderers
include/CNA/Internal/Backends/Software/SoftwareFramebufferAllocation.hpp	modules/renderers/software/include/CNA/Internal/Backends/Software/SoftwareFramebufferAllocation.hpp	renderers
include/CNA/Internal/Backends/Software/SoftwareGraphicsBackend.hpp	modules/renderers/software/include/CNA/Internal/Backends/Software/SoftwareGraphicsBackend.hpp	renderers
include/CNA/Internal/Backends/Software/SoftwareTextureAllocation.hpp	modules/renderers/software/include/CNA/Internal/Backends/Software/SoftwareTextureAllocation.hpp	renderers
include/CNA/Internal/Backends/Sokol/SokolGraphicsBackend.hpp	modules/renderers/sokol/include/CNA/Internal/Backends/Sokol/SokolGraphicsBackend.hpp	renderers
include/CNA/Internal/Backends/Stub/StubGraphicsBackend.hpp	modules/renderers/stub/include/CNA/Internal/Backends/Stub/StubGraphicsBackend.hpp	renderers
include/CNA/Internal/Backends/Vulkan/VulkanGraphicsBackend.hpp	modules/renderers/vulkan/include/CNA/Internal/Backends/Vulkan/VulkanGraphicsBackend.hpp	renderers
include/CNA/Internal/Backends/Vulkan/VulkanVertexFormatHelper.hpp	modules/renderers/vulkan/include/CNA/Internal/Backends/Vulkan/VulkanVertexFormatHelper.hpp	renderers
include/CNA/Internal/Backends/WebGPU/WebGPUGraphicsBackend.hpp	modules/renderers/webgpu/include/CNA/Internal/Backends/WebGPU/WebGPUGraphicsBackend.hpp	renderers
include/CNA/Internal/Backends/Wicked/WickedGraphicsBackend.hpp	modules/renderers/wicked/include/CNA/Internal/Backends/Wicked/WickedGraphicsBackend.hpp	renderers
include/CNA/Internal/CnjEnvelope.hpp	modules/content/include/CNA/Internal/CnjEnvelope.hpp	content-storage
include/CNA/Internal/CnjSourceFile.hpp	modules/content/include/CNA/Internal/CnjSourceFile.hpp	content-storage
include/CNA/Internal/GamerServices/LocalGamerServicesStore.hpp	modules/gamer-services/include/CNA/Internal/GamerServices/LocalGamerServicesStore.hpp	net-gamerservices
include/CNA/Internal/GltfImport/GltfImportCore.hpp	modules/content/include/CNA/Internal/GltfImport/GltfImportCore.hpp	content-storage
include/CNA/Internal/Graphics/Bc7Util.hpp	modules/graphics/include/CNA/Internal/Graphics/Bc7Util.hpp	graphics-input
include/CNA/Internal/Graphics/BuiltInVertexStreams.hpp	modules/graphics/include/CNA/Internal/Graphics/BuiltInVertexStreams.hpp	graphics-input
include/CNA/Internal/Graphics/DxtUtil.hpp	modules/graphics/include/CNA/Internal/Graphics/DxtUtil.hpp	graphics-input
include/CNA/Internal/Graphics/ImageData.hpp	modules/graphics/include/CNA/Internal/Graphics/ImageData.hpp	graphics-input
include/CNA/Internal/Graphics/ImageLoader.hpp	modules/graphics/include/CNA/Internal/Graphics/ImageLoader.hpp	graphics-input
include/CNA/Internal/Graphics/VertexDeclarationFidelity.hpp	modules/graphics/include/CNA/Internal/Graphics/VertexDeclarationFidelity.hpp	graphics-input
include/CNA/Internal/Input/GestureDetector.hpp	modules/input/include/CNA/Internal/Input/GestureDetector.hpp	graphics-input
include/CNA/Internal/Input/InputManager.hpp	modules/input/include/CNA/Internal/Input/InputManager.hpp	graphics-input
include/CNA/Internal/Input/SdlGamepadBackend.hpp	modules/input/include/CNA/Internal/Input/SdlGamepadBackend.hpp	graphics-input
include/CNA/Internal/Input/SdlHapticBackend.hpp	modules/input/include/CNA/Internal/Input/SdlHapticBackend.hpp	graphics-input
include/CNA/Internal/Input/SdlInputBridge.hpp	modules/input/include/CNA/Internal/Input/SdlInputBridge.hpp	graphics-input
include/CNA/Internal/Input/SdlJoystickBackend.hpp	modules/input/include/CNA/Internal/Input/SdlJoystickBackend.hpp	graphics-input
include/CNA/Internal/Input/SystemDeviceBackend.hpp	modules/input/include/CNA/Internal/Input/SystemDeviceBackend.hpp	graphics-input
include/CNA/Internal/Input/SystemKeyboardBackend.hpp	modules/input/include/CNA/Internal/Input/SystemKeyboardBackend.hpp	graphics-input
include/CNA/Internal/Input/SystemMouseBackend.hpp	modules/input/include/CNA/Internal/Input/SystemMouseBackend.hpp	graphics-input
include/CNA/Internal/Input/SystemPowerBackend.hpp	modules/input/include/CNA/Internal/Input/SystemPowerBackend.hpp	graphics-input
include/CNA/Internal/Input/SystemSensorBackend.hpp	modules/input/include/CNA/Internal/Input/SystemSensorBackend.hpp	graphics-input
include/CNA/Internal/Json.hpp	modules/content/include/CNA/Internal/Json.hpp	content-storage
include/CNA/Internal/Media/AudioDurationProbe.hpp	modules/media/include/CNA/Internal/Media/AudioDurationProbe.hpp	audio-media
include/CNA/Internal/Media/AudioTagParser.hpp	modules/media/include/CNA/Internal/Media/AudioTagParser.hpp	audio-media
include/CNA/Internal/Media/MediaCollectionBase.hpp	modules/media/include/CNA/Internal/Media/MediaCollectionBase.hpp	audio-media
include/CNA/Internal/Media/MediaLibraryIndex.hpp	modules/media/include/CNA/Internal/Media/MediaLibraryIndex.hpp	audio-media
include/CNA/Internal/Media/MediaLibraryPaths.hpp	modules/media/include/CNA/Internal/Media/MediaLibraryPaths.hpp	audio-media
include/CNA/Internal/Media/PictureLibraryIndex.hpp	modules/media/include/CNA/Internal/Media/PictureLibraryIndex.hpp	audio-media
include/CNA/Internal/Media/PlaylistParser.hpp	modules/media/include/CNA/Internal/Media/PlaylistParser.hpp	audio-media
include/CNA/Internal/Media/SavedPictureStore.hpp	modules/media/include/CNA/Internal/Media/SavedPictureStore.hpp	audio-media
include/CNA/Internal/Media/ThumbnailGenerator.hpp	modules/media/include/CNA/Internal/Media/ThumbnailGenerator.hpp	audio-media
include/CNA/Internal/Media/VideoDecoder.hpp	modules/media/include/CNA/Internal/Media/VideoDecoder.hpp	audio-media
include/CNA/Internal/Media/VisualizationCapture.hpp	modules/media/include/CNA/Internal/Media/VisualizationCapture.hpp	audio-media
include/CNA/Internal/Media/VisualizationFFT.hpp	modules/media/include/CNA/Internal/Media/VisualizationFFT.hpp	audio-media
include/CNA/Internal/Net/ENetBackend.hpp	modules/net/include/CNA/Internal/Net/ENetBackend.hpp	net-gamerservices
include/CNA/Internal/Net/ENetDiscoveryService.hpp	modules/net/include/CNA/Internal/Net/ENetDiscoveryService.hpp	net-gamerservices
include/CNA/Internal/Net/ENetHostHandle.hpp	modules/net/include/CNA/Internal/Net/ENetHostHandle.hpp	net-gamerservices
include/CNA/Internal/Net/ENetLibrary.hpp	modules/net/include/CNA/Internal/Net/ENetLibrary.hpp	net-gamerservices
include/CNA/Internal/Net/NetDiscoveryProtocol.hpp	modules/net/include/CNA/Internal/Net/NetDiscoveryProtocol.hpp	net-gamerservices
include/CNA/Internal/Net/NetPacketCodec.hpp	modules/net/include/CNA/Internal/Net/NetPacketCodec.hpp	net-gamerservices
include/CNA/Internal/PathContainment.hpp	modules/core/include/CNA/Internal/PathContainment.hpp	core-math-runtime
include/CNA/Internal/Utf8Decode.hpp	modules/graphics/include/CNA/Internal/Utf8Decode.hpp	graphics-input
include/CNA/Internal/Xnb/CollectionContentTypeReaders.hpp	modules/content/include/CNA/Internal/Xnb/CollectionContentTypeReaders.hpp	content-storage
include/CNA/Internal/Xnb/CurveContentTypeReader.hpp	modules/content/include/CNA/Internal/Xnb/CurveContentTypeReader.hpp	content-storage
include/CNA/Internal/Xnb/DecimalDateTimeContentTypeReaders.hpp	modules/content/include/CNA/Internal/Xnb/DecimalDateTimeContentTypeReaders.hpp	content-storage
include/CNA/Internal/Xnb/LzxDecoder.hpp	modules/content/include/CNA/Internal/Xnb/LzxDecoder.hpp	content-storage
include/CNA/Internal/Xnb/MathContentTypeReaders.hpp	modules/content/include/CNA/Internal/Xnb/MathContentTypeReaders.hpp	content-storage
include/CNA/Internal/Xnb/ModelContentTypeReaders.hpp	modules/content/include/CNA/Internal/Xnb/ModelContentTypeReaders.hpp	content-storage
include/CNA/Internal/Xnb/PrimitiveContentTypeReaders.hpp	modules/content/include/CNA/Internal/Xnb/PrimitiveContentTypeReaders.hpp	content-storage
include/CNA/Internal/Xnb/SongContentTypeReader.hpp	modules/content/include/CNA/Internal/Xnb/SongContentTypeReader.hpp	content-storage
include/CNA/Internal/Xnb/SoundEffectContentTypeReader.hpp	modules/content/include/CNA/Internal/Xnb/SoundEffectContentTypeReader.hpp	content-storage
include/CNA/Internal/Xnb/SpriteFontContentTypeReader.hpp	modules/content/include/CNA/Internal/Xnb/SpriteFontContentTypeReader.hpp	content-storage
include/CNA/Internal/Xnb/StockEffectContentTypeReaders.hpp	modules/content/include/CNA/Internal/Xnb/StockEffectContentTypeReaders.hpp	content-storage
include/CNA/Internal/Xnb/Texture2DContentTypeReader.hpp	modules/content/include/CNA/Internal/Xnb/Texture2DContentTypeReader.hpp	content-storage
include/CNA/Internal/Xnb/Texture3DContentTypeReader.hpp	modules/content/include/CNA/Internal/Xnb/Texture3DContentTypeReader.hpp	content-storage
include/CNA/Internal/Xnb/TextureCubeContentTypeReader.hpp	modules/content/include/CNA/Internal/Xnb/TextureCubeContentTypeReader.hpp	content-storage
include/CNA/Internal/Xnb/VideoContentTypeReader.hpp	modules/content/include/CNA/Internal/Xnb/VideoContentTypeReader.hpp	content-storage
include/CNA/Internal/Xnb/XnbArithmetic.hpp	modules/content/include/CNA/Internal/Xnb/XnbArithmetic.hpp	content-storage
include/CNA/Internal/Xnb/XnbBuiltInReaders.hpp	modules/content/include/CNA/Internal/Xnb/XnbBuiltInReaders.hpp	content-storage
include/CNA/Internal/Xnb/XnbDecompression.hpp	modules/content/include/CNA/Internal/Xnb/XnbDecompression.hpp	content-storage
include/CNA/Internal/Xnb/XnbHeader.hpp	modules/content/include/CNA/Internal/Xnb/XnbHeader.hpp	content-storage
include/CNA/Internal/Xnb/XnbReadLimits.hpp	modules/content/include/CNA/Internal/Xnb/XnbReadLimits.hpp	content-storage
include/CNA/Internal/Xnb/XnbTypeName.hpp	modules/content/include/CNA/Internal/Xnb/XnbTypeName.hpp	content-storage
include/CNA/Internal/Xnb/XnbTypeReaderTable.hpp	modules/content/include/CNA/Internal/Xnb/XnbTypeReaderTable.hpp	content-storage
include/CNA/LogCategory.hpp	modules/core/include/CNA/LogCategory.hpp	core-math-runtime
include/CNA/LogLevel.hpp	modules/core/include/CNA/LogLevel.hpp	core-math-runtime
include/CNA/Logger.hpp	modules/core/include/CNA/Logger.hpp	core-math-runtime
include/CNA/Misc.hpp	modules/runtime/include/CNA/Misc.hpp	core-math-runtime
include/CNA/Platform.hpp	modules/core/include/CNA/Platform.hpp	core-math-runtime
include/CNA/Unsupported3DGraphicsCallBehavior.hpp	modules/graphics/include/CNA/Unsupported3DGraphicsCallBehavior.hpp	graphics-input
include/Microsoft/Devices/Detail/DevicesShutdownCoordinator.hpp	modules/devices/include/Microsoft/Devices/Detail/DevicesShutdownCoordinator.hpp	devices-ext-split
include/Microsoft/Devices/Detail/IVibrateBackend.hpp	modules/devices/include/Microsoft/Devices/Detail/IVibrateBackend.hpp	devices-ext-split
include/Microsoft/Devices/Detail/SdlHapticVibrateBackend.hpp	modules/devices/include/Microsoft/Devices/Detail/SdlHapticVibrateBackend.hpp	devices-ext-split
include/Microsoft/Devices/Detail/SdlSubsystemMutex.hpp	modules/devices/include/Microsoft/Devices/Detail/SdlSubsystemMutex.hpp	devices-ext-split
include/Microsoft/Devices/Sensors/Accelerometer.hpp	modules/devices/include/Microsoft/Devices/Sensors/Accelerometer.hpp	devices-ext-split
include/Microsoft/Devices/Sensors/AccelerometerFailedException.hpp	modules/devices/include/Microsoft/Devices/Sensors/AccelerometerFailedException.hpp	devices-ext-split
include/Microsoft/Devices/Sensors/AccelerometerReading.hpp	modules/devices/include/Microsoft/Devices/Sensors/AccelerometerReading.hpp	devices-ext-split
include/Microsoft/Devices/Sensors/AccelerometerReadingEventArgs.hpp	modules/devices/include/Microsoft/Devices/Sensors/AccelerometerReadingEventArgs.hpp	devices-ext-split
include/Microsoft/Devices/Sensors/AttitudeReading.hpp	modules/devices/include/Microsoft/Devices/Sensors/AttitudeReading.hpp	devices-ext-split
include/Microsoft/Devices/Sensors/CalibrationEventArgs.hpp	modules/devices/include/Microsoft/Devices/Sensors/CalibrationEventArgs.hpp	devices-ext-split
include/Microsoft/Devices/Sensors/Compass.hpp	modules/devices/include/Microsoft/Devices/Sensors/Compass.hpp	devices-ext-split
include/Microsoft/Devices/Sensors/CompassReading.hpp	modules/devices/include/Microsoft/Devices/Sensors/CompassReading.hpp	devices-ext-split
include/Microsoft/Devices/Sensors/Detail/AndroidCompassBackend.hpp	modules/devices/include/Microsoft/Devices/Sensors/Detail/AndroidCompassBackend.hpp	devices-ext-split
include/Microsoft/Devices/Sensors/Detail/AndroidCompassMath.hpp	modules/devices/include/Microsoft/Devices/Sensors/Detail/AndroidCompassMath.hpp	devices-ext-split
include/Microsoft/Devices/Sensors/Detail/AndroidMotionBackend.hpp	modules/devices/include/Microsoft/Devices/Sensors/Detail/AndroidMotionBackend.hpp	devices-ext-split
include/Microsoft/Devices/Sensors/Detail/AndroidMotionMath.hpp	modules/devices/include/Microsoft/Devices/Sensors/Detail/AndroidMotionMath.hpp	devices-ext-split
include/Microsoft/Devices/Sensors/Detail/AndroidSensorBridge.hpp	modules/devices/include/Microsoft/Devices/Sensors/Detail/AndroidSensorBridge.hpp	devices-ext-split
include/Microsoft/Devices/Sensors/Detail/AndroidSensorOrientation.hpp	modules/devices/include/Microsoft/Devices/Sensors/Detail/AndroidSensorOrientation.hpp	devices-ext-split
include/Microsoft/Devices/Sensors/Detail/ICompassBackend.hpp	modules/devices/include/Microsoft/Devices/Sensors/Detail/ICompassBackend.hpp	devices-ext-split
include/Microsoft/Devices/Sensors/Detail/IMotionBackend.hpp	modules/devices/include/Microsoft/Devices/Sensors/Detail/IMotionBackend.hpp	devices-ext-split
include/Microsoft/Devices/Sensors/Detail/NativeDiagnostic.hpp	modules/devices/include/Microsoft/Devices/Sensors/Detail/NativeDiagnostic.hpp	devices-ext-split
include/Microsoft/Devices/Sensors/Detail/SdlSensorSubsystem.hpp	modules/devices/include/Microsoft/Devices/Sensors/Detail/SdlSensorSubsystem.hpp	devices-ext-split
include/Microsoft/Devices/Sensors/Detail/SensorOwnerControlBlock.hpp	modules/devices/include/Microsoft/Devices/Sensors/Detail/SensorOwnerControlBlock.hpp	devices-ext-split
include/Microsoft/Devices/Sensors/Gyroscope.hpp	modules/devices/include/Microsoft/Devices/Sensors/Gyroscope.hpp	devices-ext-split
include/Microsoft/Devices/Sensors/GyroscopeReading.hpp	modules/devices/include/Microsoft/Devices/Sensors/GyroscopeReading.hpp	devices-ext-split
include/Microsoft/Devices/Sensors/ISensorReading.hpp	modules/devices/include/Microsoft/Devices/Sensors/ISensorReading.hpp	devices-ext-split
include/Microsoft/Devices/Sensors/Motion.hpp	modules/devices/include/Microsoft/Devices/Sensors/Motion.hpp	devices-ext-split
include/Microsoft/Devices/Sensors/MotionReading.hpp	modules/devices/include/Microsoft/Devices/Sensors/MotionReading.hpp	devices-ext-split
include/Microsoft/Devices/Sensors/SensorBase.hpp	modules/devices/include/Microsoft/Devices/Sensors/SensorBase.hpp	devices-ext-split
include/Microsoft/Devices/Sensors/SensorFailedException.hpp	modules/devices/include/Microsoft/Devices/Sensors/SensorFailedException.hpp	devices-ext-split
include/Microsoft/Devices/Sensors/SensorReadingEventArgs.hpp	modules/devices/include/Microsoft/Devices/Sensors/SensorReadingEventArgs.hpp	devices-ext-split
include/Microsoft/Devices/Sensors/SensorState.hpp	modules/devices/include/Microsoft/Devices/Sensors/SensorState.hpp	devices-ext-split
include/Microsoft/Devices/VibrateController.hpp	modules/devices/include/Microsoft/Devices/VibrateController.hpp	devices-ext-split
include/Microsoft/Xna/Framework/Audio/AudioCategory.hpp	modules/audio/include/Microsoft/Xna/Framework/Audio/AudioCategory.hpp	audio-media
include/Microsoft/Xna/Framework/Audio/AudioChannels.hpp	modules/audio/include/Microsoft/Xna/Framework/Audio/AudioChannels.hpp	audio-media
include/Microsoft/Xna/Framework/Audio/AudioEmitter.hpp	modules/audio/include/Microsoft/Xna/Framework/Audio/AudioEmitter.hpp	audio-media
include/Microsoft/Xna/Framework/Audio/AudioEngine.hpp	modules/audio/include/Microsoft/Xna/Framework/Audio/AudioEngine.hpp	audio-media
include/Microsoft/Xna/Framework/Audio/AudioListener.hpp	modules/audio/include/Microsoft/Xna/Framework/Audio/AudioListener.hpp	audio-media
include/Microsoft/Xna/Framework/Audio/AudioStopOptions.hpp	modules/audio/include/Microsoft/Xna/Framework/Audio/AudioStopOptions.hpp	audio-media
include/Microsoft/Xna/Framework/Audio/Cue.hpp	modules/audio/include/Microsoft/Xna/Framework/Audio/Cue.hpp	audio-media
include/Microsoft/Xna/Framework/Audio/DynamicSoundEffectInstance.hpp	modules/audio/include/Microsoft/Xna/Framework/Audio/DynamicSoundEffectInstance.hpp	audio-media
include/Microsoft/Xna/Framework/Audio/InstancePlayLimitException.hpp	modules/audio/include/Microsoft/Xna/Framework/Audio/InstancePlayLimitException.hpp	audio-media
include/Microsoft/Xna/Framework/Audio/Microphone.hpp	modules/audio/include/Microsoft/Xna/Framework/Audio/Microphone.hpp	audio-media
include/Microsoft/Xna/Framework/Audio/MicrophoneState.hpp	modules/audio/include/Microsoft/Xna/Framework/Audio/MicrophoneState.hpp	audio-media
include/Microsoft/Xna/Framework/Audio/NoAudioHardwareException.hpp	modules/audio/include/Microsoft/Xna/Framework/Audio/NoAudioHardwareException.hpp	audio-media
include/Microsoft/Xna/Framework/Audio/NoMicrophoneConnectedException.hpp	modules/audio/include/Microsoft/Xna/Framework/Audio/NoMicrophoneConnectedException.hpp	audio-media
include/Microsoft/Xna/Framework/Audio/RendererDetail.hpp	modules/audio/include/Microsoft/Xna/Framework/Audio/RendererDetail.hpp	audio-media
include/Microsoft/Xna/Framework/Audio/SoundBank.hpp	modules/audio/include/Microsoft/Xna/Framework/Audio/SoundBank.hpp	audio-media
include/Microsoft/Xna/Framework/Audio/SoundEffect.hpp	modules/audio/include/Microsoft/Xna/Framework/Audio/SoundEffect.hpp	audio-media
include/Microsoft/Xna/Framework/Audio/SoundEffectInstance.hpp	modules/audio/include/Microsoft/Xna/Framework/Audio/SoundEffectInstance.hpp	audio-media
include/Microsoft/Xna/Framework/Audio/SoundState.hpp	modules/audio/include/Microsoft/Xna/Framework/Audio/SoundState.hpp	audio-media
include/Microsoft/Xna/Framework/Audio/WaveBank.hpp	modules/audio/include/Microsoft/Xna/Framework/Audio/WaveBank.hpp	audio-media
include/Microsoft/Xna/Framework/BoundingBox.hpp	modules/math/include/Microsoft/Xna/Framework/BoundingBox.hpp	core-math-runtime
include/Microsoft/Xna/Framework/BoundingFrustum.hpp	modules/math/include/Microsoft/Xna/Framework/BoundingFrustum.hpp	core-math-runtime
include/Microsoft/Xna/Framework/BoundingSphere.hpp	modules/math/include/Microsoft/Xna/Framework/BoundingSphere.hpp	core-math-runtime
include/Microsoft/Xna/Framework/Color.hpp	modules/math/include/Microsoft/Xna/Framework/Color.hpp	core-math-runtime
include/Microsoft/Xna/Framework/ContainmentType.hpp	modules/math/include/Microsoft/Xna/Framework/ContainmentType.hpp	core-math-runtime
include/Microsoft/Xna/Framework/Content/ContentLoadException.hpp	modules/content/include/Microsoft/Xna/Framework/Content/ContentLoadException.hpp	content-storage
include/Microsoft/Xna/Framework/Content/ContentManager.hpp	modules/content/include/Microsoft/Xna/Framework/Content/ContentManager.hpp	content-storage
include/Microsoft/Xna/Framework/Content/ContentManifestEntry.hpp	modules/content/include/Microsoft/Xna/Framework/Content/ContentManifestEntry.hpp	content-storage
include/Microsoft/Xna/Framework/Content/ContentReader.hpp	modules/content/include/Microsoft/Xna/Framework/Content/ContentReader.hpp	content-storage
include/Microsoft/Xna/Framework/Content/ContentTypeReader.hpp	modules/content/include/Microsoft/Xna/Framework/Content/ContentTypeReader.hpp	content-storage
include/Microsoft/Xna/Framework/Content/ContentTypeReaderManager.hpp	modules/content/include/Microsoft/Xna/Framework/Content/ContentTypeReaderManager.hpp	content-storage
include/Microsoft/Xna/Framework/Content/KnownUnsupportedContentTypeReader.hpp	modules/content/include/Microsoft/Xna/Framework/Content/KnownUnsupportedContentTypeReader.hpp	content-storage
include/Microsoft/Xna/Framework/Content/LooseFileContentTypeReader.hpp	modules/content/include/Microsoft/Xna/Framework/Content/LooseFileContentTypeReader.hpp	content-storage
include/Microsoft/Xna/Framework/Content/ResourceContentManager.hpp	modules/content/include/Microsoft/Xna/Framework/Content/ResourceContentManager.hpp	content-storage
include/Microsoft/Xna/Framework/Curve.hpp	modules/math/include/Microsoft/Xna/Framework/Curve.hpp	core-math-runtime
include/Microsoft/Xna/Framework/CurveContinuity.hpp	modules/math/include/Microsoft/Xna/Framework/CurveContinuity.hpp	core-math-runtime
include/Microsoft/Xna/Framework/CurveKey.hpp	modules/math/include/Microsoft/Xna/Framework/CurveKey.hpp	core-math-runtime
include/Microsoft/Xna/Framework/CurveKeyCollection.hpp	modules/math/include/Microsoft/Xna/Framework/CurveKeyCollection.hpp	core-math-runtime
include/Microsoft/Xna/Framework/CurveLoopType.hpp	modules/math/include/Microsoft/Xna/Framework/CurveLoopType.hpp	core-math-runtime
include/Microsoft/Xna/Framework/CurveTangent.hpp	modules/math/include/Microsoft/Xna/Framework/CurveTangent.hpp	core-math-runtime
include/Microsoft/Xna/Framework/DisplayOrientation.hpp	modules/graphics/include/Microsoft/Xna/Framework/DisplayOrientation.hpp	graphics-input
include/Microsoft/Xna/Framework/DrawableGameComponent.hpp	modules/runtime/include/Microsoft/Xna/Framework/DrawableGameComponent.hpp	core-math-runtime
include/Microsoft/Xna/Framework/ExitingEventArgs.hpp	modules/runtime/include/Microsoft/Xna/Framework/ExitingEventArgs.hpp	core-math-runtime
include/Microsoft/Xna/Framework/FrameworkDispatcher.hpp	modules/audio/include/Microsoft/Xna/Framework/FrameworkDispatcher.hpp	audio-media
include/Microsoft/Xna/Framework/Game.hpp	modules/runtime/include/Microsoft/Xna/Framework/Game.hpp	core-math-runtime
include/Microsoft/Xna/Framework/GameComponent.hpp	modules/runtime/include/Microsoft/Xna/Framework/GameComponent.hpp	core-math-runtime
include/Microsoft/Xna/Framework/GameComponentCollection.hpp	modules/runtime/include/Microsoft/Xna/Framework/GameComponentCollection.hpp	core-math-runtime
include/Microsoft/Xna/Framework/GameComponentCollectionEventArgs.hpp	modules/runtime/include/Microsoft/Xna/Framework/GameComponentCollectionEventArgs.hpp	core-math-runtime
include/Microsoft/Xna/Framework/GameServiceContainer.hpp	modules/runtime/include/Microsoft/Xna/Framework/GameServiceContainer.hpp	core-math-runtime
include/Microsoft/Xna/Framework/GameTime.hpp	modules/runtime/include/Microsoft/Xna/Framework/GameTime.hpp	core-math-runtime
include/Microsoft/Xna/Framework/GameWindow.hpp	modules/runtime/include/Microsoft/Xna/Framework/GameWindow.hpp	core-math-runtime
include/Microsoft/Xna/Framework/GamerServices/Achievement.hpp	modules/gamer-services/include/Microsoft/Xna/Framework/GamerServices/Achievement.hpp	net-gamerservices
include/Microsoft/Xna/Framework/GamerServices/AchievementCollection.hpp	modules/gamer-services/include/Microsoft/Xna/Framework/GamerServices/AchievementCollection.hpp	net-gamerservices
include/Microsoft/Xna/Framework/GamerServices/AvatarAnimation.hpp	modules/gamer-services/include/Microsoft/Xna/Framework/GamerServices/AvatarAnimation.hpp	net-gamerservices
include/Microsoft/Xna/Framework/GamerServices/AvatarAnimationPreset.hpp	modules/gamer-services/include/Microsoft/Xna/Framework/GamerServices/AvatarAnimationPreset.hpp	net-gamerservices
include/Microsoft/Xna/Framework/GamerServices/AvatarAnimationPresetNamesEXT.hpp	modules/gamer-services/include/Microsoft/Xna/Framework/GamerServices/AvatarAnimationPresetNamesEXT.hpp	net-gamerservices
include/Microsoft/Xna/Framework/GamerServices/AvatarAppearanceEXT.hpp	modules/gamer-services/include/Microsoft/Xna/Framework/GamerServices/AvatarAppearanceEXT.hpp	net-gamerservices
include/Microsoft/Xna/Framework/GamerServices/AvatarBodyType.hpp	modules/gamer-services/include/Microsoft/Xna/Framework/GamerServices/AvatarBodyType.hpp	net-gamerservices
include/Microsoft/Xna/Framework/GamerServices/AvatarBodyTypeNamesEXT.hpp	modules/gamer-services/include/Microsoft/Xna/Framework/GamerServices/AvatarBodyTypeNamesEXT.hpp	net-gamerservices
include/Microsoft/Xna/Framework/GamerServices/AvatarBone.hpp	modules/gamer-services/include/Microsoft/Xna/Framework/GamerServices/AvatarBone.hpp	net-gamerservices
include/Microsoft/Xna/Framework/GamerServices/AvatarDescription.hpp	modules/gamer-services/include/Microsoft/Xna/Framework/GamerServices/AvatarDescription.hpp	net-gamerservices
include/Microsoft/Xna/Framework/GamerServices/AvatarExpression.hpp	modules/gamer-services/include/Microsoft/Xna/Framework/GamerServices/AvatarExpression.hpp	net-gamerservices
include/Microsoft/Xna/Framework/GamerServices/AvatarEye.hpp	modules/gamer-services/include/Microsoft/Xna/Framework/GamerServices/AvatarEye.hpp	net-gamerservices
include/Microsoft/Xna/Framework/GamerServices/AvatarEyebrow.hpp	modules/gamer-services/include/Microsoft/Xna/Framework/GamerServices/AvatarEyebrow.hpp	net-gamerservices
include/Microsoft/Xna/Framework/GamerServices/AvatarMouth.hpp	modules/gamer-services/include/Microsoft/Xna/Framework/GamerServices/AvatarMouth.hpp	net-gamerservices
include/Microsoft/Xna/Framework/GamerServices/AvatarRenderer.hpp	modules/gamer-services/include/Microsoft/Xna/Framework/GamerServices/AvatarRenderer.hpp	net-gamerservices
include/Microsoft/Xna/Framework/GamerServices/AvatarRendererState.hpp	modules/gamer-services/include/Microsoft/Xna/Framework/GamerServices/AvatarRendererState.hpp	net-gamerservices
include/Microsoft/Xna/Framework/GamerServices/ControllerSensitivity.hpp	modules/gamer-services/include/Microsoft/Xna/Framework/GamerServices/ControllerSensitivity.hpp	net-gamerservices
include/Microsoft/Xna/Framework/GamerServices/FriendCollection.hpp	modules/gamer-services/include/Microsoft/Xna/Framework/GamerServices/FriendCollection.hpp	net-gamerservices
include/Microsoft/Xna/Framework/GamerServices/FriendGamer.hpp	modules/gamer-services/include/Microsoft/Xna/Framework/GamerServices/FriendGamer.hpp	net-gamerservices
include/Microsoft/Xna/Framework/GamerServices/GameDefaults.hpp	modules/gamer-services/include/Microsoft/Xna/Framework/GamerServices/GameDefaults.hpp	net-gamerservices
include/Microsoft/Xna/Framework/GamerServices/GameDifficulty.hpp	modules/gamer-services/include/Microsoft/Xna/Framework/GamerServices/GameDifficulty.hpp	net-gamerservices
include/Microsoft/Xna/Framework/GamerServices/GameUpdateRequiredException.hpp	modules/gamer-services/include/Microsoft/Xna/Framework/GamerServices/GameUpdateRequiredException.hpp	net-gamerservices
include/Microsoft/Xna/Framework/GamerServices/Gamer.hpp	modules/gamer-services/include/Microsoft/Xna/Framework/GamerServices/Gamer.hpp	net-gamerservices
include/Microsoft/Xna/Framework/GamerServices/GamerCollection.hpp	modules/gamer-services/include/Microsoft/Xna/Framework/GamerServices/GamerCollection.hpp	net-gamerservices
include/Microsoft/Xna/Framework/GamerServices/GamerPresence.hpp	modules/gamer-services/include/Microsoft/Xna/Framework/GamerServices/GamerPresence.hpp	net-gamerservices
include/Microsoft/Xna/Framework/GamerServices/GamerPresenceMode.hpp	modules/gamer-services/include/Microsoft/Xna/Framework/GamerServices/GamerPresenceMode.hpp	net-gamerservices
include/Microsoft/Xna/Framework/GamerServices/GamerPrivilegeException.hpp	modules/gamer-services/include/Microsoft/Xna/Framework/GamerServices/GamerPrivilegeException.hpp	net-gamerservices
include/Microsoft/Xna/Framework/GamerServices/GamerPrivilegeSetting.hpp	modules/gamer-services/include/Microsoft/Xna/Framework/GamerServices/GamerPrivilegeSetting.hpp	net-gamerservices
include/Microsoft/Xna/Framework/GamerServices/GamerPrivileges.hpp	modules/gamer-services/include/Microsoft/Xna/Framework/GamerServices/GamerPrivileges.hpp	net-gamerservices
include/Microsoft/Xna/Framework/GamerServices/GamerProfile.hpp	modules/gamer-services/include/Microsoft/Xna/Framework/GamerServices/GamerProfile.hpp	net-gamerservices
include/Microsoft/Xna/Framework/GamerServices/GamerServicesComponent.hpp	modules/gamer-services/include/Microsoft/Xna/Framework/GamerServices/GamerServicesComponent.hpp	net-gamerservices
include/Microsoft/Xna/Framework/GamerServices/GamerServicesDispatcher.hpp	modules/gamer-services/include/Microsoft/Xna/Framework/GamerServices/GamerServicesDispatcher.hpp	net-gamerservices
include/Microsoft/Xna/Framework/GamerServices/GamerServicesNotAvailableException.hpp	modules/gamer-services/include/Microsoft/Xna/Framework/GamerServices/GamerServicesNotAvailableException.hpp	net-gamerservices
include/Microsoft/Xna/Framework/GamerServices/GamerZone.hpp	modules/gamer-services/include/Microsoft/Xna/Framework/GamerServices/GamerZone.hpp	net-gamerservices
include/Microsoft/Xna/Framework/GamerServices/Guide.hpp	modules/gamer-services/include/Microsoft/Xna/Framework/GamerServices/Guide.hpp	net-gamerservices
include/Microsoft/Xna/Framework/GamerServices/GuideAlreadyVisibleException.hpp	modules/gamer-services/include/Microsoft/Xna/Framework/GamerServices/GuideAlreadyVisibleException.hpp	net-gamerservices
include/Microsoft/Xna/Framework/GamerServices/IAvatarAnimation.hpp	modules/gamer-services/include/Microsoft/Xna/Framework/GamerServices/IAvatarAnimation.hpp	net-gamerservices
include/Microsoft/Xna/Framework/GamerServices/InviteAcceptedEventArgs.hpp	modules/gamer-services/include/Microsoft/Xna/Framework/GamerServices/InviteAcceptedEventArgs.hpp	net-gamerservices
include/Microsoft/Xna/Framework/GamerServices/LeaderboardEntry.hpp	modules/gamer-services/include/Microsoft/Xna/Framework/GamerServices/LeaderboardEntry.hpp	net-gamerservices
include/Microsoft/Xna/Framework/GamerServices/LeaderboardIdentity.hpp	modules/gamer-services/include/Microsoft/Xna/Framework/GamerServices/LeaderboardIdentity.hpp	net-gamerservices
include/Microsoft/Xna/Framework/GamerServices/LeaderboardKey.hpp	modules/gamer-services/include/Microsoft/Xna/Framework/GamerServices/LeaderboardKey.hpp	net-gamerservices
include/Microsoft/Xna/Framework/GamerServices/LeaderboardOutcome.hpp	modules/gamer-services/include/Microsoft/Xna/Framework/GamerServices/LeaderboardOutcome.hpp	net-gamerservices
include/Microsoft/Xna/Framework/GamerServices/LeaderboardReader.hpp	modules/gamer-services/include/Microsoft/Xna/Framework/GamerServices/LeaderboardReader.hpp	net-gamerservices
include/Microsoft/Xna/Framework/GamerServices/LeaderboardWriter.hpp	modules/gamer-services/include/Microsoft/Xna/Framework/GamerServices/LeaderboardWriter.hpp	net-gamerservices
include/Microsoft/Xna/Framework/GamerServices/MessageBoxIcon.hpp	modules/gamer-services/include/Microsoft/Xna/Framework/GamerServices/MessageBoxIcon.hpp	net-gamerservices
include/Microsoft/Xna/Framework/GamerServices/NetworkException.hpp	modules/gamer-services/include/Microsoft/Xna/Framework/GamerServices/NetworkException.hpp	net-gamerservices
include/Microsoft/Xna/Framework/GamerServices/NetworkNotAvailableException.hpp	modules/gamer-services/include/Microsoft/Xna/Framework/GamerServices/NetworkNotAvailableException.hpp	net-gamerservices
include/Microsoft/Xna/Framework/GamerServices/NotificationPosition.hpp	modules/gamer-services/include/Microsoft/Xna/Framework/GamerServices/NotificationPosition.hpp	net-gamerservices
include/Microsoft/Xna/Framework/GamerServices/PropertyDictionary.hpp	modules/gamer-services/include/Microsoft/Xna/Framework/GamerServices/PropertyDictionary.hpp	net-gamerservices
include/Microsoft/Xna/Framework/GamerServices/RacingCameraAngle.hpp	modules/gamer-services/include/Microsoft/Xna/Framework/GamerServices/RacingCameraAngle.hpp	net-gamerservices
include/Microsoft/Xna/Framework/GamerServices/SignedInEventArgs.hpp	modules/gamer-services/include/Microsoft/Xna/Framework/GamerServices/SignedInEventArgs.hpp	net-gamerservices
include/Microsoft/Xna/Framework/GamerServices/SignedInGamer.hpp	modules/gamer-services/include/Microsoft/Xna/Framework/GamerServices/SignedInGamer.hpp	net-gamerservices
include/Microsoft/Xna/Framework/GamerServices/SignedInGamerCollection.hpp	modules/gamer-services/include/Microsoft/Xna/Framework/GamerServices/SignedInGamerCollection.hpp	net-gamerservices
include/Microsoft/Xna/Framework/GamerServices/SignedOutEventArgs.hpp	modules/gamer-services/include/Microsoft/Xna/Framework/GamerServices/SignedOutEventArgs.hpp	net-gamerservices
include/Microsoft/Xna/Framework/Graphics/AlphaTestEffect.hpp	modules/graphics/include/Microsoft/Xna/Framework/Graphics/AlphaTestEffect.hpp	graphics-input
include/Microsoft/Xna/Framework/Graphics/AnimationPlayer.hpp	modules/graphics/include/Microsoft/Xna/Framework/Graphics/AnimationPlayer.hpp	graphics-input
include/Microsoft/Xna/Framework/Graphics/BasicEffect.hpp	modules/graphics/include/Microsoft/Xna/Framework/Graphics/BasicEffect.hpp	graphics-input
include/Microsoft/Xna/Framework/Graphics/Blend.hpp	modules/graphics/include/Microsoft/Xna/Framework/Graphics/Blend.hpp	graphics-input
include/Microsoft/Xna/Framework/Graphics/BlendFunction.hpp	modules/graphics/include/Microsoft/Xna/Framework/Graphics/BlendFunction.hpp	graphics-input
include/Microsoft/Xna/Framework/Graphics/BlendState.hpp	modules/graphics/include/Microsoft/Xna/Framework/Graphics/BlendState.hpp	graphics-input
include/Microsoft/Xna/Framework/Graphics/BufferUsage.hpp	modules/graphics/include/Microsoft/Xna/Framework/Graphics/BufferUsage.hpp	graphics-input
include/Microsoft/Xna/Framework/Graphics/ClearOptions.hpp	modules/graphics/include/Microsoft/Xna/Framework/Graphics/ClearOptions.hpp	graphics-input
include/Microsoft/Xna/Framework/Graphics/ColorMatrixEffect.hpp	modules/graphics/include/Microsoft/Xna/Framework/Graphics/ColorMatrixEffect.hpp	graphics-input
include/Microsoft/Xna/Framework/Graphics/ColorWriteChannels.hpp	modules/graphics/include/Microsoft/Xna/Framework/Graphics/ColorWriteChannels.hpp	graphics-input
include/Microsoft/Xna/Framework/Graphics/CompareFunction.hpp	modules/graphics/include/Microsoft/Xna/Framework/Graphics/CompareFunction.hpp	graphics-input
include/Microsoft/Xna/Framework/Graphics/CubeMapFace.hpp	modules/graphics/include/Microsoft/Xna/Framework/Graphics/CubeMapFace.hpp	graphics-input
include/Microsoft/Xna/Framework/Graphics/CullMode.hpp	modules/graphics/include/Microsoft/Xna/Framework/Graphics/CullMode.hpp	graphics-input
include/Microsoft/Xna/Framework/Graphics/DepthFormat.hpp	modules/graphics/include/Microsoft/Xna/Framework/Graphics/DepthFormat.hpp	graphics-input
include/Microsoft/Xna/Framework/Graphics/DepthStencilState.hpp	modules/graphics/include/Microsoft/Xna/Framework/Graphics/DepthStencilState.hpp	graphics-input
include/Microsoft/Xna/Framework/Graphics/DeviceLostException.hpp	modules/graphics/include/Microsoft/Xna/Framework/Graphics/DeviceLostException.hpp	graphics-input
include/Microsoft/Xna/Framework/Graphics/DeviceNotResetException.hpp	modules/graphics/include/Microsoft/Xna/Framework/Graphics/DeviceNotResetException.hpp	graphics-input
include/Microsoft/Xna/Framework/Graphics/DirectionalLight.hpp	modules/graphics/include/Microsoft/Xna/Framework/Graphics/DirectionalLight.hpp	graphics-input
include/Microsoft/Xna/Framework/Graphics/DisplayMode.hpp	modules/graphics/include/Microsoft/Xna/Framework/Graphics/DisplayMode.hpp	graphics-input
include/Microsoft/Xna/Framework/Graphics/DisplayModeCollection.hpp	modules/graphics/include/Microsoft/Xna/Framework/Graphics/DisplayModeCollection.hpp	graphics-input
include/Microsoft/Xna/Framework/Graphics/DualTextureEffect.hpp	modules/graphics/include/Microsoft/Xna/Framework/Graphics/DualTextureEffect.hpp	graphics-input
include/Microsoft/Xna/Framework/Graphics/DynamicIndexBuffer.hpp	modules/graphics/include/Microsoft/Xna/Framework/Graphics/DynamicIndexBuffer.hpp	graphics-input
include/Microsoft/Xna/Framework/Graphics/DynamicVertexBuffer.hpp	modules/graphics/include/Microsoft/Xna/Framework/Graphics/DynamicVertexBuffer.hpp	graphics-input
include/Microsoft/Xna/Framework/Graphics/Effect.hpp	modules/graphics/include/Microsoft/Xna/Framework/Graphics/Effect.hpp	graphics-input
include/Microsoft/Xna/Framework/Graphics/EffectAnnotation.hpp	modules/graphics/include/Microsoft/Xna/Framework/Graphics/EffectAnnotation.hpp	graphics-input
include/Microsoft/Xna/Framework/Graphics/EffectAnnotationCollection.hpp	modules/graphics/include/Microsoft/Xna/Framework/Graphics/EffectAnnotationCollection.hpp	graphics-input
include/Microsoft/Xna/Framework/Graphics/EffectMaterial.hpp	modules/graphics/include/Microsoft/Xna/Framework/Graphics/EffectMaterial.hpp	graphics-input
include/Microsoft/Xna/Framework/Graphics/EffectParameter.hpp	modules/graphics/include/Microsoft/Xna/Framework/Graphics/EffectParameter.hpp	graphics-input
include/Microsoft/Xna/Framework/Graphics/EffectParameterClass.hpp	modules/graphics/include/Microsoft/Xna/Framework/Graphics/EffectParameterClass.hpp	graphics-input
include/Microsoft/Xna/Framework/Graphics/EffectParameterCollection.hpp	modules/graphics/include/Microsoft/Xna/Framework/Graphics/EffectParameterCollection.hpp	graphics-input
include/Microsoft/Xna/Framework/Graphics/EffectParameterType.hpp	modules/graphics/include/Microsoft/Xna/Framework/Graphics/EffectParameterType.hpp	graphics-input
include/Microsoft/Xna/Framework/Graphics/EffectPass.hpp	modules/graphics/include/Microsoft/Xna/Framework/Graphics/EffectPass.hpp	graphics-input
include/Microsoft/Xna/Framework/Graphics/EffectPassCollection.hpp	modules/graphics/include/Microsoft/Xna/Framework/Graphics/EffectPassCollection.hpp	graphics-input
include/Microsoft/Xna/Framework/Graphics/EffectTechnique.hpp	modules/graphics/include/Microsoft/Xna/Framework/Graphics/EffectTechnique.hpp	graphics-input
include/Microsoft/Xna/Framework/Graphics/EffectTechniqueCollection.hpp	modules/graphics/include/Microsoft/Xna/Framework/Graphics/EffectTechniqueCollection.hpp	graphics-input
include/Microsoft/Xna/Framework/Graphics/EnvironmentMapEffect.hpp	modules/graphics/include/Microsoft/Xna/Framework/Graphics/EnvironmentMapEffect.hpp	graphics-input
include/Microsoft/Xna/Framework/Graphics/FillMode.hpp	modules/graphics/include/Microsoft/Xna/Framework/Graphics/FillMode.hpp	graphics-input
include/Microsoft/Xna/Framework/Graphics/GraphicsAdapter.hpp	modules/graphics/include/Microsoft/Xna/Framework/Graphics/GraphicsAdapter.hpp	graphics-input
include/Microsoft/Xna/Framework/Graphics/GraphicsDevice.hpp	modules/graphics/include/Microsoft/Xna/Framework/Graphics/GraphicsDevice.hpp	graphics-input
include/Microsoft/Xna/Framework/Graphics/GraphicsDeviceStatus.hpp	modules/graphics/include/Microsoft/Xna/Framework/Graphics/GraphicsDeviceStatus.hpp	graphics-input
include/Microsoft/Xna/Framework/Graphics/GraphicsProfile.hpp	modules/graphics/include/Microsoft/Xna/Framework/Graphics/GraphicsProfile.hpp	graphics-input
include/Microsoft/Xna/Framework/Graphics/GraphicsResource.hpp	modules/graphics/include/Microsoft/Xna/Framework/Graphics/GraphicsResource.hpp	graphics-input
include/Microsoft/Xna/Framework/Graphics/IEffectFog.hpp	modules/graphics/include/Microsoft/Xna/Framework/Graphics/IEffectFog.hpp	graphics-input
include/Microsoft/Xna/Framework/Graphics/IEffectLights.hpp	modules/graphics/include/Microsoft/Xna/Framework/Graphics/IEffectLights.hpp	graphics-input
include/Microsoft/Xna/Framework/Graphics/IEffectMatrices.hpp	modules/graphics/include/Microsoft/Xna/Framework/Graphics/IEffectMatrices.hpp	graphics-input
include/Microsoft/Xna/Framework/Graphics/IGraphicsDeviceService.hpp	modules/graphics/include/Microsoft/Xna/Framework/Graphics/IGraphicsDeviceService.hpp	graphics-input
include/Microsoft/Xna/Framework/Graphics/IRenderTarget.hpp	modules/graphics/include/Microsoft/Xna/Framework/Graphics/IRenderTarget.hpp	graphics-input
include/Microsoft/Xna/Framework/Graphics/IVertexType.hpp	modules/graphics/include/Microsoft/Xna/Framework/Graphics/IVertexType.hpp	graphics-input
include/Microsoft/Xna/Framework/Graphics/IndexBuffer.hpp	modules/graphics/include/Microsoft/Xna/Framework/Graphics/IndexBuffer.hpp	graphics-input
include/Microsoft/Xna/Framework/Graphics/IndexElementSize.hpp	modules/graphics/include/Microsoft/Xna/Framework/Graphics/IndexElementSize.hpp	graphics-input
include/Microsoft/Xna/Framework/Graphics/Model.hpp	modules/graphics/include/Microsoft/Xna/Framework/Graphics/Model.hpp	graphics-input
include/Microsoft/Xna/Framework/Graphics/ModelBone.hpp	modules/graphics/include/Microsoft/Xna/Framework/Graphics/ModelBone.hpp	graphics-input
include/Microsoft/Xna/Framework/Graphics/ModelBoneCollection.hpp	modules/graphics/include/Microsoft/Xna/Framework/Graphics/ModelBoneCollection.hpp	graphics-input
include/Microsoft/Xna/Framework/Graphics/ModelEffectCollection.hpp	modules/graphics/include/Microsoft/Xna/Framework/Graphics/ModelEffectCollection.hpp	graphics-input
include/Microsoft/Xna/Framework/Graphics/ModelMesh.hpp	modules/graphics/include/Microsoft/Xna/Framework/Graphics/ModelMesh.hpp	graphics-input
include/Microsoft/Xna/Framework/Graphics/ModelMeshCollection.hpp	modules/graphics/include/Microsoft/Xna/Framework/Graphics/ModelMeshCollection.hpp	graphics-input
include/Microsoft/Xna/Framework/Graphics/ModelMeshPart.hpp	modules/graphics/include/Microsoft/Xna/Framework/Graphics/ModelMeshPart.hpp	graphics-input
include/Microsoft/Xna/Framework/Graphics/ModelMeshPartCollection.hpp	modules/graphics/include/Microsoft/Xna/Framework/Graphics/ModelMeshPartCollection.hpp	graphics-input
include/Microsoft/Xna/Framework/Graphics/MorphTargetEXT.hpp	modules/graphics/include/Microsoft/Xna/Framework/Graphics/MorphTargetEXT.hpp	graphics-input
include/Microsoft/Xna/Framework/Graphics/NoSuitableGraphicsDeviceException.hpp	modules/graphics/include/Microsoft/Xna/Framework/Graphics/NoSuitableGraphicsDeviceException.hpp	graphics-input
include/Microsoft/Xna/Framework/Graphics/OcclusionQuery.hpp	modules/graphics/include/Microsoft/Xna/Framework/Graphics/OcclusionQuery.hpp	graphics-input
include/Microsoft/Xna/Framework/Graphics/PackedVector/Alpha8.hpp	modules/graphics/include/Microsoft/Xna/Framework/Graphics/PackedVector/Alpha8.hpp	graphics-input
include/Microsoft/Xna/Framework/Graphics/PackedVector/Bgr565.hpp	modules/graphics/include/Microsoft/Xna/Framework/Graphics/PackedVector/Bgr565.hpp	graphics-input
include/Microsoft/Xna/Framework/Graphics/PackedVector/Bgra4444.hpp	modules/graphics/include/Microsoft/Xna/Framework/Graphics/PackedVector/Bgra4444.hpp	graphics-input
include/Microsoft/Xna/Framework/Graphics/PackedVector/Bgra5551.hpp	modules/graphics/include/Microsoft/Xna/Framework/Graphics/PackedVector/Bgra5551.hpp	graphics-input
include/Microsoft/Xna/Framework/Graphics/PackedVector/Byte4.hpp	modules/graphics/include/Microsoft/Xna/Framework/Graphics/PackedVector/Byte4.hpp	graphics-input
include/Microsoft/Xna/Framework/Graphics/PackedVector/HalfSingle.hpp	modules/graphics/include/Microsoft/Xna/Framework/Graphics/PackedVector/HalfSingle.hpp	graphics-input
include/Microsoft/Xna/Framework/Graphics/PackedVector/HalfTypeHelper.hpp	modules/graphics/include/Microsoft/Xna/Framework/Graphics/PackedVector/HalfTypeHelper.hpp	graphics-input
include/Microsoft/Xna/Framework/Graphics/PackedVector/HalfVector2.hpp	modules/graphics/include/Microsoft/Xna/Framework/Graphics/PackedVector/HalfVector2.hpp	graphics-input
include/Microsoft/Xna/Framework/Graphics/PackedVector/HalfVector4.hpp	modules/graphics/include/Microsoft/Xna/Framework/Graphics/PackedVector/HalfVector4.hpp	graphics-input
include/Microsoft/Xna/Framework/Graphics/PackedVector/IPackedVector.hpp	modules/math/include/Microsoft/Xna/Framework/Graphics/PackedVector/IPackedVector.hpp	core-math-runtime
include/Microsoft/Xna/Framework/Graphics/PackedVector/NormalizedByte2.hpp	modules/graphics/include/Microsoft/Xna/Framework/Graphics/PackedVector/NormalizedByte2.hpp	graphics-input
include/Microsoft/Xna/Framework/Graphics/PackedVector/NormalizedByte4.hpp	modules/graphics/include/Microsoft/Xna/Framework/Graphics/PackedVector/NormalizedByte4.hpp	graphics-input
include/Microsoft/Xna/Framework/Graphics/PackedVector/NormalizedShort2.hpp	modules/graphics/include/Microsoft/Xna/Framework/Graphics/PackedVector/NormalizedShort2.hpp	graphics-input
include/Microsoft/Xna/Framework/Graphics/PackedVector/NormalizedShort4.hpp	modules/graphics/include/Microsoft/Xna/Framework/Graphics/PackedVector/NormalizedShort4.hpp	graphics-input
include/Microsoft/Xna/Framework/Graphics/PackedVector/Rg32.hpp	modules/graphics/include/Microsoft/Xna/Framework/Graphics/PackedVector/Rg32.hpp	graphics-input
include/Microsoft/Xna/Framework/Graphics/PackedVector/Rgba1010102.hpp	modules/graphics/include/Microsoft/Xna/Framework/Graphics/PackedVector/Rgba1010102.hpp	graphics-input
include/Microsoft/Xna/Framework/Graphics/PackedVector/Rgba64.hpp	modules/graphics/include/Microsoft/Xna/Framework/Graphics/PackedVector/Rgba64.hpp	graphics-input
include/Microsoft/Xna/Framework/Graphics/PackedVector/Short2.hpp	modules/graphics/include/Microsoft/Xna/Framework/Graphics/PackedVector/Short2.hpp	graphics-input
include/Microsoft/Xna/Framework/Graphics/PackedVector/Short4.hpp	modules/graphics/include/Microsoft/Xna/Framework/Graphics/PackedVector/Short4.hpp	graphics-input
include/Microsoft/Xna/Framework/Graphics/PbrEffect.hpp	modules/graphics/include/Microsoft/Xna/Framework/Graphics/PbrEffect.hpp	graphics-input
include/Microsoft/Xna/Framework/Graphics/PresentInterval.hpp	modules/graphics/include/Microsoft/Xna/Framework/Graphics/PresentInterval.hpp	graphics-input
include/Microsoft/Xna/Framework/Graphics/PresentationParameters.hpp	modules/graphics/include/Microsoft/Xna/Framework/Graphics/PresentationParameters.hpp	graphics-input
include/Microsoft/Xna/Framework/Graphics/PrimitiveType.hpp	modules/graphics/include/Microsoft/Xna/Framework/Graphics/PrimitiveType.hpp	graphics-input
include/Microsoft/Xna/Framework/Graphics/RasterizerState.hpp	modules/graphics/include/Microsoft/Xna/Framework/Graphics/RasterizerState.hpp	graphics-input
include/Microsoft/Xna/Framework/Graphics/RenderTarget2D.hpp	modules/graphics/include/Microsoft/Xna/Framework/Graphics/RenderTarget2D.hpp	graphics-input
include/Microsoft/Xna/Framework/Graphics/RenderTargetBinding.hpp	modules/graphics/include/Microsoft/Xna/Framework/Graphics/RenderTargetBinding.hpp	graphics-input
include/Microsoft/Xna/Framework/Graphics/RenderTargetCube.hpp	modules/graphics/include/Microsoft/Xna/Framework/Graphics/RenderTargetCube.hpp	graphics-input
include/Microsoft/Xna/Framework/Graphics/RenderTargetUsage.hpp	modules/graphics/include/Microsoft/Xna/Framework/Graphics/RenderTargetUsage.hpp	graphics-input
include/Microsoft/Xna/Framework/Graphics/ResourceCreatedEventArgs.hpp	modules/graphics/include/Microsoft/Xna/Framework/Graphics/ResourceCreatedEventArgs.hpp	graphics-input
include/Microsoft/Xna/Framework/Graphics/ResourceDestroyedEventArgs.hpp	modules/graphics/include/Microsoft/Xna/Framework/Graphics/ResourceDestroyedEventArgs.hpp	graphics-input
include/Microsoft/Xna/Framework/Graphics/SamplerState.hpp	modules/graphics/include/Microsoft/Xna/Framework/Graphics/SamplerState.hpp	graphics-input
include/Microsoft/Xna/Framework/Graphics/SamplerStateCollection.hpp	modules/graphics/include/Microsoft/Xna/Framework/Graphics/SamplerStateCollection.hpp	graphics-input
include/Microsoft/Xna/Framework/Graphics/SetDataOptions.hpp	modules/graphics/include/Microsoft/Xna/Framework/Graphics/SetDataOptions.hpp	graphics-input
include/Microsoft/Xna/Framework/Graphics/ShaderEffect.hpp	modules/graphics/include/Microsoft/Xna/Framework/Graphics/ShaderEffect.hpp	graphics-input
include/Microsoft/Xna/Framework/Graphics/SkinnedEffect.hpp	modules/graphics/include/Microsoft/Xna/Framework/Graphics/SkinnedEffect.hpp	graphics-input
include/Microsoft/Xna/Framework/Graphics/SkinnedModelEXT.hpp	modules/graphics/include/Microsoft/Xna/Framework/Graphics/SkinnedModelEXT.hpp	graphics-input
include/Microsoft/Xna/Framework/Graphics/SkinnedPbrEffect.hpp	modules/graphics/include/Microsoft/Xna/Framework/Graphics/SkinnedPbrEffect.hpp	graphics-input
include/Microsoft/Xna/Framework/Graphics/SpriteBatch.hpp	modules/graphics/include/Microsoft/Xna/Framework/Graphics/SpriteBatch.hpp	graphics-input
include/Microsoft/Xna/Framework/Graphics/SpriteEffect.hpp	modules/graphics/include/Microsoft/Xna/Framework/Graphics/SpriteEffect.hpp	graphics-input
include/Microsoft/Xna/Framework/Graphics/SpriteEffects.hpp	modules/graphics/include/Microsoft/Xna/Framework/Graphics/SpriteEffects.hpp	graphics-input
include/Microsoft/Xna/Framework/Graphics/SpriteFont.hpp	modules/graphics/include/Microsoft/Xna/Framework/Graphics/SpriteFont.hpp	graphics-input
include/Microsoft/Xna/Framework/Graphics/SpriteSortMode.hpp	modules/graphics/include/Microsoft/Xna/Framework/Graphics/SpriteSortMode.hpp	graphics-input
include/Microsoft/Xna/Framework/Graphics/StencilOperation.hpp	modules/graphics/include/Microsoft/Xna/Framework/Graphics/StencilOperation.hpp	graphics-input
include/Microsoft/Xna/Framework/Graphics/SurfaceFormat.hpp	modules/graphics/include/Microsoft/Xna/Framework/Graphics/SurfaceFormat.hpp	graphics-input
include/Microsoft/Xna/Framework/Graphics/Texture.hpp	modules/graphics/include/Microsoft/Xna/Framework/Graphics/Texture.hpp	graphics-input
include/Microsoft/Xna/Framework/Graphics/Texture2D.hpp	modules/graphics/include/Microsoft/Xna/Framework/Graphics/Texture2D.hpp	graphics-input
include/Microsoft/Xna/Framework/Graphics/Texture3D.hpp	modules/graphics/include/Microsoft/Xna/Framework/Graphics/Texture3D.hpp	graphics-input
include/Microsoft/Xna/Framework/Graphics/TextureAddressMode.hpp	modules/graphics/include/Microsoft/Xna/Framework/Graphics/TextureAddressMode.hpp	graphics-input
include/Microsoft/Xna/Framework/Graphics/TextureCollection.hpp	modules/graphics/include/Microsoft/Xna/Framework/Graphics/TextureCollection.hpp	graphics-input
include/Microsoft/Xna/Framework/Graphics/TextureCube.hpp	modules/graphics/include/Microsoft/Xna/Framework/Graphics/TextureCube.hpp	graphics-input
include/Microsoft/Xna/Framework/Graphics/TextureFilter.hpp	modules/graphics/include/Microsoft/Xna/Framework/Graphics/TextureFilter.hpp	graphics-input
include/Microsoft/Xna/Framework/Graphics/VertexBuffer.hpp	modules/graphics/include/Microsoft/Xna/Framework/Graphics/VertexBuffer.hpp	graphics-input
include/Microsoft/Xna/Framework/Graphics/VertexBufferBinding.hpp	modules/graphics/include/Microsoft/Xna/Framework/Graphics/VertexBufferBinding.hpp	graphics-input
include/Microsoft/Xna/Framework/Graphics/VertexDeclaration.hpp	modules/graphics/include/Microsoft/Xna/Framework/Graphics/VertexDeclaration.hpp	graphics-input
include/Microsoft/Xna/Framework/Graphics/VertexElement.hpp	modules/graphics/include/Microsoft/Xna/Framework/Graphics/VertexElement.hpp	graphics-input
include/Microsoft/Xna/Framework/Graphics/VertexElementFormat.hpp	modules/graphics/include/Microsoft/Xna/Framework/Graphics/VertexElementFormat.hpp	graphics-input
include/Microsoft/Xna/Framework/Graphics/VertexElementUsage.hpp	modules/graphics/include/Microsoft/Xna/Framework/Graphics/VertexElementUsage.hpp	graphics-input
include/Microsoft/Xna/Framework/Graphics/VertexPositionColor.hpp	modules/graphics/include/Microsoft/Xna/Framework/Graphics/VertexPositionColor.hpp	graphics-input
include/Microsoft/Xna/Framework/Graphics/VertexPositionColorTexture.hpp	modules/graphics/include/Microsoft/Xna/Framework/Graphics/VertexPositionColorTexture.hpp	graphics-input
include/Microsoft/Xna/Framework/Graphics/VertexPositionNormalTangentTexture.hpp	modules/graphics/include/Microsoft/Xna/Framework/Graphics/VertexPositionNormalTangentTexture.hpp	graphics-input
include/Microsoft/Xna/Framework/Graphics/VertexPositionNormalTangentTextureSkinned.hpp	modules/graphics/include/Microsoft/Xna/Framework/Graphics/VertexPositionNormalTangentTextureSkinned.hpp	graphics-input
include/Microsoft/Xna/Framework/Graphics/VertexPositionNormalTexture.hpp	modules/graphics/include/Microsoft/Xna/Framework/Graphics/VertexPositionNormalTexture.hpp	graphics-input
include/Microsoft/Xna/Framework/Graphics/VertexPositionNormalTextureSkinned.hpp	modules/graphics/include/Microsoft/Xna/Framework/Graphics/VertexPositionNormalTextureSkinned.hpp	graphics-input
include/Microsoft/Xna/Framework/Graphics/VertexPositionTexture.hpp	modules/graphics/include/Microsoft/Xna/Framework/Graphics/VertexPositionTexture.hpp	graphics-input
include/Microsoft/Xna/Framework/Graphics/Viewport.hpp	modules/graphics/include/Microsoft/Xna/Framework/Graphics/Viewport.hpp	graphics-input
include/Microsoft/Xna/Framework/GraphicsDeviceInformation.hpp	modules/runtime/include/Microsoft/Xna/Framework/GraphicsDeviceInformation.hpp	core-math-runtime
include/Microsoft/Xna/Framework/GraphicsDeviceManager.hpp	modules/runtime/include/Microsoft/Xna/Framework/GraphicsDeviceManager.hpp	core-math-runtime
include/Microsoft/Xna/Framework/IDrawable.hpp	modules/runtime/include/Microsoft/Xna/Framework/IDrawable.hpp	core-math-runtime
include/Microsoft/Xna/Framework/IGameComponent.hpp	modules/runtime/include/Microsoft/Xna/Framework/IGameComponent.hpp	core-math-runtime
include/Microsoft/Xna/Framework/IGraphicsDeviceManager.hpp	modules/runtime/include/Microsoft/Xna/Framework/IGraphicsDeviceManager.hpp	core-math-runtime
include/Microsoft/Xna/Framework/IUpdateable.hpp	modules/runtime/include/Microsoft/Xna/Framework/IUpdateable.hpp	core-math-runtime
include/Microsoft/Xna/Framework/Input/ButtonState.hpp	modules/input/include/Microsoft/Xna/Framework/Input/ButtonState.hpp	graphics-input
include/Microsoft/Xna/Framework/Input/Buttons.hpp	modules/input/include/Microsoft/Xna/Framework/Input/Buttons.hpp	graphics-input
include/Microsoft/Xna/Framework/Input/GamePad.hpp	modules/input/include/Microsoft/Xna/Framework/Input/GamePad.hpp	graphics-input
include/Microsoft/Xna/Framework/Input/GamePadButtons.hpp	modules/input/include/Microsoft/Xna/Framework/Input/GamePadButtons.hpp	graphics-input
include/Microsoft/Xna/Framework/Input/GamePadCapabilities.hpp	modules/input/include/Microsoft/Xna/Framework/Input/GamePadCapabilities.hpp	graphics-input
include/Microsoft/Xna/Framework/Input/GamePadDPad.hpp	modules/input/include/Microsoft/Xna/Framework/Input/GamePadDPad.hpp	graphics-input
include/Microsoft/Xna/Framework/Input/GamePadDeadZone.hpp	modules/input/include/Microsoft/Xna/Framework/Input/GamePadDeadZone.hpp	graphics-input
include/Microsoft/Xna/Framework/Input/GamePadState.hpp	modules/input/include/Microsoft/Xna/Framework/Input/GamePadState.hpp	graphics-input
include/Microsoft/Xna/Framework/Input/GamePadThumbSticks.hpp	modules/input/include/Microsoft/Xna/Framework/Input/GamePadThumbSticks.hpp	graphics-input
include/Microsoft/Xna/Framework/Input/GamePadTriggers.hpp	modules/input/include/Microsoft/Xna/Framework/Input/GamePadTriggers.hpp	graphics-input
include/Microsoft/Xna/Framework/Input/GamePadType.hpp	modules/input/include/Microsoft/Xna/Framework/Input/GamePadType.hpp	graphics-input
include/Microsoft/Xna/Framework/Input/KeyState.hpp	modules/input/include/Microsoft/Xna/Framework/Input/KeyState.hpp	graphics-input
include/Microsoft/Xna/Framework/Input/Keyboard.hpp	modules/input/include/Microsoft/Xna/Framework/Input/Keyboard.hpp	graphics-input
include/Microsoft/Xna/Framework/Input/KeyboardState.hpp	modules/input/include/Microsoft/Xna/Framework/Input/KeyboardState.hpp	graphics-input
include/Microsoft/Xna/Framework/Input/Keys.hpp	modules/input/include/Microsoft/Xna/Framework/Input/Keys.hpp	graphics-input
include/Microsoft/Xna/Framework/Input/Mouse.hpp	modules/input/include/Microsoft/Xna/Framework/Input/Mouse.hpp	graphics-input
include/Microsoft/Xna/Framework/Input/MouseCursor.hpp	modules/input/include/Microsoft/Xna/Framework/Input/MouseCursor.hpp	graphics-input
include/Microsoft/Xna/Framework/Input/MouseState.hpp	modules/input/include/Microsoft/Xna/Framework/Input/MouseState.hpp	graphics-input
include/Microsoft/Xna/Framework/Input/TextInputEXT.hpp	modules/input/include/Microsoft/Xna/Framework/Input/TextInputEXT.hpp	graphics-input
include/Microsoft/Xna/Framework/Input/Touch/GestureSample.hpp	modules/input/include/Microsoft/Xna/Framework/Input/Touch/GestureSample.hpp	graphics-input
include/Microsoft/Xna/Framework/Input/Touch/GestureType.hpp	modules/input/include/Microsoft/Xna/Framework/Input/Touch/GestureType.hpp	graphics-input
include/Microsoft/Xna/Framework/Input/Touch/TouchCollection.hpp	modules/input/include/Microsoft/Xna/Framework/Input/Touch/TouchCollection.hpp	graphics-input
include/Microsoft/Xna/Framework/Input/Touch/TouchLocation.hpp	modules/input/include/Microsoft/Xna/Framework/Input/Touch/TouchLocation.hpp	graphics-input
include/Microsoft/Xna/Framework/Input/Touch/TouchLocationState.hpp	modules/input/include/Microsoft/Xna/Framework/Input/Touch/TouchLocationState.hpp	graphics-input
include/Microsoft/Xna/Framework/Input/Touch/TouchPanel.hpp	modules/input/include/Microsoft/Xna/Framework/Input/Touch/TouchPanel.hpp	graphics-input
include/Microsoft/Xna/Framework/Input/Touch/TouchPanelCapabilities.hpp	modules/input/include/Microsoft/Xna/Framework/Input/Touch/TouchPanelCapabilities.hpp	graphics-input
include/Microsoft/Xna/Framework/LaunchParameters.hpp	modules/runtime/include/Microsoft/Xna/Framework/LaunchParameters.hpp	core-math-runtime
include/Microsoft/Xna/Framework/MathHelper.hpp	modules/math/include/Microsoft/Xna/Framework/MathHelper.hpp	core-math-runtime
include/Microsoft/Xna/Framework/Matrix.hpp	modules/math/include/Microsoft/Xna/Framework/Matrix.hpp	core-math-runtime
include/Microsoft/Xna/Framework/Media/Album.hpp	modules/media/include/Microsoft/Xna/Framework/Media/Album.hpp	audio-media
include/Microsoft/Xna/Framework/Media/AlbumCollection.hpp	modules/media/include/Microsoft/Xna/Framework/Media/AlbumCollection.hpp	audio-media
include/Microsoft/Xna/Framework/Media/Artist.hpp	modules/media/include/Microsoft/Xna/Framework/Media/Artist.hpp	audio-media
include/Microsoft/Xna/Framework/Media/ArtistCollection.hpp	modules/media/include/Microsoft/Xna/Framework/Media/ArtistCollection.hpp	audio-media
include/Microsoft/Xna/Framework/Media/Genre.hpp	modules/media/include/Microsoft/Xna/Framework/Media/Genre.hpp	audio-media
include/Microsoft/Xna/Framework/Media/GenreCollection.hpp	modules/media/include/Microsoft/Xna/Framework/Media/GenreCollection.hpp	audio-media
include/Microsoft/Xna/Framework/Media/MediaLibrary.hpp	modules/media/include/Microsoft/Xna/Framework/Media/MediaLibrary.hpp	audio-media
include/Microsoft/Xna/Framework/Media/MediaPlayer.hpp	modules/media/include/Microsoft/Xna/Framework/Media/MediaPlayer.hpp	audio-media
include/Microsoft/Xna/Framework/Media/MediaQueue.hpp	modules/media/include/Microsoft/Xna/Framework/Media/MediaQueue.hpp	audio-media
include/Microsoft/Xna/Framework/Media/MediaSource.hpp	modules/media/include/Microsoft/Xna/Framework/Media/MediaSource.hpp	audio-media
include/Microsoft/Xna/Framework/Media/MediaSourceType.hpp	modules/media/include/Microsoft/Xna/Framework/Media/MediaSourceType.hpp	audio-media
include/Microsoft/Xna/Framework/Media/MediaState.hpp	modules/media/include/Microsoft/Xna/Framework/Media/MediaState.hpp	audio-media
include/Microsoft/Xna/Framework/Media/Picture.hpp	modules/media/include/Microsoft/Xna/Framework/Media/Picture.hpp	audio-media
include/Microsoft/Xna/Framework/Media/PictureAlbum.hpp	modules/media/include/Microsoft/Xna/Framework/Media/PictureAlbum.hpp	audio-media
include/Microsoft/Xna/Framework/Media/PictureAlbumCollection.hpp	modules/media/include/Microsoft/Xna/Framework/Media/PictureAlbumCollection.hpp	audio-media
include/Microsoft/Xna/Framework/Media/PictureCollection.hpp	modules/media/include/Microsoft/Xna/Framework/Media/PictureCollection.hpp	audio-media
include/Microsoft/Xna/Framework/Media/Playlist.hpp	modules/media/include/Microsoft/Xna/Framework/Media/Playlist.hpp	audio-media
include/Microsoft/Xna/Framework/Media/PlaylistCollection.hpp	modules/media/include/Microsoft/Xna/Framework/Media/PlaylistCollection.hpp	audio-media
include/Microsoft/Xna/Framework/Media/Song.hpp	modules/media/include/Microsoft/Xna/Framework/Media/Song.hpp	audio-media
include/Microsoft/Xna/Framework/Media/SongCollection.hpp	modules/media/include/Microsoft/Xna/Framework/Media/SongCollection.hpp	audio-media
include/Microsoft/Xna/Framework/Media/Video/Video.hpp	modules/media/include/Microsoft/Xna/Framework/Media/Video/Video.hpp	audio-media
include/Microsoft/Xna/Framework/Media/Video/VideoPlayer.hpp	modules/media/include/Microsoft/Xna/Framework/Media/Video/VideoPlayer.hpp	audio-media
include/Microsoft/Xna/Framework/Media/VideoSoundtrackType.hpp	modules/media/include/Microsoft/Xna/Framework/Media/VideoSoundtrackType.hpp	audio-media
include/Microsoft/Xna/Framework/Media/VisualizationData.hpp	modules/media/include/Microsoft/Xna/Framework/Media/VisualizationData.hpp	audio-media
include/Microsoft/Xna/Framework/NamespaceDocs.hpp	modules/core/include/Microsoft/Xna/Framework/NamespaceDocs.hpp	core-math-runtime
include/Microsoft/Xna/Framework/Net/AvailableNetworkSession.hpp	modules/net/include/Microsoft/Xna/Framework/Net/AvailableNetworkSession.hpp	net-gamerservices
include/Microsoft/Xna/Framework/Net/AvailableNetworkSessionCollection.hpp	modules/net/include/Microsoft/Xna/Framework/Net/AvailableNetworkSessionCollection.hpp	net-gamerservices
include/Microsoft/Xna/Framework/Net/GameEndedEventArgs.hpp	modules/net/include/Microsoft/Xna/Framework/Net/GameEndedEventArgs.hpp	net-gamerservices
include/Microsoft/Xna/Framework/Net/GameStartedEventArgs.hpp	modules/net/include/Microsoft/Xna/Framework/Net/GameStartedEventArgs.hpp	net-gamerservices
include/Microsoft/Xna/Framework/Net/GamerJoinedEventArgs.hpp	modules/net/include/Microsoft/Xna/Framework/Net/GamerJoinedEventArgs.hpp	net-gamerservices
include/Microsoft/Xna/Framework/Net/GamerLeftEventArgs.hpp	modules/net/include/Microsoft/Xna/Framework/Net/GamerLeftEventArgs.hpp	net-gamerservices
include/Microsoft/Xna/Framework/Net/HostChangedEventArgs.hpp	modules/net/include/Microsoft/Xna/Framework/Net/HostChangedEventArgs.hpp	net-gamerservices
include/Microsoft/Xna/Framework/Net/LocalNetworkGamer.hpp	modules/net/include/Microsoft/Xna/Framework/Net/LocalNetworkGamer.hpp	net-gamerservices
include/Microsoft/Xna/Framework/Net/NetworkGamer.hpp	modules/net/include/Microsoft/Xna/Framework/Net/NetworkGamer.hpp	net-gamerservices
include/Microsoft/Xna/Framework/Net/NetworkMachine.hpp	modules/net/include/Microsoft/Xna/Framework/Net/NetworkMachine.hpp	net-gamerservices
include/Microsoft/Xna/Framework/Net/NetworkSession.hpp	modules/net/include/Microsoft/Xna/Framework/Net/NetworkSession.hpp	net-gamerservices
include/Microsoft/Xna/Framework/Net/NetworkSessionEndReason.hpp	modules/net/include/Microsoft/Xna/Framework/Net/NetworkSessionEndReason.hpp	net-gamerservices
include/Microsoft/Xna/Framework/Net/NetworkSessionEndedEventArgs.hpp	modules/net/include/Microsoft/Xna/Framework/Net/NetworkSessionEndedEventArgs.hpp	net-gamerservices
include/Microsoft/Xna/Framework/Net/NetworkSessionJoinError.hpp	modules/net/include/Microsoft/Xna/Framework/Net/NetworkSessionJoinError.hpp	net-gamerservices
include/Microsoft/Xna/Framework/Net/NetworkSessionJoinException.hpp	modules/net/include/Microsoft/Xna/Framework/Net/NetworkSessionJoinException.hpp	net-gamerservices
include/Microsoft/Xna/Framework/Net/NetworkSessionProperties.hpp	modules/net/include/Microsoft/Xna/Framework/Net/NetworkSessionProperties.hpp	net-gamerservices
include/Microsoft/Xna/Framework/Net/NetworkSessionState.hpp	modules/net/include/Microsoft/Xna/Framework/Net/NetworkSessionState.hpp	net-gamerservices
include/Microsoft/Xna/Framework/Net/NetworkSessionType.hpp	modules/net/include/Microsoft/Xna/Framework/Net/NetworkSessionType.hpp	net-gamerservices
include/Microsoft/Xna/Framework/Net/PacketReader.hpp	modules/net/include/Microsoft/Xna/Framework/Net/PacketReader.hpp	net-gamerservices
include/Microsoft/Xna/Framework/Net/PacketWriter.hpp	modules/net/include/Microsoft/Xna/Framework/Net/PacketWriter.hpp	net-gamerservices
include/Microsoft/Xna/Framework/Net/QualityOfService.hpp	modules/net/include/Microsoft/Xna/Framework/Net/QualityOfService.hpp	net-gamerservices
include/Microsoft/Xna/Framework/Net/SendDataOptions.hpp	modules/net/include/Microsoft/Xna/Framework/Net/SendDataOptions.hpp	net-gamerservices
include/Microsoft/Xna/Framework/Net/WriteLeaderboardsEventArgs.hpp	modules/net/include/Microsoft/Xna/Framework/Net/WriteLeaderboardsEventArgs.hpp	net-gamerservices
include/Microsoft/Xna/Framework/Plane.hpp	modules/math/include/Microsoft/Xna/Framework/Plane.hpp	core-math-runtime
include/Microsoft/Xna/Framework/PlaneIntersectionType.hpp	modules/math/include/Microsoft/Xna/Framework/PlaneIntersectionType.hpp	core-math-runtime
include/Microsoft/Xna/Framework/PlayerIndex.hpp	modules/core/include/Microsoft/Xna/Framework/PlayerIndex.hpp	core-math-runtime
include/Microsoft/Xna/Framework/Point.hpp	modules/math/include/Microsoft/Xna/Framework/Point.hpp	core-math-runtime
include/Microsoft/Xna/Framework/PreparingDeviceSettingsEventArgs.hpp	modules/runtime/include/Microsoft/Xna/Framework/PreparingDeviceSettingsEventArgs.hpp	core-math-runtime
include/Microsoft/Xna/Framework/Quaternion.hpp	modules/math/include/Microsoft/Xna/Framework/Quaternion.hpp	core-math-runtime
include/Microsoft/Xna/Framework/Ray.hpp	modules/math/include/Microsoft/Xna/Framework/Ray.hpp	core-math-runtime
include/Microsoft/Xna/Framework/Rectangle.hpp	modules/math/include/Microsoft/Xna/Framework/Rectangle.hpp	core-math-runtime
include/Microsoft/Xna/Framework/Storage/StorageContainer.hpp	modules/storage/include/Microsoft/Xna/Framework/Storage/StorageContainer.hpp	content-storage
include/Microsoft/Xna/Framework/Storage/StorageDevice.hpp	modules/storage/include/Microsoft/Xna/Framework/Storage/StorageDevice.hpp	content-storage
include/Microsoft/Xna/Framework/Storage/StorageDeviceNotConnectedException.hpp	modules/storage/include/Microsoft/Xna/Framework/Storage/StorageDeviceNotConnectedException.hpp	content-storage
include/Microsoft/Xna/Framework/TitleContainer.hpp	modules/runtime/include/Microsoft/Xna/Framework/TitleContainer.hpp	core-math-runtime
include/Microsoft/Xna/Framework/TitleLocation.hpp	modules/runtime/include/Microsoft/Xna/Framework/TitleLocation.hpp	core-math-runtime
include/Microsoft/Xna/Framework/Vector2.hpp	modules/math/include/Microsoft/Xna/Framework/Vector2.hpp	core-math-runtime
include/Microsoft/Xna/Framework/Vector3.hpp	modules/math/include/Microsoft/Xna/Framework/Vector3.hpp	core-math-runtime
include/Microsoft/Xna/Framework/Vector4.hpp	modules/math/include/Microsoft/Xna/Framework/Vector4.hpp	core-math-runtime
src/Audio/Internal/AudioMixer.cpp	modules/audio/src/Internal/AudioMixer.cpp	audio-media
src/Audio/Internal/WavWrapper.cpp	modules/audio/src/Internal/WavWrapper.cpp	audio-media
src/Audio/Internal/XactParser.cpp	modules/audio/src/Internal/XactParser.cpp	audio-media
src/Audio/Xna/AudioCategory.cpp	modules/audio/src/Xna/AudioCategory.cpp	audio-media
src/Audio/Xna/AudioEmitter.cpp	modules/audio/src/Xna/AudioEmitter.cpp	audio-media
src/Audio/Xna/AudioEngine.cpp	modules/audio/src/Xna/AudioEngine.cpp	audio-media
src/Audio/Xna/AudioListener.cpp	modules/audio/src/Xna/AudioListener.cpp	audio-media
src/Audio/Xna/Cue.cpp	modules/audio/src/Xna/Cue.cpp	audio-media
src/Audio/Xna/DynamicSoundEffectInstance.cpp	modules/audio/src/Xna/DynamicSoundEffectInstance.cpp	audio-media
src/Audio/Xna/FrameworkDispatcher.cpp	modules/audio/src/Xna/FrameworkDispatcher.cpp	audio-media
src/Audio/Xna/Microphone.cpp	modules/audio/src/Xna/Microphone.cpp	audio-media
src/Audio/Xna/RendererDetail.cpp	modules/audio/src/Xna/RendererDetail.cpp	audio-media
src/Audio/Xna/SoundBank.cpp	modules/audio/src/Xna/SoundBank.cpp	audio-media
src/Audio/Xna/SoundEffect.cpp	modules/audio/src/Xna/SoundEffect.cpp	audio-media
src/Audio/Xna/SoundEffectInstance.cpp	modules/audio/src/Xna/SoundEffectInstance.cpp	audio-media
src/Audio/Xna/WaveBank.cpp	modules/audio/src/Xna/WaveBank.cpp	audio-media
src/Content/GltfImport/GltfImportCore.cpp	modules/content/src/GltfImport/GltfImportCore.cpp	content-storage
src/Content/Xna/ContentLoadException.cpp	modules/content/src/Xna/ContentLoadException.cpp	content-storage
src/Content/Xna/ContentManager.cpp	modules/content/src/Xna/ContentManager.cpp	content-storage
src/Content/Xna/ContentReader.cpp	modules/content/src/Xna/ContentReader.cpp	content-storage
src/Content/Xna/ContentTypeReaderManager.cpp	modules/content/src/Xna/ContentTypeReaderManager.cpp	content-storage
src/Content/Xna/KnownUnsupportedContentTypeReader.cpp	modules/content/src/Xna/KnownUnsupportedContentTypeReader.cpp	content-storage
src/Content/Xna/ResourceContentManager.cpp	modules/content/src/Xna/ResourceContentManager.cpp	content-storage
src/Content/Xnb/CurveContentTypeReader.cpp	modules/content/src/Xnb/CurveContentTypeReader.cpp	content-storage
src/Content/Xnb/DecimalDateTimeContentTypeReaders.cpp	modules/content/src/Xnb/DecimalDateTimeContentTypeReaders.cpp	content-storage
src/Content/Xnb/LzxDecoder.cpp	modules/content/src/Xnb/LzxDecoder.cpp	content-storage
src/Content/Xnb/MathContentTypeReaders.cpp	modules/content/src/Xnb/MathContentTypeReaders.cpp	content-storage
src/Content/Xnb/ModelContentTypeReaders.cpp	modules/content/src/Xnb/ModelContentTypeReaders.cpp	content-storage
src/Content/Xnb/PrimitiveContentTypeReaders.cpp	modules/content/src/Xnb/PrimitiveContentTypeReaders.cpp	content-storage
src/Content/Xnb/SongContentTypeReader.cpp	modules/content/src/Xnb/SongContentTypeReader.cpp	content-storage
src/Content/Xnb/SoundEffectContentTypeReader.cpp	modules/content/src/Xnb/SoundEffectContentTypeReader.cpp	content-storage
src/Content/Xnb/SpriteFontContentTypeReader.cpp	modules/content/src/Xnb/SpriteFontContentTypeReader.cpp	content-storage
src/Content/Xnb/StockEffectContentTypeReaders.cpp	modules/content/src/Xnb/StockEffectContentTypeReaders.cpp	content-storage
src/Content/Xnb/Texture2DContentTypeReader.cpp	modules/content/src/Xnb/Texture2DContentTypeReader.cpp	content-storage
src/Content/Xnb/Texture3DContentTypeReader.cpp	modules/content/src/Xnb/Texture3DContentTypeReader.cpp	content-storage
src/Content/Xnb/TextureCubeContentTypeReader.cpp	modules/content/src/Xnb/TextureCubeContentTypeReader.cpp	content-storage
src/Content/Xnb/VideoContentTypeReader.cpp	modules/content/src/Xnb/VideoContentTypeReader.cpp	content-storage
src/Content/Xnb/XnbBuiltInReaders.cpp	modules/content/src/Xnb/XnbBuiltInReaders.cpp	content-storage
src/Content/Xnb/XnbDecompression.cpp	modules/content/src/Xnb/XnbDecompression.cpp	content-storage
src/Core/CNAException.cpp	modules/core/src/CNAException.cpp	core-math-runtime
src/Core/DesktopOS.cpp	modules/core/src/DesktopOS.cpp	core-math-runtime
src/Core/Logger.cpp	modules/core/src/Logger.cpp	core-math-runtime
src/Core/Platform.cpp	modules/core/src/Platform.cpp	core-math-runtime
src/Devices/Microsoft/Detail/SdlHapticVibrateBackend.cpp	modules/devices/src/Detail/SdlHapticVibrateBackend.cpp	devices-ext-split
src/Devices/Microsoft/Sensors/Accelerometer.cpp	modules/devices/src/Sensors/Accelerometer.cpp	devices-ext-split
src/Devices/Microsoft/Sensors/AccelerometerFailedException.cpp	modules/devices/src/Sensors/AccelerometerFailedException.cpp	devices-ext-split
src/Devices/Microsoft/Sensors/AccelerometerReading.cpp	modules/devices/src/Sensors/AccelerometerReading.cpp	devices-ext-split
src/Devices/Microsoft/Sensors/AccelerometerReadingEventArgs.cpp	modules/devices/src/Sensors/AccelerometerReadingEventArgs.cpp	devices-ext-split
src/Devices/Microsoft/Sensors/AttitudeReading.cpp	modules/devices/src/Sensors/AttitudeReading.cpp	devices-ext-split
src/Devices/Microsoft/Sensors/CalibrationEventArgs.cpp	modules/devices/src/Sensors/CalibrationEventArgs.cpp	devices-ext-split
src/Devices/Microsoft/Sensors/Compass.cpp	modules/devices/src/Sensors/Compass.cpp	devices-ext-split
src/Devices/Microsoft/Sensors/CompassReading.cpp	modules/devices/src/Sensors/CompassReading.cpp	devices-ext-split
src/Devices/Microsoft/Sensors/Detail/AndroidCompassBackend.cpp	modules/devices/src/Sensors/Detail/AndroidCompassBackend.cpp	devices-ext-split
src/Devices/Microsoft/Sensors/Detail/AndroidMotionBackend.cpp	modules/devices/src/Sensors/Detail/AndroidMotionBackend.cpp	devices-ext-split
src/Devices/Microsoft/Sensors/Detail/AndroidSensorBridge.cpp	modules/devices/src/Sensors/Detail/AndroidSensorBridge.cpp	devices-ext-split
src/Devices/Microsoft/Sensors/Detail/AndroidSensorOrientation.cpp	modules/devices/src/Sensors/Detail/AndroidSensorOrientation.cpp	devices-ext-split
src/Devices/Microsoft/Sensors/Detail/NativeDiagnostic.cpp	modules/devices/src/Sensors/Detail/NativeDiagnostic.cpp	devices-ext-split
src/Devices/Microsoft/Sensors/Gyroscope.cpp	modules/devices/src/Sensors/Gyroscope.cpp	devices-ext-split
src/Devices/Microsoft/Sensors/GyroscopeReading.cpp	modules/devices/src/Sensors/GyroscopeReading.cpp	devices-ext-split
src/Devices/Microsoft/Sensors/Motion.cpp	modules/devices/src/Sensors/Motion.cpp	devices-ext-split
src/Devices/Microsoft/Sensors/MotionReading.cpp	modules/devices/src/Sensors/MotionReading.cpp	devices-ext-split
src/Devices/Microsoft/Sensors/SensorFailedException.cpp	modules/devices/src/Sensors/SensorFailedException.cpp	devices-ext-split
src/Devices/Microsoft/Sensors/SensorReadingEventArgs.cpp	modules/devices/src/Sensors/SensorReadingEventArgs.cpp	devices-ext-split
src/Devices/Microsoft/VibrateController.cpp	modules/devices/src/VibrateController.cpp	devices-ext-split
src/Devices/NoXna/Camera.cpp	modules/devices-ext/src/Camera.cpp	devices-ext-split
src/Devices/NoXna/Clipboard.cpp	modules/devices-ext/src/Clipboard.cpp	devices-ext-split
src/Devices/NoXna/Detail/SdlCameraBackend.cpp	modules/devices-ext/src/Detail/SdlCameraBackend.cpp	devices-ext-split
src/Devices/NoXna/Detail/SdlFileDialogBackend.cpp	modules/devices-ext/src/Detail/SdlFileDialogBackend.cpp	devices-ext-split
src/Devices/NoXna/Detail/SdlMessageBoxBackend.cpp	modules/devices-ext/src/Detail/SdlMessageBoxBackend.cpp	devices-ext-split
src/Devices/NoXna/Detail/SdlTrayBackend.cpp	modules/devices-ext/src/Detail/SdlTrayBackend.cpp	devices-ext-split
src/Devices/NoXna/DisplayInfo.cpp	modules/devices-ext/src/DisplayInfo.cpp	devices-ext-split
src/Devices/NoXna/FileDialog.cpp	modules/devices-ext/src/FileDialog.cpp	devices-ext-split
src/Devices/NoXna/Locale.cpp	modules/devices-ext/src/Locale.cpp	devices-ext-split
src/Devices/NoXna/MessageBox.cpp	modules/devices-ext/src/MessageBox.cpp	devices-ext-split
src/Devices/NoXna/PowerInfo.cpp	modules/devices-ext/src/PowerInfo.cpp	devices-ext-split
src/Devices/NoXna/SystemInfo.cpp	modules/devices-ext/src/SystemInfo.cpp	devices-ext-split
src/Devices/NoXna/SystemTray.cpp	modules/devices-ext/src/SystemTray.cpp	devices-ext-split
src/Devices/NoXna/UrlLauncher.cpp	modules/devices-ext/src/UrlLauncher.cpp	devices-ext-split
src/GamerServices/Internal/LocalGamerServicesStore.cpp	modules/gamer-services/src/Internal/LocalGamerServicesStore.cpp	net-gamerservices
src/GamerServices/Xna/Achievement.cpp	modules/gamer-services/src/Xna/Achievement.cpp	net-gamerservices
src/GamerServices/Xna/AchievementCollection.cpp	modules/gamer-services/src/Xna/AchievementCollection.cpp	net-gamerservices
src/GamerServices/Xna/AvatarAnimation.cpp	modules/gamer-services/src/Xna/AvatarAnimation.cpp	net-gamerservices
src/GamerServices/Xna/AvatarAnimationPresetNamesEXT.cpp	modules/gamer-services/src/Xna/AvatarAnimationPresetNamesEXT.cpp	net-gamerservices
src/GamerServices/Xna/AvatarBodyTypeNamesEXT.cpp	modules/gamer-services/src/Xna/AvatarBodyTypeNamesEXT.cpp	net-gamerservices
src/GamerServices/Xna/AvatarDescription.cpp	modules/gamer-services/src/Xna/AvatarDescription.cpp	net-gamerservices
src/GamerServices/Xna/AvatarExpression.cpp	modules/gamer-services/src/Xna/AvatarExpression.cpp	net-gamerservices
src/GamerServices/Xna/AvatarRenderer.cpp	modules/gamer-services/src/Xna/AvatarRenderer.cpp	net-gamerservices
src/GamerServices/Xna/FriendCollection.cpp	modules/gamer-services/src/Xna/FriendCollection.cpp	net-gamerservices
src/GamerServices/Xna/FriendGamer.cpp	modules/gamer-services/src/Xna/FriendGamer.cpp	net-gamerservices
src/GamerServices/Xna/GameDefaults.cpp	modules/gamer-services/src/Xna/GameDefaults.cpp	net-gamerservices
src/GamerServices/Xna/GameUpdateRequiredException.cpp	modules/gamer-services/src/Xna/GameUpdateRequiredException.cpp	net-gamerservices
src/GamerServices/Xna/Gamer.cpp	modules/gamer-services/src/Xna/Gamer.cpp	net-gamerservices
src/GamerServices/Xna/GamerPresence.cpp	modules/gamer-services/src/Xna/GamerPresence.cpp	net-gamerservices
src/GamerServices/Xna/GamerPrivilegeException.cpp	modules/gamer-services/src/Xna/GamerPrivilegeException.cpp	net-gamerservices
src/GamerServices/Xna/GamerPrivileges.cpp	modules/gamer-services/src/Xna/GamerPrivileges.cpp	net-gamerservices
src/GamerServices/Xna/GamerProfile.cpp	modules/gamer-services/src/Xna/GamerProfile.cpp	net-gamerservices
src/GamerServices/Xna/GamerServices.cpp	modules/gamer-services/src/Xna/GamerServices.cpp	net-gamerservices
src/GamerServices/Xna/GamerServicesComponent.cpp	modules/gamer-services/src/Xna/GamerServicesComponent.cpp	net-gamerservices
src/GamerServices/Xna/GamerServicesDispatcher.cpp	modules/gamer-services/src/Xna/GamerServicesDispatcher.cpp	net-gamerservices
src/GamerServices/Xna/GamerServicesNotAvailableException.cpp	modules/gamer-services/src/Xna/GamerServicesNotAvailableException.cpp	net-gamerservices
src/GamerServices/Xna/Guide.cpp	modules/gamer-services/src/Xna/Guide.cpp	net-gamerservices
src/GamerServices/Xna/GuideAlreadyVisibleException.cpp	modules/gamer-services/src/Xna/GuideAlreadyVisibleException.cpp	net-gamerservices
src/GamerServices/Xna/InviteAcceptedEventArgs.cpp	modules/gamer-services/src/Xna/InviteAcceptedEventArgs.cpp	net-gamerservices
src/GamerServices/Xna/LeaderboardEntry.cpp	modules/gamer-services/src/Xna/LeaderboardEntry.cpp	net-gamerservices
src/GamerServices/Xna/LeaderboardIdentity.cpp	modules/gamer-services/src/Xna/LeaderboardIdentity.cpp	net-gamerservices
src/GamerServices/Xna/LeaderboardReader.cpp	modules/gamer-services/src/Xna/LeaderboardReader.cpp	net-gamerservices
src/GamerServices/Xna/LeaderboardWriter.cpp	modules/gamer-services/src/Xna/LeaderboardWriter.cpp	net-gamerservices
src/GamerServices/Xna/NetworkException.cpp	modules/gamer-services/src/Xna/NetworkException.cpp	net-gamerservices
src/GamerServices/Xna/NetworkNotAvailableException.cpp	modules/gamer-services/src/Xna/NetworkNotAvailableException.cpp	net-gamerservices
src/GamerServices/Xna/PropertyDictionary.cpp	modules/gamer-services/src/Xna/PropertyDictionary.cpp	net-gamerservices
src/GamerServices/Xna/SignedInEventArgs.cpp	modules/gamer-services/src/Xna/SignedInEventArgs.cpp	net-gamerservices
src/GamerServices/Xna/SignedInGamer.cpp	modules/gamer-services/src/Xna/SignedInGamer.cpp	net-gamerservices
src/GamerServices/Xna/SignedInGamerCollection.cpp	modules/gamer-services/src/Xna/SignedInGamerCollection.cpp	net-gamerservices
src/GamerServices/Xna/SignedOutEventArgs.cpp	modules/gamer-services/src/Xna/SignedOutEventArgs.cpp	net-gamerservices
src/Graphics/Backends/Ascii/AsciiFontAtlas.cpp	modules/renderers/ascii/src/AsciiFontAtlas.cpp	renderers
src/Graphics/Backends/Ascii/AsciiGraphicsBackend.cpp	modules/renderers/ascii/src/AsciiGraphicsBackend.cpp	renderers
src/Graphics/Backends/Ascii/AsciiQuantizer.cpp	modules/renderers/ascii/src/AsciiQuantizer.cpp	renderers
src/Graphics/Backends/Bgfx/BgfxGraphicsBackend.cpp	modules/renderers/bgfx/src/BgfxGraphicsBackend.cpp	renderers
src/Graphics/Backends/Bgfx/BgfxRendererSelection.cpp	modules/renderers/bgfx/src/BgfxRendererSelection.cpp	renderers
src/Graphics/Backends/Bgfx/shaders/bgfx_shaders.hpp	modules/renderers/bgfx/src/shaders/bgfx_shaders.hpp	renderers
src/Graphics/Backends/Bgfx/shaders/compile_shaders.py	modules/renderers/bgfx/src/shaders/compile_shaders.py	renderers
src/Graphics/Backends/Bgfx/shaders/fs_alpha_test3d.sc	modules/renderers/bgfx/src/shaders/fs_alpha_test3d.sc	renderers
src/Graphics/Backends/Bgfx/shaders/fs_colored3d.sc	modules/renderers/bgfx/src/shaders/fs_colored3d.sc	renderers
src/Graphics/Backends/Bgfx/shaders/fs_colored_textured3d.sc	modules/renderers/bgfx/src/shaders/fs_colored_textured3d.sc	renderers
src/Graphics/Backends/Bgfx/shaders/fs_dual_texture3d.sc	modules/renderers/bgfx/src/shaders/fs_dual_texture3d.sc	renderers
src/Graphics/Backends/Bgfx/shaders/fs_env_map3d.sc	modules/renderers/bgfx/src/shaders/fs_env_map3d.sc	renderers
src/Graphics/Backends/Bgfx/shaders/fs_instanced3d.sc	modules/renderers/bgfx/src/shaders/fs_instanced3d.sc	renderers
src/Graphics/Backends/Bgfx/shaders/fs_lit_textured3d.sc	modules/renderers/bgfx/src/shaders/fs_lit_textured3d.sc	renderers
src/Graphics/Backends/Bgfx/shaders/fs_lit_textured3d_vertexlit.sc	modules/renderers/bgfx/src/shaders/fs_lit_textured3d_vertexlit.sc	renderers
src/Graphics/Backends/Bgfx/shaders/fs_pbr3d.sc	modules/renderers/bgfx/src/shaders/fs_pbr3d.sc	renderers
src/Graphics/Backends/Bgfx/shaders/fs_skinned3d.sc	modules/renderers/bgfx/src/shaders/fs_skinned3d.sc	renderers
src/Graphics/Backends/Bgfx/shaders/fs_skinned3d_vertexlit.sc	modules/renderers/bgfx/src/shaders/fs_skinned3d_vertexlit.sc	renderers
src/Graphics/Backends/Bgfx/shaders/fs_textured3d.sc	modules/renderers/bgfx/src/shaders/fs_textured3d.sc	renderers
src/Graphics/Backends/Bgfx/shaders/varying.def.sc	modules/renderers/bgfx/src/shaders/varying.def.sc	renderers
src/Graphics/Backends/Bgfx/shaders/vs_alpha_test3d.sc	modules/renderers/bgfx/src/shaders/vs_alpha_test3d.sc	renderers
src/Graphics/Backends/Bgfx/shaders/vs_alpha_test_colored3d.sc	modules/renderers/bgfx/src/shaders/vs_alpha_test_colored3d.sc	renderers
src/Graphics/Backends/Bgfx/shaders/vs_colored3d.sc	modules/renderers/bgfx/src/shaders/vs_colored3d.sc	renderers
src/Graphics/Backends/Bgfx/shaders/vs_colored_textured3d.sc	modules/renderers/bgfx/src/shaders/vs_colored_textured3d.sc	renderers
src/Graphics/Backends/Bgfx/shaders/vs_dual_texture3d.sc	modules/renderers/bgfx/src/shaders/vs_dual_texture3d.sc	renderers
src/Graphics/Backends/Bgfx/shaders/vs_dual_texture_colored3d.sc	modules/renderers/bgfx/src/shaders/vs_dual_texture_colored3d.sc	renderers
src/Graphics/Backends/Bgfx/shaders/vs_env_map3d.sc	modules/renderers/bgfx/src/shaders/vs_env_map3d.sc	renderers
src/Graphics/Backends/Bgfx/shaders/vs_instanced3d.sc	modules/renderers/bgfx/src/shaders/vs_instanced3d.sc	renderers
src/Graphics/Backends/Bgfx/shaders/vs_lit_textured3d.sc	modules/renderers/bgfx/src/shaders/vs_lit_textured3d.sc	renderers
src/Graphics/Backends/Bgfx/shaders/vs_lit_textured3d_vertexlit.sc	modules/renderers/bgfx/src/shaders/vs_lit_textured3d_vertexlit.sc	renderers
src/Graphics/Backends/Bgfx/shaders/vs_pbr3d.sc	modules/renderers/bgfx/src/shaders/vs_pbr3d.sc	renderers
src/Graphics/Backends/Bgfx/shaders/vs_pbr_skinned3d.sc	modules/renderers/bgfx/src/shaders/vs_pbr_skinned3d.sc	renderers
src/Graphics/Backends/Bgfx/shaders/vs_skinned3d.sc	modules/renderers/bgfx/src/shaders/vs_skinned3d.sc	renderers
src/Graphics/Backends/Bgfx/shaders/vs_skinned3d_vertexlit.sc	modules/renderers/bgfx/src/shaders/vs_skinned3d_vertexlit.sc	renderers
src/Graphics/Backends/Bgfx/shaders/vs_textured3d.sc	modules/renderers/bgfx/src/shaders/vs_textured3d.sc	renderers
src/Graphics/Backends/Canvas/CanvasGraphicsBackend.cpp	modules/renderers/canvas/src/CanvasGraphicsBackend.cpp	renderers
src/Graphics/Backends/Canvas/CanvasRenderTargetBackend.cpp	modules/renderers/canvas/src/CanvasRenderTargetBackend.cpp	renderers
src/Graphics/Backends/Canvas/CanvasSpriteBatchBackend.cpp	modules/renderers/canvas/src/CanvasSpriteBatchBackend.cpp	renderers
src/Graphics/Backends/Canvas/CanvasTextureBackend.cpp	modules/renderers/canvas/src/CanvasTextureBackend.cpp	renderers
src/Graphics/Backends/D3D10/D3D10GraphicsBackend.cpp	modules/renderers/d3d10/src/D3D10GraphicsBackend.cpp	renderers
src/Graphics/Backends/D3D11/D3D11Buffers.cpp	modules/renderers/d3d11/src/D3D11Buffers.cpp	renderers
src/Graphics/Backends/D3D11/D3D11EffectBackend.cpp	modules/renderers/d3d11/src/D3D11EffectBackend.cpp	renderers
src/Graphics/Backends/D3D11/D3D11GraphicsBackend.cpp	modules/renderers/d3d11/src/D3D11GraphicsBackend.cpp	renderers
src/Graphics/Backends/D3D11/D3D11InputLayoutCache.cpp	modules/renderers/d3d11/src/D3D11InputLayoutCache.cpp	renderers
src/Graphics/Backends/D3D11/D3D11OcclusionQuery.cpp	modules/renderers/d3d11/src/D3D11OcclusionQuery.cpp	renderers
src/Graphics/Backends/D3D11/D3D11RenderTargets.cpp	modules/renderers/d3d11/src/D3D11RenderTargets.cpp	renderers
src/Graphics/Backends/D3D11/D3D11SamplerCache.cpp	modules/renderers/d3d11/src/D3D11SamplerCache.cpp	renderers
src/Graphics/Backends/D3D11/D3D11SpriteBatch.cpp	modules/renderers/d3d11/src/D3D11SpriteBatch.cpp	renderers
src/Graphics/Backends/D3D11/D3D11StateObjectCache.cpp	modules/renderers/d3d11/src/D3D11StateObjectCache.cpp	renderers
src/Graphics/Backends/D3D11/D3D11Textures.cpp	modules/renderers/d3d11/src/D3D11Textures.cpp	renderers
src/Graphics/Backends/D3D12/D3D12Buffers.cpp	modules/renderers/d3d12/src/D3D12Buffers.cpp	renderers
src/Graphics/Backends/D3D12/D3D12DescriptorHeaps.cpp	modules/renderers/d3d12/src/D3D12DescriptorHeaps.cpp	renderers
src/Graphics/Backends/D3D12/D3D12EffectBackend.cpp	modules/renderers/d3d12/src/D3D12EffectBackend.cpp	renderers
src/Graphics/Backends/D3D12/D3D12GraphicsBackend.cpp	modules/renderers/d3d12/src/D3D12GraphicsBackend.cpp	renderers
src/Graphics/Backends/D3D12/D3D12OcclusionQuery.cpp	modules/renderers/d3d12/src/D3D12OcclusionQuery.cpp	renderers
src/Graphics/Backends/D3D12/D3D12PipelineStateCache.cpp	modules/renderers/d3d12/src/D3D12PipelineStateCache.cpp	renderers
src/Graphics/Backends/D3D12/D3D12RenderTargets.cpp	modules/renderers/d3d12/src/D3D12RenderTargets.cpp	renderers
src/Graphics/Backends/D3D12/D3D12ResourceStateTracker.cpp	modules/renderers/d3d12/src/D3D12ResourceStateTracker.cpp	renderers
src/Graphics/Backends/D3D12/D3D12RootSignatureCache.cpp	modules/renderers/d3d12/src/D3D12RootSignatureCache.cpp	renderers
src/Graphics/Backends/D3D12/D3D12SamplerCache.cpp	modules/renderers/d3d12/src/D3D12SamplerCache.cpp	renderers
src/Graphics/Backends/D3D12/D3D12SpriteBatch.cpp	modules/renderers/d3d12/src/D3D12SpriteBatch.cpp	renderers
src/Graphics/Backends/D3D12/D3D12Texture3D.cpp	modules/renderers/d3d12/src/D3D12Texture3D.cpp	renderers
src/Graphics/Backends/D3D12/D3D12TextureCube.cpp	modules/renderers/d3d12/src/D3D12TextureCube.cpp	renderers
src/Graphics/Backends/D3D12/D3D12Textures.cpp	modules/renderers/d3d12/src/D3D12Textures.cpp	renderers
src/Graphics/Backends/D3D9/D3D9Buffers.cpp	modules/renderers/d3d9/src/D3D9Buffers.cpp	renderers
src/Graphics/Backends/D3D9/D3D9ConstantTable.cpp	modules/renderers/d3d9/src/D3D9ConstantTable.cpp	renderers
src/Graphics/Backends/D3D9/D3D9ConstantUpload.cpp	modules/renderers/d3d9/src/D3D9ConstantUpload.cpp	renderers
src/Graphics/Backends/D3D9/D3D9EffectBackend.cpp	modules/renderers/d3d9/src/D3D9EffectBackend.cpp	renderers
src/Graphics/Backends/D3D9/D3D9EffectDraw.cpp	modules/renderers/d3d9/src/D3D9EffectDraw.cpp	renderers
src/Graphics/Backends/D3D9/D3D9FormatMapping.cpp	modules/renderers/d3d9/src/D3D9FormatMapping.cpp	renderers
src/Graphics/Backends/D3D9/D3D9GraphicsBackend.cpp	modules/renderers/d3d9/src/D3D9GraphicsBackend.cpp	renderers
src/Graphics/Backends/D3D9/D3D9InstancedDraw.cpp	modules/renderers/d3d9/src/D3D9InstancedDraw.cpp	renderers
src/Graphics/Backends/D3D9/D3D9OcclusionQuery.cpp	modules/renderers/d3d9/src/D3D9OcclusionQuery.cpp	renderers
src/Graphics/Backends/D3D9/D3D9PbrDraw.cpp	modules/renderers/d3d9/src/D3D9PbrDraw.cpp	renderers
src/Graphics/Backends/D3D9/D3D9ProfileCapabilities.cpp	modules/renderers/d3d9/src/D3D9ProfileCapabilities.cpp	renderers
src/Graphics/Backends/D3D9/D3D9RenderTargets.cpp	modules/renderers/d3d9/src/D3D9RenderTargets.cpp	renderers
src/Graphics/Backends/D3D9/D3D9ShaderCache.cpp	modules/renderers/d3d9/src/D3D9ShaderCache.cpp	renderers
src/Graphics/Backends/D3D9/D3D9ShaderDispatch.cpp	modules/renderers/d3d9/src/D3D9ShaderDispatch.cpp	renderers
src/Graphics/Backends/D3D9/D3D9SkinnedVertexColorDraw.cpp	modules/renderers/d3d9/src/D3D9SkinnedVertexColorDraw.cpp	renderers
src/Graphics/Backends/D3D9/D3D9SpriteBatch.cpp	modules/renderers/d3d9/src/D3D9SpriteBatch.cpp	renderers
src/Graphics/Backends/D3D9/D3D9StateMapping.cpp	modules/renderers/d3d9/src/D3D9StateMapping.cpp	renderers
src/Graphics/Backends/D3D9/D3D9Textures.cpp	modules/renderers/d3d9/src/D3D9Textures.cpp	renderers
src/Graphics/Backends/D3D9/D3D9VertexDeclarations.cpp	modules/renderers/d3d9/src/D3D9VertexDeclarations.cpp	renderers
src/Graphics/Backends/D3D9/shaders/D3D9CnaShaderRegisters.hpp	modules/renderers/d3d9/src/shaders/D3D9CnaShaderRegisters.hpp	renderers
src/Graphics/Backends/D3D9/shaders/D3D9ShaderRegisters.hpp	modules/renderers/d3d9/include/CNA/Internal/Backends/D3D9/shaders/D3D9ShaderRegisters.hpp	renderers
src/Graphics/Backends/D3D9/shaders/cna/Instanced3D.hlsl	modules/renderers/d3d9/src/shaders/cna/Instanced3D.hlsl	renderers
src/Graphics/Backends/D3D9/shaders/cna/Pbr3D.hlsl	modules/renderers/d3d9/src/shaders/cna/Pbr3D.hlsl	renderers
src/Graphics/Backends/D3D9/shaders/cna/PbrSkinned3D.hlsl	modules/renderers/d3d9/src/shaders/cna/PbrSkinned3D.hlsl	renderers
src/Graphics/Backends/D3D9/shaders/cna/SkinnedVertexColor3D.hlsl	modules/renderers/d3d9/src/shaders/cna/SkinnedVertexColor3D.hlsl	renderers
src/Graphics/Backends/D3D9/shaders/compare_against_fxb.py	modules/renderers/d3d9/src/shaders/compare_against_fxb.py	renderers
src/Graphics/Backends/D3D9/shaders/compile_shaders_sm2.py	modules/renderers/d3d9/src/shaders/compile_shaders_sm2.py	renderers
src/Graphics/Backends/D3D9/shaders/d3d9_instanced3d_shader.hpp	modules/renderers/d3d9/src/shaders/d3d9_instanced3d_shader.hpp	renderers
src/Graphics/Backends/D3D9/shaders/d3d9_pbr_shaders.hpp	modules/renderers/d3d9/src/shaders/d3d9_pbr_shaders.hpp	renderers
src/Graphics/Backends/D3D9/shaders/d3d9_shaders.hpp	modules/renderers/d3d9/src/shaders/d3d9_shaders.hpp	renderers
src/Graphics/Backends/D3D9/shaders/d3d9_skinned_vertex_color_shader.hpp	modules/renderers/d3d9/src/shaders/d3d9_skinned_vertex_color_shader.hpp	renderers
src/Graphics/Backends/D3D9/shaders/disasm_tool.cpp	modules/renderers/d3d9/src/shaders/disasm_tool.cpp	renderers
src/Graphics/Backends/D3D9/shaders/extract_shader_registers.py	modules/renderers/d3d9/src/shaders/extract_shader_registers.py	renderers
src/Graphics/Backends/D3D9/shaders/fxc_tool.cpp	modules/renderers/d3d9/src/shaders/fxc_tool.cpp	renderers
src/Graphics/Backends/D3D9/shaders/xna/AlphaTestEffect.fx	modules/renderers/d3d9/src/shaders/xna/AlphaTestEffect.fx	renderers
src/Graphics/Backends/D3D9/shaders/xna/BasicEffect.fx	modules/renderers/d3d9/src/shaders/xna/BasicEffect.fx	renderers
src/Graphics/Backends/D3D9/shaders/xna/Common.fxh	modules/renderers/d3d9/src/shaders/xna/Common.fxh	renderers
src/Graphics/Backends/D3D9/shaders/xna/DualTextureEffect.fx	modules/renderers/d3d9/src/shaders/xna/DualTextureEffect.fx	renderers
src/Graphics/Backends/D3D9/shaders/xna/EnvironmentMapEffect.fx	modules/renderers/d3d9/src/shaders/xna/EnvironmentMapEffect.fx	renderers
src/Graphics/Backends/D3D9/shaders/xna/LICENSE	modules/renderers/d3d9/src/shaders/xna/LICENSE	renderers
src/Graphics/Backends/D3D9/shaders/xna/Lighting.fxh	modules/renderers/d3d9/src/shaders/xna/Lighting.fxh	renderers
src/Graphics/Backends/D3D9/shaders/xna/Macros.fxh	modules/renderers/d3d9/src/shaders/xna/Macros.fxh	renderers
src/Graphics/Backends/D3D9/shaders/xna/README.md	modules/renderers/d3d9/src/shaders/xna/README.md	renderers
src/Graphics/Backends/D3D9/shaders/xna/SkinnedEffect.fx	modules/renderers/d3d9/src/shaders/xna/SkinnedEffect.fx	renderers
src/Graphics/Backends/D3D9/shaders/xna/SpriteEffect.fx	modules/renderers/d3d9/src/shaders/xna/SpriteEffect.fx	renderers
src/Graphics/Backends/D3D9/shaders/xna/Structures.fxh	modules/renderers/d3d9/src/shaders/xna/Structures.fxh	renderers
src/Graphics/Backends/D3DCommon/D3DFormatMapping.cpp	modules/renderers/common/d3d/src/D3DFormatMapping.cpp	renderers
src/Graphics/Backends/D3DCommon/D3DShaderCache.cpp	modules/renderers/common/d3d/src/D3DShaderCache.cpp	renderers
src/Graphics/Backends/D3DCommon/D3DStateMapping.cpp	modules/renderers/common/d3d/src/D3DStateMapping.cpp	renderers
src/Graphics/Backends/D3DCommon/D3DVertexFormatHelper.cpp	modules/renderers/common/d3d/src/D3DVertexFormatHelper.cpp	renderers
src/Graphics/Backends/D3DCommon/shaders/alpha_test3d.frag.hlsl	modules/renderers/common/d3d/src/shaders/alpha_test3d.frag.hlsl	renderers
src/Graphics/Backends/D3DCommon/shaders/alpha_test3d.vert.hlsl	modules/renderers/common/d3d/src/shaders/alpha_test3d.vert.hlsl	renderers
src/Graphics/Backends/D3DCommon/shaders/alpha_test_colored3d.frag.hlsl	modules/renderers/common/d3d/src/shaders/alpha_test_colored3d.frag.hlsl	renderers
src/Graphics/Backends/D3DCommon/shaders/alpha_test_colored3d.vert.hlsl	modules/renderers/common/d3d/src/shaders/alpha_test_colored3d.vert.hlsl	renderers
src/Graphics/Backends/D3DCommon/shaders/colored3d.frag.hlsl	modules/renderers/common/d3d/src/shaders/colored3d.frag.hlsl	renderers
src/Graphics/Backends/D3DCommon/shaders/colored3d.vert.hlsl	modules/renderers/common/d3d/src/shaders/colored3d.vert.hlsl	renderers
src/Graphics/Backends/D3DCommon/shaders/colored_textured3d.frag.hlsl	modules/renderers/common/d3d/src/shaders/colored_textured3d.frag.hlsl	renderers
src/Graphics/Backends/D3DCommon/shaders/colored_textured3d.vert.hlsl	modules/renderers/common/d3d/src/shaders/colored_textured3d.vert.hlsl	renderers
src/Graphics/Backends/D3DCommon/shaders/compile_shaders_hlsl.py	modules/renderers/common/d3d/src/shaders/compile_shaders_hlsl.py	renderers
src/Graphics/Backends/D3DCommon/shaders/dual_texture3d.frag.hlsl	modules/renderers/common/d3d/src/shaders/dual_texture3d.frag.hlsl	renderers
src/Graphics/Backends/D3DCommon/shaders/dual_texture3d.vert.hlsl	modules/renderers/common/d3d/src/shaders/dual_texture3d.vert.hlsl	renderers
src/Graphics/Backends/D3DCommon/shaders/env_map3d.frag.hlsl	modules/renderers/common/d3d/src/shaders/env_map3d.frag.hlsl	renderers
src/Graphics/Backends/D3DCommon/shaders/env_map3d.vert.hlsl	modules/renderers/common/d3d/src/shaders/env_map3d.vert.hlsl	renderers
src/Graphics/Backends/D3DCommon/shaders/hlsl_compiler_tool.cpp	modules/renderers/common/d3d/src/shaders/hlsl_compiler_tool.cpp	renderers
src/Graphics/Backends/D3DCommon/shaders/hlsl_shaders.hpp	modules/renderers/common/d3d/src/shaders/hlsl_shaders.hpp	renderers
src/Graphics/Backends/D3DCommon/shaders/instanced3d.frag.hlsl	modules/renderers/common/d3d/src/shaders/instanced3d.frag.hlsl	renderers
src/Graphics/Backends/D3DCommon/shaders/instanced3d.vert.hlsl	modules/renderers/common/d3d/src/shaders/instanced3d.vert.hlsl	renderers
src/Graphics/Backends/D3DCommon/shaders/lit_textured3d.frag.hlsl	modules/renderers/common/d3d/src/shaders/lit_textured3d.frag.hlsl	renderers
src/Graphics/Backends/D3DCommon/shaders/lit_textured3d.vert.hlsl	modules/renderers/common/d3d/src/shaders/lit_textured3d.vert.hlsl	renderers
src/Graphics/Backends/D3DCommon/shaders/lit_textured3d_vertexlit.frag.hlsl	modules/renderers/common/d3d/src/shaders/lit_textured3d_vertexlit.frag.hlsl	renderers
src/Graphics/Backends/D3DCommon/shaders/lit_textured3d_vertexlit.vert.hlsl	modules/renderers/common/d3d/src/shaders/lit_textured3d_vertexlit.vert.hlsl	renderers
src/Graphics/Backends/D3DCommon/shaders/pbr3d.frag.hlsl	modules/renderers/common/d3d/src/shaders/pbr3d.frag.hlsl	renderers
src/Graphics/Backends/D3DCommon/shaders/pbr3d.vert.hlsl	modules/renderers/common/d3d/src/shaders/pbr3d.vert.hlsl	renderers
src/Graphics/Backends/D3DCommon/shaders/pbr_skinned3d.frag.hlsl	modules/renderers/common/d3d/src/shaders/pbr_skinned3d.frag.hlsl	renderers
src/Graphics/Backends/D3DCommon/shaders/pbr_skinned3d.vert.hlsl	modules/renderers/common/d3d/src/shaders/pbr_skinned3d.vert.hlsl	renderers
src/Graphics/Backends/D3DCommon/shaders/skinned3d.frag.hlsl	modules/renderers/common/d3d/src/shaders/skinned3d.frag.hlsl	renderers
src/Graphics/Backends/D3DCommon/shaders/skinned3d.vert.hlsl	modules/renderers/common/d3d/src/shaders/skinned3d.vert.hlsl	renderers
src/Graphics/Backends/D3DCommon/shaders/skinned3d_vertexlit.frag.hlsl	modules/renderers/common/d3d/src/shaders/skinned3d_vertexlit.frag.hlsl	renderers
src/Graphics/Backends/D3DCommon/shaders/skinned3d_vertexlit.vert.hlsl	modules/renderers/common/d3d/src/shaders/skinned3d_vertexlit.vert.hlsl	renderers
src/Graphics/Backends/D3DCommon/shaders/skinned_colored3d.frag.hlsl	modules/renderers/common/d3d/src/shaders/skinned_colored3d.frag.hlsl	renderers
src/Graphics/Backends/D3DCommon/shaders/skinned_colored3d.vert.hlsl	modules/renderers/common/d3d/src/shaders/skinned_colored3d.vert.hlsl	renderers
src/Graphics/Backends/D3DCommon/shaders/skinned_colored3d_vertexlit.frag.hlsl	modules/renderers/common/d3d/src/shaders/skinned_colored3d_vertexlit.frag.hlsl	renderers
src/Graphics/Backends/D3DCommon/shaders/skinned_colored3d_vertexlit.vert.hlsl	modules/renderers/common/d3d/src/shaders/skinned_colored3d_vertexlit.vert.hlsl	renderers
src/Graphics/Backends/D3DCommon/shaders/sprite2d.frag.hlsl	modules/renderers/common/d3d/src/shaders/sprite2d.frag.hlsl	renderers
src/Graphics/Backends/D3DCommon/shaders/sprite2d.vert.hlsl	modules/renderers/common/d3d/src/shaders/sprite2d.vert.hlsl	renderers
src/Graphics/Backends/D3DCommon/shaders/textured3d.frag.hlsl	modules/renderers/common/d3d/src/shaders/textured3d.frag.hlsl	renderers
src/Graphics/Backends/D3DCommon/shaders/textured3d.vert.hlsl	modules/renderers/common/d3d/src/shaders/textured3d.vert.hlsl	renderers
src/Graphics/Backends/Diligent/DiligentGraphicsBackend.cpp	modules/renderers/diligent/src/DiligentGraphicsBackend.cpp	renderers
src/Graphics/Backends/Direct2D/Direct2DGraphicsBackend.cpp	modules/renderers/direct2d/src/Direct2DGraphicsBackend.cpp	renderers
src/Graphics/Backends/Dx1/Dx1GraphicsBackend.cpp	modules/renderers/dx1/src/Dx1GraphicsBackend.cpp	renderers
src/Graphics/Backends/Dx2/Dx2GraphicsBackend.cpp	modules/renderers/dx2/src/Dx2GraphicsBackend.cpp	renderers
src/Graphics/Backends/Dx3/Dx3GraphicsBackend.cpp	modules/renderers/dx3/src/Dx3GraphicsBackend.cpp	renderers
src/Graphics/Backends/Dx5/Dx5GraphicsBackend.cpp	modules/renderers/dx5/src/Dx5GraphicsBackend.cpp	renderers
src/Graphics/Backends/Dx6/Dx6GraphicsBackend.cpp	modules/renderers/dx6/src/Dx6GraphicsBackend.cpp	renderers
src/Graphics/Backends/Dx7/Dx7GraphicsBackend.cpp	modules/renderers/dx7/src/Dx7GraphicsBackend.cpp	renderers
src/Graphics/Backends/Dx8/Dx8GraphicsBackend.cpp	modules/renderers/dx8/src/Dx8GraphicsBackend.cpp	renderers
src/Graphics/Backends/EasyGL/EasyGLGraphicsBackend.cpp	modules/renderers/easygl/src/EasyGLGraphicsBackend.cpp	renderers
src/Graphics/Backends/FreeDirect/FreeDirectGraphicsBackend.cpp	modules/renderers/freedirect/src/FreeDirectGraphicsBackend.cpp	renderers
src/Graphics/Backends/Gdi/GdiConfiguration.cpp	modules/renderers/gdi/src/GdiConfiguration.cpp	renderers
src/Graphics/Backends/Gdi/GdiGraphicsBackend.cpp	modules/renderers/gdi/src/GdiGraphicsBackend.cpp	renderers
src/Graphics/Backends/Gdi/GdiPresentation.cpp	modules/renderers/gdi/src/GdiPresentation.cpp	renderers
src/Graphics/Backends/Glide/GlideGraphicsBackend.cpp	modules/renderers/glide/src/GlideGraphicsBackend.cpp	renderers
src/Graphics/Backends/Headless/HeadlessGraphicsBackend.cpp	modules/renderers/headless/src/HeadlessGraphicsBackend.cpp	renderers
src/Graphics/Backends/HtmlDom/HtmlDomGraphicsBackend.cpp	modules/renderers/html-dom/src/HtmlDomGraphicsBackend.cpp	renderers
src/Graphics/Backends/HtmlDom/HtmlDomRenderTargetBackend.cpp	modules/renderers/html-dom/src/HtmlDomRenderTargetBackend.cpp	renderers
src/Graphics/Backends/HtmlDom/HtmlDomSpriteBatchBackend.cpp	modules/renderers/html-dom/src/HtmlDomSpriteBatchBackend.cpp	renderers
src/Graphics/Backends/HtmlDom/HtmlDomState.cpp	modules/renderers/html-dom/src/HtmlDomState.cpp	renderers
src/Graphics/Backends/HtmlDom/HtmlDomTextureBackend.cpp	modules/renderers/html-dom/src/HtmlDomTextureBackend.cpp	renderers
src/Graphics/Backends/Llgl/LlglGraphicsBackend.cpp	modules/renderers/llgl/src/LlglGraphicsBackend.cpp	renderers
src/Graphics/Backends/Llgl/LlglRendererSelection.cpp	modules/renderers/llgl/src/LlglRendererSelection.cpp	renderers
src/Graphics/Backends/Llgl/LlglSdlSurface.cpp	modules/renderers/llgl/src/LlglSdlSurface.cpp	renderers
src/Graphics/Backends/Llgl/shaders/colored3d.gl.vert.glsl	modules/renderers/llgl/src/shaders/colored3d.gl.vert.glsl	renderers
src/Graphics/Backends/Llgl/shaders/colored3d.vert.glsl	modules/renderers/llgl/src/shaders/colored3d.vert.glsl	renderers
src/Graphics/Backends/Llgl/shaders/colored_textured3d.gl.vert.glsl	modules/renderers/llgl/src/shaders/colored_textured3d.gl.vert.glsl	renderers
src/Graphics/Backends/Llgl/shaders/colored_textured3d.vert.glsl	modules/renderers/llgl/src/shaders/colored_textured3d.vert.glsl	renderers
src/Graphics/Backends/Llgl/shaders/compile_shaders.py	modules/renderers/llgl/src/shaders/compile_shaders.py	renderers
src/Graphics/Backends/Llgl/shaders/dual_textured3d.frag.glsl	modules/renderers/llgl/src/shaders/dual_textured3d.frag.glsl	renderers
src/Graphics/Backends/Llgl/shaders/dual_textured3d.gl.frag.glsl	modules/renderers/llgl/src/shaders/dual_textured3d.gl.frag.glsl	renderers
src/Graphics/Backends/Llgl/shaders/effect3d_common.glsl.inc	modules/renderers/llgl/src/shaders/effect3d_common.glsl.inc	renderers
src/Graphics/Backends/Llgl/shaders/env_map3d.frag.glsl	modules/renderers/llgl/src/shaders/env_map3d.frag.glsl	renderers
src/Graphics/Backends/Llgl/shaders/env_map3d.gl.frag.glsl	modules/renderers/llgl/src/shaders/env_map3d.gl.frag.glsl	renderers
src/Graphics/Backends/Llgl/shaders/env_map3d.gl.vert.glsl	modules/renderers/llgl/src/shaders/env_map3d.gl.vert.glsl	renderers
src/Graphics/Backends/Llgl/shaders/env_map3d.vert.glsl	modules/renderers/llgl/src/shaders/env_map3d.vert.glsl	renderers
src/Graphics/Backends/Llgl/shaders/flat3d.gl.vert.glsl	modules/renderers/llgl/src/shaders/flat3d.gl.vert.glsl	renderers
src/Graphics/Backends/Llgl/shaders/flat3d.vert.glsl	modules/renderers/llgl/src/shaders/flat3d.vert.glsl	renderers
src/Graphics/Backends/Llgl/shaders/lit_colored3d.gl.vert.glsl	modules/renderers/llgl/src/shaders/lit_colored3d.gl.vert.glsl	renderers
src/Graphics/Backends/Llgl/shaders/lit_colored3d.vert.glsl	modules/renderers/llgl/src/shaders/lit_colored3d.vert.glsl	renderers
src/Graphics/Backends/Llgl/shaders/lit_colored_textured3d.gl.vert.glsl	modules/renderers/llgl/src/shaders/lit_colored_textured3d.gl.vert.glsl	renderers
src/Graphics/Backends/Llgl/shaders/lit_colored_textured3d.vert.glsl	modules/renderers/llgl/src/shaders/lit_colored_textured3d.vert.glsl	renderers
src/Graphics/Backends/Llgl/shaders/lit_flat3d.gl.vert.glsl	modules/renderers/llgl/src/shaders/lit_flat3d.gl.vert.glsl	renderers
src/Graphics/Backends/Llgl/shaders/lit_flat3d.vert.glsl	modules/renderers/llgl/src/shaders/lit_flat3d.vert.glsl	renderers
src/Graphics/Backends/Llgl/shaders/lit_textured3d.frag.glsl	modules/renderers/llgl/src/shaders/lit_textured3d.frag.glsl	renderers
src/Graphics/Backends/Llgl/shaders/lit_textured3d.gl.frag.glsl	modules/renderers/llgl/src/shaders/lit_textured3d.gl.frag.glsl	renderers
src/Graphics/Backends/Llgl/shaders/lit_textured3d.gl.vert.glsl	modules/renderers/llgl/src/shaders/lit_textured3d.gl.vert.glsl	renderers
src/Graphics/Backends/Llgl/shaders/lit_textured3d.vert.glsl	modules/renderers/llgl/src/shaders/lit_textured3d.vert.glsl	renderers
src/Graphics/Backends/Llgl/shaders/lit_textured3d_flatnormal.gl.vert.glsl	modules/renderers/llgl/src/shaders/lit_textured3d_flatnormal.gl.vert.glsl	renderers
src/Graphics/Backends/Llgl/shaders/lit_textured3d_flatnormal.vert.glsl	modules/renderers/llgl/src/shaders/lit_textured3d_flatnormal.vert.glsl	renderers
src/Graphics/Backends/Llgl/shaders/lit_untextured3d.frag.glsl	modules/renderers/llgl/src/shaders/lit_untextured3d.frag.glsl	renderers
src/Graphics/Backends/Llgl/shaders/lit_untextured3d.gl.frag.glsl	modules/renderers/llgl/src/shaders/lit_untextured3d.gl.frag.glsl	renderers
src/Graphics/Backends/Llgl/shaders/llgl_shaders.hpp	modules/renderers/llgl/src/shaders/llgl_shaders.hpp	renderers
src/Graphics/Backends/Llgl/shaders/pbr3d.frag.glsl	modules/renderers/llgl/src/shaders/pbr3d.frag.glsl	renderers
src/Graphics/Backends/Llgl/shaders/pbr3d.gl.frag.glsl	modules/renderers/llgl/src/shaders/pbr3d.gl.frag.glsl	renderers
src/Graphics/Backends/Llgl/shaders/pbr3d.gl.vert.glsl	modules/renderers/llgl/src/shaders/pbr3d.gl.vert.glsl	renderers
src/Graphics/Backends/Llgl/shaders/pbr3d.vert.glsl	modules/renderers/llgl/src/shaders/pbr3d.vert.glsl	renderers
src/Graphics/Backends/Llgl/shaders/pbr3d_skinned.gl.vert.glsl	modules/renderers/llgl/src/shaders/pbr3d_skinned.gl.vert.glsl	renderers
src/Graphics/Backends/Llgl/shaders/pbr3d_skinned.vert.glsl	modules/renderers/llgl/src/shaders/pbr3d_skinned.vert.glsl	renderers
src/Graphics/Backends/Llgl/shaders/skinned3d.frag.glsl	modules/renderers/llgl/src/shaders/skinned3d.frag.glsl	renderers
src/Graphics/Backends/Llgl/shaders/skinned3d.gl.frag.glsl	modules/renderers/llgl/src/shaders/skinned3d.gl.frag.glsl	renderers
src/Graphics/Backends/Llgl/shaders/skinned3d.gl.vert.glsl	modules/renderers/llgl/src/shaders/skinned3d.gl.vert.glsl	renderers
src/Graphics/Backends/Llgl/shaders/skinned3d.vert.glsl	modules/renderers/llgl/src/shaders/skinned3d.vert.glsl	renderers
src/Graphics/Backends/Llgl/shaders/skinned3d_color.frag.glsl	modules/renderers/llgl/src/shaders/skinned3d_color.frag.glsl	renderers
src/Graphics/Backends/Llgl/shaders/skinned3d_color.gl.frag.glsl	modules/renderers/llgl/src/shaders/skinned3d_color.gl.frag.glsl	renderers
src/Graphics/Backends/Llgl/shaders/skinned3d_color.gl.vert.glsl	modules/renderers/llgl/src/shaders/skinned3d_color.gl.vert.glsl	renderers
src/Graphics/Backends/Llgl/shaders/skinned3d_color.vert.glsl	modules/renderers/llgl/src/shaders/skinned3d_color.vert.glsl	renderers
src/Graphics/Backends/Llgl/shaders/sprite2d.frag.glsl	modules/renderers/llgl/src/shaders/sprite2d.frag.glsl	renderers
src/Graphics/Backends/Llgl/shaders/sprite2d.gl.frag.glsl	modules/renderers/llgl/src/shaders/sprite2d.gl.frag.glsl	renderers
src/Graphics/Backends/Llgl/shaders/sprite2d.gl.vert.glsl	modules/renderers/llgl/src/shaders/sprite2d.gl.vert.glsl	renderers
src/Graphics/Backends/Llgl/shaders/sprite2d.vert.glsl	modules/renderers/llgl/src/shaders/sprite2d.vert.glsl	renderers
src/Graphics/Backends/Llgl/shaders/textured3d.frag.glsl	modules/renderers/llgl/src/shaders/textured3d.frag.glsl	renderers
src/Graphics/Backends/Llgl/shaders/textured3d.gl.frag.glsl	modules/renderers/llgl/src/shaders/textured3d.gl.frag.glsl	renderers
src/Graphics/Backends/Llgl/shaders/textured3d.gl.vert.glsl	modules/renderers/llgl/src/shaders/textured3d.gl.vert.glsl	renderers
src/Graphics/Backends/Llgl/shaders/textured3d.vert.glsl	modules/renderers/llgl/src/shaders/textured3d.vert.glsl	renderers
src/Graphics/Backends/Llgl/shaders/untextured3d.frag.glsl	modules/renderers/llgl/src/shaders/untextured3d.frag.glsl	renderers
src/Graphics/Backends/Llgl/shaders/untextured3d.gl.frag.glsl	modules/renderers/llgl/src/shaders/untextured3d.gl.frag.glsl	renderers
src/Graphics/Backends/Magnum/MagnumBuffers.cpp	modules/renderers/magnum/src/MagnumBuffers.cpp	renderers
src/Graphics/Backends/Magnum/MagnumEffectBackend.cpp	modules/renderers/magnum/src/MagnumEffectBackend.cpp	renderers
src/Graphics/Backends/Magnum/MagnumGraphicsBackend.cpp	modules/renderers/magnum/src/MagnumGraphicsBackend.cpp	renderers
src/Graphics/Backends/Magnum/MagnumProgram.cpp	modules/renderers/magnum/src/MagnumProgram.cpp	renderers
src/Graphics/Backends/Magnum/MagnumRenderTargets.cpp	modules/renderers/magnum/src/MagnumRenderTargets.cpp	renderers
src/Graphics/Backends/Magnum/MagnumSpriteBatchBackend.cpp	modules/renderers/magnum/src/MagnumSpriteBatchBackend.cpp	renderers
src/Graphics/Backends/Magnum/MagnumStateMapping.cpp	modules/renderers/magnum/src/MagnumStateMapping.cpp	renderers
src/Graphics/Backends/Magnum/MagnumStockShaders.cpp	modules/renderers/magnum/src/MagnumStockShaders.cpp	renderers
src/Graphics/Backends/Magnum/MagnumTextures.cpp	modules/renderers/magnum/src/MagnumTextures.cpp	renderers
src/Graphics/Backends/Metal/MetalGraphicsBackend.mm	modules/renderers/metal/src/MetalGraphicsBackend.mm	renderers
src/Graphics/Backends/OpenGL1/OpenGL1Capabilities.cpp	modules/renderers/opengl1/src/OpenGL1Capabilities.cpp	renderers
src/Graphics/Backends/OpenGL1/OpenGL1ContextRecovery.cpp	modules/renderers/opengl1/src/OpenGL1ContextRecovery.cpp	renderers
src/Graphics/Backends/OpenGL1/OpenGL1GraphicsBackend.cpp	modules/renderers/opengl1/src/OpenGL1GraphicsBackend.cpp	renderers
src/Graphics/Backends/OpenGL1/OpenGL1OcclusionQueryBackend.cpp	modules/renderers/opengl1/src/OpenGL1OcclusionQueryBackend.cpp	renderers
src/Graphics/Backends/OpenGL1/OpenGL1RenderTargetBackend.cpp	modules/renderers/opengl1/src/OpenGL1RenderTargetBackend.cpp	renderers
src/Graphics/Backends/OpenGL2/OpenGL2GraphicsBackend.cpp	modules/renderers/opengl2/src/OpenGL2GraphicsBackend.cpp	renderers
src/Graphics/Backends/OpenGL4/GL4Loader.cpp	modules/renderers/opengl4/src/GL4Loader.cpp	renderers
src/Graphics/Backends/OpenGL4/OpenGL4GraphicsBackend.cpp	modules/renderers/opengl4/src/OpenGL4GraphicsBackend.cpp	renderers
src/Graphics/Backends/OpenGLES1/OpenGLES1GraphicsBackend.cpp	modules/renderers/opengles1/src/OpenGLES1GraphicsBackend.cpp	renderers
src/Graphics/Backends/SdlGpu/SdlGpuGraphicsBackend.cpp	modules/renderers/sdl-gpu/src/SdlGpuGraphicsBackend.cpp	renderers
src/Graphics/Backends/SdlGpu/shaders/alpha_test3d.frag.glsl	modules/renderers/sdl-gpu/src/shaders/alpha_test3d.frag.glsl	renderers
src/Graphics/Backends/SdlGpu/shaders/alpha_test3d.vert.glsl	modules/renderers/sdl-gpu/src/shaders/alpha_test3d.vert.glsl	renderers
src/Graphics/Backends/SdlGpu/shaders/alpha_test_colored3d.vert.glsl	modules/renderers/sdl-gpu/src/shaders/alpha_test_colored3d.vert.glsl	renderers
src/Graphics/Backends/SdlGpu/shaders/colored3d.frag.glsl	modules/renderers/sdl-gpu/src/shaders/colored3d.frag.glsl	renderers
src/Graphics/Backends/SdlGpu/shaders/colored3d.vert.glsl	modules/renderers/sdl-gpu/src/shaders/colored3d.vert.glsl	renderers
src/Graphics/Backends/SdlGpu/shaders/colored_textured3d.vert.glsl	modules/renderers/sdl-gpu/src/shaders/colored_textured3d.vert.glsl	renderers
src/Graphics/Backends/SdlGpu/shaders/compile_shaders.py	modules/renderers/sdl-gpu/src/shaders/compile_shaders.py	renderers
src/Graphics/Backends/SdlGpu/shaders/dual_texture3d.frag.glsl	modules/renderers/sdl-gpu/src/shaders/dual_texture3d.frag.glsl	renderers
src/Graphics/Backends/SdlGpu/shaders/dual_texture3d.vert.glsl	modules/renderers/sdl-gpu/src/shaders/dual_texture3d.vert.glsl	renderers
src/Graphics/Backends/SdlGpu/shaders/dual_texture_colored3d.vert.glsl	modules/renderers/sdl-gpu/src/shaders/dual_texture_colored3d.vert.glsl	renderers
src/Graphics/Backends/SdlGpu/shaders/env_map3d.frag.glsl	modules/renderers/sdl-gpu/src/shaders/env_map3d.frag.glsl	renderers
src/Graphics/Backends/SdlGpu/shaders/env_map3d.vert.glsl	modules/renderers/sdl-gpu/src/shaders/env_map3d.vert.glsl	renderers
src/Graphics/Backends/SdlGpu/shaders/lit_textured3d.frag.glsl	modules/renderers/sdl-gpu/src/shaders/lit_textured3d.frag.glsl	renderers
src/Graphics/Backends/SdlGpu/shaders/lit_textured3d.vert.glsl	modules/renderers/sdl-gpu/src/shaders/lit_textured3d.vert.glsl	renderers
src/Graphics/Backends/SdlGpu/shaders/pbr3d.frag.glsl	modules/renderers/sdl-gpu/src/shaders/pbr3d.frag.glsl	renderers
src/Graphics/Backends/SdlGpu/shaders/pbr3d.vert.glsl	modules/renderers/sdl-gpu/src/shaders/pbr3d.vert.glsl	renderers
src/Graphics/Backends/SdlGpu/shaders/pbr_skinned3d.vert.glsl	modules/renderers/sdl-gpu/src/shaders/pbr_skinned3d.vert.glsl	renderers
src/Graphics/Backends/SdlGpu/shaders/skinned3d.vert.glsl	modules/renderers/sdl-gpu/src/shaders/skinned3d.vert.glsl	renderers
src/Graphics/Backends/SdlGpu/shaders/skinned_colored3d.frag.glsl	modules/renderers/sdl-gpu/src/shaders/skinned_colored3d.frag.glsl	renderers
src/Graphics/Backends/SdlGpu/shaders/skinned_colored3d.vert.glsl	modules/renderers/sdl-gpu/src/shaders/skinned_colored3d.vert.glsl	renderers
src/Graphics/Backends/SdlGpu/shaders/spirv_shaders.hpp	modules/renderers/sdl-gpu/src/shaders/spirv_shaders.hpp	renderers
src/Graphics/Backends/SdlGpu/shaders/sprite2d.frag.glsl	modules/renderers/sdl-gpu/src/shaders/sprite2d.frag.glsl	renderers
src/Graphics/Backends/SdlGpu/shaders/sprite2d.vert.glsl	modules/renderers/sdl-gpu/src/shaders/sprite2d.vert.glsl	renderers
src/Graphics/Backends/SdlGpu/shaders/textured3d.frag.glsl	modules/renderers/sdl-gpu/src/shaders/textured3d.frag.glsl	renderers
src/Graphics/Backends/SdlGpu/shaders/textured3d.vert.glsl	modules/renderers/sdl-gpu/src/shaders/textured3d.vert.glsl	renderers
src/Graphics/Backends/SdlRenderer/SdlGraphicsBackend.cpp	modules/renderers/sdl-renderer/src/SdlGraphicsBackend.cpp	renderers
src/Graphics/Backends/Skia/SkiaCompressedMipChain2D.cpp	modules/renderers/skia/src/SkiaCompressedMipChain2D.cpp	renderers
src/Graphics/Backends/Skia/SkiaEffectBackend.cpp	modules/renderers/skia/src/SkiaEffectBackend.cpp	renderers
src/Graphics/Backends/Skia/SkiaGaneshContext.cpp	modules/renderers/skia/src/SkiaGaneshContext.cpp	renderers
src/Graphics/Backends/Skia/SkiaGaneshSurface.cpp	modules/renderers/skia/src/SkiaGaneshSurface.cpp	renderers
src/Graphics/Backends/Skia/SkiaGeneratedBlender.cpp	modules/renderers/skia/src/SkiaGeneratedBlender.cpp	renderers
src/Graphics/Backends/Skia/SkiaGlslToSkslTranslatorEXT.cpp	modules/renderers/skia/src/SkiaGlslToSkslTranslatorEXT.cpp	renderers
src/Graphics/Backends/Skia/SkiaGraphicsBackend.cpp	modules/renderers/skia/src/SkiaGraphicsBackend.cpp	renderers
src/Graphics/Backends/Skia/SkiaMeshEffectBackend.cpp	modules/renderers/skia/src/SkiaMeshEffectBackend.cpp	renderers
src/Graphics/Backends/Skia/SkiaMipChain2D.cpp	modules/renderers/skia/src/SkiaMipChain2D.cpp	renderers
src/Graphics/Backends/Skia/SkiaMipGeneration.cpp	modules/renderers/skia/src/SkiaMipGeneration.cpp	renderers
src/Graphics/Backends/Skia/SkiaMipSampling.cpp	modules/renderers/skia/src/SkiaMipSampling.cpp	renderers
src/Graphics/Backends/Skia/SkiaRenderTargetBackend.cpp	modules/renderers/skia/src/SkiaRenderTargetBackend.cpp	renderers
src/Graphics/Backends/Skia/SkiaRenderTargetCubeBackend.cpp	modules/renderers/skia/src/SkiaRenderTargetCubeBackend.cpp	renderers
src/Graphics/Backends/Skia/SkiaSpriteBatchBackend.cpp	modules/renderers/skia/src/SkiaSpriteBatchBackend.cpp	renderers
src/Graphics/Backends/Skia/SkiaSurface.cpp	modules/renderers/skia/src/SkiaSurface.cpp	renderers
src/Graphics/Backends/Skia/SkiaTextureBackend.cpp	modules/renderers/skia/src/SkiaTextureBackend.cpp	renderers
src/Graphics/Backends/Skia/SkiaTextureStorageBackends.cpp	modules/renderers/skia/src/SkiaTextureStorageBackends.cpp	renderers
src/Graphics/Backends/Skia/SkiaVolumeSampling.cpp	modules/renderers/skia/src/SkiaVolumeSampling.cpp	renderers
src/Graphics/Backends/Software/SoftwareFramebuffer.cpp	modules/renderers/software/src/SoftwareFramebuffer.cpp	renderers
src/Graphics/Backends/Software/SoftwareFramebufferAllocation.cpp	modules/renderers/software/src/SoftwareFramebufferAllocation.cpp	renderers
src/Graphics/Backends/Software/SoftwareFramebufferErrors.hpp	modules/renderers/software/src/SoftwareFramebufferErrors.hpp	renderers
src/Graphics/Backends/Software/SoftwareGraphicsBackend.cpp	modules/renderers/software/src/SoftwareGraphicsBackend.cpp	renderers
src/Graphics/Backends/Software/SoftwareGraphicsBackend2D.cpp	modules/renderers/software/src/SoftwareGraphicsBackend2D.cpp	renderers
src/Graphics/Backends/Software/SoftwareGraphicsBackend2DState.cpp	modules/renderers/software/src/SoftwareGraphicsBackend2DState.cpp	renderers
src/Graphics/Backends/Software/SoftwareRenderTarget2D.cpp	modules/renderers/software/src/SoftwareRenderTarget2D.cpp	renderers
src/Graphics/Backends/Software/SoftwareSpriteBatch.cpp	modules/renderers/software/src/SoftwareSpriteBatch.cpp	renderers
src/Graphics/Backends/Software/SoftwareTexture2D.cpp	modules/renderers/software/src/SoftwareTexture2D.cpp	renderers
src/Graphics/Backends/Software/SoftwareTextureAllocation.cpp	modules/renderers/software/src/SoftwareTextureAllocation.cpp	renderers
src/Graphics/Backends/Software/SoftwareTextureErrors.hpp	modules/renderers/software/src/SoftwareTextureErrors.hpp	renderers
src/Graphics/Backends/Sokol/SokolGraphicsBackend.cpp	modules/renderers/sokol/src/SokolGraphicsBackend.cpp	renderers
src/Graphics/Backends/Sokol/SokolImpl.cpp	modules/renderers/sokol/src/SokolImpl.cpp	renderers
src/Graphics/Backends/Sokol/shaders/colored3d.glsl	modules/renderers/sokol/src/shaders/colored3d.glsl	renderers
src/Graphics/Backends/Sokol/shaders/compile_shaders.py	modules/renderers/sokol/src/shaders/compile_shaders.py	renderers
src/Graphics/Backends/Sokol/shaders/dualtextured3d.glsl	modules/renderers/sokol/src/shaders/dualtextured3d.glsl	renderers
src/Graphics/Backends/Sokol/shaders/envmap3d.glsl	modules/renderers/sokol/src/shaders/envmap3d.glsl	renderers
src/Graphics/Backends/Sokol/shaders/instanced3d.glsl	modules/renderers/sokol/src/shaders/instanced3d.glsl	renderers
src/Graphics/Backends/Sokol/shaders/lit3d.glsl	modules/renderers/sokol/src/shaders/lit3d.glsl	renderers
src/Graphics/Backends/Sokol/shaders/skinned3d.glsl	modules/renderers/sokol/src/shaders/skinned3d.glsl	renderers
src/Graphics/Backends/Sokol/shaders/sokol_shaders.hpp	modules/renderers/sokol/src/shaders/sokol_shaders.hpp	renderers
src/Graphics/Backends/Sokol/shaders/sprite.glsl	modules/renderers/sokol/src/shaders/sprite.glsl	renderers
src/Graphics/Backends/Sokol/shaders/textured3d.glsl	modules/renderers/sokol/src/shaders/textured3d.glsl	renderers
src/Graphics/Backends/Stub/StubGraphicsBackend.cpp	modules/renderers/stub/src/StubGraphicsBackend.cpp	renderers
src/Graphics/Backends/Vulkan/VulkanGraphicsBackend.cpp	modules/renderers/vulkan/src/VulkanGraphicsBackend.cpp	renderers
src/Graphics/Backends/Vulkan/shaders/alpha_test3d.frag.glsl	modules/renderers/vulkan/src/shaders/alpha_test3d.frag.glsl	renderers
src/Graphics/Backends/Vulkan/shaders/alpha_test3d.vert.glsl	modules/renderers/vulkan/src/shaders/alpha_test3d.vert.glsl	renderers
src/Graphics/Backends/Vulkan/shaders/alpha_test_colored3d.vert.glsl	modules/renderers/vulkan/src/shaders/alpha_test_colored3d.vert.glsl	renderers
src/Graphics/Backends/Vulkan/shaders/colored3d.frag.glsl	modules/renderers/vulkan/src/shaders/colored3d.frag.glsl	renderers
src/Graphics/Backends/Vulkan/shaders/colored3d.vert.glsl	modules/renderers/vulkan/src/shaders/colored3d.vert.glsl	renderers
src/Graphics/Backends/Vulkan/shaders/colored3d_legacy.vert.glsl	modules/renderers/vulkan/src/shaders/colored3d_legacy.vert.glsl	renderers
src/Graphics/Backends/Vulkan/shaders/colored_textured3d.frag.glsl	modules/renderers/vulkan/src/shaders/colored_textured3d.frag.glsl	renderers
src/Graphics/Backends/Vulkan/shaders/colored_textured3d.vert.glsl	modules/renderers/vulkan/src/shaders/colored_textured3d.vert.glsl	renderers
src/Graphics/Backends/Vulkan/shaders/compile_shaders.py	modules/renderers/vulkan/src/shaders/compile_shaders.py	renderers
src/Graphics/Backends/Vulkan/shaders/dual_texture3d.frag.glsl	modules/renderers/vulkan/src/shaders/dual_texture3d.frag.glsl	renderers
src/Graphics/Backends/Vulkan/shaders/dual_texture3d.vert.glsl	modules/renderers/vulkan/src/shaders/dual_texture3d.vert.glsl	renderers
src/Graphics/Backends/Vulkan/shaders/dual_texture_colored3d.vert.glsl	modules/renderers/vulkan/src/shaders/dual_texture_colored3d.vert.glsl	renderers
src/Graphics/Backends/Vulkan/shaders/env_map3d.frag.glsl	modules/renderers/vulkan/src/shaders/env_map3d.frag.glsl	renderers
src/Graphics/Backends/Vulkan/shaders/env_map3d.vert.glsl	modules/renderers/vulkan/src/shaders/env_map3d.vert.glsl	renderers
src/Graphics/Backends/Vulkan/shaders/instanced3d.frag.glsl	modules/renderers/vulkan/src/shaders/instanced3d.frag.glsl	renderers
src/Graphics/Backends/Vulkan/shaders/instanced3d.vert.glsl	modules/renderers/vulkan/src/shaders/instanced3d.vert.glsl	renderers
src/Graphics/Backends/Vulkan/shaders/instanced_colored3d.vert.glsl	modules/renderers/vulkan/src/shaders/instanced_colored3d.vert.glsl	renderers
src/Graphics/Backends/Vulkan/shaders/lit_textured3d.frag.glsl	modules/renderers/vulkan/src/shaders/lit_textured3d.frag.glsl	renderers
src/Graphics/Backends/Vulkan/shaders/lit_textured3d.vert.glsl	modules/renderers/vulkan/src/shaders/lit_textured3d.vert.glsl	renderers
src/Graphics/Backends/Vulkan/shaders/lit_textured3d_vertexlit.frag.glsl	modules/renderers/vulkan/src/shaders/lit_textured3d_vertexlit.frag.glsl	renderers
src/Graphics/Backends/Vulkan/shaders/lit_textured3d_vertexlit.vert.glsl	modules/renderers/vulkan/src/shaders/lit_textured3d_vertexlit.vert.glsl	renderers
src/Graphics/Backends/Vulkan/shaders/pbr3d.frag.glsl	modules/renderers/vulkan/src/shaders/pbr3d.frag.glsl	renderers
src/Graphics/Backends/Vulkan/shaders/pbr3d.vert.glsl	modules/renderers/vulkan/src/shaders/pbr3d.vert.glsl	renderers
src/Graphics/Backends/Vulkan/shaders/pbr3d_skinned.frag.glsl	modules/renderers/vulkan/src/shaders/pbr3d_skinned.frag.glsl	renderers
src/Graphics/Backends/Vulkan/shaders/pbr3d_skinned.vert.glsl	modules/renderers/vulkan/src/shaders/pbr3d_skinned.vert.glsl	renderers
src/Graphics/Backends/Vulkan/shaders/skinned3d.frag.glsl	modules/renderers/vulkan/src/shaders/skinned3d.frag.glsl	renderers
src/Graphics/Backends/Vulkan/shaders/skinned3d.vert.glsl	modules/renderers/vulkan/src/shaders/skinned3d.vert.glsl	renderers
src/Graphics/Backends/Vulkan/shaders/skinned3d_color.frag.glsl	modules/renderers/vulkan/src/shaders/skinned3d_color.frag.glsl	renderers
src/Graphics/Backends/Vulkan/shaders/skinned3d_color.vert.glsl	modules/renderers/vulkan/src/shaders/skinned3d_color.vert.glsl	renderers
src/Graphics/Backends/Vulkan/shaders/skinned3d_vertexlit.frag.glsl	modules/renderers/vulkan/src/shaders/skinned3d_vertexlit.frag.glsl	renderers
src/Graphics/Backends/Vulkan/shaders/skinned3d_vertexlit.vert.glsl	modules/renderers/vulkan/src/shaders/skinned3d_vertexlit.vert.glsl	renderers
src/Graphics/Backends/Vulkan/shaders/skinned3d_vertexlit_color.frag.glsl	modules/renderers/vulkan/src/shaders/skinned3d_vertexlit_color.frag.glsl	renderers
src/Graphics/Backends/Vulkan/shaders/skinned3d_vertexlit_color.vert.glsl	modules/renderers/vulkan/src/shaders/skinned3d_vertexlit_color.vert.glsl	renderers
src/Graphics/Backends/Vulkan/shaders/spirv_shaders.hpp	modules/renderers/vulkan/src/shaders/spirv_shaders.hpp	renderers
src/Graphics/Backends/Vulkan/shaders/sprite2d.frag.glsl	modules/renderers/vulkan/src/shaders/sprite2d.frag.glsl	renderers
src/Graphics/Backends/Vulkan/shaders/sprite2d.vert.glsl	modules/renderers/vulkan/src/shaders/sprite2d.vert.glsl	renderers
src/Graphics/Backends/Vulkan/shaders/textured3d.frag.glsl	modules/renderers/vulkan/src/shaders/textured3d.frag.glsl	renderers
src/Graphics/Backends/Vulkan/shaders/textured3d.vert.glsl	modules/renderers/vulkan/src/shaders/textured3d.vert.glsl	renderers
src/Graphics/Backends/WebGPU/WebGPUGraphicsBackend.cpp	modules/renderers/webgpu/src/WebGPUGraphicsBackend.cpp	renderers
src/Graphics/Backends/Wicked/WickedGraphicsBackend.cpp	modules/renderers/wicked/src/WickedGraphicsBackend.cpp	renderers
src/Graphics/Backends/Wicked/WickedShaderSources.hpp	modules/renderers/wicked/src/WickedShaderSources.hpp	renderers
src/Graphics/Internal/Bc7Util.cpp	modules/graphics/src/Internal/Bc7Util.cpp	graphics-input
src/Graphics/Internal/DxtUtil.cpp	modules/graphics/src/Internal/DxtUtil.cpp	graphics-input
src/Graphics/Internal/ImageLoader.cpp	modules/graphics/src/Internal/ImageLoader.cpp	graphics-input
src/Graphics/Xna/AlphaTestEffect.cpp	modules/graphics/src/Xna/AlphaTestEffect.cpp	graphics-input
src/Graphics/Xna/AnimationPlayer.cpp	modules/graphics/src/Xna/AnimationPlayer.cpp	graphics-input
src/Graphics/Xna/BasicEffect.cpp	modules/graphics/src/Xna/BasicEffect.cpp	graphics-input
src/Graphics/Xna/BlendState.cpp	modules/graphics/src/Xna/BlendState.cpp	graphics-input
src/Graphics/Xna/ColorMatrixEffect.cpp	modules/graphics/src/Xna/ColorMatrixEffect.cpp	graphics-input
src/Graphics/Xna/DepthStencilState.cpp	modules/graphics/src/Xna/DepthStencilState.cpp	graphics-input
src/Graphics/Xna/DirectionalLight.cpp	modules/graphics/src/Xna/DirectionalLight.cpp	graphics-input
src/Graphics/Xna/DisplayMode.cpp	modules/graphics/src/Xna/DisplayMode.cpp	graphics-input
src/Graphics/Xna/DisplayModeCollection.cpp	modules/graphics/src/Xna/DisplayModeCollection.cpp	graphics-input
src/Graphics/Xna/DualTextureEffect.cpp	modules/graphics/src/Xna/DualTextureEffect.cpp	graphics-input
src/Graphics/Xna/Effect.cpp	modules/graphics/src/Xna/Effect.cpp	graphics-input
src/Graphics/Xna/EffectAnnotation.cpp	modules/graphics/src/Xna/EffectAnnotation.cpp	graphics-input
src/Graphics/Xna/EffectAnnotationCollection.cpp	modules/graphics/src/Xna/EffectAnnotationCollection.cpp	graphics-input
src/Graphics/Xna/EffectMaterial.cpp	modules/graphics/src/Xna/EffectMaterial.cpp	graphics-input
src/Graphics/Xna/EffectParameter.cpp	modules/graphics/src/Xna/EffectParameter.cpp	graphics-input
src/Graphics/Xna/EffectParameterCollection.cpp	modules/graphics/src/Xna/EffectParameterCollection.cpp	graphics-input
src/Graphics/Xna/EffectPass.cpp	modules/graphics/src/Xna/EffectPass.cpp	graphics-input
src/Graphics/Xna/EffectPassCollection.cpp	modules/graphics/src/Xna/EffectPassCollection.cpp	graphics-input
src/Graphics/Xna/EffectTechnique.cpp	modules/graphics/src/Xna/EffectTechnique.cpp	graphics-input
src/Graphics/Xna/EffectTechniqueCollection.cpp	modules/graphics/src/Xna/EffectTechniqueCollection.cpp	graphics-input
src/Graphics/Xna/EnvironmentMapEffect.cpp	modules/graphics/src/Xna/EnvironmentMapEffect.cpp	graphics-input
src/Graphics/Xna/GraphicsAdapter.cpp	modules/graphics/src/Xna/GraphicsAdapter.cpp	graphics-input
src/Graphics/Xna/GraphicsDevice.cpp	modules/graphics/src/Xna/GraphicsDevice.cpp	graphics-input
src/Graphics/Xna/GraphicsResource.cpp	modules/graphics/src/Xna/GraphicsResource.cpp	graphics-input
src/Graphics/Xna/IndexBuffer.cpp	modules/graphics/src/Xna/IndexBuffer.cpp	graphics-input
src/Graphics/Xna/Model.cpp	modules/graphics/src/Xna/Model.cpp	graphics-input
src/Graphics/Xna/ModelBone.cpp	modules/graphics/src/Xna/ModelBone.cpp	graphics-input
src/Graphics/Xna/ModelBoneCollection.cpp	modules/graphics/src/Xna/ModelBoneCollection.cpp	graphics-input
src/Graphics/Xna/ModelEffectCollection.cpp	modules/graphics/src/Xna/ModelEffectCollection.cpp	graphics-input
src/Graphics/Xna/ModelMesh.cpp	modules/graphics/src/Xna/ModelMesh.cpp	graphics-input
src/Graphics/Xna/ModelMeshCollection.cpp	modules/graphics/src/Xna/ModelMeshCollection.cpp	graphics-input
src/Graphics/Xna/ModelMeshPart.cpp	modules/graphics/src/Xna/ModelMeshPart.cpp	graphics-input
src/Graphics/Xna/ModelMeshPartCollection.cpp	modules/graphics/src/Xna/ModelMeshPartCollection.cpp	graphics-input
src/Graphics/Xna/MorphTargetEXT.cpp	modules/graphics/src/Xna/MorphTargetEXT.cpp	graphics-input
src/Graphics/Xna/OcclusionQuery.cpp	modules/graphics/src/Xna/OcclusionQuery.cpp	graphics-input
src/Graphics/Xna/PbrEffect.cpp	modules/graphics/src/Xna/PbrEffect.cpp	graphics-input
src/Graphics/Xna/PresentationParameters.cpp	modules/graphics/src/Xna/PresentationParameters.cpp	graphics-input
src/Graphics/Xna/RasterizerState.cpp	modules/graphics/src/Xna/RasterizerState.cpp	graphics-input
src/Graphics/Xna/RenderTarget2D.cpp	modules/graphics/src/Xna/RenderTarget2D.cpp	graphics-input
src/Graphics/Xna/RenderTargetBinding.cpp	modules/graphics/src/Xna/RenderTargetBinding.cpp	graphics-input
src/Graphics/Xna/RenderTargetCube.cpp	modules/graphics/src/Xna/RenderTargetCube.cpp	graphics-input
src/Graphics/Xna/SamplerState.cpp	modules/graphics/src/Xna/SamplerState.cpp	graphics-input
src/Graphics/Xna/SamplerStateCollection.cpp	modules/graphics/src/Xna/SamplerStateCollection.cpp	graphics-input
src/Graphics/Xna/ShaderEffect.cpp	modules/graphics/src/Xna/ShaderEffect.cpp	graphics-input
src/Graphics/Xna/SkinnedEffect.cpp	modules/graphics/src/Xna/SkinnedEffect.cpp	graphics-input
src/Graphics/Xna/SkinnedModelEXT.cpp	modules/graphics/src/Xna/SkinnedModelEXT.cpp	graphics-input
src/Graphics/Xna/SkinnedPbrEffect.cpp	modules/graphics/src/Xna/SkinnedPbrEffect.cpp	graphics-input
src/Graphics/Xna/SpriteBatch.cpp	modules/graphics/src/Xna/SpriteBatch.cpp	graphics-input
src/Graphics/Xna/SpriteEffect.cpp	modules/graphics/src/Xna/SpriteEffect.cpp	graphics-input
src/Graphics/Xna/SpriteFont.cpp	modules/graphics/src/Xna/SpriteFont.cpp	graphics-input
src/Graphics/Xna/Texture.cpp	modules/graphics/src/Xna/Texture.cpp	graphics-input
src/Graphics/Xna/Texture2D.cpp	modules/graphics/src/Xna/Texture2D.cpp	graphics-input
src/Graphics/Xna/Texture3D.cpp	modules/graphics/src/Xna/Texture3D.cpp	graphics-input
src/Graphics/Xna/TextureCollection.cpp	modules/graphics/src/Xna/TextureCollection.cpp	graphics-input
src/Graphics/Xna/TextureCube.cpp	modules/graphics/src/Xna/TextureCube.cpp	graphics-input
src/Graphics/Xna/VertexBuffer.cpp	modules/graphics/src/Xna/VertexBuffer.cpp	graphics-input
src/Graphics/Xna/VertexBufferBinding.cpp	modules/graphics/src/Xna/VertexBufferBinding.cpp	graphics-input
src/Graphics/Xna/VertexDeclaration.cpp	modules/graphics/src/Xna/VertexDeclaration.cpp	graphics-input
src/Graphics/Xna/VertexElement.cpp	modules/graphics/src/Xna/VertexElement.cpp	graphics-input
src/Graphics/Xna/VertexPositionColor.cpp	modules/graphics/src/Xna/VertexPositionColor.cpp	graphics-input
src/Graphics/Xna/VertexPositionColorTexture.cpp	modules/graphics/src/Xna/VertexPositionColorTexture.cpp	graphics-input
src/Graphics/Xna/VertexPositionNormalTangentTexture.cpp	modules/graphics/src/Xna/VertexPositionNormalTangentTexture.cpp	graphics-input
src/Graphics/Xna/VertexPositionNormalTangentTextureSkinned.cpp	modules/graphics/src/Xna/VertexPositionNormalTangentTextureSkinned.cpp	graphics-input
src/Graphics/Xna/VertexPositionNormalTexture.cpp	modules/graphics/src/Xna/VertexPositionNormalTexture.cpp	graphics-input
src/Graphics/Xna/VertexPositionNormalTextureSkinned.cpp	modules/graphics/src/Xna/VertexPositionNormalTextureSkinned.cpp	graphics-input
src/Graphics/Xna/VertexPositionTexture.cpp	modules/graphics/src/Xna/VertexPositionTexture.cpp	graphics-input
src/Graphics/Xna/Viewport.cpp	modules/graphics/src/Xna/Viewport.cpp	graphics-input
src/Input/Internal/GestureDetector.cpp	modules/input/src/Internal/GestureDetector.cpp	graphics-input
src/Input/Internal/InputManager.cpp	modules/input/src/Internal/InputManager.cpp	graphics-input
src/Input/Internal/SdlGamepadBackend.cpp	modules/input/src/Internal/SdlGamepadBackend.cpp	graphics-input
src/Input/Internal/SdlHapticBackend.cpp	modules/input/src/Internal/SdlHapticBackend.cpp	graphics-input
src/Input/Internal/SdlInputBridge.cpp	modules/input/src/Internal/SdlInputBridge.cpp	graphics-input
src/Input/Internal/SdlJoystickBackend.cpp	modules/input/src/Internal/SdlJoystickBackend.cpp	graphics-input
src/Input/Internal/SystemDeviceBackend.cpp	modules/input/src/Internal/SystemDeviceBackend.cpp	graphics-input
src/Input/Internal/SystemKeyboardBackend.cpp	modules/input/src/Internal/SystemKeyboardBackend.cpp	graphics-input
src/Input/Internal/SystemMouseBackend.cpp	modules/input/src/Internal/SystemMouseBackend.cpp	graphics-input
src/Input/Internal/SystemPowerBackend.cpp	modules/input/src/Internal/SystemPowerBackend.cpp	graphics-input
src/Input/Internal/SystemSensorBackend.cpp	modules/input/src/Internal/SystemSensorBackend.cpp	graphics-input
src/Input/NoXna/Clipboard.cpp	modules/input/src/NoXna/Clipboard.cpp	graphics-input
src/Input/NoXna/HapticDevice.cpp	modules/input/src/NoXna/HapticDevice.cpp	graphics-input
src/Input/NoXna/Haptics.cpp	modules/input/src/NoXna/Haptics.cpp	graphics-input
src/Input/NoXna/InputDevices.cpp	modules/input/src/NoXna/InputDevices.cpp	graphics-input
src/Input/NoXna/Joysticks.cpp	modules/input/src/NoXna/Joysticks.cpp	graphics-input
src/Input/NoXna/Power.cpp	modules/input/src/NoXna/Power.cpp	graphics-input
src/Input/NoXna/Sensors.cpp	modules/input/src/NoXna/Sensors.cpp	graphics-input
src/Input/Xna/GamePad.cpp	modules/input/src/Xna/GamePad.cpp	graphics-input
src/Input/Xna/GamePadButtons.cpp	modules/input/src/Xna/GamePadButtons.cpp	graphics-input
src/Input/Xna/GamePadCapabilities.cpp	modules/input/src/Xna/GamePadCapabilities.cpp	graphics-input
src/Input/Xna/GamePadDPad.cpp	modules/input/src/Xna/GamePadDPad.cpp	graphics-input
src/Input/Xna/GamePadState.cpp	modules/input/src/Xna/GamePadState.cpp	graphics-input
src/Input/Xna/GamePadThumbSticks.cpp	modules/input/src/Xna/GamePadThumbSticks.cpp	graphics-input
src/Input/Xna/GamePadTriggers.cpp	modules/input/src/Xna/GamePadTriggers.cpp	graphics-input
src/Input/Xna/Keyboard.cpp	modules/input/src/Xna/Keyboard.cpp	graphics-input
src/Input/Xna/KeyboardState.cpp	modules/input/src/Xna/KeyboardState.cpp	graphics-input
src/Input/Xna/Mouse.cpp	modules/input/src/Xna/Mouse.cpp	graphics-input
src/Input/Xna/MouseCursor.cpp	modules/input/src/Xna/MouseCursor.cpp	graphics-input
src/Input/Xna/MouseState.cpp	modules/input/src/Xna/MouseState.cpp	graphics-input
src/Input/Xna/TextInputEXT.cpp	modules/input/src/Xna/TextInputEXT.cpp	graphics-input
src/Input/Xna/Touch/GestureSample.cpp	modules/input/src/Xna/Touch/GestureSample.cpp	graphics-input
src/Input/Xna/Touch/TouchCollection.cpp	modules/input/src/Xna/Touch/TouchCollection.cpp	graphics-input
src/Input/Xna/Touch/TouchLocation.cpp	modules/input/src/Xna/Touch/TouchLocation.cpp	graphics-input
src/Input/Xna/Touch/TouchPanel.cpp	modules/input/src/Xna/Touch/TouchPanel.cpp	graphics-input
src/Input/Xna/Touch/TouchPanelCapabilities.cpp	modules/input/src/Xna/Touch/TouchPanelCapabilities.cpp	graphics-input
src/Math/BoundingBox.cpp	modules/math/src/BoundingBox.cpp	core-math-runtime
src/Math/BoundingFrustum.cpp	modules/math/src/BoundingFrustum.cpp	core-math-runtime
src/Math/BoundingSphere.cpp	modules/math/src/BoundingSphere.cpp	core-math-runtime
src/Math/Color.cpp	modules/math/src/Color.cpp	core-math-runtime
src/Math/Curve.cpp	modules/math/src/Curve.cpp	core-math-runtime
src/Math/CurveKey.cpp	modules/math/src/CurveKey.cpp	core-math-runtime
src/Math/CurveKeyCollection.cpp	modules/math/src/CurveKeyCollection.cpp	core-math-runtime
src/Math/MathHelper.cpp	modules/math/src/MathHelper.cpp	core-math-runtime
src/Math/Matrix.cpp	modules/math/src/Matrix.cpp	core-math-runtime
src/Math/Plane.cpp	modules/math/src/Plane.cpp	core-math-runtime
src/Math/Point.cpp	modules/math/src/Point.cpp	core-math-runtime
src/Math/Quaternion.cpp	modules/math/src/Quaternion.cpp	core-math-runtime
src/Math/Ray.cpp	modules/math/src/Ray.cpp	core-math-runtime
src/Math/Rectangle.cpp	modules/math/src/Rectangle.cpp	core-math-runtime
src/Math/Vector2.cpp	modules/math/src/Vector2.cpp	core-math-runtime
src/Math/Vector3.cpp	modules/math/src/Vector3.cpp	core-math-runtime
src/Math/Vector4.cpp	modules/math/src/Vector4.cpp	core-math-runtime
src/Media/Internal/AudioDurationProbe.cpp	modules/media/src/Internal/AudioDurationProbe.cpp	audio-media
src/Media/Internal/AudioTagParser.cpp	modules/media/src/Internal/AudioTagParser.cpp	audio-media
src/Media/Internal/MediaLibraryIndex.cpp	modules/media/src/Internal/MediaLibraryIndex.cpp	audio-media
src/Media/Internal/MediaLibraryPaths.cpp	modules/media/src/Internal/MediaLibraryPaths.cpp	audio-media
src/Media/Internal/PictureLibraryIndex.cpp	modules/media/src/Internal/PictureLibraryIndex.cpp	audio-media
src/Media/Internal/PlaylistParser.cpp	modules/media/src/Internal/PlaylistParser.cpp	audio-media
src/Media/Internal/SavedPictureStore.cpp	modules/media/src/Internal/SavedPictureStore.cpp	audio-media
src/Media/Internal/ThumbnailGenerator.cpp	modules/media/src/Internal/ThumbnailGenerator.cpp	audio-media
src/Media/Internal/VideoDecoder.cpp	modules/media/src/Internal/VideoDecoder.cpp	audio-media
src/Media/Internal/VisualizationCapture.cpp	modules/media/src/Internal/VisualizationCapture.cpp	audio-media
src/Media/Internal/VisualizationFFT.cpp	modules/media/src/Internal/VisualizationFFT.cpp	audio-media
src/Media/Xna/Album.cpp	modules/media/src/Xna/Album.cpp	audio-media
src/Media/Xna/AlbumCollection.cpp	modules/media/src/Xna/AlbumCollection.cpp	audio-media
src/Media/Xna/Artist.cpp	modules/media/src/Xna/Artist.cpp	audio-media
src/Media/Xna/ArtistCollection.cpp	modules/media/src/Xna/ArtistCollection.cpp	audio-media
src/Media/Xna/Genre.cpp	modules/media/src/Xna/Genre.cpp	audio-media
src/Media/Xna/GenreCollection.cpp	modules/media/src/Xna/GenreCollection.cpp	audio-media
src/Media/Xna/MediaLibrary.cpp	modules/media/src/Xna/MediaLibrary.cpp	audio-media
src/Media/Xna/MediaPlayer.cpp	modules/media/src/Xna/MediaPlayer.cpp	audio-media
src/Media/Xna/MediaQueue.cpp	modules/media/src/Xna/MediaQueue.cpp	audio-media
src/Media/Xna/MediaSource.cpp	modules/media/src/Xna/MediaSource.cpp	audio-media
src/Media/Xna/Picture.cpp	modules/media/src/Xna/Picture.cpp	audio-media
src/Media/Xna/PictureAlbum.cpp	modules/media/src/Xna/PictureAlbum.cpp	audio-media
src/Media/Xna/PictureAlbumCollection.cpp	modules/media/src/Xna/PictureAlbumCollection.cpp	audio-media
src/Media/Xna/PictureCollection.cpp	modules/media/src/Xna/PictureCollection.cpp	audio-media
src/Media/Xna/Playlist.cpp	modules/media/src/Xna/Playlist.cpp	audio-media
src/Media/Xna/PlaylistCollection.cpp	modules/media/src/Xna/PlaylistCollection.cpp	audio-media
src/Media/Xna/Song.cpp	modules/media/src/Xna/Song.cpp	audio-media
src/Media/Xna/SongCollection.cpp	modules/media/src/Xna/SongCollection.cpp	audio-media
src/Media/Xna/Video/Video.cpp	modules/media/src/Xna/Video/Video.cpp	audio-media
src/Media/Xna/Video/VideoPlayer.cpp	modules/media/src/Xna/Video/VideoPlayer.cpp	audio-media
src/Media/Xna/VisualizationData.cpp	modules/media/src/Xna/VisualizationData.cpp	audio-media
src/Net/Internal/ENetBackend.cpp	modules/net/src/Internal/ENetBackend.cpp	net-gamerservices
src/Net/Internal/ENetDiscoveryService.cpp	modules/net/src/Internal/ENetDiscoveryService.cpp	net-gamerservices
src/Net/Internal/ENetHostHandle.cpp	modules/net/src/Internal/ENetHostHandle.cpp	net-gamerservices
src/Net/Internal/ENetLibrary.cpp	modules/net/src/Internal/ENetLibrary.cpp	net-gamerservices
src/Net/Internal/NetDiscoveryProtocol.cpp	modules/net/src/Internal/NetDiscoveryProtocol.cpp	net-gamerservices
src/Net/Internal/NetPacketCodec.cpp	modules/net/src/Internal/NetPacketCodec.cpp	net-gamerservices
src/Net/Xna/AvailableNetworkSession.cpp	modules/net/src/Xna/AvailableNetworkSession.cpp	net-gamerservices
src/Net/Xna/AvailableNetworkSessionCollection.cpp	modules/net/src/Xna/AvailableNetworkSessionCollection.cpp	net-gamerservices
src/Net/Xna/GameEndedEventArgs.cpp	modules/net/src/Xna/GameEndedEventArgs.cpp	net-gamerservices
src/Net/Xna/GameStartedEventArgs.cpp	modules/net/src/Xna/GameStartedEventArgs.cpp	net-gamerservices
src/Net/Xna/GamerJoinedEventArgs.cpp	modules/net/src/Xna/GamerJoinedEventArgs.cpp	net-gamerservices
src/Net/Xna/GamerLeftEventArgs.cpp	modules/net/src/Xna/GamerLeftEventArgs.cpp	net-gamerservices
src/Net/Xna/HostChangedEventArgs.cpp	modules/net/src/Xna/HostChangedEventArgs.cpp	net-gamerservices
src/Net/Xna/LocalNetworkGamer.cpp	modules/net/src/Xna/LocalNetworkGamer.cpp	net-gamerservices
src/Net/Xna/Net.cpp	modules/net/src/Xna/Net.cpp	net-gamerservices
src/Net/Xna/NetworkGamer.cpp	modules/net/src/Xna/NetworkGamer.cpp	net-gamerservices
src/Net/Xna/NetworkMachine.cpp	modules/net/src/Xna/NetworkMachine.cpp	net-gamerservices
src/Net/Xna/NetworkSession.cpp	modules/net/src/Xna/NetworkSession.cpp	net-gamerservices
src/Net/Xna/NetworkSessionEndedEventArgs.cpp	modules/net/src/Xna/NetworkSessionEndedEventArgs.cpp	net-gamerservices
src/Net/Xna/NetworkSessionJoinException.cpp	modules/net/src/Xna/NetworkSessionJoinException.cpp	net-gamerservices
src/Net/Xna/NetworkSessionProperties.cpp	modules/net/src/Xna/NetworkSessionProperties.cpp	net-gamerservices
src/Net/Xna/PacketReader.cpp	modules/net/src/Xna/PacketReader.cpp	net-gamerservices
src/Net/Xna/PacketWriter.cpp	modules/net/src/Xna/PacketWriter.cpp	net-gamerservices
src/Net/Xna/QualityOfService.cpp	modules/net/src/Xna/QualityOfService.cpp	net-gamerservices
src/Net/Xna/WriteLeaderboardsEventArgs.cpp	modules/net/src/Xna/WriteLeaderboardsEventArgs.cpp	net-gamerservices
src/NoXna/Graphics/CRTEffect.cpp	modules/graphics-ext/src/CRTEffect.cpp	devices-ext-split
src/NoXna/Graphics/DepthEffect.cpp	modules/graphics-ext/src/DepthEffect.cpp	devices-ext-split
src/NoXna/Graphics/PbrMaterial.cpp	modules/graphics-ext/src/PbrMaterial.cpp	devices-ext-split
src/NoXna/Graphics/RenderPipelineSettings.cpp	modules/graphics-ext/src/RenderPipelineSettings.cpp	devices-ext-split
src/Runtime/DrawableGameComponent.cpp	modules/runtime/src/DrawableGameComponent.cpp	core-math-runtime
src/Runtime/ExitingEventArgs.cpp	modules/runtime/src/ExitingEventArgs.cpp	core-math-runtime
src/Runtime/Game.cpp	modules/runtime/src/Game.cpp	core-math-runtime
src/Runtime/GameComponent.cpp	modules/runtime/src/GameComponent.cpp	core-math-runtime
src/Runtime/GameComponentCollection.cpp	modules/runtime/src/GameComponentCollection.cpp	core-math-runtime
src/Runtime/GameComponentCollectionEventArgs.cpp	modules/runtime/src/GameComponentCollectionEventArgs.cpp	core-math-runtime
src/Runtime/GameServiceContainer.cpp	modules/runtime/src/GameServiceContainer.cpp	core-math-runtime
src/Runtime/GameTime.cpp	modules/runtime/src/GameTime.cpp	core-math-runtime
src/Runtime/GameWindow.cpp	modules/runtime/src/GameWindow.cpp	core-math-runtime
src/Runtime/GraphicsDeviceInformation.cpp	modules/runtime/src/GraphicsDeviceInformation.cpp	core-math-runtime
src/Runtime/GraphicsDeviceManager.cpp	modules/runtime/src/GraphicsDeviceManager.cpp	core-math-runtime
src/Runtime/LaunchParameters.cpp	modules/runtime/src/LaunchParameters.cpp	core-math-runtime
src/Runtime/PreparingDeviceSettingsEventArgs.cpp	modules/runtime/src/PreparingDeviceSettingsEventArgs.cpp	core-math-runtime
src/Runtime/TitleContainer.cpp	modules/runtime/src/TitleContainer.cpp	core-math-runtime
src/Runtime/TitleLocation.cpp	modules/runtime/src/TitleLocation.cpp	core-math-runtime
src/Storage/StorageContainer.cpp	modules/storage/src/StorageContainer.cpp	content-storage
src/Storage/StorageDevice.cpp	modules/storage/src/StorageDevice.cpp	content-storage
src/Storage/StorageDeviceNotConnectedException.cpp	modules/storage/src/StorageDeviceNotConnectedException.cpp	content-storage
tests/CNA/Devices/CameraTests.cpp	modules/devices-ext/tests/CNA/Devices/CameraTests.cpp	devices-ext-split
tests/CNA/Devices/ClipboardTests.cpp	modules/devices-ext/tests/CNA/Devices/ClipboardTests.cpp	devices-ext-split
tests/CNA/Devices/DisplayInfoTests.cpp	modules/devices-ext/tests/CNA/Devices/DisplayInfoTests.cpp	devices-ext-split
tests/CNA/Devices/FileDialogTests.cpp	modules/devices-ext/tests/CNA/Devices/FileDialogTests.cpp	devices-ext-split
tests/CNA/Devices/LocaleTests.cpp	modules/devices-ext/tests/CNA/Devices/LocaleTests.cpp	devices-ext-split
tests/CNA/Devices/MessageBoxTests.cpp	modules/devices-ext/tests/CNA/Devices/MessageBoxTests.cpp	devices-ext-split
tests/CNA/Devices/PowerInfoTests.cpp	modules/devices-ext/tests/CNA/Devices/PowerInfoTests.cpp	devices-ext-split
tests/CNA/Devices/SystemInfoTests.cpp	modules/devices-ext/tests/CNA/Devices/SystemInfoTests.cpp	devices-ext-split
tests/CNA/Devices/SystemTrayTests.cpp	modules/devices-ext/tests/CNA/Devices/SystemTrayTests.cpp	devices-ext-split
tests/CNA/Devices/UrlLauncherTests.cpp	modules/devices-ext/tests/CNA/Devices/UrlLauncherTests.cpp	devices-ext-split
tests/CNA/Graphics/CRTEffectTests.cpp	modules/graphics-ext/tests/CNA/Graphics/CRTEffectTests.cpp	devices-ext-split
tests/CNA/Graphics/DepthEffectTests.cpp	modules/graphics-ext/tests/CNA/Graphics/DepthEffectTests.cpp	devices-ext-split
tests/CNA/GraphicsBackendTypeTests.cpp	modules/graphics/tests/CNA/GraphicsBackendTypeTests.cpp	graphics-input
tests/CNA/Input/ClipboardTests.cpp	modules/input/tests/CNA/Input/ClipboardTests.cpp	graphics-input
tests/CNA/Input/InputDevicesHotplugTests.cpp	modules/input/tests/CNA/Input/InputDevicesHotplugTests.cpp	graphics-input
tests/CNA/Input/InputDevicesTests.cpp	modules/input/tests/CNA/Input/InputDevicesTests.cpp	graphics-input
tests/CNA/Input/PowerTests.cpp	modules/input/tests/CNA/Input/PowerTests.cpp	graphics-input
tests/CNA/Input/SensorsTests.cpp	modules/input/tests/CNA/Input/SensorsTests.cpp	graphics-input
tests/CNA/Internal/Audio/AudioMixerTests.cpp	modules/audio/tests/CNA/Internal/Audio/AudioMixerTests.cpp	audio-media
tests/CNA/Internal/Audio/WavWrapperTests.cpp	modules/audio/tests/CNA/Internal/Audio/WavWrapperTests.cpp	audio-media
tests/CNA/Internal/Audio/XactParserFuzzTests.cpp	modules/audio/tests/CNA/Internal/Audio/XactParserFuzzTests.cpp	audio-media
tests/CNA/Internal/Audio/XactParserTests.cpp	modules/audio/tests/CNA/Internal/Audio/XactParserTests.cpp	audio-media
tests/CNA/Internal/Backends/Canvas/CanvasGraphicsBackendTests.cpp	modules/renderers/canvas/tests/CNA/Internal/Backends/Canvas/CanvasGraphicsBackendTests.cpp	renderers
tests/CNA/Internal/Backends/Diligent/DiligentDeviceSelectionTests.cpp	modules/renderers/diligent/tests/CNA/Internal/Backends/Diligent/DiligentDeviceSelectionTests.cpp	renderers
tests/CNA/Internal/Backends/Direct2D/Direct2DGraphicsBackendTests.cpp	modules/renderers/direct2d/tests/CNA/Internal/Backends/Direct2D/Direct2DGraphicsBackendTests.cpp	renderers
tests/CNA/Internal/Backends/EasyGL/EasyGLGraphicsBackendTests.cpp	modules/renderers/easygl/tests/CNA/Internal/Backends/EasyGL/EasyGLGraphicsBackendTests.cpp	renderers
tests/CNA/Internal/Backends/Glide/FakeGlide3xDll.cpp	modules/renderers/glide/tests/CNA/Internal/Backends/Glide/FakeGlide3xDll.cpp	renderers
tests/CNA/Internal/Backends/Glide/GlideAbiLoaderTests.cpp	modules/renderers/glide/tests/CNA/Internal/Backends/Glide/GlideAbiLoaderTests.cpp	renderers
tests/CNA/Internal/Backends/Glide/GlideBlendFactorTests.cpp	modules/renderers/glide/tests/CNA/Internal/Backends/Glide/GlideBlendFactorTests.cpp	renderers
tests/CNA/Internal/Backends/Glide/GlideCapabilityTests.cpp	modules/renderers/glide/tests/CNA/Internal/Backends/Glide/GlideCapabilityTests.cpp	renderers
tests/CNA/Internal/Backends/Glide/GlideDisplayModeSelectionTests.cpp	modules/renderers/glide/tests/CNA/Internal/Backends/Glide/GlideDisplayModeSelectionTests.cpp	renderers
tests/CNA/Internal/Backends/Glide/GlideDrawValidationTests.cpp	modules/renderers/glide/tests/CNA/Internal/Backends/Glide/GlideDrawValidationTests.cpp	renderers
tests/CNA/Internal/Backends/Glide/GlideExtensionCapabilitiesTests.cpp	modules/renderers/glide/tests/CNA/Internal/Backends/Glide/GlideExtensionCapabilitiesTests.cpp	renderers
tests/CNA/Internal/Backends/Glide/GlideLightingTests.cpp	modules/renderers/glide/tests/CNA/Internal/Backends/Glide/GlideLightingTests.cpp	renderers
tests/CNA/Internal/Backends/Glide/GlidePrimitiveClipTests.cpp	modules/renderers/glide/tests/CNA/Internal/Backends/Glide/GlidePrimitiveClipTests.cpp	renderers
tests/CNA/Internal/Backends/Glide/GlideTextureCoordinateTests.cpp	modules/renderers/glide/tests/CNA/Internal/Backends/Glide/GlideTextureCoordinateTests.cpp	renderers
tests/CNA/Internal/Backends/Glide/GlideTextureEvictionTests.cpp	modules/renderers/glide/tests/CNA/Internal/Backends/Glide/GlideTextureEvictionTests.cpp	renderers
tests/CNA/Internal/Backends/Glide/GlideTextureFormatTests.cpp	modules/renderers/glide/tests/CNA/Internal/Backends/Glide/GlideTextureFormatTests.cpp	renderers
tests/CNA/Internal/Backends/Glide/GlideTextureMipTests.cpp	modules/renderers/glide/tests/CNA/Internal/Backends/Glide/GlideTextureMipTests.cpp	renderers
tests/CNA/Internal/Backends/Glide/GlideVertexLayoutTests.cpp	modules/renderers/glide/tests/CNA/Internal/Backends/Glide/GlideVertexLayoutTests.cpp	renderers
tests/CNA/Internal/Backends/HtmlDom/HtmlDomGraphicsBackendTests.cpp	modules/renderers/html-dom/tests/CNA/Internal/Backends/HtmlDom/HtmlDomGraphicsBackendTests.cpp	renderers
tests/CNA/Internal/Backends/Llgl/LlglSdlSurfaceTests.cpp	modules/renderers/llgl/tests/CNA/Internal/Backends/Llgl/LlglSdlSurfaceTests.cpp	renderers
tests/CNA/Internal/Backends/Magnum/MagnumGraphicsBackendTests.cpp	modules/renderers/magnum/tests/CNA/Internal/Backends/Magnum/MagnumGraphicsBackendTests.cpp	renderers
tests/CNA/Internal/Backends/Metal/MetalBackendContractCompileTests.cpp	modules/renderers/metal/tests/CNA/Internal/Backends/Metal/MetalBackendContractCompileTests.cpp	renderers
tests/CNA/Internal/Backends/Metal/MetalBlendFunctionTests.cpp	modules/renderers/metal/tests/CNA/Internal/Backends/Metal/MetalBlendFunctionTests.cpp	renderers
tests/CNA/Internal/Backends/Metal/MetalBlendTests.cpp	modules/renderers/metal/tests/CNA/Internal/Backends/Metal/MetalBlendTests.cpp	renderers
tests/CNA/Internal/Backends/Metal/MetalCommandFailureTests.cpp	modules/renderers/metal/tests/CNA/Internal/Backends/Metal/MetalCommandFailureTests.cpp	renderers
tests/CNA/Internal/Backends/Metal/MetalCompareFunctionTests.cpp	modules/renderers/metal/tests/CNA/Internal/Backends/Metal/MetalCompareFunctionTests.cpp	renderers
tests/CNA/Internal/Backends/Metal/MetalCullModeTests.cpp	modules/renderers/metal/tests/CNA/Internal/Backends/Metal/MetalCullModeTests.cpp	renderers
tests/CNA/Internal/Backends/Metal/MetalDepthPolicyTests.cpp	modules/renderers/metal/tests/CNA/Internal/Backends/Metal/MetalDepthPolicyTests.cpp	renderers
tests/CNA/Internal/Backends/Metal/MetalLogicalViewportTests.cpp	modules/renderers/metal/tests/CNA/Internal/Backends/Metal/MetalLogicalViewportTests.cpp	renderers
tests/CNA/Internal/Backends/Metal/MetalMat4Tests.cpp	modules/renderers/metal/tests/CNA/Internal/Backends/Metal/MetalMat4Tests.cpp	renderers
tests/CNA/Internal/Backends/Metal/MetalNormalMatrixTests.cpp	modules/renderers/metal/tests/CNA/Internal/Backends/Metal/MetalNormalMatrixTests.cpp	renderers
tests/CNA/Internal/Backends/Metal/MetalPipelineKeyTests.cpp	modules/renderers/metal/tests/CNA/Internal/Backends/Metal/MetalPipelineKeyTests.cpp	renderers
tests/CNA/Internal/Backends/Metal/MetalPolicyTests.cpp	modules/renderers/metal/tests/CNA/Internal/Backends/Metal/MetalPolicyTests.cpp	renderers
tests/CNA/Internal/Backends/Metal/MetalPrimitiveVertexCountTests.cpp	modules/renderers/metal/tests/CNA/Internal/Backends/Metal/MetalPrimitiveVertexCountTests.cpp	renderers
tests/CNA/Internal/Backends/Metal/MetalRasterStateTests.cpp	modules/renderers/metal/tests/CNA/Internal/Backends/Metal/MetalRasterStateTests.cpp	renderers
tests/CNA/Internal/Backends/Metal/MetalResourceHealthTests.cpp	modules/renderers/metal/tests/CNA/Internal/Backends/Metal/MetalResourceHealthTests.cpp	renderers
tests/CNA/Internal/Backends/Metal/MetalResourcePolicyTests.cpp	modules/renderers/metal/tests/CNA/Internal/Backends/Metal/MetalResourcePolicyTests.cpp	renderers
tests/CNA/Internal/Backends/Metal/MetalRetainedResourceTests.cpp	modules/renderers/metal/tests/CNA/Internal/Backends/Metal/MetalRetainedResourceTests.cpp	renderers
tests/CNA/Internal/Backends/Metal/MetalSamplerFilterTests.cpp	modules/renderers/metal/tests/CNA/Internal/Backends/Metal/MetalSamplerFilterTests.cpp	renderers
tests/CNA/Internal/Backends/Metal/MetalSelectPipelineKindTests.cpp	modules/renderers/metal/tests/CNA/Internal/Backends/Metal/MetalSelectPipelineKindTests.cpp	renderers
tests/CNA/Internal/Backends/Metal/MetalStencilOperationTests.cpp	modules/renderers/metal/tests/CNA/Internal/Backends/Metal/MetalStencilOperationTests.cpp	renderers
tests/CNA/Internal/Backends/Metal/MetalTextureBindingPolicyTests.cpp	modules/renderers/metal/tests/CNA/Internal/Backends/Metal/MetalTextureBindingPolicyTests.cpp	renderers
tests/CNA/Internal/Backends/Metal/MetalTextureTransferTests.cpp	modules/renderers/metal/tests/CNA/Internal/Backends/Metal/MetalTextureTransferTests.cpp	renderers
tests/CNA/Internal/Backends/Metal/MetalUniformFillTests.cpp	modules/renderers/metal/tests/CNA/Internal/Backends/Metal/MetalUniformFillTests.cpp	renderers
tests/CNA/Internal/Backends/Metal/MetalVertexAttribFormatTests.cpp	modules/renderers/metal/tests/CNA/Internal/Backends/Metal/MetalVertexAttribFormatTests.cpp	renderers
tests/CNA/Internal/Backends/Metal/MetalVertexDeclarationPolicyTests.cpp	modules/renderers/metal/tests/CNA/Internal/Backends/Metal/MetalVertexDeclarationPolicyTests.cpp	renderers
tests/CNA/Internal/Backends/Metal/MetalVertexDescriptorPlanTests.cpp	modules/renderers/metal/tests/CNA/Internal/Backends/Metal/MetalVertexDescriptorPlanTests.cpp	renderers
tests/CNA/Internal/Backends/Wicked/WickedDeviceLifecycleTest.cpp	modules/renderers/wicked/tests/CNA/Internal/Backends/Wicked/WickedDeviceLifecycleTest.cpp	renderers
tests/CNA/Internal/Backends/Wicked/WickedGeometryVertexOffsetTest.cpp	modules/renderers/wicked/tests/CNA/Internal/Backends/Wicked/WickedGeometryVertexOffsetTest.cpp	renderers
tests/CNA/Internal/Backends/Wicked/WickedPipelineKeyTest.cpp	modules/renderers/wicked/tests/CNA/Internal/Backends/Wicked/WickedPipelineKeyTest.cpp	renderers
tests/CNA/Internal/Backends/Wicked/WickedTexture3DStagedTransferTest.cpp	modules/renderers/wicked/tests/CNA/Internal/Backends/Wicked/WickedTexture3DStagedTransferTest.cpp	renderers
tests/CNA/Internal/CnjEnvelopeTests.cpp	modules/content/tests/CNA/Internal/CnjEnvelopeTests.cpp	content-storage
tests/CNA/Internal/GltfImport/GltfImportCoreTests.cpp	modules/content/tests/CNA/Internal/GltfImport/GltfImportCoreTests.cpp	content-storage
tests/CNA/Internal/Graphics/DxtUtilTests.cpp	modules/graphics/tests/CNA/Internal/Graphics/DxtUtilTests.cpp	graphics-input
tests/CNA/Internal/Graphics/VertexDeclarationFidelityTests.cpp	modules/graphics/tests/CNA/Internal/Graphics/VertexDeclarationFidelityTests.cpp	graphics-input
tests/CNA/Internal/Input/FakeSdlGamepadBackend.hpp	modules/input/tests/CNA/Internal/Input/FakeSdlGamepadBackend.hpp	graphics-input
tests/CNA/Internal/Input/FakeSdlHapticBackend.hpp	modules/input/tests/CNA/Internal/Input/FakeSdlHapticBackend.hpp	graphics-input
tests/CNA/Internal/Input/FakeSdlJoystickBackend.hpp	modules/input/tests/CNA/Internal/Input/FakeSdlJoystickBackend.hpp	graphics-input
tests/CNA/Internal/Input/GestureDetectorTests.cpp	modules/input/tests/CNA/Internal/Input/GestureDetectorTests.cpp	graphics-input
tests/CNA/Internal/Input/InputResetTests.cpp	modules/input/tests/CNA/Internal/Input/InputResetTests.cpp	graphics-input
tests/CNA/Internal/Input/SdlGamepadBackendTests.cpp	modules/input/tests/CNA/Internal/Input/SdlGamepadBackendTests.cpp	graphics-input
tests/CNA/Internal/Input/SdlHapticBackendTests.cpp	modules/input/tests/CNA/Internal/Input/SdlHapticBackendTests.cpp	graphics-input
tests/CNA/Internal/Input/SdlInputBridgeCandidatesTests.cpp	modules/input/tests/CNA/Internal/Input/SdlInputBridgeCandidatesTests.cpp	graphics-input
tests/CNA/Internal/Input/SdlInputBridgeFuzzTests.cpp	modules/input/tests/CNA/Internal/Input/SdlInputBridgeFuzzTests.cpp	graphics-input
tests/CNA/Internal/Input/SdlInputBridgeGoldenTests.cpp	modules/input/tests/CNA/Internal/Input/SdlInputBridgeGoldenTests.cpp	graphics-input
tests/CNA/Internal/Input/SdlInputBridgeKeyboardTests.cpp	modules/input/tests/CNA/Internal/Input/SdlInputBridgeKeyboardTests.cpp	graphics-input
tests/CNA/Internal/Input/SdlInputBridgeMouseTests.cpp	modules/input/tests/CNA/Internal/Input/SdlInputBridgeMouseTests.cpp	graphics-input
tests/CNA/Internal/Input/SdlInputBridgeTextInputTests.cpp	modules/input/tests/CNA/Internal/Input/SdlInputBridgeTextInputTests.cpp	graphics-input
tests/CNA/Internal/Input/SdlInputBridgeTouchGestureTests.cpp	modules/input/tests/CNA/Internal/Input/SdlInputBridgeTouchGestureTests.cpp	graphics-input
tests/CNA/Internal/Input/SdlJoystickBackendTests.cpp	modules/input/tests/CNA/Internal/Input/SdlJoystickBackendTests.cpp	graphics-input
tests/CNA/Internal/Input/TouchEdgeCaseTests.cpp	modules/input/tests/CNA/Internal/Input/TouchEdgeCaseTests.cpp	graphics-input
tests/CNA/Internal/JsonTests.cpp	modules/content/tests/CNA/Internal/JsonTests.cpp	content-storage
tests/CNA/Internal/Media/AudioTagParserTests.cpp	modules/media/tests/CNA/Internal/Media/AudioTagParserTests.cpp	audio-media
tests/CNA/Internal/Media/MediaCollectionBaseTests.cpp	modules/media/tests/CNA/Internal/Media/MediaCollectionBaseTests.cpp	audio-media
tests/CNA/Internal/Media/MediaLibraryIndexTests.cpp	modules/media/tests/CNA/Internal/Media/MediaLibraryIndexTests.cpp	audio-media
tests/CNA/Internal/Media/MediaLibraryPathsTests.cpp	modules/media/tests/CNA/Internal/Media/MediaLibraryPathsTests.cpp	audio-media
tests/CNA/Internal/Media/PictureLibraryIndexTests.cpp	modules/media/tests/CNA/Internal/Media/PictureLibraryIndexTests.cpp	audio-media
tests/CNA/Internal/Media/PlaylistParserTests.cpp	modules/media/tests/CNA/Internal/Media/PlaylistParserTests.cpp	audio-media
tests/CNA/Internal/Media/SavedPictureStoreTests.cpp	modules/media/tests/CNA/Internal/Media/SavedPictureStoreTests.cpp	audio-media
tests/CNA/Internal/Media/ThumbnailGeneratorTests.cpp	modules/media/tests/CNA/Internal/Media/ThumbnailGeneratorTests.cpp	audio-media
tests/CNA/Internal/Media/VideoDecoderTests.cpp	modules/media/tests/CNA/Internal/Media/VideoDecoderTests.cpp	audio-media
tests/CNA/Internal/Media/VisualizationTests.cpp	modules/media/tests/CNA/Internal/Media/VisualizationTests.cpp	audio-media
tests/CNA/Internal/Net/ENetBackendTests.cpp	modules/net/tests/CNA/Internal/Net/ENetBackendTests.cpp	net-gamerservices
tests/CNA/Internal/Net/ENetDiscoveryServiceTests.cpp	modules/net/tests/CNA/Internal/Net/ENetDiscoveryServiceTests.cpp	net-gamerservices
tests/CNA/Internal/Net/ENetHostHandleTests.cpp	modules/net/tests/CNA/Internal/Net/ENetHostHandleTests.cpp	net-gamerservices
tests/CNA/Internal/Net/ENetLibraryTests.cpp	modules/net/tests/CNA/Internal/Net/ENetLibraryTests.cpp	net-gamerservices
tests/CNA/Internal/Net/GamerServicesDispatcherHangRegressionTest.cpp	modules/net/tests/CNA/Internal/Net/GamerServicesDispatcherHangRegressionTest.cpp	net-gamerservices
tests/CNA/Internal/Net/NetDiscoveryProtocolTests.cpp	modules/net/tests/CNA/Internal/Net/NetDiscoveryProtocolTests.cpp	net-gamerservices
tests/CNA/Internal/Net/NetPacketCodecTests.cpp	modules/net/tests/CNA/Internal/Net/NetPacketCodecTests.cpp	net-gamerservices
tests/CNA/Internal/Net/NetworkSessionTypePolicyTests.cpp	modules/net/tests/CNA/Internal/Net/NetworkSessionTypePolicyTests.cpp	net-gamerservices
tests/CNA/Internal/Net/TwoProcessLoopbackTest.cpp	modules/net/tests/CNA/Internal/Net/TwoProcessLoopbackTest.cpp	net-gamerservices
tests/CNA/Internal/PathContainmentTests.cpp	modules/core/tests/CNA/Internal/PathContainmentTests.cpp	core-math-runtime
tests/CNA/Internal/Xnb/CollectionContentTypeReaderTests.cpp	modules/content/tests/CNA/Internal/Xnb/CollectionContentTypeReaderTests.cpp	content-storage
tests/CNA/Internal/Xnb/CurveContentTypeReaderTests.cpp	modules/content/tests/CNA/Internal/Xnb/CurveContentTypeReaderTests.cpp	content-storage
tests/CNA/Internal/Xnb/DecimalDateTimeContentTypeReaderTests.cpp	modules/content/tests/CNA/Internal/Xnb/DecimalDateTimeContentTypeReaderTests.cpp	content-storage
tests/CNA/Internal/Xnb/LzxDecoderDifferentialTests.cpp	modules/content/tests/CNA/Internal/Xnb/LzxDecoderDifferentialTests.cpp	content-storage
tests/CNA/Internal/Xnb/LzxDecoderFuzzTests.cpp	modules/content/tests/CNA/Internal/Xnb/LzxDecoderFuzzTests.cpp	content-storage
tests/CNA/Internal/Xnb/LzxDecoderTests.cpp	modules/content/tests/CNA/Internal/Xnb/LzxDecoderTests.cpp	content-storage
tests/CNA/Internal/Xnb/ModelContentTypeReaderTests.cpp	modules/content/tests/CNA/Internal/Xnb/ModelContentTypeReaderTests.cpp	content-storage
tests/CNA/Internal/Xnb/PrimitiveAndMathContentTypeReaderTests.cpp	modules/content/tests/CNA/Internal/Xnb/PrimitiveAndMathContentTypeReaderTests.cpp	content-storage
tests/CNA/Internal/Xnb/SongContentTypeReaderTests.cpp	modules/content/tests/CNA/Internal/Xnb/SongContentTypeReaderTests.cpp	content-storage
tests/CNA/Internal/Xnb/SoundEffectContentTypeReaderPropertyTests.cpp	modules/content/tests/CNA/Internal/Xnb/SoundEffectContentTypeReaderPropertyTests.cpp	content-storage
tests/CNA/Internal/Xnb/SoundEffectContentTypeReaderTests.cpp	modules/content/tests/CNA/Internal/Xnb/SoundEffectContentTypeReaderTests.cpp	content-storage
tests/CNA/Internal/Xnb/SpriteFontContentTypeReaderTests.cpp	modules/content/tests/CNA/Internal/Xnb/SpriteFontContentTypeReaderTests.cpp	content-storage
tests/CNA/Internal/Xnb/StockEffectContentTypeReaderTests.cpp	modules/content/tests/CNA/Internal/Xnb/StockEffectContentTypeReaderTests.cpp	content-storage
tests/CNA/Internal/Xnb/Texture2DContentTypeReaderTests.cpp	modules/content/tests/CNA/Internal/Xnb/Texture2DContentTypeReaderTests.cpp	content-storage
tests/CNA/Internal/Xnb/Texture3DTextureCubeContentTypeReaderTests.cpp	modules/content/tests/CNA/Internal/Xnb/Texture3DTextureCubeContentTypeReaderTests.cpp	content-storage
tests/CNA/Internal/Xnb/VideoContentTypeReaderTests.cpp	modules/content/tests/CNA/Internal/Xnb/VideoContentTypeReaderTests.cpp	content-storage
tests/CNA/Internal/Xnb/XnbArithmeticTests.cpp	modules/content/tests/CNA/Internal/Xnb/XnbArithmeticTests.cpp	content-storage
tests/CNA/Internal/Xnb/XnbBuiltInReaderRegistrationTests.cpp	modules/content/tests/CNA/Internal/Xnb/XnbBuiltInReaderRegistrationTests.cpp	content-storage
tests/CNA/Internal/Xnb/XnbContainerFuzzTests.cpp	modules/content/tests/CNA/Internal/Xnb/XnbContainerFuzzTests.cpp	content-storage
tests/CNA/Internal/Xnb/XnbHeaderTests.cpp	modules/content/tests/CNA/Internal/Xnb/XnbHeaderTests.cpp	content-storage
tests/CNA/Internal/Xnb/XnbTypeNameTests.cpp	modules/content/tests/CNA/Internal/Xnb/XnbTypeNameTests.cpp	content-storage
tests/CNA/Internal/Xnb/XnbTypeReaderTableTests.cpp	modules/content/tests/CNA/Internal/Xnb/XnbTypeReaderTableTests.cpp	content-storage
tests/CNA/LoggerTests.cpp	modules/core/tests/CNA/LoggerTests.cpp	core-math-runtime
tests/Microsoft/Devices/Detail/DevicesShutdownCoordinatorTests.cpp	modules/devices/tests/Microsoft/Devices/Detail/DevicesShutdownCoordinatorTests.cpp	devices-ext-split
tests/Microsoft/Devices/Detail/DevicesShutdownOrderingTests.cpp	modules/devices/tests/Microsoft/Devices/Detail/DevicesShutdownOrderingTests.cpp	devices-ext-split
tests/Microsoft/Devices/Detail/ProcSelfResourceCounters.hpp	modules/devices/tests/Microsoft/Devices/Detail/ProcSelfResourceCounters.hpp	devices-ext-split
tests/Microsoft/Devices/Sensors/AccelerometerFailedExceptionTests.cpp	modules/devices/tests/Microsoft/Devices/Sensors/AccelerometerFailedExceptionTests.cpp	devices-ext-split
tests/Microsoft/Devices/Sensors/AccelerometerReadingEventArgsTests.cpp	modules/devices/tests/Microsoft/Devices/Sensors/AccelerometerReadingEventArgsTests.cpp	devices-ext-split
tests/Microsoft/Devices/Sensors/AccelerometerReadingTests.cpp	modules/devices/tests/Microsoft/Devices/Sensors/AccelerometerReadingTests.cpp	devices-ext-split
tests/Microsoft/Devices/Sensors/AccelerometerTests.cpp	modules/devices/tests/Microsoft/Devices/Sensors/AccelerometerTests.cpp	devices-ext-split
tests/Microsoft/Devices/Sensors/AndroidSensorOrientationTests.cpp	modules/devices/tests/Microsoft/Devices/Sensors/AndroidSensorOrientationTests.cpp	devices-ext-split
tests/Microsoft/Devices/Sensors/AttitudeReadingTests.cpp	modules/devices/tests/Microsoft/Devices/Sensors/AttitudeReadingTests.cpp	devices-ext-split
tests/Microsoft/Devices/Sensors/CalibrationEventArgsTests.cpp	modules/devices/tests/Microsoft/Devices/Sensors/CalibrationEventArgsTests.cpp	devices-ext-split
tests/Microsoft/Devices/Sensors/CompassReadingTests.cpp	modules/devices/tests/Microsoft/Devices/Sensors/CompassReadingTests.cpp	devices-ext-split
tests/Microsoft/Devices/Sensors/CompassTests.cpp	modules/devices/tests/Microsoft/Devices/Sensors/CompassTests.cpp	devices-ext-split
tests/Microsoft/Devices/Sensors/Detail/AndroidCompassMathTests.cpp	modules/devices/tests/Microsoft/Devices/Sensors/Detail/AndroidCompassMathTests.cpp	devices-ext-split
tests/Microsoft/Devices/Sensors/Detail/AndroidMotionMathTests.cpp	modules/devices/tests/Microsoft/Devices/Sensors/Detail/AndroidMotionMathTests.cpp	devices-ext-split
tests/Microsoft/Devices/Sensors/Detail/AndroidSensorBridgeTests.cpp	modules/devices/tests/Microsoft/Devices/Sensors/Detail/AndroidSensorBridgeTests.cpp	devices-ext-split
tests/Microsoft/Devices/Sensors/Detail/NativeDiagnosticTests.cpp	modules/devices/tests/Microsoft/Devices/Sensors/Detail/NativeDiagnosticTests.cpp	devices-ext-split
tests/Microsoft/Devices/Sensors/GyroscopeReadingTests.cpp	modules/devices/tests/Microsoft/Devices/Sensors/GyroscopeReadingTests.cpp	devices-ext-split
tests/Microsoft/Devices/Sensors/GyroscopeTests.cpp	modules/devices/tests/Microsoft/Devices/Sensors/GyroscopeTests.cpp	devices-ext-split
tests/Microsoft/Devices/Sensors/MotionReadingTests.cpp	modules/devices/tests/Microsoft/Devices/Sensors/MotionReadingTests.cpp	devices-ext-split
tests/Microsoft/Devices/Sensors/MotionTests.cpp	modules/devices/tests/Microsoft/Devices/Sensors/MotionTests.cpp	devices-ext-split
tests/Microsoft/Devices/Sensors/ScopeExitTests.cpp	modules/devices/tests/Microsoft/Devices/Sensors/ScopeExitTests.cpp	devices-ext-split
tests/Microsoft/Devices/Sensors/SensorBaseTests.cpp	modules/devices/tests/Microsoft/Devices/Sensors/SensorBaseTests.cpp	devices-ext-split
tests/Microsoft/Devices/Sensors/SensorFailedExceptionTests.cpp	modules/devices/tests/Microsoft/Devices/Sensors/SensorFailedExceptionTests.cpp	devices-ext-split
tests/Microsoft/Devices/Sensors/SensorSubsystemOwnershipTests.cpp	modules/devices/tests/Microsoft/Devices/Sensors/SensorSubsystemOwnershipTests.cpp	devices-ext-split
tests/Microsoft/Devices/VibrateControllerTests.cpp	modules/devices/tests/Microsoft/Devices/VibrateControllerTests.cpp	devices-ext-split
tests/Microsoft/Xna/Framework/Audio/AudioCategoryTests.cpp	modules/audio/tests/Microsoft/Xna/Framework/Audio/AudioCategoryTests.cpp	audio-media
tests/Microsoft/Xna/Framework/Audio/AudioChannelsTests.cpp	modules/audio/tests/Microsoft/Xna/Framework/Audio/AudioChannelsTests.cpp	audio-media
tests/Microsoft/Xna/Framework/Audio/AudioEmitterTests.cpp	modules/audio/tests/Microsoft/Xna/Framework/Audio/AudioEmitterTests.cpp	audio-media
tests/Microsoft/Xna/Framework/Audio/AudioEngineTestAccess.hpp	modules/audio/tests/Microsoft/Xna/Framework/Audio/AudioEngineTestAccess.hpp	audio-media
tests/Microsoft/Xna/Framework/Audio/AudioEngineTests.cpp	modules/audio/tests/Microsoft/Xna/Framework/Audio/AudioEngineTests.cpp	audio-media
tests/Microsoft/Xna/Framework/Audio/AudioExceptionsTests.cpp	modules/audio/tests/Microsoft/Xna/Framework/Audio/AudioExceptionsTests.cpp	audio-media
tests/Microsoft/Xna/Framework/Audio/AudioListenerTests.cpp	modules/audio/tests/Microsoft/Xna/Framework/Audio/AudioListenerTests.cpp	audio-media
tests/Microsoft/Xna/Framework/Audio/AudioStopOptionsTests.cpp	modules/audio/tests/Microsoft/Xna/Framework/Audio/AudioStopOptionsTests.cpp	audio-media
tests/Microsoft/Xna/Framework/Audio/CueTestAccess.hpp	modules/audio/tests/Microsoft/Xna/Framework/Audio/CueTestAccess.hpp	audio-media
tests/Microsoft/Xna/Framework/Audio/CueTests.cpp	modules/audio/tests/Microsoft/Xna/Framework/Audio/CueTests.cpp	audio-media
tests/Microsoft/Xna/Framework/Audio/DynamicSoundEffectInstanceTests.cpp	modules/audio/tests/Microsoft/Xna/Framework/Audio/DynamicSoundEffectInstanceTests.cpp	audio-media
tests/Microsoft/Xna/Framework/Audio/MicrophoneStateTests.cpp	modules/audio/tests/Microsoft/Xna/Framework/Audio/MicrophoneStateTests.cpp	audio-media
tests/Microsoft/Xna/Framework/Audio/MicrophoneTests.cpp	modules/audio/tests/Microsoft/Xna/Framework/Audio/MicrophoneTests.cpp	audio-media
tests/Microsoft/Xna/Framework/Audio/OfflineAudioRenderer.hpp	modules/audio/tests/Microsoft/Xna/Framework/Audio/OfflineAudioRenderer.hpp	audio-media
tests/Microsoft/Xna/Framework/Audio/OfflineAudioRendererTests.cpp	modules/audio/tests/Microsoft/Xna/Framework/Audio/OfflineAudioRendererTests.cpp	audio-media
tests/Microsoft/Xna/Framework/Audio/RendererDetailTests.cpp	modules/audio/tests/Microsoft/Xna/Framework/Audio/RendererDetailTests.cpp	audio-media
tests/Microsoft/Xna/Framework/Audio/SoundBankTestAccess.hpp	modules/audio/tests/Microsoft/Xna/Framework/Audio/SoundBankTestAccess.hpp	audio-media
tests/Microsoft/Xna/Framework/Audio/SoundBankTests.cpp	modules/audio/tests/Microsoft/Xna/Framework/Audio/SoundBankTests.cpp	audio-media
tests/Microsoft/Xna/Framework/Audio/SoundEffectInstanceTestAccess.hpp	modules/audio/tests/Microsoft/Xna/Framework/Audio/SoundEffectInstanceTestAccess.hpp	audio-media
tests/Microsoft/Xna/Framework/Audio/SoundEffectInstanceTests.cpp	modules/audio/tests/Microsoft/Xna/Framework/Audio/SoundEffectInstanceTests.cpp	audio-media
tests/Microsoft/Xna/Framework/Audio/SoundEffectTestAccess.hpp	modules/audio/tests/Microsoft/Xna/Framework/Audio/SoundEffectTestAccess.hpp	audio-media
tests/Microsoft/Xna/Framework/Audio/SoundEffectTests.cpp	modules/audio/tests/Microsoft/Xna/Framework/Audio/SoundEffectTests.cpp	audio-media
tests/Microsoft/Xna/Framework/Audio/SoundStateTests.cpp	modules/audio/tests/Microsoft/Xna/Framework/Audio/SoundStateTests.cpp	audio-media
tests/Microsoft/Xna/Framework/Audio/WaveBankTests.cpp	modules/audio/tests/Microsoft/Xna/Framework/Audio/WaveBankTests.cpp	audio-media
tests/Microsoft/Xna/Framework/BoundingBoxTests.cpp	modules/math/tests/Microsoft/Xna/Framework/BoundingBoxTests.cpp	core-math-runtime
tests/Microsoft/Xna/Framework/BoundingFrustumTests.cpp	modules/math/tests/Microsoft/Xna/Framework/BoundingFrustumTests.cpp	core-math-runtime
tests/Microsoft/Xna/Framework/BoundingSphereTests.cpp	modules/math/tests/Microsoft/Xna/Framework/BoundingSphereTests.cpp	core-math-runtime
tests/Microsoft/Xna/Framework/ColorTests.cpp	modules/math/tests/Microsoft/Xna/Framework/ColorTests.cpp	core-math-runtime
tests/Microsoft/Xna/Framework/ContainmentTypeTests.cpp	modules/math/tests/Microsoft/Xna/Framework/ContainmentTypeTests.cpp	core-math-runtime
tests/Microsoft/Xna/Framework/Content/CnjAnimationClipTests.cpp	modules/content/tests/Microsoft/Xna/Framework/Content/CnjAnimationClipTests.cpp	content-storage
tests/Microsoft/Xna/Framework/Content/CnjAssetCacheTypeSafetyTests.cpp	modules/content/tests/Microsoft/Xna/Framework/Content/CnjAssetCacheTypeSafetyTests.cpp	content-storage
tests/Microsoft/Xna/Framework/Content/CnjCacheIsolationTests.cpp	modules/content/tests/Microsoft/Xna/Framework/Content/CnjCacheIsolationTests.cpp	content-storage
tests/Microsoft/Xna/Framework/Content/CnjCapabilityMatrixTests.cpp	modules/content/tests/Microsoft/Xna/Framework/Content/CnjCapabilityMatrixTests.cpp	content-storage
tests/Microsoft/Xna/Framework/Content/CnjCurveTests.cpp	modules/content/tests/Microsoft/Xna/Framework/Content/CnjCurveTests.cpp	content-storage
tests/Microsoft/Xna/Framework/Content/CnjCustomLoaderTests.cpp	modules/content/tests/Microsoft/Xna/Framework/Content/CnjCustomLoaderTests.cpp	content-storage
tests/Microsoft/Xna/Framework/Content/CnjEffectTests.cpp	modules/content/tests/Microsoft/Xna/Framework/Content/CnjEffectTests.cpp	content-storage
tests/Microsoft/Xna/Framework/Content/CnjModelSharedAnimationClipTests.cpp	modules/content/tests/Microsoft/Xna/Framework/Content/CnjModelSharedAnimationClipTests.cpp	content-storage
tests/Microsoft/Xna/Framework/Content/CnjModelTests.cpp	modules/content/tests/Microsoft/Xna/Framework/Content/CnjModelTests.cpp	content-storage
tests/Microsoft/Xna/Framework/Content/CnjResolverOrderTests.cpp	modules/content/tests/Microsoft/Xna/Framework/Content/CnjResolverOrderTests.cpp	content-storage
tests/Microsoft/Xna/Framework/Content/CnjSourceFileSafetyTests.cpp	modules/content/tests/Microsoft/Xna/Framework/Content/CnjSourceFileSafetyTests.cpp	content-storage
tests/Microsoft/Xna/Framework/Content/CnjSourceFileTests.cpp	modules/content/tests/Microsoft/Xna/Framework/Content/CnjSourceFileTests.cpp	content-storage
tests/Microsoft/Xna/Framework/Content/CnjSpriteFontTests.cpp	modules/content/tests/Microsoft/Xna/Framework/Content/CnjSpriteFontTests.cpp	content-storage
tests/Microsoft/Xna/Framework/Content/CnjStockEffectTests.cpp	modules/content/tests/Microsoft/Xna/Framework/Content/CnjStockEffectTests.cpp	content-storage
tests/Microsoft/Xna/Framework/Content/CnjTexture3DTests.cpp	modules/content/tests/Microsoft/Xna/Framework/Content/CnjTexture3DTests.cpp	content-storage
tests/Microsoft/Xna/Framework/Content/ContentManagerManifestTests.cpp	modules/content/tests/Microsoft/Xna/Framework/Content/ContentManagerManifestTests.cpp	content-storage
tests/Microsoft/Xna/Framework/Content/ContentManagerSkinnedModelTests.cpp	modules/content/tests/Microsoft/Xna/Framework/Content/ContentManagerSkinnedModelTests.cpp	content-storage
tests/Microsoft/Xna/Framework/Content/ContentManagerSongXnbTests.cpp	modules/content/tests/Microsoft/Xna/Framework/Content/ContentManagerSongXnbTests.cpp	content-storage
tests/Microsoft/Xna/Framework/Content/ContentManagerSoundEffectXnbTests.cpp	modules/content/tests/Microsoft/Xna/Framework/Content/ContentManagerSoundEffectXnbTests.cpp	content-storage
tests/Microsoft/Xna/Framework/Content/ContentManagerSpriteFontXnbTests.cpp	modules/content/tests/Microsoft/Xna/Framework/Content/ContentManagerSpriteFontXnbTests.cpp	content-storage
tests/Microsoft/Xna/Framework/Content/ContentManagerTexture2DXnbTests.cpp	modules/content/tests/Microsoft/Xna/Framework/Content/ContentManagerTexture2DXnbTests.cpp	content-storage
tests/Microsoft/Xna/Framework/Content/ContentManagerTextureCacheCycleTests.cpp	modules/content/tests/Microsoft/Xna/Framework/Content/ContentManagerTextureCacheCycleTests.cpp	content-storage
tests/Microsoft/Xna/Framework/Content/ContentManagerVideoXnbTests.cpp	modules/content/tests/Microsoft/Xna/Framework/Content/ContentManagerVideoXnbTests.cpp	content-storage
tests/Microsoft/Xna/Framework/Content/ContentManagerXnbTests.cpp	modules/content/tests/Microsoft/Xna/Framework/Content/ContentManagerXnbTests.cpp	content-storage
tests/Microsoft/Xna/Framework/Content/ContentPathContainmentTests.cpp	modules/content/tests/Microsoft/Xna/Framework/Content/ContentPathContainmentTests.cpp	content-storage
tests/Microsoft/Xna/Framework/Content/ContentReaderExternalReferenceTests.cpp	modules/content/tests/Microsoft/Xna/Framework/Content/ContentReaderExternalReferenceTests.cpp	content-storage
tests/Microsoft/Xna/Framework/Content/ContentReaderTests.cpp	modules/content/tests/Microsoft/Xna/Framework/Content/ContentReaderTests.cpp	content-storage
tests/Microsoft/Xna/Framework/Content/ContentTypeReaderManagerTests.cpp	modules/content/tests/Microsoft/Xna/Framework/Content/ContentTypeReaderManagerTests.cpp	content-storage
tests/Microsoft/Xna/Framework/Content/CustomContentTypeReaderTests.cpp	modules/content/tests/Microsoft/Xna/Framework/Content/CustomContentTypeReaderTests.cpp	content-storage
tests/Microsoft/Xna/Framework/Content/GltfToCnjToolTests.cpp	modules/content/tests/Microsoft/Xna/Framework/Content/GltfToCnjToolTests.cpp	content-storage
tests/Microsoft/Xna/Framework/Content/KnownUnsupportedContentTypeReaderTests.cpp	modules/content/tests/Microsoft/Xna/Framework/Content/KnownUnsupportedContentTypeReaderTests.cpp	content-storage
tests/Microsoft/Xna/Framework/Content/RuntimeGltfModelTests.cpp	modules/content/tests/Microsoft/Xna/Framework/Content/RuntimeGltfModelTests.cpp	content-storage
tests/Microsoft/Xna/Framework/CurveContinuityTests.cpp	modules/math/tests/Microsoft/Xna/Framework/CurveContinuityTests.cpp	core-math-runtime
tests/Microsoft/Xna/Framework/CurveKeyCollectionTests.cpp	modules/math/tests/Microsoft/Xna/Framework/CurveKeyCollectionTests.cpp	core-math-runtime
tests/Microsoft/Xna/Framework/CurveKeyTests.cpp	modules/math/tests/Microsoft/Xna/Framework/CurveKeyTests.cpp	core-math-runtime
tests/Microsoft/Xna/Framework/CurveLoopTypeTests.cpp	modules/math/tests/Microsoft/Xna/Framework/CurveLoopTypeTests.cpp	core-math-runtime
tests/Microsoft/Xna/Framework/CurveTangentTests.cpp	modules/math/tests/Microsoft/Xna/Framework/CurveTangentTests.cpp	core-math-runtime
tests/Microsoft/Xna/Framework/CurveTests.cpp	modules/math/tests/Microsoft/Xna/Framework/CurveTests.cpp	core-math-runtime
tests/Microsoft/Xna/Framework/DisplayOrientationTests.cpp	modules/graphics/tests/Microsoft/Xna/Framework/DisplayOrientationTests.cpp	graphics-input
tests/Microsoft/Xna/Framework/DrawableGameComponentTests.cpp	modules/runtime/tests/Microsoft/Xna/Framework/DrawableGameComponentTests.cpp	core-math-runtime
tests/Microsoft/Xna/Framework/ExitingEventArgsTests.cpp	modules/runtime/tests/Microsoft/Xna/Framework/ExitingEventArgsTests.cpp	core-math-runtime
tests/Microsoft/Xna/Framework/FrameworkDispatcherTests.cpp	modules/audio/tests/Microsoft/Xna/Framework/FrameworkDispatcherTests.cpp	audio-media
tests/Microsoft/Xna/Framework/GameComponentCollectionEventArgsTests.cpp	modules/runtime/tests/Microsoft/Xna/Framework/GameComponentCollectionEventArgsTests.cpp	core-math-runtime
tests/Microsoft/Xna/Framework/GameComponentCollectionTests.cpp	modules/runtime/tests/Microsoft/Xna/Framework/GameComponentCollectionTests.cpp	core-math-runtime
tests/Microsoft/Xna/Framework/GameComponentTests.cpp	modules/runtime/tests/Microsoft/Xna/Framework/GameComponentTests.cpp	core-math-runtime
tests/Microsoft/Xna/Framework/GameServiceContainerTests.cpp	modules/runtime/tests/Microsoft/Xna/Framework/GameServiceContainerTests.cpp	core-math-runtime
tests/Microsoft/Xna/Framework/GameTests.cpp	modules/runtime/tests/Microsoft/Xna/Framework/GameTests.cpp	core-math-runtime
tests/Microsoft/Xna/Framework/GameTimeTests.cpp	modules/runtime/tests/Microsoft/Xna/Framework/GameTimeTests.cpp	core-math-runtime
tests/Microsoft/Xna/Framework/GameWindowTests.cpp	modules/runtime/tests/Microsoft/Xna/Framework/GameWindowTests.cpp	core-math-runtime
tests/Microsoft/Xna/Framework/GamerServices/AvatarAnimationPresetNamesEXTTests.cpp	modules/gamer-services/tests/Microsoft/Xna/Framework/GamerServices/AvatarAnimationPresetNamesEXTTests.cpp	net-gamerservices
tests/Microsoft/Xna/Framework/GamerServices/AvatarAnimationTests.cpp	modules/gamer-services/tests/Microsoft/Xna/Framework/GamerServices/AvatarAnimationTests.cpp	net-gamerservices
tests/Microsoft/Xna/Framework/GamerServices/AvatarAppearanceEXTTests.cpp	modules/gamer-services/tests/Microsoft/Xna/Framework/GamerServices/AvatarAppearanceEXTTests.cpp	net-gamerservices
tests/Microsoft/Xna/Framework/GamerServices/AvatarBodyTypeNamesEXTTests.cpp	modules/gamer-services/tests/Microsoft/Xna/Framework/GamerServices/AvatarBodyTypeNamesEXTTests.cpp	net-gamerservices
tests/Microsoft/Xna/Framework/GamerServices/AvatarDescriptionTests.cpp	modules/gamer-services/tests/Microsoft/Xna/Framework/GamerServices/AvatarDescriptionTests.cpp	net-gamerservices
tests/Microsoft/Xna/Framework/GamerServices/AvatarExpressionTests.cpp	modules/gamer-services/tests/Microsoft/Xna/Framework/GamerServices/AvatarExpressionTests.cpp	net-gamerservices
tests/Microsoft/Xna/Framework/GamerServices/AvatarRendererTestAccess.hpp	modules/gamer-services/tests/Microsoft/Xna/Framework/GamerServices/AvatarRendererTestAccess.hpp	net-gamerservices
tests/Microsoft/Xna/Framework/GamerServices/AvatarRendererTests.cpp	modules/gamer-services/tests/Microsoft/Xna/Framework/GamerServices/AvatarRendererTests.cpp	net-gamerservices
tests/Microsoft/Xna/Framework/GamerServices/GamerServicesCollectionsTests.cpp	modules/gamer-services/tests/Microsoft/Xna/Framework/GamerServices/GamerServicesCollectionsTests.cpp	net-gamerservices
tests/Microsoft/Xna/Framework/GamerServices/GamerServicesDataTests.cpp	modules/gamer-services/tests/Microsoft/Xna/Framework/GamerServices/GamerServicesDataTests.cpp	net-gamerservices
tests/Microsoft/Xna/Framework/GamerServices/GamerServicesEnumsTests.cpp	modules/gamer-services/tests/Microsoft/Xna/Framework/GamerServices/GamerServicesEnumsTests.cpp	net-gamerservices
tests/Microsoft/Xna/Framework/GamerServices/GamerServicesEventArgsTests.cpp	modules/gamer-services/tests/Microsoft/Xna/Framework/GamerServices/GamerServicesEventArgsTests.cpp	net-gamerservices
tests/Microsoft/Xna/Framework/GamerServices/GamerServicesExceptionsTests.cpp	modules/gamer-services/tests/Microsoft/Xna/Framework/GamerServices/GamerServicesExceptionsTests.cpp	net-gamerservices
tests/Microsoft/Xna/Framework/GamerServices/GamerServicesGamerTests.cpp	modules/gamer-services/tests/Microsoft/Xna/Framework/GamerServices/GamerServicesGamerTests.cpp	net-gamerservices
tests/Microsoft/Xna/Framework/GamerServices/GamerServicesServiceTests.cpp	modules/gamer-services/tests/Microsoft/Xna/Framework/GamerServices/GamerServicesServiceTests.cpp	net-gamerservices
tests/Microsoft/Xna/Framework/GamerServices/SignedInGamerTestAccess.hpp	modules/gamer-services/tests/Microsoft/Xna/Framework/GamerServices/SignedInGamerTestAccess.hpp	net-gamerservices
tests/Microsoft/Xna/Framework/Graphics/AlphaTestEffectTests.cpp	modules/graphics/tests/Microsoft/Xna/Framework/Graphics/AlphaTestEffectTests.cpp	graphics-input
tests/Microsoft/Xna/Framework/Graphics/AnimationPlayerTests.cpp	modules/graphics/tests/Microsoft/Xna/Framework/Graphics/AnimationPlayerTests.cpp	graphics-input
tests/Microsoft/Xna/Framework/Graphics/BasicEffectTests.cpp	modules/graphics/tests/Microsoft/Xna/Framework/Graphics/BasicEffectTests.cpp	graphics-input
tests/Microsoft/Xna/Framework/Graphics/BlendStateTests.cpp	modules/graphics/tests/Microsoft/Xna/Framework/Graphics/BlendStateTests.cpp	graphics-input
tests/Microsoft/Xna/Framework/Graphics/BuiltInVertexLayoutTests.cpp	modules/graphics/tests/Microsoft/Xna/Framework/Graphics/BuiltInVertexLayoutTests.cpp	graphics-input
tests/Microsoft/Xna/Framework/Graphics/ClearOptionsTests.cpp	modules/graphics/tests/Microsoft/Xna/Framework/Graphics/ClearOptionsTests.cpp	graphics-input
tests/Microsoft/Xna/Framework/Graphics/DepthStencilStateTests.cpp	modules/graphics/tests/Microsoft/Xna/Framework/Graphics/DepthStencilStateTests.cpp	graphics-input
tests/Microsoft/Xna/Framework/Graphics/DisplayModeTests.cpp	modules/graphics/tests/Microsoft/Xna/Framework/Graphics/DisplayModeTests.cpp	graphics-input
tests/Microsoft/Xna/Framework/Graphics/DrawUserIndexedPrimitivesTests.cpp	modules/graphics/tests/Microsoft/Xna/Framework/Graphics/DrawUserIndexedPrimitivesTests.cpp	graphics-input
tests/Microsoft/Xna/Framework/Graphics/DrawUserPrimitivesTests.cpp	modules/graphics/tests/Microsoft/Xna/Framework/Graphics/DrawUserPrimitivesTests.cpp	graphics-input
tests/Microsoft/Xna/Framework/Graphics/DualTextureEffectTests.cpp	modules/graphics/tests/Microsoft/Xna/Framework/Graphics/DualTextureEffectTests.cpp	graphics-input
tests/Microsoft/Xna/Framework/Graphics/EffectAnnotationTests.cpp	modules/graphics/tests/Microsoft/Xna/Framework/Graphics/EffectAnnotationTests.cpp	graphics-input
tests/Microsoft/Xna/Framework/Graphics/EffectCollectionTests.cpp	modules/graphics/tests/Microsoft/Xna/Framework/Graphics/EffectCollectionTests.cpp	graphics-input
tests/Microsoft/Xna/Framework/Graphics/EffectMaterialTests.cpp	modules/graphics/tests/Microsoft/Xna/Framework/Graphics/EffectMaterialTests.cpp	graphics-input
tests/Microsoft/Xna/Framework/Graphics/EffectParameterTests.cpp	modules/graphics/tests/Microsoft/Xna/Framework/Graphics/EffectParameterTests.cpp	graphics-input
tests/Microsoft/Xna/Framework/Graphics/EffectTechniqueTests.cpp	modules/graphics/tests/Microsoft/Xna/Framework/Graphics/EffectTechniqueTests.cpp	graphics-input
tests/Microsoft/Xna/Framework/Graphics/EffectTests.cpp	modules/graphics/tests/Microsoft/Xna/Framework/Graphics/EffectTests.cpp	graphics-input
tests/Microsoft/Xna/Framework/Graphics/EnvironmentMapEffectTests.cpp	modules/graphics/tests/Microsoft/Xna/Framework/Graphics/EnvironmentMapEffectTests.cpp	graphics-input
tests/Microsoft/Xna/Framework/Graphics/GraphicsAdapterTests.cpp	modules/graphics/tests/Microsoft/Xna/Framework/Graphics/GraphicsAdapterTests.cpp	graphics-input
tests/Microsoft/Xna/Framework/Graphics/GraphicsDeviceBackendTests.cpp	modules/graphics/tests/Microsoft/Xna/Framework/Graphics/GraphicsDeviceBackendTests.cpp	graphics-input
tests/Microsoft/Xna/Framework/Graphics/GraphicsDeviceCapabilityTests.cpp	modules/graphics/tests/Microsoft/Xna/Framework/Graphics/GraphicsDeviceCapabilityTests.cpp	graphics-input
tests/Microsoft/Xna/Framework/Graphics/GraphicsDeviceDefaultStateTests.cpp	modules/graphics/tests/Microsoft/Xna/Framework/Graphics/GraphicsDeviceDefaultStateTests.cpp	graphics-input
tests/Microsoft/Xna/Framework/Graphics/GraphicsDeviceStatusTests.cpp	modules/graphics/tests/Microsoft/Xna/Framework/Graphics/GraphicsDeviceStatusTests.cpp	graphics-input
tests/Microsoft/Xna/Framework/Graphics/GraphicsDeviceValidationTests.cpp	modules/graphics/tests/Microsoft/Xna/Framework/Graphics/GraphicsDeviceValidationTests.cpp	graphics-input
tests/Microsoft/Xna/Framework/Graphics/GraphicsExceptionTests.cpp	modules/graphics/tests/Microsoft/Xna/Framework/Graphics/GraphicsExceptionTests.cpp	graphics-input
tests/Microsoft/Xna/Framework/Graphics/GraphicsResourceDisplayModeCollectionTests.cpp	modules/graphics/tests/Microsoft/Xna/Framework/Graphics/GraphicsResourceDisplayModeCollectionTests.cpp	graphics-input
tests/Microsoft/Xna/Framework/Graphics/IndexBufferEmptyDataTests.cpp	modules/graphics/tests/Microsoft/Xna/Framework/Graphics/IndexBufferEmptyDataTests.cpp	graphics-input
tests/Microsoft/Xna/Framework/Graphics/IndexedDrawDeferredTests.cpp	modules/graphics/tests/Microsoft/Xna/Framework/Graphics/IndexedDrawDeferredTests.cpp	graphics-input
tests/Microsoft/Xna/Framework/Graphics/InstancedDiffuseColorTests.cpp	modules/graphics/tests/Microsoft/Xna/Framework/Graphics/InstancedDiffuseColorTests.cpp	graphics-input
tests/Microsoft/Xna/Framework/Graphics/InstancedDrawMultiStreamTests.cpp	modules/graphics/tests/Microsoft/Xna/Framework/Graphics/InstancedDrawMultiStreamTests.cpp	graphics-input
tests/Microsoft/Xna/Framework/Graphics/InstancedDrawRangeTests.cpp	modules/graphics/tests/Microsoft/Xna/Framework/Graphics/InstancedDrawRangeTests.cpp	graphics-input
tests/Microsoft/Xna/Framework/Graphics/InstancedVertexColorTests.cpp	modules/graphics/tests/Microsoft/Xna/Framework/Graphics/InstancedVertexColorTests.cpp	graphics-input
tests/Microsoft/Xna/Framework/Graphics/ModelBoneCollectionTests.cpp	modules/graphics/tests/Microsoft/Xna/Framework/Graphics/ModelBoneCollectionTests.cpp	graphics-input
tests/Microsoft/Xna/Framework/Graphics/ModelBoneTests.cpp	modules/graphics/tests/Microsoft/Xna/Framework/Graphics/ModelBoneTests.cpp	graphics-input
tests/Microsoft/Xna/Framework/Graphics/ModelCollectionIndexTests.cpp	modules/graphics/tests/Microsoft/Xna/Framework/Graphics/ModelCollectionIndexTests.cpp	graphics-input
tests/Microsoft/Xna/Framework/Graphics/ModelMeshCollectionTests.cpp	modules/graphics/tests/Microsoft/Xna/Framework/Graphics/ModelMeshCollectionTests.cpp	graphics-input
tests/Microsoft/Xna/Framework/Graphics/ModelMeshPartTests.cpp	modules/graphics/tests/Microsoft/Xna/Framework/Graphics/ModelMeshPartTests.cpp	graphics-input
tests/Microsoft/Xna/Framework/Graphics/ModelMeshTests.cpp	modules/graphics/tests/Microsoft/Xna/Framework/Graphics/ModelMeshTests.cpp	graphics-input
tests/Microsoft/Xna/Framework/Graphics/ModelTests.cpp	modules/graphics/tests/Microsoft/Xna/Framework/Graphics/ModelTests.cpp	graphics-input
tests/Microsoft/Xna/Framework/Graphics/MorphTargetEXTTests.cpp	modules/graphics/tests/Microsoft/Xna/Framework/Graphics/MorphTargetEXTTests.cpp	graphics-input
tests/Microsoft/Xna/Framework/Graphics/NonIndexedDrawRangeTests.cpp	modules/graphics/tests/Microsoft/Xna/Framework/Graphics/NonIndexedDrawRangeTests.cpp	graphics-input
tests/Microsoft/Xna/Framework/Graphics/OcclusionQueryDynamicBufferTests.cpp	modules/graphics/tests/Microsoft/Xna/Framework/Graphics/OcclusionQueryDynamicBufferTests.cpp	graphics-input
tests/Microsoft/Xna/Framework/Graphics/OrdinaryDrawBindingOffsetTests.cpp	modules/graphics/tests/Microsoft/Xna/Framework/Graphics/OrdinaryDrawBindingOffsetTests.cpp	graphics-input
tests/Microsoft/Xna/Framework/Graphics/OrdinaryDrawMultiStreamTests.cpp	modules/graphics/tests/Microsoft/Xna/Framework/Graphics/OrdinaryDrawMultiStreamTests.cpp	graphics-input
tests/Microsoft/Xna/Framework/Graphics/PackedVector/PackedVectorTests.cpp	modules/graphics/tests/Microsoft/Xna/Framework/Graphics/PackedVector/PackedVectorTests.cpp	graphics-input
tests/Microsoft/Xna/Framework/Graphics/PbrEffectTests.cpp	modules/graphics/tests/Microsoft/Xna/Framework/Graphics/PbrEffectTests.cpp	graphics-input
tests/Microsoft/Xna/Framework/Graphics/PointListPrimitiveTests.cpp	modules/graphics/tests/Microsoft/Xna/Framework/Graphics/PointListPrimitiveTests.cpp	graphics-input
tests/Microsoft/Xna/Framework/Graphics/PresentationParametersTests.cpp	modules/graphics/tests/Microsoft/Xna/Framework/Graphics/PresentationParametersTests.cpp	graphics-input
tests/Microsoft/Xna/Framework/Graphics/RasterizerStateTests.cpp	modules/graphics/tests/Microsoft/Xna/Framework/Graphics/RasterizerStateTests.cpp	graphics-input
tests/Microsoft/Xna/Framework/Graphics/RecordingSpriteBatchBackend.hpp	modules/graphics/tests/Microsoft/Xna/Framework/Graphics/RecordingSpriteBatchBackend.hpp	graphics-input
tests/Microsoft/Xna/Framework/Graphics/RenderTargetBindingTests.cpp	modules/graphics/tests/Microsoft/Xna/Framework/Graphics/RenderTargetBindingTests.cpp	graphics-input
tests/Microsoft/Xna/Framework/Graphics/SamplerStateCollectionTests.cpp	modules/graphics/tests/Microsoft/Xna/Framework/Graphics/SamplerStateCollectionTests.cpp	graphics-input
tests/Microsoft/Xna/Framework/Graphics/SamplerStateTests.cpp	modules/graphics/tests/Microsoft/Xna/Framework/Graphics/SamplerStateTests.cpp	graphics-input
tests/Microsoft/Xna/Framework/Graphics/SdlGpuIndexedDrawRangeTests.cpp	modules/graphics/tests/Microsoft/Xna/Framework/Graphics/SdlGpuIndexedDrawRangeTests.cpp	graphics-input
tests/Microsoft/Xna/Framework/Graphics/ShaderEffectTests.cpp	modules/graphics/tests/Microsoft/Xna/Framework/Graphics/ShaderEffectTests.cpp	graphics-input
tests/Microsoft/Xna/Framework/Graphics/SkinnedEffectTests.cpp	modules/graphics/tests/Microsoft/Xna/Framework/Graphics/SkinnedEffectTests.cpp	graphics-input
tests/Microsoft/Xna/Framework/Graphics/SkinnedModelEXTTests.cpp	modules/graphics/tests/Microsoft/Xna/Framework/Graphics/SkinnedModelEXTTests.cpp	graphics-input
tests/Microsoft/Xna/Framework/Graphics/SkinnedPbrEffectTests.cpp	modules/graphics/tests/Microsoft/Xna/Framework/Graphics/SkinnedPbrEffectTests.cpp	graphics-input
tests/Microsoft/Xna/Framework/Graphics/SpriteBatchTests.cpp	modules/graphics/tests/Microsoft/Xna/Framework/Graphics/SpriteBatchTests.cpp	graphics-input
tests/Microsoft/Xna/Framework/Graphics/SpriteEffectTests.cpp	modules/graphics/tests/Microsoft/Xna/Framework/Graphics/SpriteEffectTests.cpp	graphics-input
tests/Microsoft/Xna/Framework/Graphics/SpriteFontTests.cpp	modules/graphics/tests/Microsoft/Xna/Framework/Graphics/SpriteFontTests.cpp	graphics-input
tests/Microsoft/Xna/Framework/Graphics/SurfaceFormatTests.cpp	modules/graphics/tests/Microsoft/Xna/Framework/Graphics/SurfaceFormatTests.cpp	graphics-input
tests/Microsoft/Xna/Framework/Graphics/Texture2DCacheReconstructionTests.cpp	modules/graphics/tests/Microsoft/Xna/Framework/Graphics/Texture2DCacheReconstructionTests.cpp	graphics-input
tests/Microsoft/Xna/Framework/Graphics/Texture2DTests.cpp	modules/graphics/tests/Microsoft/Xna/Framework/Graphics/Texture2DTests.cpp	graphics-input
tests/Microsoft/Xna/Framework/Graphics/Texture3DTests.cpp	modules/graphics/tests/Microsoft/Xna/Framework/Graphics/Texture3DTests.cpp	graphics-input
tests/Microsoft/Xna/Framework/Graphics/Texture3DTextureCubeRenderTargetTests.cpp	modules/graphics/tests/Microsoft/Xna/Framework/Graphics/Texture3DTextureCubeRenderTargetTests.cpp	graphics-input
tests/Microsoft/Xna/Framework/Graphics/TextureCubeTests.cpp	modules/graphics/tests/Microsoft/Xna/Framework/Graphics/TextureCubeTests.cpp	graphics-input
tests/Microsoft/Xna/Framework/Graphics/TextureTests.cpp	modules/graphics/tests/Microsoft/Xna/Framework/Graphics/TextureTests.cpp	graphics-input
tests/Microsoft/Xna/Framework/Graphics/VertexBufferBindingTests.cpp	modules/graphics/tests/Microsoft/Xna/Framework/Graphics/VertexBufferBindingTests.cpp	graphics-input
tests/Microsoft/Xna/Framework/Graphics/VertexBufferEmptyDataTests.cpp	modules/graphics/tests/Microsoft/Xna/Framework/Graphics/VertexBufferEmptyDataTests.cpp	graphics-input
tests/Microsoft/Xna/Framework/Graphics/VertexDeclarationLayoutTests.cpp	modules/graphics/tests/Microsoft/Xna/Framework/Graphics/VertexDeclarationLayoutTests.cpp	graphics-input
tests/Microsoft/Xna/Framework/Graphics/VertexDeclarationTests.cpp	modules/graphics/tests/Microsoft/Xna/Framework/Graphics/VertexDeclarationTests.cpp	graphics-input
tests/Microsoft/Xna/Framework/Graphics/VertexElementTests.cpp	modules/graphics/tests/Microsoft/Xna/Framework/Graphics/VertexElementTests.cpp	graphics-input
tests/Microsoft/Xna/Framework/Graphics/VertexPositionColorTests.cpp	modules/graphics/tests/Microsoft/Xna/Framework/Graphics/VertexPositionColorTests.cpp	graphics-input
tests/Microsoft/Xna/Framework/Graphics/VertexPositionColorTextureTests.cpp	modules/graphics/tests/Microsoft/Xna/Framework/Graphics/VertexPositionColorTextureTests.cpp	graphics-input
tests/Microsoft/Xna/Framework/Graphics/VertexPositionNormalTangentTextureSkinnedTests.cpp	modules/graphics/tests/Microsoft/Xna/Framework/Graphics/VertexPositionNormalTangentTextureSkinnedTests.cpp	graphics-input
tests/Microsoft/Xna/Framework/Graphics/VertexPositionNormalTextureSkinnedTests.cpp	modules/graphics/tests/Microsoft/Xna/Framework/Graphics/VertexPositionNormalTextureSkinnedTests.cpp	graphics-input
tests/Microsoft/Xna/Framework/Graphics/VertexPositionNormalTextureTests.cpp	modules/graphics/tests/Microsoft/Xna/Framework/Graphics/VertexPositionNormalTextureTests.cpp	graphics-input
tests/Microsoft/Xna/Framework/Graphics/VertexPositionTextureTests.cpp	modules/graphics/tests/Microsoft/Xna/Framework/Graphics/VertexPositionTextureTests.cpp	graphics-input
tests/Microsoft/Xna/Framework/Graphics/ViewportTests.cpp	modules/graphics/tests/Microsoft/Xna/Framework/Graphics/ViewportTests.cpp	graphics-input
tests/Microsoft/Xna/Framework/Graphics/WebGpuWireFrameContractTests.cpp	modules/graphics/tests/Microsoft/Xna/Framework/Graphics/WebGpuWireFrameContractTests.cpp	graphics-input
tests/Microsoft/Xna/Framework/Graphics/WireFrameTriangleOracle.hpp	modules/graphics/tests/Microsoft/Xna/Framework/Graphics/WireFrameTriangleOracle.hpp	graphics-input
tests/Microsoft/Xna/Framework/GraphicsBackendCompileDefinitionTests.cpp	modules/graphics/tests/Microsoft/Xna/Framework/GraphicsBackendCompileDefinitionTests.cpp	graphics-input
tests/Microsoft/Xna/Framework/GraphicsDeviceInformationTests.cpp	modules/runtime/tests/Microsoft/Xna/Framework/GraphicsDeviceInformationTests.cpp	core-math-runtime
tests/Microsoft/Xna/Framework/GraphicsDeviceManagerTests.cpp	modules/runtime/tests/Microsoft/Xna/Framework/GraphicsDeviceManagerTests.cpp	core-math-runtime
tests/Microsoft/Xna/Framework/IDrawableTests.cpp	modules/runtime/tests/Microsoft/Xna/Framework/IDrawableTests.cpp	core-math-runtime
tests/Microsoft/Xna/Framework/IGameComponentTests.cpp	modules/runtime/tests/Microsoft/Xna/Framework/IGameComponentTests.cpp	core-math-runtime
tests/Microsoft/Xna/Framework/IGraphicsDeviceManagerTests.cpp	modules/runtime/tests/Microsoft/Xna/Framework/IGraphicsDeviceManagerTests.cpp	core-math-runtime
tests/Microsoft/Xna/Framework/IUpdateableTests.cpp	modules/runtime/tests/Microsoft/Xna/Framework/IUpdateableTests.cpp	core-math-runtime
tests/Microsoft/Xna/Framework/Input/ButtonStateTests.cpp	modules/input/tests/Microsoft/Xna/Framework/Input/ButtonStateTests.cpp	graphics-input
tests/Microsoft/Xna/Framework/Input/ButtonsTests.cpp	modules/input/tests/Microsoft/Xna/Framework/Input/ButtonsTests.cpp	graphics-input
tests/Microsoft/Xna/Framework/Input/GamePadButtonsTests.cpp	modules/input/tests/Microsoft/Xna/Framework/Input/GamePadButtonsTests.cpp	graphics-input
tests/Microsoft/Xna/Framework/Input/GamePadDeadZoneTests.cpp	modules/input/tests/Microsoft/Xna/Framework/Input/GamePadDeadZoneTests.cpp	graphics-input
tests/Microsoft/Xna/Framework/Input/GamePadInputTests.cpp	modules/input/tests/Microsoft/Xna/Framework/Input/GamePadInputTests.cpp	graphics-input
tests/Microsoft/Xna/Framework/Input/GamePadMappingTests.cpp	modules/input/tests/Microsoft/Xna/Framework/Input/GamePadMappingTests.cpp	graphics-input
tests/Microsoft/Xna/Framework/Input/GamePadStateTests.cpp	modules/input/tests/Microsoft/Xna/Framework/Input/GamePadStateTests.cpp	graphics-input
tests/Microsoft/Xna/Framework/Input/GamePadTests.cpp	modules/input/tests/Microsoft/Xna/Framework/Input/GamePadTests.cpp	graphics-input
tests/Microsoft/Xna/Framework/Input/GamePadThumbSticksTests.cpp	modules/input/tests/Microsoft/Xna/Framework/Input/GamePadThumbSticksTests.cpp	graphics-input
tests/Microsoft/Xna/Framework/Input/GamePadTriggersTests.cpp	modules/input/tests/Microsoft/Xna/Framework/Input/GamePadTriggersTests.cpp	graphics-input
tests/Microsoft/Xna/Framework/Input/GamePadTypeTests.cpp	modules/input/tests/Microsoft/Xna/Framework/Input/GamePadTypeTests.cpp	graphics-input
tests/Microsoft/Xna/Framework/Input/KeyStateTests.cpp	modules/input/tests/Microsoft/Xna/Framework/Input/KeyStateTests.cpp	graphics-input
tests/Microsoft/Xna/Framework/Input/KeyboardInputTests.cpp	modules/input/tests/Microsoft/Xna/Framework/Input/KeyboardInputTests.cpp	graphics-input
tests/Microsoft/Xna/Framework/Input/KeyboardKeyNameTests.cpp	modules/input/tests/Microsoft/Xna/Framework/Input/KeyboardKeyNameTests.cpp	graphics-input
tests/Microsoft/Xna/Framework/Input/KeyboardModStateTests.cpp	modules/input/tests/Microsoft/Xna/Framework/Input/KeyboardModStateTests.cpp	graphics-input
tests/Microsoft/Xna/Framework/Input/KeyboardScancodeNameTests.cpp	modules/input/tests/Microsoft/Xna/Framework/Input/KeyboardScancodeNameTests.cpp	graphics-input
tests/Microsoft/Xna/Framework/Input/MouseGlobalTests.cpp	modules/input/tests/Microsoft/Xna/Framework/Input/MouseGlobalTests.cpp	graphics-input
tests/Microsoft/Xna/Framework/Input/MouseInputTests.cpp	modules/input/tests/Microsoft/Xna/Framework/Input/MouseInputTests.cpp	graphics-input
tests/Microsoft/Xna/Framework/Input/PublicApiInputCompileTests.cpp	modules/input/tests/Microsoft/Xna/Framework/Input/PublicApiInputCompileTests.cpp	graphics-input
tests/Microsoft/Xna/Framework/Input/PublicApiInputSignatureFreezeTests.cpp	modules/input/tests/Microsoft/Xna/Framework/Input/PublicApiInputSignatureFreezeTests.cpp	graphics-input
tests/Microsoft/Xna/Framework/Input/TextInputEXTTests.cpp	modules/input/tests/Microsoft/Xna/Framework/Input/TextInputEXTTests.cpp	graphics-input
tests/Microsoft/Xna/Framework/Input/Touch/GestureTypeTests.cpp	modules/input/tests/Microsoft/Xna/Framework/Input/Touch/GestureTypeTests.cpp	graphics-input
tests/Microsoft/Xna/Framework/Input/Touch/TouchLocationStateTests.cpp	modules/input/tests/Microsoft/Xna/Framework/Input/Touch/TouchLocationStateTests.cpp	graphics-input
tests/Microsoft/Xna/Framework/Input/TouchInputTests.cpp	modules/input/tests/Microsoft/Xna/Framework/Input/TouchInputTests.cpp	graphics-input
tests/Microsoft/Xna/Framework/LaunchParametersTests.cpp	modules/runtime/tests/Microsoft/Xna/Framework/LaunchParametersTests.cpp	core-math-runtime
tests/Microsoft/Xna/Framework/MathHelperTests.cpp	modules/math/tests/Microsoft/Xna/Framework/MathHelperTests.cpp	core-math-runtime
tests/Microsoft/Xna/Framework/MatrixTests.cpp	modules/math/tests/Microsoft/Xna/Framework/MatrixTests.cpp	core-math-runtime
tests/Microsoft/Xna/Framework/Media/AlbumTests.cpp	modules/media/tests/Microsoft/Xna/Framework/Media/AlbumTests.cpp	audio-media
tests/Microsoft/Xna/Framework/Media/ArtistGenreNormalizationRegressionTests.cpp	modules/media/tests/Microsoft/Xna/Framework/Media/ArtistGenreNormalizationRegressionTests.cpp	audio-media
tests/Microsoft/Xna/Framework/Media/ArtistTests.cpp	modules/media/tests/Microsoft/Xna/Framework/Media/ArtistTests.cpp	audio-media
tests/Microsoft/Xna/Framework/Media/GenreTests.cpp	modules/media/tests/Microsoft/Xna/Framework/Media/GenreTests.cpp	audio-media
tests/Microsoft/Xna/Framework/Media/MediaLibraryTestAccess.hpp	modules/media/tests/Microsoft/Xna/Framework/Media/MediaLibraryTestAccess.hpp	audio-media
tests/Microsoft/Xna/Framework/Media/MediaLibraryTestFixture.hpp	modules/media/tests/Microsoft/Xna/Framework/Media/MediaLibraryTestFixture.hpp	audio-media
tests/Microsoft/Xna/Framework/Media/MediaLibraryTests.cpp	modules/media/tests/Microsoft/Xna/Framework/Media/MediaLibraryTests.cpp	audio-media
tests/Microsoft/Xna/Framework/Media/MediaPlayerTests.cpp	modules/media/tests/Microsoft/Xna/Framework/Media/MediaPlayerTests.cpp	audio-media
tests/Microsoft/Xna/Framework/Media/MediaQueueTests.cpp	modules/media/tests/Microsoft/Xna/Framework/Media/MediaQueueTests.cpp	audio-media
tests/Microsoft/Xna/Framework/Media/MediaSourceTests.cpp	modules/media/tests/Microsoft/Xna/Framework/Media/MediaSourceTests.cpp	audio-media
tests/Microsoft/Xna/Framework/Media/MediaSourceTypeTests.cpp	modules/media/tests/Microsoft/Xna/Framework/Media/MediaSourceTypeTests.cpp	audio-media
tests/Microsoft/Xna/Framework/Media/MediaStateTests.cpp	modules/media/tests/Microsoft/Xna/Framework/Media/MediaStateTests.cpp	audio-media
tests/Microsoft/Xna/Framework/Media/PictureAlbumTests.cpp	modules/media/tests/Microsoft/Xna/Framework/Media/PictureAlbumTests.cpp	audio-media
tests/Microsoft/Xna/Framework/Media/PictureTests.cpp	modules/media/tests/Microsoft/Xna/Framework/Media/PictureTests.cpp	audio-media
tests/Microsoft/Xna/Framework/Media/PlaylistTests.cpp	modules/media/tests/Microsoft/Xna/Framework/Media/PlaylistTests.cpp	audio-media
tests/Microsoft/Xna/Framework/Media/SongCollectionTests.cpp	modules/media/tests/Microsoft/Xna/Framework/Media/SongCollectionTests.cpp	audio-media
tests/Microsoft/Xna/Framework/Media/SongTests.cpp	modules/media/tests/Microsoft/Xna/Framework/Media/SongTests.cpp	audio-media
tests/Microsoft/Xna/Framework/Media/Video/VideoPlayerTestAccess.hpp	modules/media/tests/Microsoft/Xna/Framework/Media/Video/VideoPlayerTestAccess.hpp	audio-media
tests/Microsoft/Xna/Framework/Media/Video/VideoPlayerTests.cpp	modules/media/tests/Microsoft/Xna/Framework/Media/Video/VideoPlayerTests.cpp	audio-media
tests/Microsoft/Xna/Framework/Media/Video/VideoSoundtrackTypeTests.cpp	modules/media/tests/Microsoft/Xna/Framework/Media/Video/VideoSoundtrackTypeTests.cpp	audio-media
tests/Microsoft/Xna/Framework/Media/Video/VideoTests.cpp	modules/media/tests/Microsoft/Xna/Framework/Media/Video/VideoTests.cpp	audio-media
tests/Microsoft/Xna/Framework/Media/VisualizationDataTests.cpp	modules/media/tests/Microsoft/Xna/Framework/Media/VisualizationDataTests.cpp	audio-media
tests/Microsoft/Xna/Framework/Net/AvailableNetworkSessionTests.cpp	modules/net/tests/Microsoft/Xna/Framework/Net/AvailableNetworkSessionTests.cpp	net-gamerservices
tests/Microsoft/Xna/Framework/Net/LocalNetworkGamerTests.cpp	modules/net/tests/Microsoft/Xna/Framework/Net/LocalNetworkGamerTests.cpp	net-gamerservices
tests/Microsoft/Xna/Framework/Net/NetEnumsTests.cpp	modules/net/tests/Microsoft/Xna/Framework/Net/NetEnumsTests.cpp	net-gamerservices
tests/Microsoft/Xna/Framework/Net/NetEventArgsTests.cpp	modules/net/tests/Microsoft/Xna/Framework/Net/NetEventArgsTests.cpp	net-gamerservices
tests/Microsoft/Xna/Framework/Net/NetworkGamerMachineTests.cpp	modules/net/tests/Microsoft/Xna/Framework/Net/NetworkGamerMachineTests.cpp	net-gamerservices
tests/Microsoft/Xna/Framework/Net/NetworkSessionJoinExceptionTests.cpp	modules/net/tests/Microsoft/Xna/Framework/Net/NetworkSessionJoinExceptionTests.cpp	net-gamerservices
tests/Microsoft/Xna/Framework/Net/NetworkSessionPropertiesTests.cpp	modules/net/tests/Microsoft/Xna/Framework/Net/NetworkSessionPropertiesTests.cpp	net-gamerservices
tests/Microsoft/Xna/Framework/Net/NetworkSessionTests.cpp	modules/net/tests/Microsoft/Xna/Framework/Net/NetworkSessionTests.cpp	net-gamerservices
tests/Microsoft/Xna/Framework/Net/PacketReaderWriterTests.cpp	modules/net/tests/Microsoft/Xna/Framework/Net/PacketReaderWriterTests.cpp	net-gamerservices
tests/Microsoft/Xna/Framework/PlaneIntersectionTypeTests.cpp	modules/math/tests/Microsoft/Xna/Framework/PlaneIntersectionTypeTests.cpp	core-math-runtime
tests/Microsoft/Xna/Framework/PlaneTests.cpp	modules/math/tests/Microsoft/Xna/Framework/PlaneTests.cpp	core-math-runtime
tests/Microsoft/Xna/Framework/PlayerIndexTests.cpp	modules/core/tests/Microsoft/Xna/Framework/PlayerIndexTests.cpp	core-math-runtime
tests/Microsoft/Xna/Framework/PointTests.cpp	modules/math/tests/Microsoft/Xna/Framework/PointTests.cpp	core-math-runtime
tests/Microsoft/Xna/Framework/PreparingDeviceSettingsEventArgsTests.cpp	modules/runtime/tests/Microsoft/Xna/Framework/PreparingDeviceSettingsEventArgsTests.cpp	core-math-runtime
tests/Microsoft/Xna/Framework/QuaternionTests.cpp	modules/math/tests/Microsoft/Xna/Framework/QuaternionTests.cpp	core-math-runtime
tests/Microsoft/Xna/Framework/RayTests.cpp	modules/math/tests/Microsoft/Xna/Framework/RayTests.cpp	core-math-runtime
tests/Microsoft/Xna/Framework/RectangleTests.cpp	modules/math/tests/Microsoft/Xna/Framework/RectangleTests.cpp	core-math-runtime
tests/Microsoft/Xna/Framework/Storage/StorageDeviceTests.cpp	modules/storage/tests/Microsoft/Xna/Framework/Storage/StorageDeviceTests.cpp	content-storage
tests/Microsoft/Xna/Framework/TitleContainerTests.cpp	modules/runtime/tests/Microsoft/Xna/Framework/TitleContainerTests.cpp	core-math-runtime
tests/Microsoft/Xna/Framework/TitleLocationTests.cpp	modules/runtime/tests/Microsoft/Xna/Framework/TitleLocationTests.cpp	core-math-runtime
tests/Microsoft/Xna/Framework/Vector2Tests.cpp	modules/math/tests/Microsoft/Xna/Framework/Vector2Tests.cpp	core-math-runtime
tests/Microsoft/Xna/Framework/Vector3Tests.cpp	modules/math/tests/Microsoft/Xna/Framework/Vector3Tests.cpp	core-math-runtime
tests/Microsoft/Xna/Framework/Vector4Tests.cpp	modules/math/tests/Microsoft/Xna/Framework/Vector4Tests.cpp	core-math-runtime
tests/PackedVectorGolden.md	modules/graphics/tests/PackedVectorGolden.md	graphics-input
tests/opengl1/README.md	modules/renderers/opengl1/tests/README.md	renderers
