modules/audio/include/CNA/Internal/Audio/XactTypes.hpp	enum_class	XsbTrackVariationType
modules/audio/include/CNA/Internal/Audio/XactTypes.hpp	enum_class	XwbFormat
modules/audio/include/CNA/Internal/Audio/XactTypes.hpp	struct	XgsCategory
modules/audio/include/CNA/Internal/Audio/XactTypes.hpp	struct	XgsData
modules/audio/include/CNA/Internal/Audio/XactTypes.hpp	struct	XgsRpc
modules/audio/include/CNA/Internal/Audio/XactTypes.hpp	struct	XgsRpcPoint
modules/audio/include/CNA/Internal/Audio/XactTypes.hpp	struct	XgsVariable
modules/audio/include/CNA/Internal/Audio/XactTypes.hpp	struct	XsbCue
modules/audio/include/CNA/Internal/Audio/XactTypes.hpp	struct	XsbData
modules/audio/include/CNA/Internal/Audio/XactTypes.hpp	struct	XsbSound
modules/audio/include/CNA/Internal/Audio/XactTypes.hpp	struct	XsbTrackVariationEntry
modules/audio/include/CNA/Internal/Audio/XactTypes.hpp	struct	XsbVariEntry
modules/audio/include/CNA/Internal/Audio/XactTypes.hpp	struct	XsbVariation
modules/audio/include/CNA/Internal/Audio/XactTypes.hpp	struct	XsbWaveRef
modules/audio/include/CNA/Internal/Audio/XactTypes.hpp	struct	XwbData
modules/audio/include/CNA/Internal/Audio/XactTypes.hpp	struct	XwbEntry
modules/audio/include/Microsoft/Xna/Framework/Audio/AudioCategory.hpp	class	AudioEngine
modules/audio/include/Microsoft/Xna/Framework/Audio/AudioCategory.hpp	struct	AudioCategory
modules/audio/include/Microsoft/Xna/Framework/Audio/AudioChannels.hpp	enum_class	AudioChannels
modules/audio/include/Microsoft/Xna/Framework/Audio/AudioEmitter.hpp	class	AudioEmitter
modules/audio/include/Microsoft/Xna/Framework/Audio/AudioEngine.hpp	class	AudioCategory
modules/audio/include/Microsoft/Xna/Framework/Audio/AudioEngine.hpp	class	AudioEngine
modules/audio/include/Microsoft/Xna/Framework/Audio/AudioEngine.hpp	class	Cue
modules/audio/include/Microsoft/Xna/Framework/Audio/AudioEngine.hpp	class	SoundBank
modules/audio/include/Microsoft/Xna/Framework/Audio/AudioEngine.hpp	class	WaveBank
modules/audio/include/Microsoft/Xna/Framework/Audio/AudioEngine.hpp	struct	CueVariableInfo
modules/audio/include/Microsoft/Xna/Framework/Audio/AudioEngine.hpp	struct	XactEngineImpl
modules/audio/include/Microsoft/Xna/Framework/Audio/AudioListener.hpp	class	AudioListener
modules/audio/include/Microsoft/Xna/Framework/Audio/AudioStopOptions.hpp	enum_class	AudioStopOptions
modules/audio/include/Microsoft/Xna/Framework/Audio/Cue.hpp	class	SoundBank
modules/audio/include/Microsoft/Xna/Framework/Audio/Cue.hpp	class	SoundEffectInstance
modules/audio/include/Microsoft/Xna/Framework/Audio/Cue.hpp	class	WaveBank
modules/audio/include/Microsoft/Xna/Framework/Audio/Cue.hpp	enum_class	State
modules/audio/include/Microsoft/Xna/Framework/Audio/Cue.hpp	struct	PlaybackInstance
modules/audio/include/Microsoft/Xna/Framework/Audio/Cue.hpp	struct	RpcResult
modules/audio/include/Microsoft/Xna/Framework/Audio/Microphone.hpp	class	Microphone
modules/audio/include/Microsoft/Xna/Framework/Audio/Microphone.hpp	struct	SDL_AudioStream
modules/audio/include/Microsoft/Xna/Framework/Audio/MicrophoneState.hpp	enum_class	MicrophoneState
modules/audio/include/Microsoft/Xna/Framework/Audio/RendererDetail.hpp	struct	RendererDetail
modules/audio/include/Microsoft/Xna/Framework/Audio/SoundBank.hpp	class	AudioEmitter
modules/audio/include/Microsoft/Xna/Framework/Audio/SoundBank.hpp	class	AudioEngine
modules/audio/include/Microsoft/Xna/Framework/Audio/SoundBank.hpp	class	AudioListener
modules/audio/include/Microsoft/Xna/Framework/Audio/SoundBank.hpp	class	Cue
modules/audio/include/Microsoft/Xna/Framework/Audio/SoundBank.hpp	class	SoundBank
modules/audio/include/Microsoft/Xna/Framework/Audio/SoundBank.hpp	struct	FireAndForget
modules/audio/include/Microsoft/Xna/Framework/Audio/SoundBank.hpp	struct	XactSoundBankImpl
modules/audio/include/Microsoft/Xna/Framework/Audio/SoundEffect.hpp	class	Impl
modules/audio/include/Microsoft/Xna/Framework/Audio/SoundEffectInstance.hpp	class	AudioEmitter
modules/audio/include/Microsoft/Xna/Framework/Audio/SoundEffectInstance.hpp	class	AudioListener
modules/audio/include/Microsoft/Xna/Framework/Audio/SoundEffectInstance.hpp	class	Cue
modules/audio/include/Microsoft/Xna/Framework/Audio/SoundEffectInstance.hpp	class	SoundEffect
modules/audio/include/Microsoft/Xna/Framework/Audio/SoundEffectInstance.hpp	class	SoundEffectInstance
modules/audio/include/Microsoft/Xna/Framework/Audio/SoundEffectInstance.hpp	struct	FilterState
modules/audio/include/Microsoft/Xna/Framework/Audio/SoundState.hpp	enum_class	SoundState
modules/audio/include/Microsoft/Xna/Framework/Audio/WaveBank.hpp	class	AudioEngine
modules/audio/include/Microsoft/Xna/Framework/Audio/WaveBank.hpp	class	Cue
modules/audio/include/Microsoft/Xna/Framework/Audio/WaveBank.hpp	class	SoundEffect
modules/audio/include/Microsoft/Xna/Framework/Audio/WaveBank.hpp	class	WaveBank
modules/audio/include/Microsoft/Xna/Framework/Audio/WaveBank.hpp	struct	XactWaveBankImpl
modules/content/include/CNA/Internal/CnjEnvelope.hpp	struct	CnjEnvelope
modules/content/include/CNA/Internal/CnjSourceFile.hpp	struct	CnjSourceFileResult
modules/content/include/CNA/Internal/GltfImport/GltfImportCore.hpp	struct	BoneOut
modules/content/include/CNA/Internal/GltfImport/GltfImportCore.hpp	struct	ClipOut
modules/content/include/CNA/Internal/GltfImport/GltfImportCore.hpp	struct	ExtractedImage
modules/content/include/CNA/Internal/GltfImport/GltfImportCore.hpp	struct	KeyframeOut
modules/content/include/CNA/Internal/GltfImport/GltfImportCore.hpp	struct	LightOut
modules/content/include/CNA/Internal/GltfImport/GltfImportCore.hpp	struct	MeshGroup
modules/content/include/CNA/Internal/GltfImport/GltfImportCore.hpp	struct	MeshOut
modules/content/include/CNA/Internal/GltfImport/GltfImportCore.hpp	struct	MorphWeightKeyframeOut
modules/content/include/CNA/Internal/GltfImport/GltfImportCore.hpp	struct	MorphWeightTrackOut
modules/content/include/CNA/Internal/GltfImport/GltfImportCore.hpp	struct	SkeletonResult
modules/content/include/CNA/Internal/GltfImport/GltfImportCore.hpp	struct	TrackOut
modules/content/include/CNA/Internal/Json.hpp	class	JsonParseException
modules/content/include/CNA/Internal/Json.hpp	class	JsonParser
modules/content/include/CNA/Internal/Json.hpp	enum_class	JsonType
modules/content/include/CNA/Internal/Json.hpp	struct	JsonValue
modules/content/include/CNA/Internal/Xnb/CollectionContentTypeReaders.hpp	class	ArrayReader
modules/content/include/CNA/Internal/Xnb/CollectionContentTypeReaders.hpp	class	DictionaryReader
modules/content/include/CNA/Internal/Xnb/CollectionContentTypeReaders.hpp	class	ListReader
modules/content/include/CNA/Internal/Xnb/CollectionContentTypeReaders.hpp	class	NullableReader
modules/content/include/CNA/Internal/Xnb/CollectionContentTypeReaders.hpp	struct	IsSharedPtr
modules/content/include/CNA/Internal/Xnb/CurveContentTypeReader.hpp	class	CurveReader
modules/content/include/CNA/Internal/Xnb/DecimalDateTimeContentTypeReaders.hpp	class	DateTimeReader
modules/content/include/CNA/Internal/Xnb/DecimalDateTimeContentTypeReaders.hpp	class	DecimalReader
modules/content/include/CNA/Internal/Xnb/DecimalDateTimeContentTypeReaders.hpp	class	TimeSpanReader
modules/content/include/CNA/Internal/Xnb/LzxDecoder.hpp	class	BitBuffer
modules/content/include/CNA/Internal/Xnb/LzxDecoder.hpp	class	LzxDecoder
modules/content/include/CNA/Internal/Xnb/LzxDecoder.hpp	class	UnsupportedLzxWindowSizeRange
modules/content/include/CNA/Internal/Xnb/LzxDecoder.hpp	enum_class	BlockType
modules/content/include/CNA/Internal/Xnb/LzxDecoder.hpp	struct	LzxState
modules/content/include/CNA/Internal/Xnb/MathContentTypeReaders.hpp	class	BoundingBoxReader
modules/content/include/CNA/Internal/Xnb/MathContentTypeReaders.hpp	class	BoundingFrustumReader
modules/content/include/CNA/Internal/Xnb/MathContentTypeReaders.hpp	class	BoundingSphereReader
modules/content/include/CNA/Internal/Xnb/MathContentTypeReaders.hpp	class	ColorReader
modules/content/include/CNA/Internal/Xnb/MathContentTypeReaders.hpp	class	MatrixReader
modules/content/include/CNA/Internal/Xnb/MathContentTypeReaders.hpp	class	PlaneReader
modules/content/include/CNA/Internal/Xnb/MathContentTypeReaders.hpp	class	PointReader
modules/content/include/CNA/Internal/Xnb/MathContentTypeReaders.hpp	class	QuaternionReader
modules/content/include/CNA/Internal/Xnb/MathContentTypeReaders.hpp	class	RayReader
modules/content/include/CNA/Internal/Xnb/MathContentTypeReaders.hpp	class	RectangleReader
modules/content/include/CNA/Internal/Xnb/MathContentTypeReaders.hpp	class	Vector2Reader
modules/content/include/CNA/Internal/Xnb/MathContentTypeReaders.hpp	class	Vector3Reader
modules/content/include/CNA/Internal/Xnb/MathContentTypeReaders.hpp	class	Vector4Reader
modules/content/include/CNA/Internal/Xnb/ModelContentTypeReaders.hpp	class	IndexBufferReader
modules/content/include/CNA/Internal/Xnb/ModelContentTypeReaders.hpp	class	ModelReader
modules/content/include/CNA/Internal/Xnb/ModelContentTypeReaders.hpp	class	VertexBufferReader
modules/content/include/CNA/Internal/Xnb/ModelContentTypeReaders.hpp	class	VertexDeclarationReader
modules/content/include/CNA/Internal/Xnb/PrimitiveContentTypeReaders.hpp	class	BooleanReader
modules/content/include/CNA/Internal/Xnb/PrimitiveContentTypeReaders.hpp	class	ByteReader
modules/content/include/CNA/Internal/Xnb/PrimitiveContentTypeReaders.hpp	class	CharReader
modules/content/include/CNA/Internal/Xnb/PrimitiveContentTypeReaders.hpp	class	DoubleReader
modules/content/include/CNA/Internal/Xnb/PrimitiveContentTypeReaders.hpp	class	Int16Reader
modules/content/include/CNA/Internal/Xnb/PrimitiveContentTypeReaders.hpp	class	Int32Reader
modules/content/include/CNA/Internal/Xnb/PrimitiveContentTypeReaders.hpp	class	Int64Reader
modules/content/include/CNA/Internal/Xnb/PrimitiveContentTypeReaders.hpp	class	SByteReader
modules/content/include/CNA/Internal/Xnb/PrimitiveContentTypeReaders.hpp	class	SingleReader
modules/content/include/CNA/Internal/Xnb/PrimitiveContentTypeReaders.hpp	class	StringReader
modules/content/include/CNA/Internal/Xnb/PrimitiveContentTypeReaders.hpp	class	UInt16Reader
modules/content/include/CNA/Internal/Xnb/PrimitiveContentTypeReaders.hpp	class	UInt32Reader
modules/content/include/CNA/Internal/Xnb/PrimitiveContentTypeReaders.hpp	class	UInt64Reader
modules/content/include/CNA/Internal/Xnb/SongContentTypeReader.hpp	class	SongReader
modules/content/include/CNA/Internal/Xnb/SoundEffectContentTypeReader.hpp	class	SoundEffectReader
modules/content/include/CNA/Internal/Xnb/SpriteFontContentTypeReader.hpp	class	SpriteFontReader
modules/content/include/CNA/Internal/Xnb/StockEffectContentTypeReaders.hpp	class	AlphaTestEffectReader
modules/content/include/CNA/Internal/Xnb/StockEffectContentTypeReaders.hpp	class	BasicEffectReader
modules/content/include/CNA/Internal/Xnb/StockEffectContentTypeReaders.hpp	class	DualTextureEffectReader
modules/content/include/CNA/Internal/Xnb/StockEffectContentTypeReaders.hpp	class	EnvironmentMapEffectReader
modules/content/include/CNA/Internal/Xnb/StockEffectContentTypeReaders.hpp	class	SkinnedEffectReader
modules/content/include/CNA/Internal/Xnb/Texture2DContentTypeReader.hpp	class	Texture2DReader
modules/content/include/CNA/Internal/Xnb/Texture3DContentTypeReader.hpp	class	Texture3DReader
modules/content/include/CNA/Internal/Xnb/TextureCubeContentTypeReader.hpp	class	TextureCubeReader
modules/content/include/CNA/Internal/Xnb/VideoContentTypeReader.hpp	class	VideoReader
modules/content/include/CNA/Internal/Xnb/XnbHeader.hpp	enum_class	XnbCompression
modules/content/include/CNA/Internal/Xnb/XnbHeader.hpp	struct	XnbHeader
modules/content/include/CNA/Internal/Xnb/XnbReadLimits.hpp	struct	XnbReadLimits
modules/content/include/CNA/Internal/Xnb/XnbTypeName.hpp	struct	XnbTypeName
modules/content/include/CNA/Internal/Xnb/XnbTypeReaderTable.hpp	struct	XnbTypeReaderTableEntry
modules/content/include/Microsoft/Xna/Framework/Content/ContentLoadException.hpp	class	ContentLoadException
modules/content/include/Microsoft/Xna/Framework/Content/ContentManager.hpp	class	ContentManager
modules/content/include/Microsoft/Xna/Framework/Content/ContentManager.hpp	class	GenericCnjTypeReader
modules/content/include/Microsoft/Xna/Framework/Content/ContentManager.hpp	struct	AssetCacheKey
modules/content/include/Microsoft/Xna/Framework/Content/ContentManager.hpp	struct	AssetCacheKeyHash
modules/content/include/Microsoft/Xna/Framework/Content/ContentManager.hpp	struct	WeakTextureEntry
modules/content/include/Microsoft/Xna/Framework/Content/ContentReader.hpp	class	ContentManager
modules/content/include/Microsoft/Xna/Framework/Content/ContentReader.hpp	class	ContentReader
modules/content/include/Microsoft/Xna/Framework/Content/ContentReader.hpp	struct	IsDisposableSharedPtr
modules/content/include/Microsoft/Xna/Framework/Content/ContentReader.hpp	struct	ObjectDepthGuard
modules/content/include/Microsoft/Xna/Framework/Content/ContentTypeReader.hpp	class	ContentReader
modules/content/include/Microsoft/Xna/Framework/Content/ContentTypeReader.hpp	class	ContentTypeReader
modules/content/include/Microsoft/Xna/Framework/Content/ContentTypeReader.hpp	class	ContentTypeReaderManager
modules/content/include/Microsoft/Xna/Framework/Content/ContentTypeReaderManager.hpp	class	ContentTypeReaderManager
modules/content/include/Microsoft/Xna/Framework/Content/LooseFileContentTypeReader.hpp	class	ContentManager
modules/content/include/Microsoft/Xna/Framework/Content/ResourceContentManager.hpp	class	ResourceContentManager
modules/core/include/CNA/CNAException.hpp	class	CNAException
modules/core/include/CNA/DesktopOS.hpp	enum_class	DesktopOS
modules/core/include/CNA/GraphicsRendererType.hpp	enum_class	GraphicsRendererType
modules/core/include/CNA/Internal/PathContainment.hpp	struct	ContainedPathResult
modules/core/include/CNA/LogCategory.hpp	enum_class	LogCategory
modules/core/include/CNA/LogLevel.hpp	enum_class	LogLevel
modules/core/include/CNA/Logger.hpp	class	Logger
modules/core/include/CNA/Platform.hpp	enum_class	Platform
modules/core/include/Microsoft/Xna/Framework/PlayerIndex.hpp	enum_class	PlayerIndex
modules/devices-ext/include/CNA/Devices/Camera.hpp	class	Camera
modules/devices-ext/include/CNA/Devices/CameraDeviceInfo.hpp	struct	CameraDeviceInfo
modules/devices-ext/include/CNA/Devices/CameraPosition.hpp	enum_class	CameraPosition
modules/devices-ext/include/CNA/Devices/CameraState.hpp	enum_class	CameraState
modules/devices-ext/include/CNA/Devices/Clipboard.hpp	class	Clipboard
modules/devices-ext/include/CNA/Devices/Detail/ICameraBackend.hpp	class	ICameraBackend
modules/devices-ext/include/CNA/Devices/Detail/ICameraBackend.hpp	struct	CameraFrame
modules/devices-ext/include/CNA/Devices/Detail/IFileDialogBackend.hpp	class	IFileDialogBackend
modules/devices-ext/include/CNA/Devices/Detail/IMessageBoxBackend.hpp	class	IMessageBoxBackend
modules/devices-ext/include/CNA/Devices/Detail/ITrayBackend.hpp	class	ITrayBackend
modules/devices-ext/include/CNA/Devices/Detail/SdlCameraBackend.hpp	struct	SDL_Camera
modules/devices-ext/include/CNA/Devices/Detail/SdlTrayBackend.hpp	struct	SDL_Tray
modules/devices-ext/include/CNA/Devices/Detail/SdlTrayBackend.hpp	struct	SDL_TrayEntry
modules/devices-ext/include/CNA/Devices/Detail/SdlTrayBackend.hpp	struct	SDL_TrayMenu
modules/devices-ext/include/CNA/Devices/DisplayInfo.hpp	class	DisplayInfo
modules/devices-ext/include/CNA/Devices/DisplayInfo.hpp	class	GameWindow
modules/devices-ext/include/CNA/Devices/FileDialog.hpp	class	FileDialog
modules/devices-ext/include/CNA/Devices/FileDialogFilter.hpp	struct	FileDialogFilter
modules/devices-ext/include/CNA/Devices/Locale.hpp	class	Locale
modules/devices-ext/include/CNA/Devices/LocaleInfo.hpp	struct	LocaleInfo
modules/devices-ext/include/CNA/Devices/MessageBox.hpp	class	MessageBox
modules/devices-ext/include/CNA/Devices/MessageBoxType.hpp	enum_class	MessageBoxType
modules/devices-ext/include/CNA/Devices/PowerInfo.hpp	class	PowerInfo
modules/devices-ext/include/CNA/Devices/PowerState.hpp	enum_class	PowerState
modules/devices-ext/include/CNA/Devices/SystemInfo.hpp	class	SystemInfo
modules/devices-ext/include/CNA/Devices/SystemTray.hpp	class	SystemTray
modules/devices-ext/include/CNA/Devices/UrlLauncher.hpp	class	UrlLauncher
modules/devices/include/Microsoft/Devices/Detail/DevicesShutdownCoordinator.hpp	class	DevicesShutdownCoordinator
modules/devices/include/Microsoft/Devices/Detail/IVibrateBackend.hpp	class	IVibrateBackend
modules/devices/include/Microsoft/Devices/Sensors/Accelerometer.hpp	class	SdlSensorSubsystem
modules/devices/include/Microsoft/Devices/Sensors/AccelerometerFailedException.hpp	class	AccelerometerFailedException
modules/devices/include/Microsoft/Devices/Sensors/AccelerometerReading.hpp	class	AccelerometerReading
modules/devices/include/Microsoft/Devices/Sensors/AccelerometerReadingEventArgs.hpp	class	AccelerometerReadingEventArgs
modules/devices/include/Microsoft/Devices/Sensors/AttitudeReading.hpp	class	AttitudeReading
modules/devices/include/Microsoft/Devices/Sensors/CalibrationEventArgs.hpp	class	CalibrationEventArgs
modules/devices/include/Microsoft/Devices/Sensors/CompassReading.hpp	class	CompassReading
modules/devices/include/Microsoft/Devices/Sensors/Detail/AndroidCompassMath.hpp	enum_class	AndroidSensorAccuracyStatus
modules/devices/include/Microsoft/Devices/Sensors/Detail/AndroidSensorBridge.hpp	struct	AndroidSensorSample
modules/devices/include/Microsoft/Devices/Sensors/Detail/AndroidSensorBridge.hpp	struct	Impl
modules/devices/include/Microsoft/Devices/Sensors/Detail/AndroidSensorOrientation.hpp	enum_class	AndroidSensorLandscapeOrientation
modules/devices/include/Microsoft/Devices/Sensors/Detail/ICompassBackend.hpp	class	ICompassBackend
modules/devices/include/Microsoft/Devices/Sensors/Detail/IMotionBackend.hpp	class	IMotionBackend
modules/devices/include/Microsoft/Devices/Sensors/Detail/NativeDiagnostic.hpp	class	NativeDiagnosticSink
modules/devices/include/Microsoft/Devices/Sensors/Detail/NativeDiagnostic.hpp	enum_class	NativeDiagnosticSeverity
modules/devices/include/Microsoft/Devices/Sensors/Detail/NativeDiagnostic.hpp	struct	NativeDiagnosticRecord
modules/devices/include/Microsoft/Devices/Sensors/Detail/SdlSensorSubsystem.hpp	class	ProbeGuard
modules/devices/include/Microsoft/Devices/Sensors/Detail/SdlSensorSubsystem.hpp	class	ScopeExit
modules/devices/include/Microsoft/Devices/Sensors/Detail/SdlSensorSubsystem.hpp	class	SdlSensorSubsystem
modules/devices/include/Microsoft/Devices/Sensors/Detail/SdlSensorSubsystem.hpp	struct	DispatchRegistration
modules/devices/include/Microsoft/Devices/Sensors/Detail/SensorOwnerControlBlock.hpp	struct	SensorOwnerControlBlock
modules/devices/include/Microsoft/Devices/Sensors/Gyroscope.hpp	class	SdlSensorSubsystem
modules/devices/include/Microsoft/Devices/Sensors/GyroscopeReading.hpp	class	GyroscopeReading
modules/devices/include/Microsoft/Devices/Sensors/ISensorReading.hpp	class	ISensorReading
modules/devices/include/Microsoft/Devices/Sensors/MotionReading.hpp	class	MotionReading
modules/devices/include/Microsoft/Devices/Sensors/SensorBase.hpp	class	DisposalTerminalStateGuard
modules/devices/include/Microsoft/Devices/Sensors/SensorBase.hpp	class	SensorBase
modules/devices/include/Microsoft/Devices/Sensors/SensorFailedException.hpp	class	SensorFailedException
modules/devices/include/Microsoft/Devices/Sensors/SensorReadingEventArgs.hpp	class	SensorReadingEventArgs
modules/devices/include/Microsoft/Devices/Sensors/SensorState.hpp	enum_class	SensorState
modules/gamer-services/include/CNA/Internal/GamerServices/LocalGamerServicesStore.hpp	class	PropertyDictionary
modules/gamer-services/include/CNA/Internal/GamerServices/LocalGamerServicesStore.hpp	struct	PersistedAchievement
modules/gamer-services/include/CNA/Internal/GamerServices/LocalGamerServicesStore.hpp	struct	PersistedLeaderboardEntry
modules/gamer-services/include/Microsoft/Xna/Framework/GamerServices/Achievement.hpp	class	Achievement
modules/gamer-services/include/Microsoft/Xna/Framework/GamerServices/AchievementCollection.hpp	class	AchievementCollection
modules/gamer-services/include/Microsoft/Xna/Framework/GamerServices/AvatarAnimation.hpp	class	AvatarAnimation
modules/gamer-services/include/Microsoft/Xna/Framework/GamerServices/AvatarAnimationPreset.hpp	enum_class	AvatarAnimationPreset
modules/gamer-services/include/Microsoft/Xna/Framework/GamerServices/AvatarBodyType.hpp	enum_class	AvatarBodyType
modules/gamer-services/include/Microsoft/Xna/Framework/GamerServices/AvatarBone.hpp	enum_class	AvatarBone
modules/gamer-services/include/Microsoft/Xna/Framework/GamerServices/AvatarDescription.hpp	class	AvatarDescription
modules/gamer-services/include/Microsoft/Xna/Framework/GamerServices/AvatarDescription.hpp	class	Gamer
modules/gamer-services/include/Microsoft/Xna/Framework/GamerServices/AvatarExpression.hpp	struct	AvatarExpression
modules/gamer-services/include/Microsoft/Xna/Framework/GamerServices/AvatarEye.hpp	enum_class	AvatarEye
modules/gamer-services/include/Microsoft/Xna/Framework/GamerServices/AvatarEyebrow.hpp	enum_class	AvatarEyebrow
modules/gamer-services/include/Microsoft/Xna/Framework/GamerServices/AvatarMouth.hpp	enum_class	AvatarMouth
modules/gamer-services/include/Microsoft/Xna/Framework/GamerServices/AvatarRenderer.hpp	class	AvatarDescription
modules/gamer-services/include/Microsoft/Xna/Framework/GamerServices/AvatarRenderer.hpp	class	AvatarRenderer
modules/gamer-services/include/Microsoft/Xna/Framework/GamerServices/AvatarRenderer.hpp	class	GraphicsDevice
modules/gamer-services/include/Microsoft/Xna/Framework/GamerServices/AvatarRenderer.hpp	class	SkinnedEffect
modules/gamer-services/include/Microsoft/Xna/Framework/GamerServices/AvatarRenderer.hpp	class	SkinnedModelEXT
modules/gamer-services/include/Microsoft/Xna/Framework/GamerServices/AvatarRendererState.hpp	enum_class	AvatarRendererState
modules/gamer-services/include/Microsoft/Xna/Framework/GamerServices/ControllerSensitivity.hpp	enum_class	ControllerSensitivity
modules/gamer-services/include/Microsoft/Xna/Framework/GamerServices/FriendCollection.hpp	class	FriendCollection
modules/gamer-services/include/Microsoft/Xna/Framework/GamerServices/FriendGamer.hpp	class	FriendGamer
modules/gamer-services/include/Microsoft/Xna/Framework/GamerServices/GameDefaults.hpp	class	GameDefaults
modules/gamer-services/include/Microsoft/Xna/Framework/GamerServices/GameDifficulty.hpp	enum_class	GameDifficulty
modules/gamer-services/include/Microsoft/Xna/Framework/GamerServices/GameUpdateRequiredException.hpp	class	GameUpdateRequiredException
modules/gamer-services/include/Microsoft/Xna/Framework/GamerServices/Gamer.hpp	class	Gamer
modules/gamer-services/include/Microsoft/Xna/Framework/GamerServices/Gamer.hpp	class	GamerAction
modules/gamer-services/include/Microsoft/Xna/Framework/GamerServices/Gamer.hpp	class	GamerProfile
modules/gamer-services/include/Microsoft/Xna/Framework/GamerServices/Gamer.hpp	class	SignedInGamerCollection
modules/gamer-services/include/Microsoft/Xna/Framework/GamerServices/GamerCollection.hpp	class	GamerCollection
modules/gamer-services/include/Microsoft/Xna/Framework/GamerServices/GamerCollection.hpp	struct	GamerCollectionEnumerator
modules/gamer-services/include/Microsoft/Xna/Framework/GamerServices/GamerPresence.hpp	class	GamerPresence
modules/gamer-services/include/Microsoft/Xna/Framework/GamerServices/GamerPresenceMode.hpp	enum_class	GamerPresenceMode
modules/gamer-services/include/Microsoft/Xna/Framework/GamerServices/GamerPrivilegeException.hpp	class	GamerPrivilegeException
modules/gamer-services/include/Microsoft/Xna/Framework/GamerServices/GamerPrivilegeSetting.hpp	enum_class	GamerPrivilegeSetting
modules/gamer-services/include/Microsoft/Xna/Framework/GamerServices/GamerPrivileges.hpp	class	GamerPrivileges
modules/gamer-services/include/Microsoft/Xna/Framework/GamerServices/GamerServicesComponent.hpp	class	GamerServicesComponent
modules/gamer-services/include/Microsoft/Xna/Framework/GamerServices/GamerServicesDispatcher.hpp	class	GamerServicesDispatcher
modules/gamer-services/include/Microsoft/Xna/Framework/GamerServices/GamerServicesNotAvailableException.hpp	class	GamerServicesNotAvailableException
modules/gamer-services/include/Microsoft/Xna/Framework/GamerServices/GamerZone.hpp	enum_class	GamerZone
modules/gamer-services/include/Microsoft/Xna/Framework/GamerServices/Guide.hpp	class	Gamer
modules/gamer-services/include/Microsoft/Xna/Framework/GamerServices/Guide.hpp	class	GraphicsDevice
modules/gamer-services/include/Microsoft/Xna/Framework/GamerServices/Guide.hpp	class	Guide
modules/gamer-services/include/Microsoft/Xna/Framework/GamerServices/Guide.hpp	class	SpriteBatch
modules/gamer-services/include/Microsoft/Xna/Framework/GamerServices/Guide.hpp	class	SpriteFont
modules/gamer-services/include/Microsoft/Xna/Framework/GamerServices/Guide.hpp	class	Texture2D
modules/gamer-services/include/Microsoft/Xna/Framework/GamerServices/GuideAlreadyVisibleException.hpp	class	GuideAlreadyVisibleException
modules/gamer-services/include/Microsoft/Xna/Framework/GamerServices/IAvatarAnimation.hpp	class	IAvatarAnimation
modules/gamer-services/include/Microsoft/Xna/Framework/GamerServices/InviteAcceptedEventArgs.hpp	class	InviteAcceptedEventArgs
modules/gamer-services/include/Microsoft/Xna/Framework/GamerServices/InviteAcceptedEventArgs.hpp	class	SignedInGamer
modules/gamer-services/include/Microsoft/Xna/Framework/GamerServices/LeaderboardEntry.hpp	class	Gamer
modules/gamer-services/include/Microsoft/Xna/Framework/GamerServices/LeaderboardEntry.hpp	class	LeaderboardEntry
modules/gamer-services/include/Microsoft/Xna/Framework/GamerServices/LeaderboardIdentity.hpp	struct	LeaderboardIdentity
modules/gamer-services/include/Microsoft/Xna/Framework/GamerServices/LeaderboardKey.hpp	enum_class	LeaderboardKey
modules/gamer-services/include/Microsoft/Xna/Framework/GamerServices/LeaderboardOutcome.hpp	enum_class	LeaderboardOutcome
modules/gamer-services/include/Microsoft/Xna/Framework/GamerServices/LeaderboardReader.hpp	class	Gamer
modules/gamer-services/include/Microsoft/Xna/Framework/GamerServices/LeaderboardWriter.hpp	class	Gamer
modules/gamer-services/include/Microsoft/Xna/Framework/GamerServices/MessageBoxIcon.hpp	enum_class	MessageBoxIcon
modules/gamer-services/include/Microsoft/Xna/Framework/GamerServices/NetworkException.hpp	class	NetworkException
modules/gamer-services/include/Microsoft/Xna/Framework/GamerServices/NetworkNotAvailableException.hpp	class	NetworkNotAvailableException
modules/gamer-services/include/Microsoft/Xna/Framework/GamerServices/NotificationPosition.hpp	enum_class	NotificationPosition
modules/gamer-services/include/Microsoft/Xna/Framework/GamerServices/PropertyDictionary.hpp	class	PropertyDictionary
modules/gamer-services/include/Microsoft/Xna/Framework/GamerServices/RacingCameraAngle.hpp	enum_class	RacingCameraAngle
modules/gamer-services/include/Microsoft/Xna/Framework/GamerServices/SignedInEventArgs.hpp	class	SignedInEventArgs
modules/gamer-services/include/Microsoft/Xna/Framework/GamerServices/SignedInEventArgs.hpp	class	SignedInGamer
modules/gamer-services/include/Microsoft/Xna/Framework/GamerServices/SignedInGamer.hpp	class	Microphone
modules/gamer-services/include/Microsoft/Xna/Framework/GamerServices/SignedInGamerCollection.hpp	class	SignedInGamer
modules/gamer-services/include/Microsoft/Xna/Framework/GamerServices/SignedInGamerCollection.hpp	class	SignedInGamerCollection
modules/gamer-services/include/Microsoft/Xna/Framework/GamerServices/SignedOutEventArgs.hpp	class	SignedInGamer
modules/gamer-services/include/Microsoft/Xna/Framework/GamerServices/SignedOutEventArgs.hpp	class	SignedOutEventArgs
modules/graphics-ext/include/CNA/Graphics/CRTEffect.hpp	class	CRTEffect
modules/graphics-ext/include/CNA/Graphics/CRTMaskType.hpp	enum_class	CRTMaskType
modules/graphics-ext/include/CNA/Graphics/DepthEffect.hpp	class	DepthEffect
modules/graphics-ext/include/CNA/Graphics/DepthEffectMode.hpp	enum_class	DepthEffectMode
modules/graphics-ext/include/CNA/Graphics/DitherMode.hpp	enum_class	DitherMode
modules/graphics-ext/include/CNA/Graphics/PbrMaterial.hpp	class	PbrMaterial
modules/graphics-ext/include/CNA/Graphics/RenderPipelineSettings.hpp	class	RenderPipelineSettings
modules/graphics-ext/include/CNA/Graphics/RenderQuality.hpp	enum_class	RenderQuality
modules/graphics-ext/include/CNA/Graphics/ShadowQuality.hpp	enum_class	ShadowQuality
modules/graphics-ext/include/CNA/Graphics/TonemappingMode.hpp	enum_class	TonemappingMode
modules/graphics/include/CNA/GraphicsCapability.hpp	enum_class	GraphicsCapability
modules/graphics/include/CNA/Internal/Graphics/Bc7Util.hpp	class	Bc7Util
modules/graphics/include/CNA/Internal/Graphics/BuiltInVertexStreams.hpp	struct	PositionColorStream
modules/graphics/include/CNA/Internal/Graphics/BuiltInVertexStreams.hpp	struct	PositionColorTextureStream
modules/graphics/include/CNA/Internal/Graphics/BuiltInVertexStreams.hpp	struct	PositionNormalTangentTextureSkinnedStream
modules/graphics/include/CNA/Internal/Graphics/BuiltInVertexStreams.hpp	struct	PositionNormalTangentTextureStream
modules/graphics/include/CNA/Internal/Graphics/BuiltInVertexStreams.hpp	struct	PositionNormalTextureSkinnedStream
modules/graphics/include/CNA/Internal/Graphics/BuiltInVertexStreams.hpp	struct	PositionNormalTextureStream
modules/graphics/include/CNA/Internal/Graphics/BuiltInVertexStreams.hpp	struct	PositionTextureStream
modules/graphics/include/CNA/Internal/Graphics/BuiltInVertexStreams.hpp	struct	VertexStreamOf
modules/graphics/include/CNA/Internal/Graphics/DxtUtil.hpp	class	DxtUtil
modules/graphics/include/CNA/Internal/Graphics/ImageData.hpp	struct	ImageData
modules/graphics/include/CNA/Internal/Graphics/ImageLoader.hpp	class	ImageLoader
modules/graphics/include/CNA/Internal/Graphics/VertexDeclarationFidelity.hpp	class	DeclaredVertexLayout
modules/graphics/include/CNA/Internal/Graphics/VertexDeclarationFidelity.hpp	enum_class	UnlistedStrideLayout
modules/graphics/include/CNA/Internal/Graphics/VertexDeclarationFidelity.hpp	struct	InferredVertexElement
modules/graphics/include/CNA/Internal/Graphics/VertexDeclarationFidelity.hpp	struct	InferredVertexLayout
modules/graphics/include/CNA/Internal/Graphics/VertexDeclarationFidelity.hpp	struct	StockProgramInput
modules/graphics/include/CNA/Internal/Renderers/Common/IGraphicsRenderer.hpp	class	IEffectRenderer
modules/graphics/include/CNA/Internal/Renderers/Common/IGraphicsRenderer.hpp	class	IGraphicsRenderer
modules/graphics/include/CNA/Internal/Renderers/Common/IGraphicsRenderer.hpp	class	IIndexBufferRenderer
modules/graphics/include/CNA/Internal/Renderers/Common/IGraphicsRenderer.hpp	class	IOcclusionQueryRenderer
modules/graphics/include/CNA/Internal/Renderers/Common/IGraphicsRenderer.hpp	class	IRenderTargetCubeRenderer
modules/graphics/include/CNA/Internal/Renderers/Common/IGraphicsRenderer.hpp	class	IRenderTargetRenderer
modules/graphics/include/CNA/Internal/Renderers/Common/IGraphicsRenderer.hpp	class	ISpriteBatchRenderer
modules/graphics/include/CNA/Internal/Renderers/Common/IGraphicsRenderer.hpp	class	ITexture3DRenderer
modules/graphics/include/CNA/Internal/Renderers/Common/IGraphicsRenderer.hpp	class	ITextureCubeRenderer
modules/graphics/include/CNA/Internal/Renderers/Common/IGraphicsRenderer.hpp	class	ITextureRenderer
modules/graphics/include/CNA/Internal/Renderers/Common/IGraphicsRenderer.hpp	class	IVertexBufferRenderer
modules/graphics/include/CNA/Internal/Renderers/Common/IGraphicsRenderer.hpp	class	RenderTargetBindingDescriptor
modules/graphics/include/CNA/Internal/Renderers/Common/IGraphicsRenderer.hpp	enum_class	CnaPresentationMode
modules/graphics/include/CNA/Internal/Renderers/Common/IGraphicsRenderer.hpp	enum_class	RendererDeviceEvent
modules/graphics/include/CNA/Internal/Renderers/Common/IGraphicsRenderer.hpp	enum_class	Type
modules/graphics/include/CNA/Internal/Renderers/Common/IGraphicsRenderer.hpp	struct	BlendWriteState
modules/graphics/include/CNA/Internal/Renderers/Common/IGraphicsRenderer.hpp	struct	GpuDrawParams
modules/graphics/include/CNA/Internal/Renderers/Common/IGraphicsRenderer.hpp	struct	GpuVertexStreamBinding
modules/graphics/include/CNA/Internal/Renderers/Common/IGraphicsRenderer.hpp	struct	GpuVertexStreamSlot
modules/graphics/include/CNA/Internal/Renderers/Common/IGraphicsRenderer.hpp	struct	GraphicsRendererCreateArgs
modules/graphics/include/CNA/Internal/Renderers/Common/IGraphicsRenderer.hpp	struct	SDL_Renderer
modules/graphics/include/CNA/Internal/Renderers/Common/IGraphicsRenderer.hpp	struct	SDL_Texture
modules/graphics/include/CNA/Internal/Renderers/Common/IGraphicsRenderer.hpp	struct	SDL_Window
modules/graphics/include/CNA/Internal/Renderers/Common/NoOp3DResources.hpp	class	NoOpTextureCubeRenderer
modules/graphics/include/CNA/Unsupported3DGraphicsCallBehavior.hpp	enum_class	Unsupported3DGraphicsCallBehavior
modules/graphics/include/Microsoft/Xna/Framework/DisplayOrientation.hpp	enum_class	DisplayOrientation
modules/graphics/include/Microsoft/Xna/Framework/Graphics/AlphaTestEffect.hpp	class	AlphaTestEffect
modules/graphics/include/Microsoft/Xna/Framework/Graphics/AlphaTestEffect.hpp	class	EffectParameter
modules/graphics/include/Microsoft/Xna/Framework/Graphics/BasicEffect.hpp	class	BasicEffect
modules/graphics/include/Microsoft/Xna/Framework/Graphics/BasicEffect.hpp	class	GraphicsDevice
modules/graphics/include/Microsoft/Xna/Framework/Graphics/Blend.hpp	enum_class	Blend
modules/graphics/include/Microsoft/Xna/Framework/Graphics/BlendFunction.hpp	enum_class	BlendFunction
modules/graphics/include/Microsoft/Xna/Framework/Graphics/BlendState.hpp	class	BlendState
modules/graphics/include/Microsoft/Xna/Framework/Graphics/BufferUsage.hpp	enum_class	BufferUsage
modules/graphics/include/Microsoft/Xna/Framework/Graphics/ClearOptions.hpp	enum_class	ClearOptions
modules/graphics/include/Microsoft/Xna/Framework/Graphics/ColorWriteChannels.hpp	enum_class	ColorWriteChannels
modules/graphics/include/Microsoft/Xna/Framework/Graphics/CompareFunction.hpp	enum_class	CompareFunction
modules/graphics/include/Microsoft/Xna/Framework/Graphics/CubeMapFace.hpp	enum_class	CubeMapFace
modules/graphics/include/Microsoft/Xna/Framework/Graphics/CullMode.hpp	enum_class	CullMode
modules/graphics/include/Microsoft/Xna/Framework/Graphics/DepthFormat.hpp	enum_class	DepthFormat
modules/graphics/include/Microsoft/Xna/Framework/Graphics/DepthStencilState.hpp	class	DepthStencilState
modules/graphics/include/Microsoft/Xna/Framework/Graphics/DeviceLostException.hpp	class	DeviceLostException
modules/graphics/include/Microsoft/Xna/Framework/Graphics/DeviceNotResetException.hpp	class	DeviceNotResetException
modules/graphics/include/Microsoft/Xna/Framework/Graphics/DirectionalLight.hpp	class	DirectionalLight
modules/graphics/include/Microsoft/Xna/Framework/Graphics/DisplayMode.hpp	class	DisplayMode
modules/graphics/include/Microsoft/Xna/Framework/Graphics/DisplayModeCollection.hpp	class	DisplayModeCollection
modules/graphics/include/Microsoft/Xna/Framework/Graphics/DualTextureEffect.hpp	class	DualTextureEffect
modules/graphics/include/Microsoft/Xna/Framework/Graphics/DualTextureEffect.hpp	class	EffectParameter
modules/graphics/include/Microsoft/Xna/Framework/Graphics/DynamicIndexBuffer.hpp	class	DynamicIndexBuffer
modules/graphics/include/Microsoft/Xna/Framework/Graphics/DynamicVertexBuffer.hpp	class	DynamicVertexBuffer
modules/graphics/include/Microsoft/Xna/Framework/Graphics/Effect.hpp	class	Effect
modules/graphics/include/Microsoft/Xna/Framework/Graphics/Effect.hpp	class	GraphicsDevice
modules/graphics/include/Microsoft/Xna/Framework/Graphics/EffectAnnotation.hpp	class	EffectAnnotation
modules/graphics/include/Microsoft/Xna/Framework/Graphics/EffectAnnotationCollection.hpp	class	EffectAnnotationCollection
modules/graphics/include/Microsoft/Xna/Framework/Graphics/EffectMaterial.hpp	class	EffectMaterial
modules/graphics/include/Microsoft/Xna/Framework/Graphics/EffectParameter.hpp	class	EffectParameter
modules/graphics/include/Microsoft/Xna/Framework/Graphics/EffectParameter.hpp	class	EffectParameterCollection
modules/graphics/include/Microsoft/Xna/Framework/Graphics/EffectParameter.hpp	class	Texture
modules/graphics/include/Microsoft/Xna/Framework/Graphics/EffectParameter.hpp	class	Texture2D
modules/graphics/include/Microsoft/Xna/Framework/Graphics/EffectParameter.hpp	class	Texture3D
modules/graphics/include/Microsoft/Xna/Framework/Graphics/EffectParameter.hpp	class	TextureCube
modules/graphics/include/Microsoft/Xna/Framework/Graphics/EffectParameterClass.hpp	enum_class	EffectParameterClass
modules/graphics/include/Microsoft/Xna/Framework/Graphics/EffectParameterCollection.hpp	class	EffectParameterCollection
modules/graphics/include/Microsoft/Xna/Framework/Graphics/EffectParameterCollection.hpp	class	const_iterator
modules/graphics/include/Microsoft/Xna/Framework/Graphics/EffectParameterCollection.hpp	class	iterator
modules/graphics/include/Microsoft/Xna/Framework/Graphics/EffectParameterType.hpp	enum_class	EffectParameterType
modules/graphics/include/Microsoft/Xna/Framework/Graphics/EffectPass.hpp	class	Effect
modules/graphics/include/Microsoft/Xna/Framework/Graphics/EffectPass.hpp	class	EffectPass
modules/graphics/include/Microsoft/Xna/Framework/Graphics/EffectPassCollection.hpp	class	EffectPassCollection
modules/graphics/include/Microsoft/Xna/Framework/Graphics/EffectPassCollection.hpp	class	const_iterator
modules/graphics/include/Microsoft/Xna/Framework/Graphics/EffectPassCollection.hpp	class	iterator
modules/graphics/include/Microsoft/Xna/Framework/Graphics/EffectTechnique.hpp	class	Effect
modules/graphics/include/Microsoft/Xna/Framework/Graphics/EffectTechnique.hpp	class	EffectTechnique
modules/graphics/include/Microsoft/Xna/Framework/Graphics/EffectTechniqueCollection.hpp	class	EffectTechniqueCollection
modules/graphics/include/Microsoft/Xna/Framework/Graphics/EffectTechniqueCollection.hpp	class	const_iterator
modules/graphics/include/Microsoft/Xna/Framework/Graphics/EffectTechniqueCollection.hpp	class	iterator
modules/graphics/include/Microsoft/Xna/Framework/Graphics/EnvironmentMapEffect.hpp	class	EffectParameter
modules/graphics/include/Microsoft/Xna/Framework/Graphics/EnvironmentMapEffect.hpp	class	EnvironmentMapEffect
modules/graphics/include/Microsoft/Xna/Framework/Graphics/FillMode.hpp	enum_class	FillMode
modules/graphics/include/Microsoft/Xna/Framework/Graphics/GraphicsDevice.hpp	class	BasicEffect
modules/graphics/include/Microsoft/Xna/Framework/Graphics/GraphicsDevice.hpp	class	Effect
modules/graphics/include/Microsoft/Xna/Framework/Graphics/GraphicsDevice.hpp	class	Game
modules/graphics/include/Microsoft/Xna/Framework/Graphics/GraphicsDevice.hpp	class	GameWindow
modules/graphics/include/Microsoft/Xna/Framework/Graphics/GraphicsDevice.hpp	class	GraphicsDevice
modules/graphics/include/Microsoft/Xna/Framework/Graphics/GraphicsDevice.hpp	class	GraphicsDeviceManager
modules/graphics/include/Microsoft/Xna/Framework/Graphics/GraphicsDevice.hpp	class	IGraphicsRenderer
modules/graphics/include/Microsoft/Xna/Framework/Graphics/GraphicsDevice.hpp	class	RenderTarget2D
modules/graphics/include/Microsoft/Xna/Framework/Graphics/GraphicsDevice.hpp	class	RenderTargetCube
modules/graphics/include/Microsoft/Xna/Framework/Graphics/GraphicsDevice.hpp	class	RenderTargetCube
modules/graphics/include/Microsoft/Xna/Framework/Graphics/GraphicsDevice.hpp	struct	GpuDrawParams
modules/graphics/include/Microsoft/Xna/Framework/Graphics/GraphicsDevice.hpp	struct	SDL_Renderer
modules/graphics/include/Microsoft/Xna/Framework/Graphics/GraphicsDevice.hpp	struct	SDL_Window
modules/graphics/include/Microsoft/Xna/Framework/Graphics/GraphicsDeviceStatus.hpp	enum_class	GraphicsDeviceStatus
modules/graphics/include/Microsoft/Xna/Framework/Graphics/GraphicsProfile.hpp	enum_class	GraphicsProfile
modules/graphics/include/Microsoft/Xna/Framework/Graphics/GraphicsResource.hpp	class	GraphicsDevice
modules/graphics/include/Microsoft/Xna/Framework/Graphics/GraphicsResource.hpp	class	GraphicsResource
modules/graphics/include/Microsoft/Xna/Framework/Graphics/IEffectFog.hpp	class	IEffectFog
modules/graphics/include/Microsoft/Xna/Framework/Graphics/IEffectLights.hpp	class	IEffectLights
modules/graphics/include/Microsoft/Xna/Framework/Graphics/IEffectMatrices.hpp	class	IEffectMatrices
modules/graphics/include/Microsoft/Xna/Framework/Graphics/IGraphicsDeviceService.hpp	class	GraphicsDevice
modules/graphics/include/Microsoft/Xna/Framework/Graphics/IGraphicsDeviceService.hpp	class	IGraphicsDeviceService
modules/graphics/include/Microsoft/Xna/Framework/Graphics/IRenderTarget.hpp	class	IRenderTarget
modules/graphics/include/Microsoft/Xna/Framework/Graphics/IVertexType.hpp	class	IVertexType
modules/graphics/include/Microsoft/Xna/Framework/Graphics/IVertexType.hpp	class	VertexDeclaration
modules/graphics/include/Microsoft/Xna/Framework/Graphics/IndexBuffer.hpp	class	IIndexBufferRenderer
modules/graphics/include/Microsoft/Xna/Framework/Graphics/IndexBuffer.hpp	class	IndexBuffer
modules/graphics/include/Microsoft/Xna/Framework/Graphics/IndexElementSize.hpp	enum_class	IndexElementSize
modules/graphics/include/Microsoft/Xna/Framework/Graphics/Model.hpp	class	GraphicsDevice
modules/graphics/include/Microsoft/Xna/Framework/Graphics/Model.hpp	class	Model
modules/graphics/include/Microsoft/Xna/Framework/Graphics/Model.hpp	class	ModelBone
modules/graphics/include/Microsoft/Xna/Framework/Graphics/Model.hpp	class	ModelMesh
modules/graphics/include/Microsoft/Xna/Framework/Graphics/ModelBone.hpp	class	ModelBone
modules/graphics/include/Microsoft/Xna/Framework/Graphics/ModelBoneCollection.hpp	class	ModelBone
modules/graphics/include/Microsoft/Xna/Framework/Graphics/ModelBoneCollection.hpp	class	ModelBoneCollection
modules/graphics/include/Microsoft/Xna/Framework/Graphics/ModelEffectCollection.hpp	class	Effect
modules/graphics/include/Microsoft/Xna/Framework/Graphics/ModelEffectCollection.hpp	class	ModelEffectCollection
modules/graphics/include/Microsoft/Xna/Framework/Graphics/ModelMesh.hpp	class	GraphicsDevice
modules/graphics/include/Microsoft/Xna/Framework/Graphics/ModelMesh.hpp	class	ModelBone
modules/graphics/include/Microsoft/Xna/Framework/Graphics/ModelMesh.hpp	class	ModelMesh
modules/graphics/include/Microsoft/Xna/Framework/Graphics/ModelMesh.hpp	class	ModelMeshPart
modules/graphics/include/Microsoft/Xna/Framework/Graphics/ModelMeshCollection.hpp	class	ModelMesh
modules/graphics/include/Microsoft/Xna/Framework/Graphics/ModelMeshCollection.hpp	class	ModelMeshCollection
modules/graphics/include/Microsoft/Xna/Framework/Graphics/ModelMeshPart.hpp	class	Effect
modules/graphics/include/Microsoft/Xna/Framework/Graphics/ModelMeshPart.hpp	class	IndexBuffer
modules/graphics/include/Microsoft/Xna/Framework/Graphics/ModelMeshPart.hpp	class	ModelMesh
modules/graphics/include/Microsoft/Xna/Framework/Graphics/ModelMeshPart.hpp	class	ModelMeshPart
modules/graphics/include/Microsoft/Xna/Framework/Graphics/ModelMeshPart.hpp	class	VertexBuffer
modules/graphics/include/Microsoft/Xna/Framework/Graphics/ModelMeshPart.hpp	class	VertexDeclaration
modules/graphics/include/Microsoft/Xna/Framework/Graphics/ModelMeshPartCollection.hpp	class	ModelMeshPart
modules/graphics/include/Microsoft/Xna/Framework/Graphics/ModelMeshPartCollection.hpp	class	ModelMeshPartCollection
modules/graphics/include/Microsoft/Xna/Framework/Graphics/MorphTargetEXT.hpp	class	ModelMeshPart
modules/graphics/include/Microsoft/Xna/Framework/Graphics/MorphTargetEXT.hpp	struct	MorphWeightKeyframeEXT
modules/graphics/include/Microsoft/Xna/Framework/Graphics/MorphTargetEXT.hpp	struct	MorphWeightTrackEXT
modules/graphics/include/Microsoft/Xna/Framework/Graphics/NoSuitableGraphicsDeviceException.hpp	class	NoSuitableGraphicsDeviceException
modules/graphics/include/Microsoft/Xna/Framework/Graphics/OcclusionQuery.hpp	class	IOcclusionQueryRenderer
modules/graphics/include/Microsoft/Xna/Framework/Graphics/OcclusionQuery.hpp	class	OcclusionQuery
modules/graphics/include/Microsoft/Xna/Framework/Graphics/PackedVector/Alpha8.hpp	struct	Alpha8
modules/graphics/include/Microsoft/Xna/Framework/Graphics/PackedVector/Bgr565.hpp	struct	Bgr565
modules/graphics/include/Microsoft/Xna/Framework/Graphics/PackedVector/Bgra4444.hpp	struct	Bgra4444
modules/graphics/include/Microsoft/Xna/Framework/Graphics/PackedVector/Bgra5551.hpp	struct	Bgra5551
modules/graphics/include/Microsoft/Xna/Framework/Graphics/PackedVector/Byte4.hpp	struct	Byte4
modules/graphics/include/Microsoft/Xna/Framework/Graphics/PackedVector/HalfSingle.hpp	struct	HalfSingle
modules/graphics/include/Microsoft/Xna/Framework/Graphics/PackedVector/HalfTypeHelper.hpp	struct	HalfTypeHelper
modules/graphics/include/Microsoft/Xna/Framework/Graphics/PackedVector/HalfVector2.hpp	struct	HalfVector2
modules/graphics/include/Microsoft/Xna/Framework/Graphics/PackedVector/HalfVector4.hpp	struct	HalfVector4
modules/graphics/include/Microsoft/Xna/Framework/Graphics/PackedVector/NormalizedByte2.hpp	struct	NormalizedByte2
modules/graphics/include/Microsoft/Xna/Framework/Graphics/PackedVector/NormalizedByte4.hpp	struct	NormalizedByte4
modules/graphics/include/Microsoft/Xna/Framework/Graphics/PackedVector/NormalizedShort2.hpp	struct	NormalizedShort2
modules/graphics/include/Microsoft/Xna/Framework/Graphics/PackedVector/NormalizedShort4.hpp	struct	NormalizedShort4
modules/graphics/include/Microsoft/Xna/Framework/Graphics/PackedVector/Rg32.hpp	struct	Rg32
modules/graphics/include/Microsoft/Xna/Framework/Graphics/PackedVector/Rgba1010102.hpp	struct	Rgba1010102
modules/graphics/include/Microsoft/Xna/Framework/Graphics/PackedVector/Rgba64.hpp	struct	Rgba64
modules/graphics/include/Microsoft/Xna/Framework/Graphics/PackedVector/Short2.hpp	struct	Short2
modules/graphics/include/Microsoft/Xna/Framework/Graphics/PackedVector/Short4.hpp	struct	Short4
modules/graphics/include/Microsoft/Xna/Framework/Graphics/PbrEffect.hpp	class	EffectParameter
modules/graphics/include/Microsoft/Xna/Framework/Graphics/PbrEffect.hpp	class	PbrEffect
modules/graphics/include/Microsoft/Xna/Framework/Graphics/PresentInterval.hpp	enum_class	PresentInterval
modules/graphics/include/Microsoft/Xna/Framework/Graphics/PresentationParameters.hpp	class	PresentationParameters
modules/graphics/include/Microsoft/Xna/Framework/Graphics/PrimitiveType.hpp	enum_class	PrimitiveType
modules/graphics/include/Microsoft/Xna/Framework/Graphics/RasterizerState.hpp	class	RasterizerState
modules/graphics/include/Microsoft/Xna/Framework/Graphics/RenderTarget2D.hpp	class	RenderTarget2D
modules/graphics/include/Microsoft/Xna/Framework/Graphics/RenderTargetBinding.hpp	class	RenderTargetBinding
modules/graphics/include/Microsoft/Xna/Framework/Graphics/RenderTargetBinding.hpp	class	Texture
modules/graphics/include/Microsoft/Xna/Framework/Graphics/RenderTargetCube.hpp	class	GraphicsDevice
modules/graphics/include/Microsoft/Xna/Framework/Graphics/RenderTargetCube.hpp	class	RenderTargetCube
modules/graphics/include/Microsoft/Xna/Framework/Graphics/RenderTargetUsage.hpp	enum_class	RenderTargetUsage
modules/graphics/include/Microsoft/Xna/Framework/Graphics/ResourceCreatedEventArgs.hpp	class	ResourceCreatedEventArgs
modules/graphics/include/Microsoft/Xna/Framework/Graphics/ResourceDestroyedEventArgs.hpp	class	ResourceDestroyedEventArgs
modules/graphics/include/Microsoft/Xna/Framework/Graphics/SamplerState.hpp	class	SamplerState
modules/graphics/include/Microsoft/Xna/Framework/Graphics/SamplerStateCollection.hpp	class	SamplerStateCollection
modules/graphics/include/Microsoft/Xna/Framework/Graphics/SetDataOptions.hpp	enum_class	SetDataOptions
modules/graphics/include/Microsoft/Xna/Framework/Graphics/ShaderEffect.hpp	class	Texture2D
modules/graphics/include/Microsoft/Xna/Framework/Graphics/ShaderEffect.hpp	class	Texture3D
modules/graphics/include/Microsoft/Xna/Framework/Graphics/ShaderEffect.hpp	class	TextureCube
modules/graphics/include/Microsoft/Xna/Framework/Graphics/SkinnedEffect.hpp	class	EffectParameter
modules/graphics/include/Microsoft/Xna/Framework/Graphics/SkinnedEffect.hpp	class	SkinnedEffect
modules/graphics/include/Microsoft/Xna/Framework/Graphics/SkinnedModelEXT.hpp	class	IndexBuffer
modules/graphics/include/Microsoft/Xna/Framework/Graphics/SkinnedModelEXT.hpp	class	ModelMeshPart
modules/graphics/include/Microsoft/Xna/Framework/Graphics/SkinnedModelEXT.hpp	class	VertexBuffer
modules/graphics/include/Microsoft/Xna/Framework/Graphics/SkinnedPbrEffect.hpp	class	EffectParameter
modules/graphics/include/Microsoft/Xna/Framework/Graphics/SkinnedPbrEffect.hpp	class	SkinnedPbrEffect
modules/graphics/include/Microsoft/Xna/Framework/Graphics/SpriteBatch.hpp	class	Effect
modules/graphics/include/Microsoft/Xna/Framework/Graphics/SpriteBatch.hpp	class	GraphicsDevice
modules/graphics/include/Microsoft/Xna/Framework/Graphics/SpriteBatch.hpp	class	ISpriteBatchRenderer
modules/graphics/include/Microsoft/Xna/Framework/Graphics/SpriteBatch.hpp	class	SpriteBatch
modules/graphics/include/Microsoft/Xna/Framework/Graphics/SpriteBatch.hpp	class	SpriteFont
modules/graphics/include/Microsoft/Xna/Framework/Graphics/SpriteBatch.hpp	struct	SDL_Renderer
modules/graphics/include/Microsoft/Xna/Framework/Graphics/SpriteBatch.hpp	struct	SpriteInfo
modules/graphics/include/Microsoft/Xna/Framework/Graphics/SpriteEffect.hpp	class	EffectParameter
modules/graphics/include/Microsoft/Xna/Framework/Graphics/SpriteEffect.hpp	class	SpriteEffect
modules/graphics/include/Microsoft/Xna/Framework/Graphics/SpriteEffects.hpp	enum_class	SpriteEffects
modules/graphics/include/Microsoft/Xna/Framework/Graphics/SpriteFont.hpp	class	SpriteFont
modules/graphics/include/Microsoft/Xna/Framework/Graphics/SpriteSortMode.hpp	enum_class	SpriteSortMode
modules/graphics/include/Microsoft/Xna/Framework/Graphics/StencilOperation.hpp	enum_class	StencilOperation
modules/graphics/include/Microsoft/Xna/Framework/Graphics/SurfaceFormat.hpp	enum_class	SurfaceFormat
modules/graphics/include/Microsoft/Xna/Framework/Graphics/Texture.hpp	class	Texture
modules/graphics/include/Microsoft/Xna/Framework/Graphics/Texture2D.hpp	class	ITextureRenderer
modules/graphics/include/Microsoft/Xna/Framework/Graphics/Texture2D.hpp	class	Texture2D
modules/graphics/include/Microsoft/Xna/Framework/Graphics/Texture2D.hpp	struct	Alpha8
modules/graphics/include/Microsoft/Xna/Framework/Graphics/Texture2D.hpp	struct	Bgr565
modules/graphics/include/Microsoft/Xna/Framework/Graphics/Texture2D.hpp	struct	Bgra4444
modules/graphics/include/Microsoft/Xna/Framework/Graphics/Texture2D.hpp	struct	Bgra5551
modules/graphics/include/Microsoft/Xna/Framework/Graphics/Texture2D.hpp	struct	HalfSingle
modules/graphics/include/Microsoft/Xna/Framework/Graphics/Texture2D.hpp	struct	HalfVector2
modules/graphics/include/Microsoft/Xna/Framework/Graphics/Texture2D.hpp	struct	HalfVector4
modules/graphics/include/Microsoft/Xna/Framework/Graphics/Texture2D.hpp	struct	NormalizedByte2
modules/graphics/include/Microsoft/Xna/Framework/Graphics/Texture2D.hpp	struct	NormalizedByte4
modules/graphics/include/Microsoft/Xna/Framework/Graphics/Texture2D.hpp	struct	Rg32
modules/graphics/include/Microsoft/Xna/Framework/Graphics/Texture2D.hpp	struct	Rgba1010102
modules/graphics/include/Microsoft/Xna/Framework/Graphics/Texture2D.hpp	struct	Rgba64
modules/graphics/include/Microsoft/Xna/Framework/Graphics/Texture2D.hpp	struct	SDL_Texture
modules/graphics/include/Microsoft/Xna/Framework/Graphics/Texture2D.hpp	struct	Vector2
modules/graphics/include/Microsoft/Xna/Framework/Graphics/Texture2D.hpp	struct	Vector4
modules/graphics/include/Microsoft/Xna/Framework/Graphics/Texture3D.hpp	class	ITexture3DRenderer
modules/graphics/include/Microsoft/Xna/Framework/Graphics/Texture3D.hpp	class	Texture3D
modules/graphics/include/Microsoft/Xna/Framework/Graphics/TextureAddressMode.hpp	enum_class	TextureAddressMode
modules/graphics/include/Microsoft/Xna/Framework/Graphics/TextureCollection.hpp	class	GraphicsDevice
modules/graphics/include/Microsoft/Xna/Framework/Graphics/TextureCollection.hpp	class	Texture
modules/graphics/include/Microsoft/Xna/Framework/Graphics/TextureCollection.hpp	class	TextureCollection
modules/graphics/include/Microsoft/Xna/Framework/Graphics/TextureCube.hpp	class	ITextureCubeRenderer
modules/graphics/include/Microsoft/Xna/Framework/Graphics/TextureCube.hpp	class	TextureCube
modules/graphics/include/Microsoft/Xna/Framework/Graphics/TextureFilter.hpp	enum_class	TextureFilter
modules/graphics/include/Microsoft/Xna/Framework/Graphics/VertexBuffer.hpp	class	IVertexBufferRenderer
modules/graphics/include/Microsoft/Xna/Framework/Graphics/VertexBuffer.hpp	class	VertexBuffer
modules/graphics/include/Microsoft/Xna/Framework/Graphics/VertexBufferBinding.hpp	class	VertexBuffer
modules/graphics/include/Microsoft/Xna/Framework/Graphics/VertexBufferBinding.hpp	class	VertexBufferBinding
modules/graphics/include/Microsoft/Xna/Framework/Graphics/VertexDeclaration.hpp	class	VertexDeclaration
modules/graphics/include/Microsoft/Xna/Framework/Graphics/VertexElement.hpp	struct	VertexElement
modules/graphics/include/Microsoft/Xna/Framework/Graphics/VertexElementFormat.hpp	enum_class	VertexElementFormat
modules/graphics/include/Microsoft/Xna/Framework/Graphics/VertexElementUsage.hpp	enum_class	VertexElementUsage
modules/graphics/include/Microsoft/Xna/Framework/Graphics/VertexPositionColor.hpp	struct	VertexPositionColor
modules/graphics/include/Microsoft/Xna/Framework/Graphics/VertexPositionColorTexture.hpp	struct	VertexPositionColorTexture
modules/graphics/include/Microsoft/Xna/Framework/Graphics/VertexPositionNormalTexture.hpp	struct	VertexPositionNormalTexture
modules/graphics/include/Microsoft/Xna/Framework/Graphics/VertexPositionTexture.hpp	struct	VertexPositionTexture
modules/graphics/include/Microsoft/Xna/Framework/Graphics/Viewport.hpp	class	Viewport
modules/input/include/CNA/Input/HapticDevice.hpp	struct	SDL_Haptic
modules/input/include/CNA/Internal/Input/GestureDetector.hpp	class	GestureDetector
modules/input/include/CNA/Internal/Input/InputManager.hpp	class	InputManager
modules/input/include/CNA/Internal/Input/InputManager.hpp	enum_class	GamePadAxis
modules/input/include/CNA/Internal/Input/InputManager.hpp	enum_class	GamePadButton
modules/input/include/CNA/Internal/Input/InputManager.hpp	enum_class	MouseButton
modules/input/include/CNA/Internal/Input/InputManager.hpp	struct	RawGamePadState
modules/input/include/CNA/Internal/Input/SdlGamepadBackend.hpp	class	ISdlGamepadBackend
modules/input/include/CNA/Internal/Input/SdlHapticBackend.hpp	class	ISdlHapticBackend
modules/input/include/CNA/Internal/Input/SdlInputBridge.hpp	class	SdlInputBridge
modules/input/include/CNA/Internal/Input/SdlJoystickBackend.hpp	class	ISdlJoystickBackend
modules/input/include/CNA/Internal/Input/SystemDeviceBackend.hpp	struct	ISystemDeviceBackend
modules/input/include/CNA/Internal/Input/SystemKeyboardBackend.hpp	struct	ISystemKeyboardBackend
modules/input/include/CNA/Internal/Input/SystemMouseBackend.hpp	struct	ISystemMouseBackend
modules/input/include/CNA/Internal/Input/SystemPowerBackend.hpp	struct	ISystemPowerBackend
modules/input/include/CNA/Internal/Input/SystemSensorBackend.hpp	struct	ISystemSensorBackend
modules/input/include/Microsoft/Xna/Framework/Input/ButtonState.hpp	enum_class	ButtonState
modules/input/include/Microsoft/Xna/Framework/Input/Buttons.hpp	enum_class	Buttons
modules/input/include/Microsoft/Xna/Framework/Input/GamePad.hpp	class	GamePad
modules/input/include/Microsoft/Xna/Framework/Input/GamePad.hpp	enum_class	GamePadButtonLabelEXT
modules/input/include/Microsoft/Xna/Framework/Input/GamePad.hpp	enum_class	GamePadConnectionStateEXT
modules/input/include/Microsoft/Xna/Framework/Input/GamePad.hpp	enum_class	PowerStateEXT
modules/input/include/Microsoft/Xna/Framework/Input/GamePadButtons.hpp	struct	GamePadButtons
modules/input/include/Microsoft/Xna/Framework/Input/GamePadButtons.hpp	struct	GamePadState
modules/input/include/Microsoft/Xna/Framework/Input/GamePadCapabilities.hpp	struct	GamePadCapabilities
modules/input/include/Microsoft/Xna/Framework/Input/GamePadDPad.hpp	struct	GamePadDPad
modules/input/include/Microsoft/Xna/Framework/Input/GamePadDPad.hpp	struct	GamePadState
modules/input/include/Microsoft/Xna/Framework/Input/GamePadDeadZone.hpp	enum_class	GamePadDeadZone
modules/input/include/Microsoft/Xna/Framework/Input/GamePadState.hpp	struct	GamePadState
modules/input/include/Microsoft/Xna/Framework/Input/GamePadThumbSticks.hpp	class	GamePad
modules/input/include/Microsoft/Xna/Framework/Input/GamePadThumbSticks.hpp	struct	GamePadThumbSticks
modules/input/include/Microsoft/Xna/Framework/Input/GamePadTriggers.hpp	class	GamePad
modules/input/include/Microsoft/Xna/Framework/Input/GamePadTriggers.hpp	struct	GamePadTriggers
modules/input/include/Microsoft/Xna/Framework/Input/GamePadType.hpp	enum_class	GamePadType
modules/input/include/Microsoft/Xna/Framework/Input/KeyState.hpp	enum_class	KeyState
modules/input/include/Microsoft/Xna/Framework/Input/Keyboard.hpp	class	Keyboard
modules/input/include/Microsoft/Xna/Framework/Input/Keyboard.hpp	enum_class	KeyModifiersEXT
modules/input/include/Microsoft/Xna/Framework/Input/KeyboardState.hpp	struct	KeyboardState
modules/input/include/Microsoft/Xna/Framework/Input/Keys.hpp	enum_class	Keys
modules/input/include/Microsoft/Xna/Framework/Input/Mouse.hpp	class	Mouse
modules/input/include/Microsoft/Xna/Framework/Input/MouseCursor.hpp	struct	SDL_Cursor
modules/input/include/Microsoft/Xna/Framework/Input/MouseState.hpp	struct	MouseState
modules/input/include/Microsoft/Xna/Framework/Input/TextInputEXT.hpp	enum_class	TextInputTypeEXT
modules/input/include/Microsoft/Xna/Framework/Input/Touch/GestureSample.hpp	struct	GestureSample
modules/input/include/Microsoft/Xna/Framework/Input/Touch/GestureType.hpp	enum_class	GestureType
modules/input/include/Microsoft/Xna/Framework/Input/Touch/TouchCollection.hpp	struct	TouchCollection
modules/input/include/Microsoft/Xna/Framework/Input/Touch/TouchLocation.hpp	struct	TouchLocation
modules/input/include/Microsoft/Xna/Framework/Input/Touch/TouchLocationState.hpp	enum_class	TouchLocationState
modules/input/include/Microsoft/Xna/Framework/Input/Touch/TouchPanelCapabilities.hpp	struct	TouchPanelCapabilities
modules/math/include/Microsoft/Xna/Framework/BoundingBox.hpp	enum_class	ContainmentType
modules/math/include/Microsoft/Xna/Framework/BoundingBox.hpp	enum_class	PlaneIntersectionType
modules/math/include/Microsoft/Xna/Framework/BoundingBox.hpp	struct	BoundingBox
modules/math/include/Microsoft/Xna/Framework/BoundingBox.hpp	struct	BoundingFrustum
modules/math/include/Microsoft/Xna/Framework/BoundingBox.hpp	struct	BoundingSphere
modules/math/include/Microsoft/Xna/Framework/BoundingBox.hpp	struct	Plane
modules/math/include/Microsoft/Xna/Framework/BoundingBox.hpp	struct	Ray
modules/math/include/Microsoft/Xna/Framework/BoundingFrustum.hpp	class	BoundingFrustum
modules/math/include/Microsoft/Xna/Framework/BoundingFrustum.hpp	struct	BoundingBox
modules/math/include/Microsoft/Xna/Framework/BoundingFrustum.hpp	struct	BoundingSphere
modules/math/include/Microsoft/Xna/Framework/BoundingFrustum.hpp	struct	Ray
modules/math/include/Microsoft/Xna/Framework/BoundingSphere.hpp	class	BoundingFrustum
modules/math/include/Microsoft/Xna/Framework/BoundingSphere.hpp	struct	BoundingBox
modules/math/include/Microsoft/Xna/Framework/BoundingSphere.hpp	struct	BoundingSphere
modules/math/include/Microsoft/Xna/Framework/BoundingSphere.hpp	struct	Matrix
modules/math/include/Microsoft/Xna/Framework/BoundingSphere.hpp	struct	Plane
modules/math/include/Microsoft/Xna/Framework/BoundingSphere.hpp	struct	Ray
modules/math/include/Microsoft/Xna/Framework/Color.hpp	struct	Color
modules/math/include/Microsoft/Xna/Framework/ContainmentType.hpp	enum_class	ContainmentType
modules/math/include/Microsoft/Xna/Framework/Curve.hpp	class	Curve
modules/math/include/Microsoft/Xna/Framework/CurveContinuity.hpp	enum_class	CurveContinuity
modules/math/include/Microsoft/Xna/Framework/CurveKey.hpp	class	CurveKey
modules/math/include/Microsoft/Xna/Framework/CurveKeyCollection.hpp	class	CurveKeyCollection
modules/math/include/Microsoft/Xna/Framework/CurveLoopType.hpp	enum_class	CurveLoopType
modules/math/include/Microsoft/Xna/Framework/CurveTangent.hpp	enum_class	CurveTangent
modules/math/include/Microsoft/Xna/Framework/Graphics/PackedVector/IPackedVector.hpp	struct	IPackedVector
modules/math/include/Microsoft/Xna/Framework/Graphics/PackedVector/IPackedVector.hpp	struct	IPackedVectorT
modules/math/include/Microsoft/Xna/Framework/Graphics/PackedVector/IPackedVector.hpp	struct	Vector4
modules/math/include/Microsoft/Xna/Framework/Matrix.hpp	struct	Matrix
modules/math/include/Microsoft/Xna/Framework/Matrix.hpp	struct	Plane
modules/math/include/Microsoft/Xna/Framework/Matrix.hpp	struct	Quaternion
modules/math/include/Microsoft/Xna/Framework/Plane.hpp	class	BoundingFrustum
modules/math/include/Microsoft/Xna/Framework/Plane.hpp	struct	BoundingBox
modules/math/include/Microsoft/Xna/Framework/Plane.hpp	struct	BoundingSphere
modules/math/include/Microsoft/Xna/Framework/Plane.hpp	struct	Matrix
modules/math/include/Microsoft/Xna/Framework/Plane.hpp	struct	Plane
modules/math/include/Microsoft/Xna/Framework/Plane.hpp	struct	Quaternion
modules/math/include/Microsoft/Xna/Framework/PlaneIntersectionType.hpp	enum_class	PlaneIntersectionType
modules/math/include/Microsoft/Xna/Framework/Point.hpp	struct	Point
modules/math/include/Microsoft/Xna/Framework/Quaternion.hpp	struct	Quaternion
modules/math/include/Microsoft/Xna/Framework/Ray.hpp	class	BoundingFrustum
modules/math/include/Microsoft/Xna/Framework/Ray.hpp	struct	BoundingBox
modules/math/include/Microsoft/Xna/Framework/Ray.hpp	struct	BoundingSphere
modules/math/include/Microsoft/Xna/Framework/Ray.hpp	struct	Plane
modules/math/include/Microsoft/Xna/Framework/Ray.hpp	struct	Ray
modules/math/include/Microsoft/Xna/Framework/Rectangle.hpp	struct	Rectangle
modules/math/include/Microsoft/Xna/Framework/Vector2.hpp	struct	Matrix
modules/math/include/Microsoft/Xna/Framework/Vector2.hpp	struct	Quaternion
modules/math/include/Microsoft/Xna/Framework/Vector2.hpp	struct	Vector2
modules/math/include/Microsoft/Xna/Framework/Vector3.hpp	struct	Matrix
modules/math/include/Microsoft/Xna/Framework/Vector3.hpp	struct	Quaternion
modules/math/include/Microsoft/Xna/Framework/Vector3.hpp	struct	Vector3
modules/math/include/Microsoft/Xna/Framework/Vector4.hpp	struct	Matrix
modules/math/include/Microsoft/Xna/Framework/Vector4.hpp	struct	Quaternion
modules/math/include/Microsoft/Xna/Framework/Vector4.hpp	struct	Vector4
modules/media/include/CNA/Internal/Media/AudioDurationProbe.hpp	class	AudioDurationProbe
modules/media/include/CNA/Internal/Media/AudioTagParser.hpp	class	AudioTagParser
modules/media/include/CNA/Internal/Media/AudioTagParser.hpp	struct	AudioTags
modules/media/include/CNA/Internal/Media/MediaCollectionBase.hpp	class	MediaCollectionBase
modules/media/include/CNA/Internal/Media/MediaLibraryIndex.hpp	class	MediaLibraryIndex
modules/media/include/CNA/Internal/Media/MediaLibraryIndex.hpp	struct	IndexedSong
modules/media/include/CNA/Internal/Media/MediaLibraryPaths.hpp	class	MediaLibraryPaths
modules/media/include/CNA/Internal/Media/PictureLibraryIndex.hpp	class	PictureLibraryIndex
modules/media/include/CNA/Internal/Media/PictureLibraryIndex.hpp	struct	IndexedPicture
modules/media/include/CNA/Internal/Media/PictureLibraryIndex.hpp	struct	PictureAlbumNode
modules/media/include/CNA/Internal/Media/PlaylistParser.hpp	class	PlaylistParser
modules/media/include/CNA/Internal/Media/PlaylistParser.hpp	struct	ParsedPlaylist
modules/media/include/CNA/Internal/Media/SavedPictureStore.hpp	class	SavedPictureStore
modules/media/include/CNA/Internal/Media/ThumbnailGenerator.hpp	class	ThumbnailGenerator
modules/media/include/CNA/Internal/Media/VideoDecoder.hpp	class	VideoDecoder
modules/media/include/CNA/Internal/Media/VideoDecoder.hpp	struct	AVCodec
modules/media/include/CNA/Internal/Media/VideoDecoder.hpp	struct	AVCodecContext
modules/media/include/CNA/Internal/Media/VideoDecoder.hpp	struct	AVCodecParameters
modules/media/include/CNA/Internal/Media/VideoDecoder.hpp	struct	AVFormatContext
modules/media/include/CNA/Internal/Media/VideoDecoder.hpp	struct	AVFrame
modules/media/include/CNA/Internal/Media/VideoDecoder.hpp	struct	AVPacket
modules/media/include/CNA/Internal/Media/VideoDecoder.hpp	struct	SwrContext
modules/media/include/CNA/Internal/Media/VisualizationCapture.hpp	class	VisualizationCapture
modules/media/include/CNA/Internal/Media/VisualizationFFT.hpp	class	VisualizationFFT
modules/media/include/Microsoft/Xna/Framework/Media/Album.hpp	class	Artist
modules/media/include/Microsoft/Xna/Framework/Media/Album.hpp	class	Genre
modules/media/include/Microsoft/Xna/Framework/Media/Album.hpp	class	MediaLibrary
modules/media/include/Microsoft/Xna/Framework/Media/Album.hpp	class	SongCollection
modules/media/include/Microsoft/Xna/Framework/Media/AlbumCollection.hpp	class	Album
modules/media/include/Microsoft/Xna/Framework/Media/AlbumCollection.hpp	class	MediaLibrary
modules/media/include/Microsoft/Xna/Framework/Media/Artist.hpp	class	AlbumCollection
modules/media/include/Microsoft/Xna/Framework/Media/Artist.hpp	class	MediaLibrary
modules/media/include/Microsoft/Xna/Framework/Media/Artist.hpp	class	SongCollection
modules/media/include/Microsoft/Xna/Framework/Media/ArtistCollection.hpp	class	Artist
modules/media/include/Microsoft/Xna/Framework/Media/ArtistCollection.hpp	class	MediaLibrary
modules/media/include/Microsoft/Xna/Framework/Media/Genre.hpp	class	AlbumCollection
modules/media/include/Microsoft/Xna/Framework/Media/Genre.hpp	class	MediaLibrary
modules/media/include/Microsoft/Xna/Framework/Media/Genre.hpp	class	SongCollection
modules/media/include/Microsoft/Xna/Framework/Media/GenreCollection.hpp	class	Genre
modules/media/include/Microsoft/Xna/Framework/Media/GenreCollection.hpp	class	MediaLibrary
modules/media/include/Microsoft/Xna/Framework/Media/MediaLibrary.hpp	class	PictureLibraryIndex
modules/media/include/Microsoft/Xna/Framework/Media/MediaSource.hpp	class	MediaLibrary
modules/media/include/Microsoft/Xna/Framework/Media/MediaSourceType.hpp	enum_class	MediaSourceType
modules/media/include/Microsoft/Xna/Framework/Media/MediaState.hpp	enum_class	MediaState
modules/media/include/Microsoft/Xna/Framework/Media/Picture.hpp	class	MediaLibrary
modules/media/include/Microsoft/Xna/Framework/Media/Picture.hpp	class	PictureAlbum
modules/media/include/Microsoft/Xna/Framework/Media/PictureAlbum.hpp	class	MediaLibrary
modules/media/include/Microsoft/Xna/Framework/Media/PictureAlbum.hpp	class	PictureAlbumCollection
modules/media/include/Microsoft/Xna/Framework/Media/PictureAlbum.hpp	class	PictureCollection
modules/media/include/Microsoft/Xna/Framework/Media/PictureAlbumCollection.hpp	class	MediaLibrary
modules/media/include/Microsoft/Xna/Framework/Media/PictureAlbumCollection.hpp	class	PictureAlbum
modules/media/include/Microsoft/Xna/Framework/Media/PictureCollection.hpp	class	MediaLibrary
modules/media/include/Microsoft/Xna/Framework/Media/PictureCollection.hpp	class	Picture
modules/media/include/Microsoft/Xna/Framework/Media/Playlist.hpp	class	MediaLibrary
modules/media/include/Microsoft/Xna/Framework/Media/Playlist.hpp	class	SongCollection
modules/media/include/Microsoft/Xna/Framework/Media/PlaylistCollection.hpp	class	MediaLibrary
modules/media/include/Microsoft/Xna/Framework/Media/PlaylistCollection.hpp	class	Playlist
modules/media/include/Microsoft/Xna/Framework/Media/Song.hpp	class	Album
modules/media/include/Microsoft/Xna/Framework/Media/Song.hpp	class	Artist
modules/media/include/Microsoft/Xna/Framework/Media/Song.hpp	class	Genre
modules/media/include/Microsoft/Xna/Framework/Media/Song.hpp	class	MediaLibrary
modules/media/include/Microsoft/Xna/Framework/Media/Video/Video.hpp	class	GraphicsDevice
modules/media/include/Microsoft/Xna/Framework/Media/Video/Video.hpp	class	VideoPlayer
modules/media/include/Microsoft/Xna/Framework/Media/Video/VideoPlayer.hpp	class	GraphicsDevice
modules/media/include/Microsoft/Xna/Framework/Media/Video/VideoPlayer.hpp	class	Texture2D
modules/media/include/Microsoft/Xna/Framework/Media/Video/VideoPlayer.hpp	class	VideoDecoder
modules/media/include/Microsoft/Xna/Framework/Media/Video/VideoPlayer.hpp	struct	SDL_AudioStream
modules/media/include/Microsoft/Xna/Framework/Media/Video/VideoPlayer.hpp	struct	VideoInfo
modules/media/include/Microsoft/Xna/Framework/Media/VideoSoundtrackType.hpp	enum_class	VideoSoundtrackType
modules/media/include/Microsoft/Xna/Framework/Media/VisualizationData.hpp	class	VisualizationData
modules/net/include/CNA/Internal/Net/ENetBackend.hpp	class	ENetBackend
modules/net/include/CNA/Internal/Net/ENetBackend.hpp	class	NetworkGamer
modules/net/include/CNA/Internal/Net/ENetBackend.hpp	class	NetworkSession
modules/net/include/CNA/Internal/Net/ENetDiscoveryService.hpp	class	ENetDiscoveryService
modules/net/include/CNA/Internal/Net/ENetDiscoveryService.hpp	class	NetworkSession
modules/net/include/CNA/Internal/Net/ENetHostHandle.hpp	class	ENetHostHandle
modules/net/include/CNA/Internal/Net/ENetLibrary.hpp	class	ENetLibrary
modules/net/include/CNA/Internal/Net/NetDiscoveryProtocol.hpp	class	NetDiscoveryProtocol
modules/net/include/CNA/Internal/Net/NetDiscoveryProtocol.hpp	enum_class	DiscoveryMessageTag
modules/net/include/CNA/Internal/Net/NetDiscoveryProtocol.hpp	struct	DiscoveryAnnounceMessage
modules/net/include/CNA/Internal/Net/NetDiscoveryProtocol.hpp	struct	DiscoveryQueryMessage
modules/net/include/CNA/Internal/Net/NetPacketCodec.hpp	class	NetPacketCodec
modules/net/include/CNA/Internal/Net/NetPacketCodec.hpp	enum_class	MessageTag
modules/net/include/CNA/Internal/Net/NetPacketCodec.hpp	struct	AppDataMessage
modules/net/include/CNA/Internal/Net/NetPacketCodec.hpp	struct	ClientHelloMessage
modules/net/include/CNA/Internal/Net/NetPacketCodec.hpp	struct	GamerJoinBroadcastMessage
modules/net/include/CNA/Internal/Net/NetPacketCodec.hpp	struct	GamerLeaveBroadcastMessage
modules/net/include/CNA/Internal/Net/NetPacketCodec.hpp	struct	RosterEntry
modules/net/include/CNA/Internal/Net/NetPacketCodec.hpp	struct	ServerWelcomeMessage
modules/net/include/CNA/Internal/Net/NetPacketCodec.hpp	struct	StateChangeBroadcastMessage
modules/net/include/Microsoft/Xna/Framework/Net/GameEndedEventArgs.hpp	class	GameEndedEventArgs
modules/net/include/Microsoft/Xna/Framework/Net/GameStartedEventArgs.hpp	class	GameStartedEventArgs
modules/net/include/Microsoft/Xna/Framework/Net/GamerJoinedEventArgs.hpp	class	GamerJoinedEventArgs
modules/net/include/Microsoft/Xna/Framework/Net/GamerJoinedEventArgs.hpp	class	NetworkGamer
modules/net/include/Microsoft/Xna/Framework/Net/GamerLeftEventArgs.hpp	class	GamerLeftEventArgs
modules/net/include/Microsoft/Xna/Framework/Net/GamerLeftEventArgs.hpp	class	NetworkGamer
modules/net/include/Microsoft/Xna/Framework/Net/HostChangedEventArgs.hpp	class	HostChangedEventArgs
modules/net/include/Microsoft/Xna/Framework/Net/HostChangedEventArgs.hpp	class	NetworkGamer
modules/net/include/Microsoft/Xna/Framework/Net/LocalNetworkGamer.hpp	class	SignedInGamer
modules/net/include/Microsoft/Xna/Framework/Net/NetworkGamer.hpp	class	NetworkGamer
modules/net/include/Microsoft/Xna/Framework/Net/NetworkGamer.hpp	class	NetworkSession
modules/net/include/Microsoft/Xna/Framework/Net/NetworkMachine.hpp	class	NetworkGamer
modules/net/include/Microsoft/Xna/Framework/Net/NetworkSession.hpp	class	LocalNetworkGamer
modules/net/include/Microsoft/Xna/Framework/Net/NetworkSession.hpp	class	NetworkGamer
modules/net/include/Microsoft/Xna/Framework/Net/NetworkSession.hpp	class	NetworkSessionAction
modules/net/include/Microsoft/Xna/Framework/Net/NetworkSession.hpp	class	SignedInGamer
modules/net/include/Microsoft/Xna/Framework/Net/NetworkSession.hpp	enum_class	NetworkEventType
modules/net/include/Microsoft/Xna/Framework/Net/NetworkSession.hpp	struct	NetworkEvent
modules/net/include/Microsoft/Xna/Framework/Net/NetworkSessionEndReason.hpp	enum_class	NetworkSessionEndReason
modules/net/include/Microsoft/Xna/Framework/Net/NetworkSessionEndedEventArgs.hpp	class	NetworkSessionEndedEventArgs
modules/net/include/Microsoft/Xna/Framework/Net/NetworkSessionJoinError.hpp	enum_class	NetworkSessionJoinError
modules/net/include/Microsoft/Xna/Framework/Net/NetworkSessionJoinException.hpp	class	NetworkSessionJoinException
modules/net/include/Microsoft/Xna/Framework/Net/NetworkSessionProperties.hpp	class	Enumerator
modules/net/include/Microsoft/Xna/Framework/Net/NetworkSessionProperties.hpp	class	NetworkSessionProperties
modules/net/include/Microsoft/Xna/Framework/Net/NetworkSessionState.hpp	enum_class	NetworkSessionState
modules/net/include/Microsoft/Xna/Framework/Net/NetworkSessionType.hpp	enum_class	NetworkSessionType
modules/net/include/Microsoft/Xna/Framework/Net/SendDataOptions.hpp	enum_class	SendDataOptions
modules/net/include/Microsoft/Xna/Framework/Net/WriteLeaderboardsEventArgs.hpp	class	NetworkGamer
modules/renderers/ascii/include/CNA/Internal/Renderers/Ascii/AsciiQuantizer.hpp	enum_class	AsciiQuantizeMode
modules/renderers/ascii/include/CNA/Internal/Renderers/Ascii/AsciiQuantizer.hpp	struct	AsciiCell
modules/renderers/ascii/include/CNA/Internal/Renderers/Ascii/AsciiQuantizer.hpp	struct	AsciiGrid
modules/renderers/ascii/include/CNA/Internal/Renderers/Ascii/AsciiRenderer.hpp	class	AsciiRenderer
modules/renderers/bgfx/include/CNA/Internal/Renderers/Bgfx/BgfxRenderer.hpp	class	BgfxEffectRenderer
modules/renderers/bgfx/include/CNA/Internal/Renderers/Bgfx/BgfxRenderer.hpp	class	BgfxIndexBufferRenderer
modules/renderers/bgfx/include/CNA/Internal/Renderers/Bgfx/BgfxRenderer.hpp	class	BgfxOcclusionQueryRenderer
modules/renderers/bgfx/include/CNA/Internal/Renderers/Bgfx/BgfxRenderer.hpp	class	BgfxRenderTargetCubeRenderer
modules/renderers/bgfx/include/CNA/Internal/Renderers/Bgfx/BgfxRenderer.hpp	class	BgfxRenderTargetRenderer
modules/renderers/bgfx/include/CNA/Internal/Renderers/Bgfx/BgfxRenderer.hpp	class	BgfxRenderer
modules/renderers/bgfx/include/CNA/Internal/Renderers/Bgfx/BgfxRenderer.hpp	class	BgfxRenderer
modules/renderers/bgfx/include/CNA/Internal/Renderers/Bgfx/BgfxRenderer.hpp	class	BgfxSpriteBatchRenderer
modules/renderers/bgfx/include/CNA/Internal/Renderers/Bgfx/BgfxRenderer.hpp	class	BgfxTexture3DRenderer
modules/renderers/bgfx/include/CNA/Internal/Renderers/Bgfx/BgfxRenderer.hpp	class	BgfxTextureCubeRenderer
modules/renderers/bgfx/include/CNA/Internal/Renderers/Bgfx/BgfxRenderer.hpp	class	BgfxTextureRenderer
modules/renderers/bgfx/include/CNA/Internal/Renderers/Bgfx/BgfxRenderer.hpp	class	BgfxVertexBufferRenderer
modules/renderers/bgfx/include/CNA/Internal/Renderers/Bgfx/BgfxRenderer.hpp	struct	BgfxCnaCallback
modules/renderers/bgfx/include/CNA/Internal/Renderers/Bgfx/BgfxRenderer.hpp	struct	IBgfxCubeSamplable
modules/renderers/bgfx/include/CNA/Internal/Renderers/Bgfx/BgfxRenderer.hpp	struct	IBgfxSamplable
modules/renderers/bgfx/include/CNA/Internal/Renderers/Bgfx/BgfxVertexFormatHelper.hpp	struct	BgfxAttribInfo
modules/renderers/canvas/include/CNA/Internal/Renderers/Canvas/CanvasRenderer.hpp	enum_class	CanvasCompositeOp
modules/renderers/canvas/include/CNA/Internal/Renderers/Canvas/CanvasTextureRenderer.hpp	class	CanvasTextureRenderer
modules/renderers/common/d3d/include/CNA/Internal/Renderers/D3DCommon/D3DShaderCache.hpp	enum_class	D3DShaderVariant
modules/renderers/diligent/include/CNA/Internal/Renderers/Diligent/DiligentDeviceSelection.hpp	enum_class	DiligentDeviceType
modules/renderers/diligent/include/CNA/Internal/Renderers/Diligent/DiligentRenderer.hpp	class	DiligentRenderer
modules/renderers/diligent/include/CNA/Internal/Renderers/Diligent/DiligentRenderer.hpp	class	DiligentSampledTexture
modules/renderers/diligent/include/CNA/Internal/Renderers/Diligent/DiligentRenderer.hpp	enum_class	ShaderVariant
modules/renderers/diligent/include/CNA/Internal/Renderers/Diligent/DiligentRenderer.hpp	struct	CachedPipeline
modules/renderers/diligent/include/CNA/Internal/Renderers/Diligent/DiligentRenderer.hpp	struct	LogicalViewport
modules/renderers/diligent/include/CNA/Internal/Renderers/Diligent/DiligentRenderer.hpp	struct	PipelineKey
modules/renderers/diligent/include/CNA/Internal/Renderers/Diligent/DiligentRenderer.hpp	struct	PipelineKeyHash
modules/renderers/diligent/include/CNA/Internal/Renderers/Diligent/DiligentRenderer.hpp	struct	SDL_GLContextState
modules/renderers/diligent/include/CNA/Internal/Renderers/Diligent/DiligentRenderer.hpp	struct	SamplerSlotState
modules/renderers/diligent/include/CNA/Internal/Renderers/Diligent/DiligentRenderer.hpp	struct	ShaderConstants
modules/renderers/diligent/include/CNA/Internal/Renderers/Diligent/DiligentRenderer.hpp	struct	SpriteVertex
modules/renderers/diligent/include/CNA/Internal/Renderers/Diligent/DiligentShaderSources.hpp	struct	PSInput
modules/renderers/diligent/include/CNA/Internal/Renderers/Diligent/DiligentShaderSources.hpp	struct	PSInput
modules/renderers/diligent/include/CNA/Internal/Renderers/Diligent/DiligentShaderSources.hpp	struct	PSInput
modules/renderers/diligent/include/CNA/Internal/Renderers/Diligent/DiligentShaderSources.hpp	struct	PSInput
modules/renderers/diligent/include/CNA/Internal/Renderers/Diligent/DiligentShaderSources.hpp	struct	PSInput
modules/renderers/diligent/include/CNA/Internal/Renderers/Diligent/DiligentShaderSources.hpp	struct	PSInput
modules/renderers/diligent/include/CNA/Internal/Renderers/Diligent/DiligentShaderSources.hpp	struct	PSInput
modules/renderers/diligent/include/CNA/Internal/Renderers/Diligent/DiligentShaderSources.hpp	struct	PSInput
modules/renderers/diligent/include/CNA/Internal/Renderers/Diligent/DiligentShaderSources.hpp	struct	PSInput
modules/renderers/diligent/include/CNA/Internal/Renderers/Diligent/DiligentShaderSources.hpp	struct	PSInput
modules/renderers/diligent/include/CNA/Internal/Renderers/Diligent/DiligentShaderSources.hpp	struct	PSInput
modules/renderers/diligent/include/CNA/Internal/Renderers/Diligent/DiligentShaderSources.hpp	struct	PSInput
modules/renderers/diligent/include/CNA/Internal/Renderers/Diligent/DiligentShaderSources.hpp	struct	PSInput
modules/renderers/diligent/include/CNA/Internal/Renderers/Diligent/DiligentShaderSources.hpp	struct	PSInput
modules/renderers/diligent/include/CNA/Internal/Renderers/Diligent/DiligentShaderSources.hpp	struct	PSInput
modules/renderers/diligent/include/CNA/Internal/Renderers/Diligent/DiligentShaderSources.hpp	struct	PSInput
modules/renderers/diligent/include/CNA/Internal/Renderers/Diligent/DiligentShaderSources.hpp	struct	PSInput
modules/renderers/diligent/include/CNA/Internal/Renderers/Diligent/DiligentShaderSources.hpp	struct	PSInput
modules/renderers/diligent/include/CNA/Internal/Renderers/Diligent/DiligentShaderSources.hpp	struct	PSInput
modules/renderers/diligent/include/CNA/Internal/Renderers/Diligent/DiligentShaderSources.hpp	struct	PSInput
modules/renderers/diligent/include/CNA/Internal/Renderers/Diligent/DiligentShaderSources.hpp	struct	PSInput
modules/renderers/diligent/include/CNA/Internal/Renderers/Diligent/DiligentShaderSources.hpp	struct	PSInput
modules/renderers/diligent/include/CNA/Internal/Renderers/Diligent/DiligentShaderSources.hpp	struct	PSOutput
modules/renderers/diligent/include/CNA/Internal/Renderers/Diligent/DiligentShaderSources.hpp	struct	PSOutput
modules/renderers/diligent/include/CNA/Internal/Renderers/Diligent/DiligentShaderSources.hpp	struct	PSOutput
modules/renderers/diligent/include/CNA/Internal/Renderers/Diligent/DiligentShaderSources.hpp	struct	PSOutput
modules/renderers/diligent/include/CNA/Internal/Renderers/Diligent/DiligentShaderSources.hpp	struct	PSOutput
modules/renderers/diligent/include/CNA/Internal/Renderers/Diligent/DiligentShaderSources.hpp	struct	PSOutput
modules/renderers/diligent/include/CNA/Internal/Renderers/Diligent/DiligentShaderSources.hpp	struct	PSOutput
modules/renderers/diligent/include/CNA/Internal/Renderers/Diligent/DiligentShaderSources.hpp	struct	PSOutput
modules/renderers/diligent/include/CNA/Internal/Renderers/Diligent/DiligentShaderSources.hpp	struct	VSInput
modules/renderers/diligent/include/CNA/Internal/Renderers/Diligent/DiligentShaderSources.hpp	struct	VSInput
modules/renderers/diligent/include/CNA/Internal/Renderers/Diligent/DiligentShaderSources.hpp	struct	VSInput
modules/renderers/diligent/include/CNA/Internal/Renderers/Diligent/DiligentShaderSources.hpp	struct	VSInput
modules/renderers/diligent/include/CNA/Internal/Renderers/Diligent/DiligentShaderSources.hpp	struct	VSInput
modules/renderers/diligent/include/CNA/Internal/Renderers/Diligent/DiligentShaderSources.hpp	struct	VSInput
modules/renderers/diligent/include/CNA/Internal/Renderers/Diligent/DiligentShaderSources.hpp	struct	VSInput
modules/renderers/diligent/include/CNA/Internal/Renderers/Diligent/DiligentShaderSources.hpp	struct	VSInput
modules/renderers/diligent/include/CNA/Internal/Renderers/Diligent/DiligentShaderSources.hpp	struct	VSInput
modules/renderers/diligent/include/CNA/Internal/Renderers/Diligent/DiligentShaderSources.hpp	struct	VSInput
modules/renderers/diligent/include/CNA/Internal/Renderers/Diligent/DiligentShaderSources.hpp	struct	VSInput
modules/renderers/diligent/include/CNA/Internal/Renderers/Diligent/DiligentShaderSources.hpp	struct	VSInput
modules/renderers/diligent/include/CNA/Internal/Renderers/Diligent/DiligentShaderSources.hpp	struct	VSInput
modules/renderers/direct2d/include/CNA/Internal/Renderers/Direct2D/Direct2DRenderer.hpp	class	Direct2DRenderer
modules/renderers/direct2d/include/CNA/Internal/Renderers/Direct2D/Direct2DRenderer.hpp	enum_class	Direct2DBlendMode
modules/renderers/direct2d/include/CNA/Internal/Renderers/Direct2D/Direct2DRenderer.hpp	struct	PresentationTransform
modules/renderers/directx1/include/CNA/Internal/Renderers/DirectX1/DirectX1Renderer.hpp	struct	Impl
modules/renderers/directx10/include/CNA/Internal/Renderers/DirectX10/DirectX10Renderer.hpp	struct	Impl
modules/renderers/directx11/include/CNA/Internal/Renderers/DirectX11/D3D11InputLayoutCache.hpp	class	D3D11InputLayoutCache
modules/renderers/directx11/include/CNA/Internal/Renderers/DirectX11/D3D11RenderTargets.hpp	class	DirectX11Renderer
modules/renderers/directx11/include/CNA/Internal/Renderers/DirectX11/D3D11SamplerCache.hpp	class	D3D11SamplerCache
modules/renderers/directx11/include/CNA/Internal/Renderers/DirectX11/D3D11SpriteBatch.hpp	class	D3D11EffectRenderer
modules/renderers/directx11/include/CNA/Internal/Renderers/DirectX11/D3D11SpriteBatch.hpp	class	DirectX11Renderer
modules/renderers/directx11/include/CNA/Internal/Renderers/DirectX11/D3D11SpriteBatch.hpp	struct	Sprite2DVertex
modules/renderers/directx11/include/CNA/Internal/Renderers/DirectX11/D3D11StateObjectCache.hpp	class	D3D11BlendStateCache
modules/renderers/directx11/include/CNA/Internal/Renderers/DirectX11/D3D11StateObjectCache.hpp	class	D3D11DepthStencilStateCache
modules/renderers/directx11/include/CNA/Internal/Renderers/DirectX11/D3D11StateObjectCache.hpp	class	D3D11RasterizerStateCache
modules/renderers/directx11/include/CNA/Internal/Renderers/DirectX11/DirectX11Renderer.hpp	class	D3D11RenderTargetCubeRenderer
modules/renderers/directx11/include/CNA/Internal/Renderers/DirectX11/DirectX11Renderer.hpp	class	D3D11RenderTargetRenderer
modules/renderers/directx12/include/CNA/Internal/Renderers/DirectX12/D3D12Buffers.hpp	class	DirectX12Renderer
modules/renderers/directx12/include/CNA/Internal/Renderers/DirectX12/D3D12DescriptorHeaps.hpp	class	D3D12CpuDescriptorAllocator
modules/renderers/directx12/include/CNA/Internal/Renderers/DirectX12/D3D12DescriptorHeaps.hpp	class	D3D12ShaderVisibleDescriptorAllocator
modules/renderers/directx12/include/CNA/Internal/Renderers/DirectX12/D3D12DescriptorHeaps.hpp	struct	Block
modules/renderers/directx12/include/CNA/Internal/Renderers/DirectX12/D3D12DescriptorHeaps.hpp	struct	D3D12DescriptorFenceClock
modules/renderers/directx12/include/CNA/Internal/Renderers/DirectX12/D3D12DescriptorHeaps.hpp	struct	D3D12DescriptorHeapStats
modules/renderers/directx12/include/CNA/Internal/Renderers/DirectX12/D3D12DescriptorHeaps.hpp	struct	D3D12DescriptorHeaps
modules/renderers/directx12/include/CNA/Internal/Renderers/DirectX12/D3D12DescriptorHeaps.hpp	struct	PendingFree
modules/renderers/directx12/include/CNA/Internal/Renderers/DirectX12/D3D12DescriptorHeaps.hpp	struct	PendingFree
modules/renderers/directx12/include/CNA/Internal/Renderers/DirectX12/D3D12DescriptorHeaps.hpp	struct	RetiredHeaps
modules/renderers/directx12/include/CNA/Internal/Renderers/DirectX12/D3D12EffectRenderer.hpp	class	DirectX12Renderer
modules/renderers/directx12/include/CNA/Internal/Renderers/DirectX12/D3D12OcclusionQuery.hpp	class	DirectX12Renderer
modules/renderers/directx12/include/CNA/Internal/Renderers/DirectX12/D3D12PipelineStateCache.hpp	class	D3D12PipelineStateCache
modules/renderers/directx12/include/CNA/Internal/Renderers/DirectX12/D3D12PipelineStateCache.hpp	struct	D3D12PipelineStateDesc
modules/renderers/directx12/include/CNA/Internal/Renderers/DirectX12/D3D12RenderTargets.hpp	class	DirectX12Renderer
modules/renderers/directx12/include/CNA/Internal/Renderers/DirectX12/D3D12ResourceStateTracker.hpp	class	D3D12ResourceStateTracker
modules/renderers/directx12/include/CNA/Internal/Renderers/DirectX12/D3D12RootSignatureCache.hpp	class	D3D12RootSignatureCache
modules/renderers/directx12/include/CNA/Internal/Renderers/DirectX12/D3D12SamplerCache.hpp	class	D3D12SamplerCache
modules/renderers/directx12/include/CNA/Internal/Renderers/DirectX12/D3D12SpriteBatch.hpp	class	DirectX12Renderer
modules/renderers/directx12/include/CNA/Internal/Renderers/DirectX12/D3D12SpriteBatch.hpp	struct	Sprite2DVertex
modules/renderers/directx12/include/CNA/Internal/Renderers/DirectX12/D3D12Texture3D.hpp	class	DirectX12Renderer
modules/renderers/directx12/include/CNA/Internal/Renderers/DirectX12/D3D12TextureCube.hpp	class	DirectX12Renderer
modules/renderers/directx12/include/CNA/Internal/Renderers/DirectX12/D3D12Textures.hpp	class	DirectX12Renderer
modules/renderers/directx2/include/CNA/Internal/Renderers/DirectX2/DirectX2Renderer.hpp	struct	Impl
modules/renderers/directx3/include/CNA/Internal/Renderers/DirectX3/DirectX3Renderer.hpp	struct	Impl
modules/renderers/directx5/include/CNA/Internal/Renderers/DirectX5/DirectX5Renderer.hpp	struct	Impl
modules/renderers/directx6/include/CNA/Internal/Renderers/DirectX6/DirectX6Renderer.hpp	struct	Impl
modules/renderers/directx7/include/CNA/Internal/Renderers/DirectX7/DirectX7Renderer.hpp	struct	Impl
modules/renderers/directx8/include/CNA/Internal/Renderers/DirectX8/DirectX8Renderer.hpp	struct	Impl
modules/renderers/directx9/include/CNA/Internal/Renderers/DirectX9/D3D9Buffers.hpp	class	DirectX9Renderer
modules/renderers/directx9/include/CNA/Internal/Renderers/DirectX9/D3D9ConstantTable.hpp	enum_class	D3D9RegisterSetEXT
modules/renderers/directx9/include/CNA/Internal/Renderers/DirectX9/D3D9ConstantTable.hpp	struct	D3D9ShaderConstantEXT
modules/renderers/directx9/include/CNA/Internal/Renderers/DirectX9/D3D9DefaultPoolResourceEXT.hpp	class	ID3D9DefaultPoolResourceEXT
modules/renderers/directx9/include/CNA/Internal/Renderers/DirectX9/D3D9RenderTargets.hpp	class	DirectX9Renderer
modules/renderers/directx9/include/CNA/Internal/Renderers/DirectX9/D3D9ShaderCache.hpp	class	D3D9ShaderCache
modules/renderers/directx9/include/CNA/Internal/Renderers/DirectX9/D3D9SpriteBatch.hpp	class	DirectX9Renderer
modules/renderers/directx9/include/CNA/Internal/Renderers/DirectX9/D3D9SpriteBatch.hpp	struct	SpriteVertex
modules/renderers/directx9/include/CNA/Internal/Renderers/DirectX9/D3D9StateMapping.hpp	struct	D3D9FilterTriple
modules/renderers/directx9/include/CNA/Internal/Renderers/DirectX9/DirectX9Renderer.hpp	class	D3D9RenderTargetCubeRenderer
modules/renderers/directx9/include/CNA/Internal/Renderers/DirectX9/DirectX9Renderer.hpp	class	D3D9RenderTargetRenderer
modules/renderers/directx9/include/CNA/Internal/Renderers/DirectX9/DirectX9Renderer.hpp	class	D3D9ShaderCache
modules/renderers/directx9/include/CNA/Internal/Renderers/DirectX9/DirectX9Renderer.hpp	enum_class	D3D9NativeOperationEXT
modules/renderers/directx9/include/CNA/Internal/Renderers/DirectX9/DirectX9Renderer.hpp	struct	NativeFailureInjectionEXT
modules/renderers/directx9/include/CNA/Internal/Renderers/DirectX9/shaders/D3D9ShaderRegisters.hpp	struct	D3D9ShaderConstantSlot
modules/renderers/easygl/include/CNA/Internal/Renderers/EasyGL/EasyGLRenderer.hpp	class	EasyGLEffectRenderer
modules/renderers/easygl/include/CNA/Internal/Renderers/EasyGL/EasyGLRenderer.hpp	class	EasyGLIndexBufferRenderer
modules/renderers/easygl/include/CNA/Internal/Renderers/EasyGL/EasyGLRenderer.hpp	class	EasyGLOcclusionQueryRenderer
modules/renderers/easygl/include/CNA/Internal/Renderers/EasyGL/EasyGLRenderer.hpp	class	EasyGLRenderTargetCubeRenderer
modules/renderers/easygl/include/CNA/Internal/Renderers/EasyGL/EasyGLRenderer.hpp	class	EasyGLRenderTargetCubeRenderer
modules/renderers/easygl/include/CNA/Internal/Renderers/EasyGL/EasyGLRenderer.hpp	class	EasyGLRenderTargetRenderer
modules/renderers/easygl/include/CNA/Internal/Renderers/EasyGL/EasyGLRenderer.hpp	class	EasyGLRenderTargetRenderer
modules/renderers/easygl/include/CNA/Internal/Renderers/EasyGL/EasyGLRenderer.hpp	class	EasyGLRenderer
modules/renderers/easygl/include/CNA/Internal/Renderers/EasyGL/EasyGLRenderer.hpp	class	EasyGLRenderer
modules/renderers/easygl/include/CNA/Internal/Renderers/EasyGL/EasyGLRenderer.hpp	class	EasyGLSpriteBatchRenderer
modules/renderers/easygl/include/CNA/Internal/Renderers/EasyGL/EasyGLRenderer.hpp	class	EasyGLTexture3DRenderer
modules/renderers/easygl/include/CNA/Internal/Renderers/EasyGL/EasyGLRenderer.hpp	class	EasyGLTextureCubeRenderer
modules/renderers/easygl/include/CNA/Internal/Renderers/EasyGL/EasyGLRenderer.hpp	class	EasyGLTextureRenderer
modules/renderers/easygl/include/CNA/Internal/Renderers/EasyGL/EasyGLRenderer.hpp	class	EasyGLVertexBufferRenderer
modules/renderers/easygl/include/CNA/Internal/Renderers/EasyGL/EasyGLRenderer.hpp	enum_class	StockProgramShape
modules/renderers/easygl/include/CNA/Internal/Renderers/EasyGL/EasyGLRenderer.hpp	struct	EasyGLBoundTargetEXT
modules/renderers/easygl/include/CNA/Internal/Renderers/EasyGL/EasyGLRenderer.hpp	struct	Prog3D
modules/renderers/easygl/include/CNA/Internal/Renderers/EasyGL/EasyGLRenderer.hpp	struct	Vertex
modules/renderers/freedirect/include/CNA/Internal/Renderers/FreeDirect/FreeDirectRenderer.hpp	enum_class	FreeDirectResizeFailurePointEXT
modules/renderers/freedirect/include/CNA/Internal/Renderers/FreeDirect/FreeDirectRenderer.hpp	enum_class	FreeDirectResourceEventEXT
modules/renderers/freedirect/include/CNA/Internal/Renderers/FreeDirect/FreeDirectRenderer.hpp	enum_class	FreeDirectResourceKindEXT
modules/renderers/freedirect/include/CNA/Internal/Renderers/FreeDirect/FreeDirectRenderer.hpp	struct	FreeDirectTestHooksEXT
modules/renderers/freedirect/include/CNA/Internal/Renderers/FreeDirect/FreeDirectRenderer.hpp	struct	FreeDirectTestStateEXT
modules/renderers/freedirect/include/CNA/Internal/Renderers/FreeDirect/FreeDirectRenderer.hpp	struct	Impl
modules/renderers/gdi/include/CNA/Internal/Renderers/Gdi/GdiConfiguration.hpp	enum_class	GdiPresentationFilter
modules/renderers/gdi/include/CNA/Internal/Renderers/Gdi/GdiConfiguration.hpp	struct	GdiConfiguration
modules/renderers/gdi/include/CNA/Internal/Renderers/Gdi/GdiConfiguration.hpp	struct	GdiConfigurationParseResult
modules/renderers/gdi/include/CNA/Internal/Renderers/Gdi/GdiConfiguration.hpp	struct	GdiConfigurationValues
modules/renderers/gdi/include/CNA/Internal/Renderers/Gdi/GdiPresentation.hpp	enum_class	GdiBlitPath
modules/renderers/gdi/include/CNA/Internal/Renderers/Gdi/GdiPresentation.hpp	struct	GdiBlitResult
modules/renderers/gdi/include/CNA/Internal/Renderers/Gdi/GdiPresentation.hpp	struct	GdiPresentationPlan
modules/renderers/gdi/include/CNA/Internal/Renderers/Gdi/GdiPresentation.hpp	struct	GdiPresentationRect
modules/renderers/gdi/include/CNA/Internal/Renderers/Gdi/GdiPresentation.hpp	struct	GdiPresentationSize
modules/renderers/gdi/include/CNA/Internal/Renderers/Gdi/GdiPresentation.hpp	struct	GdiPresentationTelemetry
modules/renderers/gdi/include/CNA/Internal/Renderers/Gdi/GdiRenderer.hpp	class	GdiSoftware2DCore
modules/renderers/gdi/include/CNA/Internal/Renderers/Gdi/GdiRenderer.hpp	struct	GdiFramebufferStorageTelemetry
modules/renderers/glide/include/CNA/Internal/Renderers/Glide/GlideAbi.hpp	class	GlideApiFunctions
modules/renderers/glide/include/CNA/Internal/Renderers/Glide/GlideAbi.hpp	struct	GlideResolution
modules/renderers/glide/include/CNA/Internal/Renderers/Glide/GlideAbi.hpp	struct	GlideTexInfo
modules/renderers/glide/include/CNA/Internal/Renderers/Glide/GlideAbi.hpp	struct	GlideVertex
modules/renderers/glide/include/CNA/Internal/Renderers/Glide/GlideBlendFactor.hpp	enum_class	GlideBlendSlot
modules/renderers/glide/include/CNA/Internal/Renderers/Glide/GlideDisplayModeSelection.hpp	struct	GlideDisplayMode
modules/renderers/glide/include/CNA/Internal/Renderers/Glide/GlideDisplayModeSelection.hpp	struct	GlideResolutionCandidate
modules/renderers/glide/include/CNA/Internal/Renderers/Glide/GlideDisplayModeSelection.hpp	struct	GlideSelectedDisplayMode
modules/renderers/glide/include/CNA/Internal/Renderers/Glide/GlideLighting.hpp	struct	GlideBasicEffectLightingResult
modules/renderers/glide/include/CNA/Internal/Renderers/Glide/GlideLighting.hpp	struct	GlideBasicEffectLightingState
modules/renderers/glide/include/CNA/Internal/Renderers/Glide/GlideLighting.hpp	struct	GlideDirectionalLight
modules/renderers/glide/include/CNA/Internal/Renderers/Glide/GlideLighting.hpp	struct	GlideLightingVector
modules/renderers/glide/include/CNA/Internal/Renderers/Glide/GlidePrimitiveClip.hpp	struct	GlideClipSegment
modules/renderers/glide/include/CNA/Internal/Renderers/Glide/GlidePrimitiveClip.hpp	struct	GlideClipVertex
modules/renderers/glide/include/CNA/Internal/Renderers/Glide/GlideRenderer.hpp	class	GlideSpriteBatchRenderer
modules/renderers/glide/include/CNA/Internal/Renderers/Glide/GlideRenderer.hpp	class	GlideTextureRenderer
modules/renderers/glide/include/CNA/Internal/Renderers/Glide/GlideRenderer.hpp	struct	Impl
modules/renderers/glide/include/CNA/Internal/Renderers/Glide/GlideTextureEviction.hpp	struct	GlideResidentTextureView
modules/renderers/glide/include/CNA/Internal/Renderers/Glide/GlideTextureFormat.hpp	enum_class	GlideTextureAlphaClass
modules/renderers/glide/include/CNA/Internal/Renderers/Glide/GlideVertexLayout.hpp	struct	GlideVertexLayout
modules/renderers/headless/include/CNA/Internal/Renderers/Headless/HeadlessRenderer.hpp	class	HeadlessResourceRegistry
modules/renderers/headless/include/CNA/Internal/Renderers/Headless/HeadlessRenderer.hpp	class	HeadlessTextureRenderer
modules/renderers/headless/include/CNA/Internal/Renderers/Headless/HeadlessRenderer.hpp	class	HeadlessValidationException
modules/renderers/headless/include/CNA/Internal/Renderers/Headless/HeadlessRenderer.hpp	enum_class	HeadlessMode
modules/renderers/headless/include/CNA/Internal/Renderers/Headless/HeadlessRenderer.hpp	struct	HeadlessResourceRecord
modules/renderers/headless/include/CNA/Internal/Renderers/Headless/HeadlessRenderer.hpp	struct	HeadlessSharedState
modules/renderers/headless/include/CNA/Internal/Renderers/Headless/HeadlessRenderer.hpp	struct	HeadlessSpriteDrawRecord
modules/renderers/headless/include/CNA/Internal/Renderers/Headless/HeadlessRenderer.hpp	struct	HeadlessStatistics
modules/renderers/headless/include/CNA/Internal/Renderers/Headless/HeadlessRenderer.hpp	struct	HeadlessTraceEntry
modules/renderers/headless/include/CNA/Internal/Renderers/Headless/HeadlessRenderer.hpp	struct	HeadlessTraceLogDiff
modules/renderers/html-dom/include/CNA/Internal/Renderers/HtmlDom/HtmlDomRenderer.hpp	struct	LogicalViewport
modules/renderers/html-dom/include/CNA/Internal/Renderers/HtmlDom/HtmlDomState.hpp	enum_class	DomCompositeOp
modules/renderers/html-dom/include/CNA/Internal/Renderers/HtmlDom/HtmlDomState.hpp	struct	HtmlDomDrawCommand
modules/renderers/html-dom/include/CNA/Internal/Renderers/HtmlDom/HtmlDomTextureRenderer.hpp	class	HtmlDomTextureRenderer
modules/renderers/llgl/include/CNA/Internal/Renderers/Llgl/LlglRenderer.hpp	class	LlglBoundRenderTarget
modules/renderers/llgl/include/CNA/Internal/Renderers/Llgl/LlglRenderer.hpp	class	LlglRenderer
modules/renderers/llgl/include/CNA/Internal/Renderers/Llgl/LlglRenderer.hpp	enum_class	Kind
modules/renderers/llgl/include/CNA/Internal/Renderers/Llgl/LlglRenderer.hpp	struct	FrameCommand
modules/renderers/llgl/include/CNA/Internal/Renderers/Llgl/LlglRenderer.hpp	struct	FrameCommandBucket
modules/renderers/llgl/include/CNA/Internal/Renderers/Llgl/LlglRenderer.hpp	struct	PresentationRect
modules/renderers/llgl/include/CNA/Internal/Renderers/Llgl/LlglRendererSelection.hpp	enum_class	RendererModule
modules/renderers/llgl/include/CNA/Internal/Renderers/Llgl/LlglSdlSurface.hpp	struct	SDL_Window
modules/renderers/magnum/include/CNA/Internal/Renderers/Magnum/MagnumBuffers.hpp	class	MagnumIndexBufferRenderer
modules/renderers/magnum/include/CNA/Internal/Renderers/Magnum/MagnumBuffers.hpp	class	MagnumOcclusionQueryRenderer
modules/renderers/magnum/include/CNA/Internal/Renderers/Magnum/MagnumBuffers.hpp	class	MagnumVertexBufferRenderer
modules/renderers/magnum/include/CNA/Internal/Renderers/Magnum/MagnumBuffers.hpp	struct	MagnumMeshCacheEntry
modules/renderers/magnum/include/CNA/Internal/Renderers/Magnum/MagnumBuffers.hpp	struct	MagnumVertexAttribute
modules/renderers/magnum/include/CNA/Internal/Renderers/Magnum/MagnumEffectRenderer.hpp	class	MagnumEffectRenderer
modules/renderers/magnum/include/CNA/Internal/Renderers/Magnum/MagnumProgram.hpp	class	MagnumProgram
modules/renderers/magnum/include/CNA/Internal/Renderers/Magnum/MagnumRenderTargets.hpp	class	MagnumRenderTargetCubeRenderer
modules/renderers/magnum/include/CNA/Internal/Renderers/Magnum/MagnumRenderTargets.hpp	class	MagnumRenderTargetCubeRenderer
modules/renderers/magnum/include/CNA/Internal/Renderers/Magnum/MagnumRenderTargets.hpp	class	MagnumRenderTargetRenderer
modules/renderers/magnum/include/CNA/Internal/Renderers/Magnum/MagnumRenderTargets.hpp	class	MagnumRenderTargetRenderer
modules/renderers/magnum/include/CNA/Internal/Renderers/Magnum/MagnumRenderTargets.hpp	struct	MagnumBoundTarget
modules/renderers/magnum/include/CNA/Internal/Renderers/Magnum/MagnumRenderer.hpp	class	MagnumRenderer
modules/renderers/magnum/include/CNA/Internal/Renderers/Magnum/MagnumSpriteBatchRenderer.hpp	class	MagnumRenderer
modules/renderers/magnum/include/CNA/Internal/Renderers/Magnum/MagnumSpriteBatchRenderer.hpp	class	MagnumSpriteBatchRenderer
modules/renderers/magnum/include/CNA/Internal/Renderers/Magnum/MagnumSpriteBatchRenderer.hpp	struct	Vertex
modules/renderers/magnum/include/CNA/Internal/Renderers/Magnum/MagnumStateMapping.hpp	struct	MagnumSamplerState
modules/renderers/magnum/include/CNA/Internal/Renderers/Magnum/MagnumStockShaders.hpp	class	MagnumStockShaderCache
modules/renderers/magnum/include/CNA/Internal/Renderers/Magnum/MagnumStockShaders.hpp	enum_class	MagnumStockProgram
modules/renderers/magnum/include/CNA/Internal/Renderers/Magnum/MagnumStockShaders.hpp	struct	MagnumStockSelector
modules/renderers/magnum/include/CNA/Internal/Renderers/Magnum/MagnumTextures.hpp	class	MagnumTexture3DRenderer
modules/renderers/magnum/include/CNA/Internal/Renderers/Magnum/MagnumTextures.hpp	class	MagnumTextureCubeRenderer
modules/renderers/magnum/include/CNA/Internal/Renderers/Magnum/MagnumTextures.hpp	class	MagnumTextureRenderer
modules/renderers/metal/include/CNA/Internal/Renderers/Metal/MetalBlend.hpp	enum_class	MetalBlendFactorKind
modules/renderers/metal/include/CNA/Internal/Renderers/Metal/MetalBlendFunction.hpp	enum_class	MetalBlendOperationKind
modules/renderers/metal/include/CNA/Internal/Renderers/Metal/MetalCommandFailure.hpp	class	MetalCommandFailureLatch
modules/renderers/metal/include/CNA/Internal/Renderers/Metal/MetalCommandFailure.hpp	enum_class	MetalReadbackSourcePolicy
modules/renderers/metal/include/CNA/Internal/Renderers/Metal/MetalCommandFailure.hpp	enum_class	MetalResourceHealthState
modules/renderers/metal/include/CNA/Internal/Renderers/Metal/MetalCommandFailure.hpp	enum_class	MetalSynchronousCommandResult
modules/renderers/metal/include/CNA/Internal/Renderers/Metal/MetalCompareFunction.hpp	enum_class	MetalCompareFunctionKind
modules/renderers/metal/include/CNA/Internal/Renderers/Metal/MetalCullMode.hpp	enum_class	MetalCullModeKind
modules/renderers/metal/include/CNA/Internal/Renderers/Metal/MetalLogicalViewport.hpp	struct	MetalLogicalViewport
modules/renderers/metal/include/CNA/Internal/Renderers/Metal/MetalMat4.hpp	struct	MetalMat4
modules/renderers/metal/include/CNA/Internal/Renderers/Metal/MetalPipelineKey.hpp	enum_class	MetalPipelineKind
modules/renderers/metal/include/CNA/Internal/Renderers/Metal/MetalPipelineKey.hpp	struct	MetalBlendKey
modules/renderers/metal/include/CNA/Internal/Renderers/Metal/MetalPipelineKey.hpp	struct	MetalPipelineCacheKey
modules/renderers/metal/include/CNA/Internal/Renderers/Metal/MetalPipelineKey.hpp	struct	MetalPipelineCacheKeyHash
modules/renderers/metal/include/CNA/Internal/Renderers/Metal/MetalPolicy.hpp	class	MetalFrameAvailabilityState
modules/renderers/metal/include/CNA/Internal/Renderers/Metal/MetalPolicy.hpp	enum_class	MetalDrawStreamPolicy
modules/renderers/metal/include/CNA/Internal/Renderers/Metal/MetalPolicy.hpp	enum_class	MetalFrameEntryPolicy
modules/renderers/metal/include/CNA/Internal/Renderers/Metal/MetalPolicy.hpp	enum_class	MetalTexture2DImagePolicy
modules/renderers/metal/include/CNA/Internal/Renderers/Metal/MetalRasterState.hpp	struct	MetalScissorState
modules/renderers/metal/include/CNA/Internal/Renderers/Metal/MetalRasterState.hpp	struct	MetalViewportState
modules/renderers/metal/include/CNA/Internal/Renderers/Metal/MetalRenderer.hpp	struct	Impl
modules/renderers/metal/include/CNA/Internal/Renderers/Metal/MetalSamplerFilter.hpp	struct	MetalSamplerFilterPlan
modules/renderers/metal/include/CNA/Internal/Renderers/Metal/MetalStencilOperation.hpp	enum_class	MetalStencilOperationKind
modules/renderers/metal/include/CNA/Internal/Renderers/Metal/MetalTextureBindingPolicy.hpp	enum_class	MetalNeutralTextureKind
modules/renderers/metal/include/CNA/Internal/Renderers/Metal/MetalTextureBindingPolicy.hpp	enum_class	MetalStockTextureSlot
modules/renderers/metal/include/CNA/Internal/Renderers/Metal/MetalTextureBindingPolicy.hpp	enum_class	MetalTextureBindingDecision
modules/renderers/metal/include/CNA/Internal/Renderers/Metal/MetalTextureTransfer.hpp	class	MetalMipDefinitionState
modules/renderers/metal/include/CNA/Internal/Renderers/Metal/MetalTextureTransfer.hpp	enum_class	MetalTransferLengthRule
modules/renderers/metal/include/CNA/Internal/Renderers/Metal/MetalTextureTransfer.hpp	enum_class	MetalTransferPixelOrder
modules/renderers/metal/include/CNA/Internal/Renderers/Metal/MetalTextureTransfer.hpp	struct	MetalTextureTransferLayout
modules/renderers/metal/include/CNA/Internal/Renderers/Metal/MetalUniformFill.hpp	struct	MetalEnvTransform
modules/renderers/metal/include/CNA/Internal/Renderers/Metal/MetalUniformFill.hpp	struct	MetalEnvUniforms
modules/renderers/metal/include/CNA/Internal/Renderers/Metal/MetalUniformFill.hpp	struct	MetalLitTransform
modules/renderers/metal/include/CNA/Internal/Renderers/Metal/MetalUniformFill.hpp	struct	MetalLitUniforms
modules/renderers/metal/include/CNA/Internal/Renderers/Metal/MetalUniformFill.hpp	struct	MetalPbrTransform
modules/renderers/metal/include/CNA/Internal/Renderers/Metal/MetalUniformFill.hpp	struct	MetalPbrUniforms
modules/renderers/metal/include/CNA/Internal/Renderers/Metal/MetalUniformFill.hpp	struct	MetalSkinnedPbrTransform
modules/renderers/metal/include/CNA/Internal/Renderers/Metal/MetalUniformFill.hpp	struct	MetalSkinnedTransform
modules/renderers/metal/include/CNA/Internal/Renderers/Metal/MetalUniformFill.hpp	struct	MetalSkinnedUniforms
modules/renderers/metal/include/CNA/Internal/Renderers/Metal/MetalVertexAttribFormat.hpp	enum_class	MetalVertexAttribKind
modules/renderers/metal/include/CNA/Internal/Renderers/Metal/MetalVertexAttribFormat.hpp	struct	MetalVertexAttribFormat
modules/renderers/metal/include/CNA/Internal/Renderers/Metal/MetalVertexDescriptorPlan.hpp	struct	MetalVertexAttributePlan
modules/renderers/metal/include/CNA/Internal/Renderers/Metal/MetalVertexDescriptorPlan.hpp	struct	MetalVertexDescriptorPlan
modules/renderers/opengl1/include/CNA/Internal/Renderers/OpenGL1/OpenGL1Capabilities.hpp	struct	OpenGL1Capabilities
modules/renderers/opengl1/include/CNA/Internal/Renderers/OpenGL1/OpenGL1ContextRecovery.hpp	class	IOpenGL1Recoverable
modules/renderers/opengl1/include/CNA/Internal/Renderers/OpenGL1/OpenGL1ContextRecovery.hpp	class	OpenGL1ResourceRegistry
modules/renderers/opengl1/include/CNA/Internal/Renderers/OpenGL1/OpenGL1Renderer.hpp	struct	GL1SamplerParams
modules/renderers/opengl2/include/CNA/Internal/Renderers/OpenGL2/OpenGL2Renderer.hpp	class	RecoverableResource
modules/renderers/opengl2/include/CNA/Internal/Renderers/OpenGL2/OpenGL2Renderer.hpp	struct	LogicalViewport
modules/renderers/opengl4/include/CNA/Internal/Renderers/OpenGL4/OpenGL4Renderer.hpp	class	OpenGL4RawProgram
modules/renderers/opengl4/include/CNA/Internal/Renderers/OpenGL4/OpenGL4Renderer.hpp	class	OpenGL4Renderer
modules/renderers/opengl4/include/CNA/Internal/Renderers/OpenGL4/OpenGL4Renderer.hpp	struct	GraphicsRendererCreateArgs
modules/renderers/opengl4/include/CNA/Internal/Renderers/OpenGL4/OpenGL4Renderer.hpp	struct	SDL_Window
modules/renderers/opengl4/include/CNA/Internal/Renderers/OpenGL4/OpenGL4Renderer.hpp	struct	SpriteVertex
modules/renderers/opengles1/include/CNA/Internal/Renderers/OpenGLES1/OpenGLES1Renderer.hpp	class	OpenGLES1IndexBufferRenderer
modules/renderers/opengles1/include/CNA/Internal/Renderers/OpenGLES1/OpenGLES1Renderer.hpp	class	OpenGLES1IndexBufferRenderer
modules/renderers/opengles1/include/CNA/Internal/Renderers/OpenGLES1/OpenGLES1Renderer.hpp	class	OpenGLES1RenderTargetCubeRenderer
modules/renderers/opengles1/include/CNA/Internal/Renderers/OpenGLES1/OpenGLES1Renderer.hpp	class	OpenGLES1RenderTargetRenderer
modules/renderers/opengles1/include/CNA/Internal/Renderers/OpenGLES1/OpenGLES1Renderer.hpp	class	OpenGLES1Renderer
modules/renderers/opengles1/include/CNA/Internal/Renderers/OpenGLES1/OpenGLES1Renderer.hpp	class	OpenGLES1Renderer
modules/renderers/opengles1/include/CNA/Internal/Renderers/OpenGLES1/OpenGLES1Renderer.hpp	class	OpenGLES1Renderer
modules/renderers/opengles1/include/CNA/Internal/Renderers/OpenGLES1/OpenGLES1Renderer.hpp	class	OpenGLES1SpriteBatchRenderer
modules/renderers/opengles1/include/CNA/Internal/Renderers/OpenGLES1/OpenGLES1Renderer.hpp	class	OpenGLES1TextureCubeRenderer
modules/renderers/opengles1/include/CNA/Internal/Renderers/OpenGLES1/OpenGLES1Renderer.hpp	class	OpenGLES1TextureRenderer
modules/renderers/opengles1/include/CNA/Internal/Renderers/OpenGLES1/OpenGLES1Renderer.hpp	class	OpenGLES1TextureRenderer
modules/renderers/opengles1/include/CNA/Internal/Renderers/OpenGLES1/OpenGLES1Renderer.hpp	class	OpenGLES1VertexBufferRenderer
modules/renderers/opengles1/include/CNA/Internal/Renderers/OpenGLES1/OpenGLES1Renderer.hpp	class	OpenGLES1VertexBufferRenderer
modules/renderers/opengles1/include/CNA/Internal/Renderers/OpenGLES1/OpenGLES1Renderer.hpp	struct	SDL_Window
modules/renderers/opengles1/include/CNA/Internal/Renderers/OpenGLES1/OpenGLES1Renderer.hpp	struct	Vertex
modules/renderers/sdl-gpu/include/CNA/Internal/Renderers/SdlGpu/SdlGpuRenderer.hpp	class	SdlGpuRenderTargetCubeRenderer
modules/renderers/sdl-gpu/include/CNA/Internal/Renderers/SdlGpu/SdlGpuRenderer.hpp	class	SdlGpuRenderTargetRenderer
modules/renderers/sdl-gpu/include/CNA/Internal/Renderers/SdlGpu/SdlGpuRenderer.hpp	class	SdlGpuRenderer
modules/renderers/sdl-gpu/include/CNA/Internal/Renderers/SdlGpu/SdlGpuRenderer.hpp	enum_class	DrawKind
modules/renderers/sdl-gpu/include/CNA/Internal/Renderers/SdlGpu/SdlGpuRenderer.hpp	enum_class	SdlGpuFailurePointEXT
modules/renderers/sdl-gpu/include/CNA/Internal/Renderers/SdlGpu/SdlGpuRenderer.hpp	enum_class	SdlGpuResourceEventEXT
modules/renderers/sdl-gpu/include/CNA/Internal/Renderers/SdlGpu/SdlGpuRenderer.hpp	enum_class	SdlGpuResourceKindEXT
modules/renderers/sdl-gpu/include/CNA/Internal/Renderers/SdlGpu/SdlGpuRenderer.hpp	struct	AlphaTestDrawCommand
modules/renderers/sdl-gpu/include/CNA/Internal/Renderers/SdlGpu/SdlGpuRenderer.hpp	struct	BlendKeyParams
modules/renderers/sdl-gpu/include/CNA/Internal/Renderers/SdlGpu/SdlGpuRenderer.hpp	struct	ColoredDrawCommand
modules/renderers/sdl-gpu/include/CNA/Internal/Renderers/SdlGpu/SdlGpuRenderer.hpp	struct	ConstructionResources
modules/renderers/sdl-gpu/include/CNA/Internal/Renderers/SdlGpu/SdlGpuRenderer.hpp	struct	DrawTarget
modules/renderers/sdl-gpu/include/CNA/Internal/Renderers/SdlGpu/SdlGpuRenderer.hpp	struct	DualTextureDrawCommand
modules/renderers/sdl-gpu/include/CNA/Internal/Renderers/SdlGpu/SdlGpuRenderer.hpp	struct	EnvMapDrawCommand
modules/renderers/sdl-gpu/include/CNA/Internal/Renderers/SdlGpu/SdlGpuRenderer.hpp	struct	LitTexturedDrawCommand
modules/renderers/sdl-gpu/include/CNA/Internal/Renderers/SdlGpu/SdlGpuRenderer.hpp	struct	LogicalViewport
modules/renderers/sdl-gpu/include/CNA/Internal/Renderers/SdlGpu/SdlGpuRenderer.hpp	struct	NativeIndexedRange
modules/renderers/sdl-gpu/include/CNA/Internal/Renderers/SdlGpu/SdlGpuRenderer.hpp	struct	PassSegment
modules/renderers/sdl-gpu/include/CNA/Internal/Renderers/SdlGpu/SdlGpuRenderer.hpp	struct	PbrDrawCommand
modules/renderers/sdl-gpu/include/CNA/Internal/Renderers/SdlGpu/SdlGpuRenderer.hpp	struct	QueuedDrawRef
modules/renderers/sdl-gpu/include/CNA/Internal/Renderers/SdlGpu/SdlGpuRenderer.hpp	struct	RenderStateSnapshot
modules/renderers/sdl-gpu/include/CNA/Internal/Renderers/SdlGpu/SdlGpuRenderer.hpp	struct	SamplerSlotState
modules/renderers/sdl-gpu/include/CNA/Internal/Renderers/SdlGpu/SdlGpuRenderer.hpp	struct	SdlGpuRenderTarget2DState
modules/renderers/sdl-gpu/include/CNA/Internal/Renderers/SdlGpu/SdlGpuRenderer.hpp	struct	SdlGpuRenderTargetCubeState
modules/renderers/sdl-gpu/include/CNA/Internal/Renderers/SdlGpu/SdlGpuRenderer.hpp	struct	SdlGpuSampledTextureEXT
modules/renderers/sdl-gpu/include/CNA/Internal/Renderers/SdlGpu/SdlGpuRenderer.hpp	struct	SdlGpuSampledTextureState
modules/renderers/sdl-gpu/include/CNA/Internal/Renderers/SdlGpu/SdlGpuRenderer.hpp	struct	SdlGpuTestHooksEXT
modules/renderers/sdl-gpu/include/CNA/Internal/Renderers/SdlGpu/SdlGpuRenderer.hpp	struct	SkinnedDrawCommand
modules/renderers/sdl-gpu/include/CNA/Internal/Renderers/SdlGpu/SdlGpuRenderer.hpp	struct	SpriteCommand
modules/renderers/sdl-gpu/include/CNA/Internal/Renderers/SdlGpu/SdlGpuRenderer.hpp	struct	SpriteVertex
modules/renderers/sdl-gpu/include/CNA/Internal/Renderers/SdlGpu/SdlGpuRenderer.hpp	struct	StencilKeyParams
modules/renderers/sdl-gpu/include/CNA/Internal/Renderers/SdlGpu/SdlGpuRenderer.hpp	struct	TexturedDrawCommand
modules/renderers/sdl-renderer/include/CNA/Internal/Renderers/SdlRenderer/SdlRenderer.hpp	class	SdlRenderTargetRenderer
modules/renderers/sdl-renderer/include/CNA/Internal/Renderers/SdlRenderer/SdlRenderer.hpp	class	SdlRenderer
modules/renderers/sdl-renderer/include/CNA/Internal/Renderers/SdlRenderer/SdlRenderer.hpp	class	SdlSpriteBatchRenderer
modules/renderers/sdl-renderer/include/CNA/Internal/Renderers/SdlRenderer/SdlRenderer.hpp	class	SdlTextureRenderer
modules/renderers/skia/include/CNA/Internal/Renderers/Skia/SkiaBlendMapping.hpp	enum_class	SkiaBlendMappingRoute
modules/renderers/skia/include/CNA/Internal/Renderers/Skia/SkiaBlendMapping.hpp	enum_class	SkiaBlendSelectorDisposition
modules/renderers/skia/include/CNA/Internal/Renderers/Skia/SkiaBlendMapping.hpp	struct	SkiaBlendMapping
modules/renderers/skia/include/CNA/Internal/Renderers/Skia/SkiaCompressedMipChain2D.hpp	enum_class	SkiaCompressedMipChain2DLayoutError
modules/renderers/skia/include/CNA/Internal/Renderers/Skia/SkiaEffectRenderer.hpp	class	SkRuntimeEffect
modules/renderers/skia/include/CNA/Internal/Renderers/Skia/SkiaEffectRenderer.hpp	class	SkShader
modules/renderers/skia/include/CNA/Internal/Renderers/Skia/SkiaEffectRenderer.hpp	enum_class	UniformKind
modules/renderers/skia/include/CNA/Internal/Renderers/Skia/SkiaGaneshContext.hpp	class	GrDirectContext
modules/renderers/skia/include/CNA/Internal/Renderers/Skia/SkiaGaneshContext.hpp	struct	Impl
modules/renderers/skia/include/CNA/Internal/Renderers/Skia/SkiaGaneshContext.hpp	struct	SDL_Window
modules/renderers/skia/include/CNA/Internal/Renderers/Skia/SkiaGaneshSurface.hpp	class	SkCanvas
modules/renderers/skia/include/CNA/Internal/Renderers/Skia/SkiaGaneshSurface.hpp	struct	Impl
modules/renderers/skia/include/CNA/Internal/Renderers/Skia/SkiaImageSource.hpp	class	SkiaImageSource
modules/renderers/skia/include/CNA/Internal/Renderers/Skia/SkiaImageSource.hpp	enum_class	SkiaSourceAlphaConvention
modules/renderers/skia/include/CNA/Internal/Renderers/Skia/SkiaImageSource.hpp	enum_class	SkiaSourceStorageAlpha
modules/renderers/skia/include/CNA/Internal/Renderers/Skia/SkiaImageSource.hpp	enum_class	SkiaWorkingSourceRoute
modules/renderers/skia/include/CNA/Internal/Renderers/Skia/SkiaMeshEffectRenderer.hpp	class	SkRuntimeEffect
modules/renderers/skia/include/CNA/Internal/Renderers/Skia/SkiaMeshEffectRenderer.hpp	class	SkShader
modules/renderers/skia/include/CNA/Internal/Renderers/Skia/SkiaMeshEffectRenderer.hpp	enum_class	UniformKind
modules/renderers/skia/include/CNA/Internal/Renderers/Skia/SkiaMipChain2D.hpp	enum_class	SkiaMipChain2DLayoutError
modules/renderers/skia/include/CNA/Internal/Renderers/Skia/SkiaMipSampling.hpp	enum_class	SkiaMipLevelFilter
modules/renderers/skia/include/CNA/Internal/Renderers/Skia/SkiaMipSampling.hpp	enum_class	SkiaWithinLevelFilter
modules/renderers/skia/include/CNA/Internal/Renderers/Skia/SkiaRasterState.hpp	struct	SkiaRasterState
modules/renderers/skia/include/CNA/Internal/Renderers/Skia/SkiaRasterTarget.hpp	class	SkiaRasterTarget
modules/renderers/skia/include/CNA/Internal/Renderers/Skia/SkiaRasterTarget.hpp	class	SkiaSurface
modules/renderers/skia/include/CNA/Internal/Renderers/Skia/SkiaRenderer.hpp	enum_class	SkiaInitializationFailurePointEXT
modules/renderers/skia/include/CNA/Internal/Renderers/Skia/SkiaSpriteBatchRenderer.hpp	class	SkiaEffectRenderer
modules/renderers/skia/include/CNA/Internal/Renderers/Skia/SkiaSurface.hpp	class	SkCanvas
modules/renderers/software/include/CNA/Internal/Renderers/Software/SoftwareFramebufferAllocation.hpp	enum_class	SoftwareFramebufferAllocationError
modules/renderers/software/include/CNA/Internal/Renderers/Software/SoftwareFramebufferAllocation.hpp	struct	SoftwareFramebufferAllocationLayout
modules/renderers/software/include/CNA/Internal/Renderers/Software/SoftwareFramebufferAllocation.hpp	struct	SoftwareFramebufferAllocationRequest
modules/renderers/software/include/CNA/Internal/Renderers/Software/SoftwareRenderer.hpp	class	SoftwareColorSurface
modules/renderers/software/include/CNA/Internal/Renderers/Software/SoftwareRenderer.hpp	class	SoftwareRenderer
modules/renderers/software/include/CNA/Internal/Renderers/Software/SoftwareRenderer.hpp	class	SoftwareTextureRenderer
modules/renderers/software/include/CNA/Internal/Renderers/Software/SoftwareRenderer.hpp	struct	MipLevel
modules/renderers/software/include/CNA/Internal/Renderers/Software/SoftwareRenderer.hpp	struct	SoftwareBlendState
modules/renderers/software/include/CNA/Internal/Renderers/Software/SoftwareRenderer.hpp	struct	SoftwareFramebuffer
modules/renderers/software/include/CNA/Internal/Renderers/Software/SoftwareRenderer.hpp	struct	SoftwareSamplerState
modules/renderers/software/include/CNA/Internal/Renderers/Software/SoftwareTextureAllocation.hpp	enum_class	SoftwareTextureAllocationError
modules/renderers/software/include/CNA/Internal/Renderers/Software/SoftwareTextureAllocation.hpp	struct	SoftwareTextureAllocationLayout
modules/renderers/software/include/CNA/Internal/Renderers/Software/SoftwareTextureAllocation.hpp	struct	SoftwareTextureAllocationRequest
modules/renderers/sokol/include/CNA/Internal/Renderers/Sokol/SokolRenderer.hpp	class	SokolEffectRenderer
modules/renderers/sokol/include/CNA/Internal/Renderers/Sokol/SokolRenderer.hpp	class	SokolIndexBufferRenderer
modules/renderers/sokol/include/CNA/Internal/Renderers/Sokol/SokolRenderer.hpp	class	SokolOcclusionQueryRenderer
modules/renderers/sokol/include/CNA/Internal/Renderers/Sokol/SokolRenderer.hpp	class	SokolRenderTargetCubeRenderer
modules/renderers/sokol/include/CNA/Internal/Renderers/Sokol/SokolRenderer.hpp	class	SokolRenderTargetRenderer
modules/renderers/sokol/include/CNA/Internal/Renderers/Sokol/SokolRenderer.hpp	class	SokolRenderer
modules/renderers/sokol/include/CNA/Internal/Renderers/Sokol/SokolRenderer.hpp	class	SokolRenderer
modules/renderers/sokol/include/CNA/Internal/Renderers/Sokol/SokolRenderer.hpp	class	SokolSpriteBatchRenderer
modules/renderers/sokol/include/CNA/Internal/Renderers/Sokol/SokolRenderer.hpp	class	SokolTexture3DRenderer
modules/renderers/sokol/include/CNA/Internal/Renderers/Sokol/SokolRenderer.hpp	class	SokolTextureCubeRenderer
modules/renderers/sokol/include/CNA/Internal/Renderers/Sokol/SokolRenderer.hpp	class	SokolTextureRenderer
modules/renderers/sokol/include/CNA/Internal/Renderers/Sokol/SokolRenderer.hpp	class	SokolVertexBufferRenderer
modules/renderers/sokol/include/CNA/Internal/Renderers/Sokol/SokolRenderer.hpp	enum_class	Shader3DKind
modules/renderers/sokol/include/CNA/Internal/Renderers/Sokol/SokolRenderer.hpp	enum_class	SokolApiEXT
modules/renderers/sokol/include/CNA/Internal/Renderers/Sokol/SokolRenderer.hpp	struct	PendingTextureBind
modules/renderers/sokol/include/CNA/Internal/Renderers/Sokol/SokolRenderer.hpp	struct	Pipeline3DKey
modules/renderers/sokol/include/CNA/Internal/Renderers/Sokol/SokolRenderer.hpp	struct	Pipeline3DKeyHash
modules/renderers/sokol/include/CNA/Internal/Renderers/Sokol/SokolRenderer.hpp	struct	PipelineInstanced3DKey
modules/renderers/sokol/include/CNA/Internal/Renderers/Sokol/SokolRenderer.hpp	struct	PipelineInstanced3DKeyHash
modules/renderers/sokol/include/CNA/Internal/Renderers/Sokol/SokolRenderer.hpp	struct	PipelineKey
modules/renderers/sokol/include/CNA/Internal/Renderers/Sokol/SokolRenderer.hpp	struct	PipelineKeyHash
modules/renderers/sokol/include/CNA/Internal/Renderers/Sokol/SokolRenderer.hpp	struct	SDL_Window
modules/renderers/sokol/include/CNA/Internal/Renderers/Sokol/SokolRenderer.hpp	struct	SamplerKey
modules/renderers/sokol/include/CNA/Internal/Renderers/Sokol/SokolRenderer.hpp	struct	SamplerKeyHash
modules/renderers/sokol/include/CNA/Internal/Renderers/Sokol/SokolRenderer.hpp	struct	SamplerSlotState
modules/renderers/sokol/include/CNA/Internal/Renderers/Sokol/SokolRenderer.hpp	struct	Vertex
modules/renderers/stub/include/CNA/Internal/Renderers/Stub/StubRenderer.hpp	class	StubIndexBufferRenderer
modules/renderers/stub/include/CNA/Internal/Renderers/Stub/StubRenderer.hpp	class	StubRenderer
modules/renderers/stub/include/CNA/Internal/Renderers/Stub/StubRenderer.hpp	class	StubSpriteBatchRenderer
modules/renderers/stub/include/CNA/Internal/Renderers/Stub/StubRenderer.hpp	class	StubTextureRenderer
modules/renderers/stub/include/CNA/Internal/Renderers/Stub/StubRenderer.hpp	class	StubVertexBufferRenderer
modules/renderers/vulkan/include/CNA/Internal/Renderers/Vulkan/VulkanRenderer.hpp	class	VulkanEffectRenderer
modules/renderers/vulkan/include/CNA/Internal/Renderers/Vulkan/VulkanRenderer.hpp	class	VulkanIndexBufferRenderer
modules/renderers/vulkan/include/CNA/Internal/Renderers/Vulkan/VulkanRenderer.hpp	class	VulkanMRTProxy
modules/renderers/vulkan/include/CNA/Internal/Renderers/Vulkan/VulkanRenderer.hpp	class	VulkanOcclusionQueryRenderer
modules/renderers/vulkan/include/CNA/Internal/Renderers/Vulkan/VulkanRenderer.hpp	class	VulkanRenderTargetCubeRenderer
modules/renderers/vulkan/include/CNA/Internal/Renderers/Vulkan/VulkanRenderer.hpp	class	VulkanRenderTargetCubeRenderer
modules/renderers/vulkan/include/CNA/Internal/Renderers/Vulkan/VulkanRenderer.hpp	class	VulkanRenderTargetRenderer
modules/renderers/vulkan/include/CNA/Internal/Renderers/Vulkan/VulkanRenderer.hpp	class	VulkanRenderTargetRenderer
modules/renderers/vulkan/include/CNA/Internal/Renderers/Vulkan/VulkanRenderer.hpp	class	VulkanRenderer
modules/renderers/vulkan/include/CNA/Internal/Renderers/Vulkan/VulkanRenderer.hpp	class	VulkanRenderer
modules/renderers/vulkan/include/CNA/Internal/Renderers/Vulkan/VulkanRenderer.hpp	class	VulkanSpriteBatchRenderer
modules/renderers/vulkan/include/CNA/Internal/Renderers/Vulkan/VulkanRenderer.hpp	class	VulkanTexture3DRenderer
modules/renderers/vulkan/include/CNA/Internal/Renderers/Vulkan/VulkanRenderer.hpp	class	VulkanTextureCubeRenderer
modules/renderers/vulkan/include/CNA/Internal/Renderers/Vulkan/VulkanRenderer.hpp	class	VulkanTextureRenderer
modules/renderers/vulkan/include/CNA/Internal/Renderers/Vulkan/VulkanRenderer.hpp	class	VulkanVertexBufferRenderer
modules/renderers/vulkan/include/CNA/Internal/Renderers/Vulkan/VulkanRenderer.hpp	enum_class	RecordMode
modules/renderers/vulkan/include/CNA/Internal/Renderers/Vulkan/VulkanRenderer.hpp	struct	BatchSnapshot
modules/renderers/vulkan/include/CNA/Internal/Renderers/Vulkan/VulkanRenderer.hpp	struct	BlendKeyParams
modules/renderers/vulkan/include/CNA/Internal/Renderers/Vulkan/VulkanRenderer.hpp	struct	BlendKeyParams
modules/renderers/vulkan/include/CNA/Internal/Renderers/Vulkan/VulkanRenderer.hpp	struct	DepthStencilKeyParams
modules/renderers/vulkan/include/CNA/Internal/Renderers/Vulkan/VulkanRenderer.hpp	struct	DrawCall
modules/renderers/vulkan/include/CNA/Internal/Renderers/Vulkan/VulkanRenderer.hpp	struct	EffectDescSetEntry
modules/renderers/vulkan/include/CNA/Internal/Renderers/Vulkan/VulkanRenderer.hpp	struct	IVulkanCubeSamplable
modules/renderers/vulkan/include/CNA/Internal/Renderers/Vulkan/VulkanRenderer.hpp	struct	IVulkanSamplable
modules/renderers/vulkan/include/CNA/Internal/Renderers/Vulkan/VulkanRenderer.hpp	struct	PbrSlotSamplersEXTResult
modules/renderers/vulkan/include/CNA/Internal/Renderers/Vulkan/VulkanRenderer.hpp	struct	Pending3DDraw
modules/renderers/vulkan/include/CNA/Internal/Renderers/Vulkan/VulkanRenderer.hpp	struct	PendingBatch
modules/renderers/vulkan/include/CNA/Internal/Renderers/Vulkan/VulkanRenderer.hpp	struct	PendingClear
modules/renderers/vulkan/include/CNA/Internal/Renderers/Vulkan/VulkanRenderer.hpp	struct	PipelineKey
modules/renderers/vulkan/include/CNA/Internal/Renderers/Vulkan/VulkanRenderer.hpp	struct	PipelineKeyHash
modules/renderers/vulkan/include/CNA/Internal/Renderers/Vulkan/VulkanRenderer.hpp	struct	PipelineVariantKey
modules/renderers/vulkan/include/CNA/Internal/Renderers/Vulkan/VulkanRenderer.hpp	struct	PipelineVariantKeyHash
modules/renderers/vulkan/include/CNA/Internal/Renderers/Vulkan/VulkanRenderer.hpp	struct	RetiredResources
modules/renderers/vulkan/include/CNA/Internal/Renderers/Vulkan/VulkanRenderer.hpp	struct	SamplerStateKey
modules/renderers/vulkan/include/CNA/Internal/Renderers/Vulkan/VulkanRenderer.hpp	struct	Sprite2DVertex
modules/renderers/vulkan/include/CNA/Internal/Renderers/Vulkan/VulkanRenderer.hpp	struct	SwapchainPassKey
modules/renderers/vulkan/include/CNA/Internal/Renderers/Vulkan/VulkanRenderer.hpp	struct	VulkanRTSource
modules/renderers/webgpu/include/CNA/Internal/Renderers/WebGPU/WebGPURenderer.hpp	class	IWebGPUCubeSamplable
modules/renderers/webgpu/include/CNA/Internal/Renderers/WebGPU/WebGPURenderer.hpp	class	IWebGPUSamplable
modules/renderers/webgpu/include/CNA/Internal/Renderers/WebGPU/WebGPURenderer.hpp	class	WebGPURenderTargetRenderer
modules/renderers/webgpu/include/CNA/Internal/Renderers/WebGPU/WebGPURenderer.hpp	class	WebGPURenderer
modules/renderers/webgpu/include/CNA/Internal/Renderers/WebGPU/WebGPURenderer.hpp	class	WebGPUSampledResourceEXT
modules/renderers/webgpu/include/CNA/Internal/Renderers/WebGPU/WebGPURenderer.hpp	enum_class	DrawFamily
modules/renderers/webgpu/include/CNA/Internal/Renderers/WebGPU/WebGPURenderer.hpp	enum_class	OrderedKind
modules/renderers/webgpu/include/CNA/Internal/Renderers/WebGPU/WebGPURenderer.hpp	struct	AlphaTestDrawCommand
modules/renderers/webgpu/include/CNA/Internal/Renderers/WebGPU/WebGPURenderer.hpp	struct	BlendKeyParams
modules/renderers/webgpu/include/CNA/Internal/Renderers/WebGPU/WebGPURenderer.hpp	struct	ColoredDrawCommand
modules/renderers/webgpu/include/CNA/Internal/Renderers/WebGPU/WebGPURenderer.hpp	struct	DrawOrderEntry
modules/renderers/webgpu/include/CNA/Internal/Renderers/WebGPU/WebGPURenderer.hpp	struct	DualTextureDrawCommand
modules/renderers/webgpu/include/CNA/Internal/Renderers/WebGPU/WebGPURenderer.hpp	struct	EnvMapDrawCommand
modules/renderers/webgpu/include/CNA/Internal/Renderers/WebGPU/WebGPURenderer.hpp	struct	InstancedDrawCommand
modules/renderers/webgpu/include/CNA/Internal/Renderers/WebGPU/WebGPURenderer.hpp	struct	LitTexturedDrawCommand
modules/renderers/webgpu/include/CNA/Internal/Renderers/WebGPU/WebGPURenderer.hpp	struct	LogicalViewport
modules/renderers/webgpu/include/CNA/Internal/Renderers/WebGPU/WebGPURenderer.hpp	struct	OrderedClearCommand
modules/renderers/webgpu/include/CNA/Internal/Renderers/WebGPU/WebGPURenderer.hpp	struct	PassDestination
modules/renderers/webgpu/include/CNA/Internal/Renderers/WebGPU/WebGPURenderer.hpp	struct	PassSegmentPlan
modules/renderers/webgpu/include/CNA/Internal/Renderers/WebGPU/WebGPURenderer.hpp	struct	PbrDrawCommand
modules/renderers/webgpu/include/CNA/Internal/Renderers/WebGPU/WebGPURenderer.hpp	struct	ReplayState
modules/renderers/webgpu/include/CNA/Internal/Renderers/WebGPU/WebGPURenderer.hpp	struct	SkinnedDrawCommand
modules/renderers/webgpu/include/CNA/Internal/Renderers/WebGPU/WebGPURenderer.hpp	struct	SkinnedPbrDrawCommand
modules/renderers/webgpu/include/CNA/Internal/Renderers/WebGPU/WebGPURenderer.hpp	struct	SlotSamplerState
modules/renderers/webgpu/include/CNA/Internal/Renderers/WebGPU/WebGPURenderer.hpp	struct	SpriteCommand
modules/renderers/webgpu/include/CNA/Internal/Renderers/WebGPU/WebGPURenderer.hpp	struct	SpritePipelineKey
modules/renderers/webgpu/include/CNA/Internal/Renderers/WebGPU/WebGPURenderer.hpp	struct	SpritePipelineKeyHash
modules/renderers/webgpu/include/CNA/Internal/Renderers/WebGPU/WebGPURenderer.hpp	struct	SpriteVertex
modules/renderers/webgpu/include/CNA/Internal/Renderers/WebGPU/WebGPURenderer.hpp	struct	TexturedDrawCommand
modules/renderers/webgpu/include/CNA/Internal/Renderers/WebGPU/WebGPURenderer.hpp	struct	WebGPUPassScissorState
modules/renderers/webgpu/include/CNA/Internal/Renderers/WebGPU/WebGPURenderer.hpp	struct	WebGPUPassViewportState
modules/renderers/webgpu/include/CNA/Internal/Renderers/WebGPU/WebGPURenderer.hpp	struct	WebGPUSampledTextureEXT
modules/renderers/webgpu/include/CNA/Internal/Renderers/WebGPU/WebGPURenderer.hpp	struct	WebGPUScissorSnapshot
modules/renderers/webgpu/include/CNA/Internal/Renderers/WebGPU/WebGPURenderer.hpp	struct	WebGPUSpriteBlendSnapshot
modules/renderers/webgpu/include/CNA/Internal/Renderers/WebGPU/WebGPURenderer.hpp	struct	WebGPUViewportSnapshot
modules/renderers/wicked/include/CNA/Internal/Renderers/Wicked/WickedRenderer.hpp	class	WickedRenderer
modules/renderers/wicked/include/CNA/Internal/Renderers/Wicked/WickedRenderer.hpp	class	WickedTextureRenderer
modules/renderers/wicked/include/CNA/Internal/Renderers/Wicked/WickedRenderer.hpp	struct	PresentRect
modules/renderers/wicked/include/CNA/Internal/Renderers/Wicked/WickedRenderer.hpp	struct	SamplerSlotState
modules/renderers/wicked/include/CNA/Internal/Renderers/Wicked/WickedRenderer.hpp	struct	SceneTarget
modules/renderers/wicked/include/CNA/Internal/Renderers/Wicked/WickedRenderer.hpp	struct	SpriteVertex
modules/runtime/include/CNA/Misc.hpp	class	Runtime
modules/runtime/include/CNA/Misc.hpp	struct	RuntimeOptions
modules/runtime/include/Microsoft/Xna/Framework/DrawableGameComponent.hpp	class	DrawableGameComponent
modules/runtime/include/Microsoft/Xna/Framework/ExitingEventArgs.hpp	class	ExitingEventArgs
modules/runtime/include/Microsoft/Xna/Framework/Game.hpp	class	Game
modules/runtime/include/Microsoft/Xna/Framework/Game.hpp	struct	EmscriptenLoopState
modules/runtime/include/Microsoft/Xna/Framework/GameComponent.hpp	class	Game
modules/runtime/include/Microsoft/Xna/Framework/GameComponent.hpp	class	GameComponent
modules/runtime/include/Microsoft/Xna/Framework/GameComponentCollectionEventArgs.hpp	class	GameComponentCollectionEventArgs
modules/runtime/include/Microsoft/Xna/Framework/GameServiceContainer.hpp	class	GameServiceContainer
modules/runtime/include/Microsoft/Xna/Framework/GameTime.hpp	class	Game
modules/runtime/include/Microsoft/Xna/Framework/GameTime.hpp	class	GameTime
modules/runtime/include/Microsoft/Xna/Framework/GameWindow.hpp	class	Game
modules/runtime/include/Microsoft/Xna/Framework/GameWindow.hpp	class	GameWindow
modules/runtime/include/Microsoft/Xna/Framework/GameWindow.hpp	class	GraphicsDeviceManager
modules/runtime/include/Microsoft/Xna/Framework/GameWindow.hpp	struct	SDL_Window
modules/runtime/include/Microsoft/Xna/Framework/GraphicsDeviceInformation.hpp	class	GraphicsDeviceInformation
modules/runtime/include/Microsoft/Xna/Framework/GraphicsDeviceManager.hpp	class	Game
modules/runtime/include/Microsoft/Xna/Framework/GraphicsDeviceManager.hpp	class	GraphicsDeviceManager
modules/runtime/include/Microsoft/Xna/Framework/GraphicsDeviceManager.hpp	struct	SDL_Window
modules/runtime/include/Microsoft/Xna/Framework/IDrawable.hpp	class	IDrawable
modules/runtime/include/Microsoft/Xna/Framework/IGameComponent.hpp	class	IGameComponent
modules/runtime/include/Microsoft/Xna/Framework/IGraphicsDeviceManager.hpp	class	IGraphicsDeviceManager
modules/runtime/include/Microsoft/Xna/Framework/IUpdateable.hpp	class	IUpdateable
modules/runtime/include/Microsoft/Xna/Framework/LaunchParameters.hpp	class	LaunchParameters
modules/runtime/include/Microsoft/Xna/Framework/PreparingDeviceSettingsEventArgs.hpp	class	PreparingDeviceSettingsEventArgs
modules/storage/include/Microsoft/Xna/Framework/Storage/StorageContainer.hpp	class	StorageContainer
modules/storage/include/Microsoft/Xna/Framework/Storage/StorageContainer.hpp	class	StorageDevice
modules/storage/include/Microsoft/Xna/Framework/Storage/StorageDeviceNotConnectedException.hpp	class	StorageDeviceNotConnectedException
